id,label,source,text
0,scam,youtube_delex,"[Greetings], yeah I've got an email here about a laptop I didn't order can you help with that yeah can you help me out with you order ID number please yeah so I can see it's an auto phone [Company] surface pro what do you want to know"
1,scam,youtube_delex,"[Greetings], This is British Telecom technical department we are hereby to inform you that your internet line will be terminated from today onwards to fix up the problem please press one to connect with [Company] thank you for your response we would now like to transfer you to a team [Title] for just a few more questions please stay on the line hello hello yes I had a call about my broadbrand my internet line"
2,scam,youtube_delex,"[Greetings], this call is from [Company] the purpose of this call is to inform you that your Austrian identity has been misused for fraudulent and illegal activity for more information press one"
3,scam,youtube_delex,"[Greetings], this is from [Company] customer service we have seen a recent order number amz-[Number] of iPhone 11 Pro on your account which is billed on your card attached to your [Company] account the amount charged in [Number] we noticed some suspicious activity on your account so we have put in hold to this transaction please press one now and to report please press two thank you"
4,scam,youtube_delex,this is calling with the vehicle service department we are calling about your vehicle's manufacturer's warranty we sent you several notices in the mail that you have yet to extend your warranty past the factory cutoff and this is a courtesy call to renew your warranty before we close the file if you are interested in renewing your auto warranty now please press five now or press 9 to be removed from our list
5,scam,youtube_delex,the criminal case registered under your name for tax fraud and tax division and there is also a warrant out for your arrest now there's a warrant out for my arrest this is a recordable line [Title] i have to play this recording in the courthouse so we don't need any interruption in this call sorry this is going to get played in court yeah the recording is going to be playing the couch house we found autumn's calculation of [Number] pounds outstanding under your name so at this point of time you have only two options your first option is to go to court and fight the case in case if you found guilty you have to
6,scam,youtube_delex,"[Greetings], this is a final warning from inland revenue with [Company] regarding a criminal prosecution on your name urgently call us back on three three zero zero zero one zero two and for your arrest and your warrant number is wc wc4589 as there is a legal case going to be filed against your name now before the case is sent for execution and you receive the legal course of notification you can call the [Company] on [Number].[Number] i need you or your retained solicitor of record to call us back the issue at hand is extremely time sensitive this is [Title] from hm revenue and customs the hotline to my division is"
7,scam,youtube_delex,"[Greetings], [Title] my name is I'm calling from [Company] [Product] okay this is an urgent check up call for your computer as we have found several problems with it first of all do you have any computers that is having the [Company] [Product] in it right"
8,scam,youtube_delex,"[Greetings], this is calling from the fraud prevention team how can I help you hello I received a text message saying someone called set up a standing order okay do you know who this recepient is [Title] never heard of him I know is the mayor of london but not"
9,scam,youtube_delex,welcome to tsb fraud prevention please hold one of our representitives will be with you as soon as they can hi there you're through to martin moore at the TSB bank customer service team could I ask you to confirm who I'm through to yes my name is and how may I help you today [Title] not sure what's going on but I got a message saying that uh some money has been taken from my account or is it going to be taken from my account ok not a problem at all
10,scam,youtube_delex,"[Greetings], yes [Title] this is what yeah this is engineer again can you hear me [Title] yes uh from [Company] yes is your computer is on yes it is now what you need to do you need to look at your computer keyboard right yes on your keyboard extremely left bottom corner do you see the Ctrl key the control key yes what is this noise coming from your side like it is windy or something hold on let me clear the line just hold the line all right now what do you believe you can hear me clearly uh yes I can now"
11,scam,youtube_delex,"[Greetings], I received a missed call from this number what is this regarding do you know uh okay can I have your name please that's my full name you have reached the [Company] department right now and I can see here we were trying to call you yesterday right that's right you're talking to [Title] right now and I'm from [Company] department how are you doing today first of all I thought all my taxes were all in fine I mean I didn't know I have a problem with [Company] no we don't want to talk about the taxes"
12,scam,youtube_delex,thank you for calling [Company] customer support your approximate wait time is three minutes the next available [Company] customer care executive will answer your call shortly how are you today hello there yes [Title] you're talking with the [Company] how may I help you yes this is the [Company] yes [Title] it's the PayPalI don't know I received a message from you guys did I need to pay some money can you read the whole message to me which you received from the [Company]
13,scam,youtube_delex,"[Greetings], dear customer this is call from [Company] prime support to let you know that your request of [Company] prime subscription for one year will going to proceed and you have been successfully charged of 79.99 from your account if you want to cancel and want a refund please press one to talk with our representative or simply hang up to continue thank you hi dear customer this is call from [Company] prime support to let you know that your request of [Company] prime subscription for one year will going to proceed and you have been successfully charged of 79.99 from your account if you want to cancel and want a refund please press one to talk with our representative or simply hang up to continue thank you thank you for getting connected with [Company] prime support how may i help you uh i just got a recorded message saying that uh i got a 79 pounds um subscription for [Company] but i don't remember doing that"
14,scam,youtube_delex,"[Greetings], dear customer your internet is getting disconnected within four hours due to router malfunctioning please get in touch with technical department for a replacement router and reconnection of internet please press one to speak to your internet service provider thank you thank you for getting connected with the internet department you are speaking to how are you doing today sorry you you"
15,scam,youtube_delex,thank you for calling hm revenue and customs [Company] how may I help you hi may i speak with [Title] please sure may i have your name please let me check it for you is in a meeting right now but i will find out okay sure can i just tell you that i've reported your number so yeah your number is going to be shut down soon I've contacted your network provider your town ahmedabad in india are you located there what do you mean by ahmedabad
16,scam,youtube_delex,you reached the department of national crime agency how can i help you my name is so i mean i got a message saying that i have some problems with the my national insurance number uh when did you receive the call yesterday okay and first of all let me introduce myself my name is [Title] season charlie is in alpha [Number] I would like to ask you did you received any reference number
17,scam,youtube_delex,"[Greetings], hi how can i help you today sorry i got a mised call from this number i'm not really sure what's about is it the dentist i have an appointment next week no you're calling a national debt helpline we help people for the unsecured debt for free government program well you know what i um i lost my job six months ago and um i haven't been paying my bills so is it something you can help with yes of course so what could be the total debt level that you brought properly on any rough idea like five thousand ten thousand fifteen thousand at the moment uh seven thousand seven thousand pounds right um are you"
18,scam,youtube_delex,thank you so much for calling carphone warehouse this is how may i help you hello um yeah so i'm with three but i'm not very happy with three uh do you do contract with other um with ee for example up until the other test we are doing context with all the major networks uh vodafone o2 ee like our tesco virgin perfect okay so can i can i do a
19,scam,youtube_delex,"[Greetings], mr how are you doing today fine i'm great who is this uh this is you know you have talked to me in previous time about your ppi compensation so what what do i need to do for this ppi uh compensation you know you have to complete your uh confirmation we need your sort code account number for verification you said that call me after some time i will do that that's why we are calling you oh please help me with your sort code account number of course for depositing the compensation how much would be the compensation again your full compensation is let me check"
20,scam,youtube_delex,her majesty revolution customs this is [Title] how can i help you one of your colleagues tried to call me this morning did you say [Company] yes correct [Title] can i have your full name yes my name is and then my surname is two names okay right correct
21,scam,youtube_delex,thanks for calling how to help you hi there my name is and one of your colleagues tried to call me yesterday but I was very busy so I'm just wondering what's the call regarding so can I have a full name [Title] and my surname is okay alright we just tried to call you yesterday about the refund of your mis-sold PPI claim yes I've heard of it so how much would that be the full amount of which you are entitled to receive is
22,scam,youtube_delex,please hold while we connect you to one of our agents from the fraud prevention team yes I'm from the fraud department team how can I help you today ah hi uh how's it going uh I had a transaction for the John Lewis for [Number] pounds and I'll be honest we don't even shop at John Lewis uh yeah yeah I do I do okay I'm able to get your full name please [Title] okay nice to meet you [Title] and am I able to get it nice to meet you [Title] too thank you [Title] all right let's get your sort code please okay and the account number
23,scam,youtube_delex,"[Greetings], this is a call from [Company] to inform you that your [Company] Prime account will be Auto renewed for 79.99 from your bank account so enjoy using [Company] Prime services or if you wish to discontinue or unsubscribe Services then speak to our [Company] service [Title] by pressing one"
24,scam,youtube_delex,dear customer we have detected a suspicious activity on your [Company] account an unauthorized purchase of iPhone 6s 64 gigabytes has been ordered from your [Company] account to cancel your order or to connect with one of our customer support Representatives please press one
25,scam,youtube_delex,We have found some suspicious activity in your [Company] account that someone has tried to order an iphone 11 so that's why we called you do you know about that uh one minute let me confirm your phone number your phone number is okay so this is just a confirmation call and we have found that you haven't uh placed the order right yes that's correct I haven't do we have do we have any computer or laptops so that we can be able to send you an online cancellation form
26,scam,youtube_delex,"[Greetings], oh a very good day to you [Title] this is thank you for getting connected with [Company] how can I help you well I don't think I have anything to do with [Company] well actually [Title] the thing is that uh yes India we have we have received some notification uh we're checking our system that someone else is using your number and your personal details do you know who is"
27,scam,youtube_delex,"[Greetings], this is virgin media we have detected some suspicious activity on your broadband line and we will disconnect your service within 24 hours to resolve this matter please press one to speak to our [Title]"
28,scam,youtube_delex,thank you for calling HM Revenue & Customs yes I received a phone call earlier I was told to call back can I have your name who is this yes this is n which number you receive a call like your home phone number or your cell phone number can you help me out with your number yes this is my telephone number is was this the same number on which you receive a call from us
29,scam,youtube_delex,you have to press 1 to get connected to the [Title] of [Company] if in case you don't press 1 and your call is not connected to us then the warrant will be issued under your name straight away and you will get arrested shortly
30,scam,youtube_delex,thank you for calling the support center how may i help you yes i seem to have a problem on my laptop because there's like an error screen which i can't get rid ofand it says to call this number something but uh okay [Product] warning alert
31,scam,youtube_delex,"[Greetings], thank you for calling support whom i helped you hello yes i've got a problem with my uh email my gmail and i'm wondering if you can help with it definitely i can help you with that problem what's the exact problem you're facing with your gmail so i've got an ipad here that i already have the in the ipad if you can help that's definitely i can help you so here i would like to know do you have a computer as well apart from this ipad i have a laptop as well yes but i i don't need the mail on it and uh you you don't use your emails on your laptop no no"
32,scam,youtube_delex,Thank you for calling reimage support please wait for the next available [Title] hi thank you for calling reimage my name is how can I help you today hi yeah i think i've got a problem with my computer it was it was talking about a virus first and i downloaded re-image and it seems to have identified some things and i'm not sure what it means if you can help okay okay if i got it correctly you are saying that you have virus in your computer is that right [Title] well I saw a message about a virus and I was prompted to download reimage and it did a scan and it's detected some stability issues is that something you can help with
33,scam,youtube_delex,yeah hi [Title] this is a call back from the [Company] help desk we just received a call how may I help you today yeah um I've got an invoice here and it's I haven't ordered [Company] and I don't know why I'm getting the invoice go with the go support now.com you just have to type in over there
34,scam,youtube_delex,"[Greetings], this is from [Company] customer service we have seen a recent order number amz [Number] of iphone 11 pro on your account which is built on your card attached to your [Company] account the amount charged is [Number] we noticed some suspicious activity on your account so we have put in hold to the transaction please press one now and to report press two"
35,scam,youtube_delex,Thank you for calling support my name is can i help you today i've got an important security message i'm making it says my computer's being shut down what were you doing on the computer when you have these messages can you lower down the volume of your computer
36,scam,youtube_delex,thanks for your call speaking with can we help you hi i was just trying to watch movies in my computer and it's telling me it's locked and i have to call security okay and what were you trying to do on this computer i'm watching movies is this your personal computer or it's a family computer its a work computer it's a work computer okay so do you have any IT guy sorry do you have any IT guy in your work in your office no my home no i brought my work laptop home
37,scam,youtube_delex,Dear user your i.p. address has been blocked due to suspicious activities on your network. Your personal information may get stolen. So please do not login to your email and banking. To report this issue please contact [Product] support at or press 1 to speak to our [Title]
38,scam,youtube_delex,Thank you for calling [Company] this is. Can I help you? Yeah I was just getting an email saying I ordered a TV but I did not alright [Title] just give me a moment let me check. And when did you receive this email? Today at may I have the email address? Let's see my email address is. I'm going to send you a one-time verification code ok? On your email just to verify I'm talking to the right person.
39,scam,youtube_delex,this is an emergency call from [Company] secure there is an online transaction of [Number] pounds from your account if you did not make the payment please press one immediately to talk to our representative thank you for connecting [Company] broadband my name is how can i help you yeah i just got a message there about a payment from [Company] [Title] no need to worry [Title] it's an alert message the manchester people are trying to take the money with the help of internet line so especially we got permissions to keep some security IDs
40,scam,youtube_delex,this is [Company] technical department we are hereby to inform you that your internet line will be terminated from today onwards to fix up the problem please press one to connect with [Company] if you wish to disconnect your internet press 2. Yes hello hello hey am I speaking to yes speaking yeah hi [Title] this is I'm calling you from the network terminal departmenti'm just worried about transactions yeah yeah don't worry we are here to help you out
41,scam,youtube_delex,we won't be able to provide any further technical services to your computer we kindly request you to reach us at so that we can process the refund for the services that you have paid thank you
42,scam,youtube_delex,thank you for calling the support center how may i help you yes i seem to have a problem on my laptop because there's like a an error screen which i can't get rid of and it says to call this number something but uh okay [Product] warning alert
43,scam,youtube_delex,"[Greetings], this is a call about the refund money that you have paid to our company for your computer services and protection now we are refunding it back as we will no longer be able to provide you any more services to your computer so please press one to connect to our refund executive"
44,scam,youtube_delex,"Thank you for calling support this is Mac, how may I help you? yes my computer's beeping it says someone signed on to my computer and it's it's a suspicious activity and i could get an infection from it. I am really sorry to hear that [Title]. Can I ask you what exactly you was doing when you got that kind of a message or an alert [Title]? All I did was put in American Heart Association all I did was put in typed in americanheartassociation.org to print my I'm a nurse and I took a CPR class"
45,scam,youtube_delex,network firewall detected security error due to suspicious activity found on your network to fix this issue please give us a call on
46,scam,youtube_delex,Thank you for calling support you're speaking with how can I help you? Ah well I got one of these big blue things that came up on my screen said that somebody had used something to access my computer and that it was a critical alert and it says let's see your computer has alerted us that is has been infected with a pornographic spyware and virus oh and since how long have you been getting all these things on your computer miss? It started yesterday and I just went to bed and left it
47,scam,youtube_delex,yes hello yeah hello am I talking to now? Yes. Yeah hi this is from [Company] support department I'm your email service provider so how are you doing today? Uh [Company] okay what's the call about? Um let me confirm your email address at [Company].com is that correct? Uh yeah that's right and so yeah within 48 hours ago did you trying to change your [Company] acount password more than 50 times? uh no I haven't
48,scam,youtube_delex,Welcome to technical support. Avanquest technical support my name's how can I help you? hi my name is um i've downloaded one safe pc cleaner and it's identified a lot of files that i need to remove but i i can't i can't remove them without um i don't want like a license number or something? Yes and [Title] that's the reason why you need purchase the license for the onesafe PC cleaner to use all the features. In such a case in order to get the detail about this license could you please tell me if you have the order ID for purchase? No I I've just downloaded it I haven't ordered it. You just downloaded it?
49,scam,youtube_delex,Thank you for calling my phone support my name is how may I help you? Yes my name is I'd like you to help me get my birthday corrected on my [Company] account I put in an error I put in the current date when I got the computer five years ago and I keep getting these things that say I need a family um family support in order to get into certain apps. So you need to change your birthday date on which [Title] like on your email and on my [Company] account. So for that you need to call [Company] we are my phone support. Oh this says this is the [Company] support number here it says on the online internet.
50,scam,youtube_delex,Thank you for calling my phone support this is how can I help you? i want to have you help me change my birth date on my [Company] account can you do that right? [Title] i will definitely help you out with that before i go ahead any further may i have your first and last name? All right thank you and your email address please? Okay thank you and in case the line got disconnected with the right number
51,scam,youtube_delex,Yeah hi can I speak to? Yeah hi like he was trying to like reach you from the last couple of days but didn't got a hold of you the reason why he was trying to reach you for the last couple of days but didn't get a hold of you the reason why I was trying to phone you [Title] was because since the last two days we are receiving notification from your email somebody trying to access your email from China from China do you know anybody there
52,scam,youtube_delex,all right [Title] now you have been successfully connected to the [Company] support right now this team environment we are just working on it all right now just hold on i'm going to transfer this call to my financial department who is going to have a talk with you all right [Title] okay okay so right now [Title] like the hackers have charged you this amount of money today's morning okay might be not showing up in your account because it takes some time to come up on your online banking okay so let me provide you the cancellation form so we can cancel the stuff and refund you your money back into your account okay all right the hackers have charged you from your debit card okay and they have used your information in the western union do you know anything about
53,scam,youtube_delex,I apprecaite your patience your call has been transferred to customer service specialist with TD bank weill I wanted to tell you this there is a pre-approved transaction coming onto your name there you have ordered an [Company] Mac book pro and [Company] air pod from [Company] is it correct? No I haven't placed any orders with [Company] in a long time. Well I'm afraid if it's not you which means it's got to be somebody else
54,scam,youtube_delex,"Yeah thanks for calling [Company] refund department this is how are you doing today? Hi I had a voicemail saying I was going to get charged for something, can you help me with that? Alright so as I can see there is some fraud activities are going into your [Company] account so can you tell me like are you in front of your computer or laptop right now? Uh yes [Title] I'm at my computer. Alright [Title] so just use that computer I will assist you over the phone how we are going to cancel the order."
55,scam,youtube_delex,Thank you for calling [Company] my name is how can I help you? uh yes i um had some kind of message that i was getting charged but i don't even use [Company] what kind of message you have in your phone could you please try to explain us i am using my roommate phone now so I can't read it to you right now I'm sorry my phones. [Title] if you cannot read it me then how can I help you with that? well don't you work for [Company] [Title] i am from [Company] but without having any confirmation from your end how can i check
56,scam,youtube_delex,Thank you for calling [Company] my name is how may I help you? Hello how are you? I'm good thanks [Title] thanks for asking me how are you doing today [Title]? I'm doing fine thanks. Alright so how come how can I help you [Title]? Um i got a message about a charge all right [Title] i just give a check in our database and i found that there is a purchase of an iphone 11 pro max which is cost of [Number] dollars from beeching Ohio so do you know anyone from beeching Ohio [Title]? oh no i don't all right [Title] so if you haven't made this purchase so now what i am gonna do i will just simply help you to secure your account you need to
57,scam,youtube_delex,Thanks for calling Geek Squad this is how may I help you? hello um i got some kind of message a few days ago about a charge from geek squad or best buy or something like that can you help me a few days ago yeah or today i don't know i guess i was earlier today i've been drunk for like three days so i don't really know what what day it is what you need to do you just need to be in front of your computer so that i can connect you with the cancellation department so are you in front of your computer right now
58,scam,youtube_delex,Thank you for calling [Company] this is how may I help you? hello um i was talking to or or something. Yeah [Title] there is a purchase for iphone on your [Company] account okay so have you made this purchase or not because this is just a very efficient call so have you made this purchase or not? Uh no can I please speak to because he locked my computer. Sorry [Title]? can I please talk to him because he locked my computer
59,scam,youtube_delex,"[Greetings], i'm calling you from billion medicine pharmacy how are you good can i uh place an order yes [Title] like what medication you take [Title] um i need the morning after pill sorry the morning after pill okay what is the name uh i think that's the name the morning after pill or the i pill you need i pill the morning after pill because i had sex last night i had sex last night okay and i don't want to have pregnant i don't want to get uh how many can i get yeah how much you want"
60,scam,youtube_delex,"[Greetings], hi thank you for calling technical support this is how can I help you? hey um i was on with this guy um because i had a pop-up and he had me a download ultra viewer and then he just like shut his phone off and he didn't help me well do you have the ultra viewer id and the password on your screen yes [Title] i do can you are you able to help me well all right just give me one minute okay okay i just want to make sure i'll be connected just give me one minute right just give me one minute and you said you have a pop-up on your computer i did but i shut my computer off and restarted it and it's gone but i'm scared that i have a virus or something and i'd like somebody to check"
61,scam,youtube_delex,Thank you for calling how can I help you? uh yes this is [Company] right yes [Title] i got a message uh that i was being charged for something but i haven't used [Company] oh yes [Title] can you hear me yeah i can hear you yeah like we have seen some kind of suspicious activity on your computer i.p. address so that means like someone has tried to compromise that information so that's why you have been charged for that so like do you want to cancel the order uh yeah i definitely want to cancel it like sometime like when you use your phone your computer and like unfortunately you have to click that bogus link and you have to share your information
62,scam,youtube_delex,"[Greetings], [Company] yeah thank you for calling people how can i help you um i got a um i got a invoice or something that i owed [Number] but i haven't bought nothing okay [Title] as i can understand that you didn't purchase anything like bitcoin or anything like cryptocurrency right no did you did you authorize to anybody no then i will help you out of this problem just confirm your memo ID you'll help me yeah i am i will explain each and everything so what happened to exactly right now just hold on [Title] first thing can you please confirm me like one one thing have you ever shared any personal details to anyone like your any family member or any family friend"
63,scam,youtube_delex,"[Greetings], this is calling you from [Company] i am the senior supervisor how are you doing today oh i'm fine mr thank you all right so i believe uh [Title] you just had a vote with one of our representatives regarding to your [Number].95 refund right all right so could you please just explain me [Title] what exactly happened like uh can you see me once again what happened oh um i just got an email that um that i was being renewed for [Number].95 so i believe that um the subscription which has been ordered i believe that was an unauthorized charge right you didn't authorize that correct right i don't remember if i had it on my own computer or not i probably did um but i just want to cancel it now [Title] in this case what i would be going to do i would be requesting our auto robotic team so that they can simply open up the refund form so that you can"
64,scam,youtube_delex,thank you for calling [Company] how can i help you yeah hi um i just received an email from you guys on an order that's actually was supposed to go to a different gentleman so can you please go to your email again i sent you a six-digit code again my system got some problems so i'm just calling you from my colleague extension so go to your email and once again confirming the six digit code the code is all right and now go to the text message section of the cell phone and you'll see that link again okay you need to head on approve okay hold on all right [Title] so i'm having some issue i'm technical some technical issue with my system so what i'm going to i'm going to transfer your call to the senior supervisor on the floor he'll help you in much better way all right his name is
65,scam,youtube_delex,so [Title] my name is and i'm from the cyber security department right now how are you doing today good so right now so what exactly is happening there are these hackers they're having their a bunch of devices being connected with your [Company] account and with your personal informations right now and also we got to know the root cause of this problem the root cause of this problem is your ip address do you know what ip address stands for or what exactly it is no the ip address is something which is connected with your wi-fi which is attached with your wi-fi and the full form the of ip address would be internet protocol address all right okay how do i fix that well right now how we can fix that we
66,scam,youtube_delex,"[Greetings], this call is regarding your [Company] account there is a charge for [Number].92 in your [Company] account for some products if you made this order then simply hang up the call or please press one immediately to connect our representative thank you"
67,scam,youtube_delex,"thank you for calling support you are talking to how may I help you where are you from [Title] I'm from [Company] my name is okay but what country are you from [Company] [Company] [Product] support [Title] country there's no there's no country by the name of [Company] Seattle Washington we have a headquarters here in Seattle Washington [Title] but what country are you from you're not English no no English [Title], I 'm born here in Washington I'm born here in Seattle Washington"
68,scam,youtube_delex,thank you for calling support you are talking to saw may I help you yes my computer has been locked down I need help I'll help you out [Title] for sure sorry for that inconvenience let me explain you let me explain you something here very quick [Title] hackers somehow they get in your computer and they have installed so many harmful viruses over there with the help of that they are trying to get in your IP addresses everything has been compromised and that is the only reason [Title] you are not allowed to make any calls because you're lying to your networks everything has been compromised or hacked okay so can you tell me that which bank are you dealing with [Title] what's the name of your bank so I can mention it in your file
69,scam,youtube_delex,I'm the senior [Title] here in [Company] [Product] support [Title] I don't do anything over the phone [Title] if you don't do it anything over the phone why did you call on this number then why did you call on this number because it's telling me to call on the number so I wanted to see what it says [Title] this is a [Company] [Product] support I will go ahead and work on it yeah okay okay well I'll call you back I'll do some research and call you back thank you [Title] you will gonna face the consequences then I'm telling you I will go ahead and work on it yeah okay and call you back
70,scam,youtube_delex,thanks for calling support my name is how can I help uh yeah this rude guy just hung up on me I got an email about a purchase I didn't make I tried to just call on this rude guy hung up on me it's all right Miss I'm online you can share with me thank you um so I got a email that says that I have a pre-authorization on my card for an oil pump for [Number].45 and I definitely did not order that I understand miss don't be worried we're gonna try to cancel that charge you got it okay can you please let me know when you get this charge I got the email last night
71,scam,youtube_delex,Thank you for calling support you are talking to how may I help you thank you I receive a note your computer has alerted us it has been infected by a trojan spywear the following data has been compromised [Title] I will tell you what you have to do I'll go ahead and get that checked for you hmm I said may I know the make and model of your computer what I have to do now in this moment [Title] I am asking what's the make and model of your computer
72,scam,youtube_delex,Thank you for calling [Company] my name is how can I help you Hi I had called earlier and you were gonna call me back I'm not sure if you had yet my name is I called you earlier I was driving and I was gonna call you back so I was just calling back to get my um make sure I didn't get charged the 8.99 when did you receive the notification about these charges uh it was sometime overnight overnight yeah and could you please tell me the details that you have received in the overnight um just that I was being charged 8.99.99 for a laptop and I didn't buy that laptop
73,scam,youtube_delex,um I was just alerted that I have a Trojan spyware on my computer I understand [Title] I will go ahead and get that check for you may I know what exactly you were trying to do at that moment when you go this a lot I was ordering off of [Company] okay you were ordering uh something from [Company] and your screen locked up uh may I know the making model of your computer what kind of computer you have this
74,scam,youtube_delex,thank you for Account Support how can I help you today um hello um I have a message on my screen that says my computer is blocked for security reasons okay [Title] I understand and could you please tell me exactly what do you see on your screen Mom [Title] can read it to me each and everything
75,scam,youtube_delex,Thank you for calling customer support you are talking to how can I help you um hi um I have a message on my screen that says my computer is blocked for security reasons okay and is this happening for the first time on your computer or has it happened prior to this once I've never seen anything like it okay and what were you trying to do on the computer when you got this message links that I I came across one was on Facebook and what I clicked on I got this warning I'm not sure what I clicked on to get it
76,scam,youtube_delex,thank you for reaching tech support this is how may I help you today hi um I have a message on my screen that says my access to the computer's blockfor security reasons it's all right you don't need to worry about that [Title] well it says my Facebook login and my banking has been data is at risk so I am worried it seems like there is a bridge on your network which means it's an attempt of hacking with a second place when you click on an unknown website all right they can just it wasn't unknown it was on Facebook it was on
77,scam,youtube_delex,thank you for calling online support you're speaking to how may I help you today um hi um I have a strange message on my screen that says that my computer is blocked for security reasons all right Miss if you don't mind can you read that complete message for me so that I can easily understand that uh yes okay I'm over at the computer it literally says [Company] security warning access to this computer is blocked for security reasons and for the safety if computer has been reported to be infected with Trojan spyware the following data is at risk email credentials banking passwords Facebook and then on top of that there's a smaller window that says threat detected Trojan spyware okay well I'm really sorry for the
78,scam,youtube_delex,thank you for calling technical support here speaking with how can I help you today hi I have a message on my screen that says my computer's been blocked for security reasons and for safety no problem [Title] I will surely help you okay let me go ahead and guide you some of the troubleshooting steps which you have to follow so I can go ahead and connect your network to our server so I could diagnose the problem and I will let you know why you are getting such kind of alert on the computer look at on the computer keyboard on the left hand side bottom corner of your keyboard do you see there is a control key you want the serial on the left hand side do you want the serial number or
79,scam,youtube_delex,thank you for calling [Company] securities how may I help you um I'm calling because I have a a [Company] invoice for [Company] [Number]. it's being charged [Number] we only use our [Company] for emergencies and for us to be charged on my emergency this is not [Company] this is [Company] security so the payment method is doesn't matter just confirm me what would you like me to do with this Auto renewal I need to cancel and get my money back if I'm being charged all right so right now what we will be doing we will be going ahead and canceling the order for you okay open up your [Company] Chrome internet browser on your computer so it is personal computer help 24 7 dot info and you need to give
80,scam,youtube_delex,thank you for calling support how can I help you hi um I got an email with an invoice for [Number] and I'm really really confused why you were confused because I don't even know what [Company] is what is a [Company] [Company] is the charges that has happened to use your account for what yeah so you need to go to your computer so I can help you to go ahead and cancel right now you need to follow the instructions I'm gonna tell you how to do it okay okay I appreciate that now do one thing [Title] as you are having a [Product] 10 computer uh do me a favor and try to Simply click on that okay like you have to Simply click on that screen like uh [Company] Chrome you have a [Company] Chrome uh yeah yeah we use [Company] Chrome
81,scam,youtube_delex,thank you for calling support how may help you hi um I have a strange message on my screen it says access to my device has been blocked for security reasons and can you just read it out for me what exactly see on your computer screen right now well it says [Company] security warning access to this scammer this or uh computer is blocked for security reasons block for your computer sorry it says your computer has been reported to be infected with a Trojan spyware says there's a scanner it's a scanner in the upper left hand corner I don't know what it's scanning all right no problem can you just help me out your name for the customer security purpose yeah my name is my last name is
82,scam,youtube_delex,thank you for call support this site how can I help you today okay so [Company] warning alert system access has been blocked for security reasons and for the safety your system has alerted us that has been infected with spywear issues threat detected Trojan spyware access has been blocked for security reasons and for the safety call [Product] security toll-free okay I understand [Title] not an issue now at that time [Title] I believe you can see the pornographic spyware alert am I'm right now son all I've got to tell you I'm a preacher and there ain't no way in hell that I'll be watching no porn okay I can explain you [Title] what is the meaning of that that means [Title] the message which you are facing on that
83,scam,youtube_delex,thank you for calling support team this is how may I help you today hi I have a strange message on my screen that says my computer's been blocked due to security reasons all right [Title] don't worry [Title] we are here to help you out so now we can see that someone trying to hack your computer with the help of your IP address okay so that's the reason you receive this follow it on your computer which is the clear case of hacking attempt so you need to Simply follow some steps to unblock your computer and update the defender system of your computer yeah click on that run box and type it over there www dot like a period yeah uh
84,scam,youtube_delex,thank you for calling support how can I help hi I'm having a weird issue with my computer I was in my Facebook and a pop-up popped up and said I had to call you because my computer has been blocked okay [Title] because when you were on Facebook over there you clicked on Infected link or any AD that's why Trojans infections they transferred in your computer okay so what do I do so now I so now I have to give you instructions which you have to follow so that I can able to find out what exactly happened wrong in your computer and tell you how we're gonna fix it and how much
85,scam,youtube_delex,"[Greetings], thank you for calling [Company] hi my name is how can I help you hi um I got an invoice for [Company] today it just says despite your previous plan expiring we have now renewed your service plan as your Hobbit auto debit services in effect there is no dollar amount listed well so what what am I being charged still I'm trading Mom okay and I got information that you have been charged or the Auto real subscription which you have last time okay like you want to cancel this order I want to cancel it all right all right I believe that man we have a computer right at your home yes I have a computer uh without wasting your time I'm just"
86,scam,youtube_delex,this is how can I hello I got a message on my screen it says it says [Company] system security Center it says access to the [Company] device has been blocked for security reasons why am I seeing this message boy okay uh you might have done something wrong by mistake or you may have something son I'm a preacher I'm a man of god I preach the good word I don't do anything wrong it's with good intentions when I was looking up a recipe for some grits and eggs I clicked on the link and I got this message okay you said you are priest I'm a preacher bay I'm a Baptist preacher ain't no priests I ain't no cathlic do you go to church on Sunday do you worship the good lord
87,scam,youtube_delex,thank you for calling [Company] this is how can I help you I'm being charged [Number] so would you like to continue with it or would you like to cancel it I would like to cancel because we didn't we didn't okay okay okay for the cancellation you have to be seated in front of your computer so I can help you out with the cancellation if your computer is turned on right now yes it's turned on how do you think I can read my email okay can you please open up your [Company] Chrome browser on your computer there you will see a long white address bar where you can search and type something do you see that address bar yes I see it give a click over there and make that panel empty it was all right so you can start typing why would it happen okay yeah it doesn't show anything when you open a new tab no no you don't know okay
88,scam,youtube_delex,Thank you for calling customer support my name is how can I help you yes I just got home and noticed an email that was in my inbox I'm telling me that I have a seven almost seven hundred [Number].93 a bill for a product called [Company] I don't understand why we're paying for this I don't even know what [Company] is okay so it is for your computer do know about it we were told by Geek Squad that our computer came with free antivirus called [Company] okay so you would like to cancel it yes please that price is almost as much as it as the computer is so I would like to request you to please be in front of your computer so that I'm
89,scam,youtube_delex,Thank you for calling [Company] thank you for calling [Company] support my name is how can I help you today I am looking at what appears to be a [Company] purchase and it has your phone number on it this is [Company] nobody to answer him why did you answer [Company] if its [Company] no no it's the [Company] shopping like I was asking this [Company] shopping I was talking with somebody I'm so sorry but you're talking to me that's okay someone is hacked your [Company] account is linked with your IP address someone is doing some fraud activity with your [Company] so I'm being charged [Number] and right but you no need to worry [Title] I'm here to help you I will guide you step by step how you can cancel that charges and how you can protect your [Company] account after that we can cancel all the order one by one those hackers
90,scam,youtube_delex,thanks for getting connected not in how can I help you um yes I got an invoice from [Company] it says that I'm gonna be paying [Number] and wondering why I'm being charged okay and did you give any approval for this transaction I called my husband and read the invoice to him and he said we're not paying that we don't we're the we use [Company] and I'm like well what is a [Company] it is a antivirus and full protection for the computer so if you did not authorize I just uh build up your case with the help of your invoice ID number and I can see it is a suspicious charge that figures um is okay so I'll do whatever it takes to get this canceled and if we've been charged I would like our money back if possible yeah yeah I'll I'll help you for the cancellation you have to go online on your computer then I can help you step by step
91,scam,youtube_delex,thank you for calling [Company] how may I help you I have an invoice from [Company] stating that I owe [Number] so so according to your invoice number I got to know that whenever you bought a laptop or a desktop [Company] has provided its security for free since the free subscription has been expired [Company] has Auto renewed it for five years at [Number] so so are you willing to continue with the subscription or you want to cancel it well cancel it I I hate [Company] I'll never buy [Company]
92,scam,youtube_delex,thank you for calling customer support how can I help you yes I got an email and text earlier today saying a purchase of [Number] have been made using your debit card in case you have not done this transaction please call this number so as you can see there is an order purchase of Bitcoins I can definitely tell you it wasn't my order I wouldn't and touched Bitcoin with a 10-foot Pole um but as you can see the authorization is coming from your side did you ever share your email and password with anyone else no I have no need to I have no desire to
93,scam,youtube_delex,"[Greetings], Miss welcome to [Company] how can I help you today how can I help you today this is we're supposed to meet today you reached back home once again yes I'm back home all right just turn on your device I'm trying to connect you again all right okay how has your day been so far yeah it's like great but it's tyring it's tiring how's your day yeah I'm full of energy and and great okay so it looks like the command that we were doing um the scan for the yeah okay uh yeah can you open up your browser [Title] it's open it says open yeah so still the scan is going on what you need to do is log into your bank and check out the transactions all right I don't see anything different I didn't"
94,scam,youtube_delex,yes um I got an email and had an invoice attached to it it's telling me that I have something on order a dell inspiron laptop and it was [Number] and I'm not quite sure I'm understanding why I'm getting this do you do not have an [Company] account I have an [Company] account so obviously maybe some issue happen while you receive this email can I have your first and last name [Title] so that I can check the details for you yes my first name is last name is I'll just go ahead and check that that why you received this email if you didn't use this okay hold the line for a minute I'll be back don't mind my silence okay t
95,scam,youtube_delex,thanks for get connected to the cancellation Department this is how are you doing today hi well I have an email invoiced in this morning I'm being charged [Number] and I'm not sure I understand why that says on thank you for choosing [Company] protection plan um you find the related invoice sympathetically against the contributions for the auto Reclamation code quantity [Company] Total Security and where did you get this email in your computer or in your cell phone and I got it on I got it on my email just too long for a moment let me check it in my system and you did not authorize for this subscription right now of course not I don't even know what at [Company] Total Protection is well let me tell you about [Company] is a utility software for the computer protection okay it's like [Company]
96,scam,youtube_delex,thanks for calling cancellation Department how may I help you today hello um I got an invoice in this morning um I decided to hold off going to work because of it I think I need to take care of it says [Number] um all right then you haven't authorized it no I haven't um this is particularly bothering me because I thought I don't even know what it's for it just has invoice it doesn't State what I'm getting no problem I will check this transaction [Title] can I have your first and last name please you have a first name is last name is all right as I can see here on our system right now that you got it charged for [Number] and someone making a purchase for the Avira antiviral security software and
97,scam,youtube_delex,"[Greetings], yeah I'm calling for please this is yeah who is this my name is you talked to my wife about a [Company] oh okay where is she she's at work and she asked me to take care of it when I got home and I just got okay so where are you right now are you at your computer right now yep I'm at the computer yes I'm at the computer yes I'm at the computer oh this computer which computer you're using right now like it's a [Product] computer or it's uh uh map computer which one it's a Dell on desktop it runs [Product] 10. okay no problem and how you go to internet by [Company] Chrome Mozilla Firefox yeah I like [Company] Chrome open [Company] Chrome yeah okay now after opening the [Company] Chrome look at the very top [Title] do you see there's the address bar where you write something and type it the long bar at the top"
98,scam,youtube_delex,"[Greetings], is this uh yeah [Title] this is you're at home okay so can you get in front of your computer please yeah let me uh get over there okay [Title] so is this the same computer which you were using before yeah it's got the TeamViewer application okay I want you yeah I want you to open TeamViewer please it's open it says ready to connect connect okay just give me a minute"
99,scam,youtube_delex,"[Greetings], yes I'm calling for yes uh my name is I'm I'm husband yes I'm calling about an invoice that we received last week for [Number] yes yes obviously but today each and everything is not working so we are giving you a call back on tomorrow because you know today the banks are closed right now so we can't make a transaction well our bank Cyprus Credit Union's open yeah why not we will provide you the refund okay we will cancel your subscription and we will send you the funds back so right now where are you by the way it's it's uh yes I came home for lunch to do this I'm I'm in front of the computer"
100,scam,youtube_delex,thanks for calling online support my name is how can I help you today hi I have a strange message on my screen it's telling me that I have suspicious activities is this your laptop or is it a regular pc well it's a Dell desktop it runs [Product] 10. all right okay so um this is your personal home computer right yes so what I'm going to do is I'm going to give you some few troubleshooting step okay I will go ahead and check it out and we'll we'll fix the problem okay okay yeah look on the keyboard on the Very extreme bottom left and corner of the keyboard you can see a [Product] key which is a little Four square look like a fly can you see that key um the [Product] oh yes I do see the [Product] can you see all right so I wanted to press and hold
101,scam,youtube_delex,"[Greetings], yes this is uh calling for all right this is [Title] so you back to your home yeah I just got home I'm uh just turning on turning on the computer again um okay how's your day so far it's really frustrating irritating [Title] why uh yes we got uh two days you know wednesday from wednesday to Friday the cancellation keeps going on and you know the cancellation is the big right just open a new tab in your [Company] Chrome okay it's open now there"
102,scam,youtube_delex,"[Greetings], I'm calling for yes tell me um well my name is my wife had spoken to you about a bill that we need to cancel she told she asked me to come home early from work so I can get started I can get this bill canceled you just you just have to do one thing you have to follow my instruction okay my name is okay oh your name is yeah write down my name is clean up your Chrome browser so that I'm gonna connect you to your secure server and I'm going to provide you cancellation form regarding this purchase okay okay you have to you have to type in there csorg.cc okay now it's asking me to to type okay now it's asking me to to type secure connection and it's wanting me to type I guess a connection or something I'm going to give you the code you have to put in there"
103,scam,youtube_delex,thank you for getting the naked [Company] this is here how may I help you today hi my name is my wife uh had called and spoken to a today um with regard to an invoice all right so you want to cancel this subscription and get that even back right last time I used [Company] was in [Number] we haven't purchased a virus scanner um since then and I don't understand why we're still enrolled might be the internet era [Title] you got subscribed by mistake no issue for that we are going to cancel the subscription okay and whatever money has been charged you refund you get the refund as well okay great I appreciate that are you sitting in your computer right now yeah I have I have your the invoice open it's it's inside of Chrome so I'm going to start the cancellation process open the Chrome browser there's a cookies I gotta a accept cookies
104,scam,youtube_delex,thank you for calling billing and cancellation this is here how are you hi it's it's I just got home from work I took off my work clothes you can help me out with my [Company] okay yes [Title] yes yes well it might be as I told you as you do not have any [Company] account was it [Number] that's a lot of money oh my goodness what can we do all right so what I'll do I'll first of all well do one thing I first of all I'll just secure your [Company] account right now so we are gonna we have to refund you the money okay that is [Number] and 99 Cents okay please remember this man um let me get a piece of paper and a pen I'm going to write this down okay so first of all could you just turn on your computer mom so you need to open up your [Company] Edge okay just open your [Company] Edge there are two search panels [Title] okay one in the one is written as search the web okay
105,scam,youtube_delex,thank you for calling cancellation Department how may I help you hi um I got a notice saying that I'm going to be owing [Company] LifeLock for [Number] it's an invoice all right [Title] now as you can see my system you had been charged like a [Number].99 for your computer security software so tell me what you want you want to keep it and you want to cancel it and get back your refund money what do you want I want to cancel because I didn't realize we were gonna have to pay um please cancel it so if you like to cancel it and get back your refund money what do you need to do you need to just be in front of your computer so I can provide you the online cancellation and refund form okay so you do one thing go ahead and log uh do you have a browser like a [Company] Chrome uh yes I do can you see that very top of the page long search bar where you type something and search something of the address bar yes
106,scam,youtube_delex,uh I got a missed call from this number how can I help you well I got a call from [Company] what was the reason uh what exactly I can see right find my system like yesterday someone has placed an order of an [Company] MacBook Pro and in the under your name this order has been made so this is the confirmation has been sent to you whether you have authorized this order to make this no I didn't that's why I'm a little concerned here but it simply means so it simply means now this is an unauthorised transaction and right now we have found some suspicious active into your account who is trying to mislead your name and under your name they are trying to raise this order like some foreign IP addresses from the overseas country have been get connected to you with the help of your internet connection and they are trying to purchase this order so can you please confirm me one thing did you ever share
107,scam,youtube_delex,thank you for calling support this is how can I help here hi it's I said I would call you when I got home okay okay so just give me one minute please may I have your name please uh originally spoke with oh yes I do remember that yes there's a [Number] MacBook I wasn't ordered on my [Company] yes yes yes thank you so much for calling back so uh could you please uh get your computer again where are you located we're in California wow I love California oh you do I used to live in Illinois I'm in Salt Lake City Utah
108,scam,youtube_delex,thank you for calling [Company] customer service executive how can I help you today yes I was talking to earlier um I told him I would call when I got back is busy on another call to resolving another case does it have to be or could you help me is busy on another call as I previously told you what queries and doubts you have there was an order on my [Company] and I guess there's something wrong with my security okay all right uh not an issue [Title] uh I believe that we had to use a blocking card to safeguard your identity in this case all right so could you tell me uh could you help me with your ZIP code the current mailing zip code so that I can search for the nearest [Company] store um well that was just that there is no [Company] stores yeah just bear with me I'm just trying to retrieve the nearest store yes uh under city of dapper dropper I believe that there is no [Company] store all right there are some stores which are affiliated with [Company] all right
109,scam,youtube_delex,yeah hi [Title] this is from the billing department just now you had a word with our representative yes I did very nice person and you're so I'm gonna I'm gonna provide you the refund form on the screen so once you will see the screen uh refund form just you let me know okay okay and you have to submit this form back to our company once you will fill up this form so start from your first name scroll down the page and start filling up
110,scam,youtube_delex,"[Greetings], um I got a strange message on my screen that's telling me I have suspicious movements and my computer's been blocked okay and what were you doing on the computer when you got that message I was looking up recipes for chicken chicken casserole did you download anything on your computer lately um I did I've got a new wallpaper for my desktop of my dog I downloaded this the other day okay is that a laptop or desktop the computer um it's a desktop it says secure connection join with the code and now it's changing the it says joining your session you may receive a prompt for your consent click the Run button to launch the app it will be on the top or like maybe the lower side of the screen do you see do you want to run or open do you see anything like that it says do you want to open support period client applications PC help online dot us yeah yes open that open it open it"
111,scam,youtube_delex,thank you for calling [Company] support this is how may I help you hi um this is this is my wife made arrangements for me to work with you yeah the reason we just received our two more requests for one week for [Number] and one is for [Number] well the one that I'm looking at I believe this it says [Number] so we can see here like someone logged into your account in Russia I believe you guys don't know anybody in Russia right no no I don't know anybody in Russia that's crazy am I gonna get my money back you're going to get your money back [Title] but we have to like hold your account because they keep charging even they charge you any amount we're gonna refund that money back to you but we have to stop them right now okay and we have to find out like how how they got your information all right open up the [Company].com any computer [Title] go to [Company].com yeah in the [Company] uh type in their www dot www dot Supremo
112,scam,youtube_delex,"[Greetings], hello thank you for calling [Company] my name is I'm husband she said that I should call you yes told me I help you [Title] um while we have a invoice from [Company] for Christmas lights [Number].99 um are you feeling okay you sound like you sound like you might have a cold no no I'm fine [Title] okay you got a little bit of a cold okay Yeah Christmas lights do you want to cancel the subscription or you have an issue with your order I love Christmas lights but not that much I mean that's expensive okay in order to cancel it what you need to do [Title] is that first of all you need to be in front of your computer the world's most trusted remote access oh it's remote access support I've heard of that before yes that's interesting yes yes [Title] give a click on download for free and just below that do you see password yeah to tell you the password it's a combination of numbers and letters um"
113,scam,youtube_delex,is this Mr yeah this is you today I'm doing pretty good how are you I'm doing very well thanks for asking um lovely lovely so you must be knowing that our company is giving you a refund of [Number] which you will subscribe and this refund is being given to you because the service will not be needed in your computer anymore yeah [Number] [Number].99 I was telling the last time we paid for [Company] was back in [Number]. I haven't bought [Company] in a long time I'm surprised I'm being charged this is not only not this that is uh being said this is a total package that was subscribed [Title] and this was nothing from [Company] only this was the full packet of [Company] security powered by [Company] which had anti-malware anti-spyware anti-hacking Etc programs but your computer doesn't need that eventually so eventually you are going to receive a call from us about the cancellation request we would have
114,scam,youtube_delex,thank you for calling [Company] this is how may I help you yes my name is I was trying to contact my wife was working with them on getting an invoice refunded to us okay so do one thing open up your [Company] Chrome you want me to click on any desk okay it's got okay now give a click on download now now you need to click on never show incoming session do you see third option over there never show incoming session a turd option what do you mean by turd option
115,scam,youtube_delex,thank you for calling this is hi I'm responding to a text message that I got about a auto renewal for [Company] LifeLock I haven't used [Company] in many years so I guess I'm subscribed still uh it seems so [Title] because uh they know that's the only case when you receive those messages okay well so did you you try to subscribe to our Northern LifeLock security no I mean that's what's confusing me I I I never have and I'm getting charged [Number] I can't think of how the charge would have come about I mean I have [Product] 10 and it comes with its own antivirus okay that's actually an inbuilt security itself for [Product] you're telling me that you didn't make the charge and you don't use [Company] also uh so have you ever shared the access to your personal information to your email address and your billing informations with someone else
116,scam,youtube_delex,dear hi [Title] this is I'm one of the senior [Title] from [Company] how from [Company] now let me tell you what happened we can see that you did not place this order right yes using Alpemix mix is due to the transmission below and by using Alpemix you are deemed to accept the terms all or some of these terms may be changed wholly yes [Title] or partially without a prior warning yeah what are the options oh there's more it says royalties
117,scam,youtube_delex,yes hello yes is There yeah how can I help you [Title] hi it's it's I'm husband oh yes husband right she told me that she started a phone call with you with regard to an order it looks like um it looks like something was ordered without our permission or something that was going to renew and we need to stop yeah yes I remember that so are you front of the uh computer right now yeah excellent due to how to get you cancellation and refund form yes I am I'm at home I'm at home in front of the computer all right so please open the that [Company] Chrome browser now open that to [Company] Chrome browser Okay [Company] Chrome okay yeah it's open next open then do let me know yeah [Company] Chrome is open
118,scam,youtube_delex,my name is and I'm the senior accounts [Title] on this floor um well basically there's a [Number] charge that was made on my [Company] and I did not authorize that charge okay I understand totally [Title] it says it's downloading screen connect client yeah mow it's asking me do you want to allow this app to make changes allow just give a click on allow amd yes let me explain you about this 3D cancellation form Miss okay 3D cancellations yeah yeah let me explain you what is the 3D cancellation form 3D cancellation form whenever you try to get into it all right we need to get this canceled right so that is the secure 3D cancellation form which was verified
119,scam,youtube_delex,thank you for calling support you're speaking to how may I assist you I um I've been having trouble with my Facebook when I go to The Landing news feed page it says page cannot be displayed what's your name my name is thank you Miss open app store in your iPhone let me connect you to the Facebook support server I hope you're calling me from an iPhone I know it's a Samsung please open play store then let me guide you step by step open up open the Play store okay they're quick support okay open the Play Store what do I do next type there where type in there quick support it says apps and games I don't want to play a game I want to help my Facebook I don't want to install a game
120,scam,youtube_delex,thank you for calling the refund department this is how can I help you hi it said that you're canceling or you're going out of business yes [Title] I'm very sorry to say like our main internal server has got crashed down so like our company won't be able to provide you any further services that is the reason [Title] according to the refund act [Number] we have to refund you the money if we are not eligible to receive like we are not eligible to provide you any services okay um okay okay well thanks for letting me know this um what do I need to do I mean do I need to make a change on my do I need to talk to my bank and find out what to do or what do I do I would have to contact your bank like first of all [Title] as our company's services are still activated on your computer so as those services are no use for your computer okay
121,scam,youtube_delex,"[Greetings], hi this is hi how are you sorry I'm completely fine thank you for asking so what am I doing with these checks okay um so I went ahead and I sat with my team and we had a discussion about the possibilities of uh what we can do with the checks right now correct yep now if you're thinking of planning and depositing this check to any account all right that would not be appreciated by any bank it won't be entertained because it's too big an amount and there has to be an explanation first so the bank won't accept money is that what you're telling me no that's not what I'm saying what are you saying what they won't take it's empty I was going to fill it out okay the amount which you have on the check this is too big to be deposited into any account without disclosing the right real reason and we cannot go ahead and start saying"
122,scam,youtube_delex,like you was facing the problem regarding to your transaction right now which is [Number] yeah that's what it was and they said that there was someone ordering things without my permission so I'd like to get that corrected if I can okay so like you want to cancel this transaction right [Title] that's correct uh so first let me do one thing uh can you please tell me one more thing [Title] like did you check out your account there is showing any kind of activity like uh not that I can see uh yes you can check it out I didn't see anything you didn't see anything no I don't really use [Company] very often I I don't understand nothing for this year anyway any kind of activity on there then let me know [Title] it just look like [Number] I don't see any activity I use [Company] for extremely rare cases
123,scam,youtube_delex,thank you for calling this from [Company] how can I help you hi um I finally got a chance to call you I have a bill from [Company] I need to take care of what Bill did you receive [Title] um it's for Bitcoin um I pretty much thought I had that cleared out already um I returned my Bitcoin six months ago why am I having to pay for it again thank you [Title] I need to go ahead and just check could you please tell me your uh any invoice number or the order number do you have um yeah it's uh thank you and may I have your uh first and last name please it's and your email address so you so you say that you have returned the Bitcoin six months back yeah I bought some uh Bitcoin thinking that it would be a good investment but it started losing money and I got scared so I cashed out so are you sure you do not have any Bitcoins available in your account now no in fact I deleted my account so is there anyone else in your family who must have made this purchase on this
124,scam,youtube_delex,well thanks for getting connected to [Company] this is how may I help you hi it's how are you doing sweetie yes uh have a great day [Title] no how uh i'm fine thank you for your asking so are you be in front of your computer right now yes i just turned it on honey i got home from lunch five minutes ago and i'm now now logged into my computer right all right once you see the home screen please let me know okay okay um would you mind calling me mrs because i am married and i'm not comfortable with you calling me by my first name all right have you seen the home screen don't call me by my first name you know here to call me mrs please all right just close your [Company] chrome and pull just close your email and pull up your [Company] chrome miss okay it's
125,scam,youtube_delex,thank you for calling technical support how can I help you um hi I'm getting a message on my screen that says access to this device has been blocked for security reasons oh are you doing something on the Internet [Title] when this thing happened yes I was looking at dress patterns and I came across a lovely article that was hosted on a Facebook page yes let me tell you [Title] why the reason your computer has been blocked out because whenever you're looking something on the Internet there will be some kind of a harmful that is called trojan it is an internet infection which is coming over the internet to your computer yes and which has been blocked your computer services that's why the reason [Product] has given you the warning you must contact to the support team that we are okay so don't worry about I can definitely help you okay sounds like you know what you're talking about may I have your name
126,scam,youtube_delex,hell hello yes thank you for calling support team my name is hi [Title] um I'm just wondering if you could help me um I received an email from your company to say I'm being charged um for [Number] dollars and 20 cents I need to I don't know why I've received this I have no idea but I don't want to be getting charged for something I haven't ordered okay uh [Title] first of all make you understand that okay uh you're getting the charge for the subscription of your computer uh your computer we are providing you your computer firewall security and other protections okay so like this is is the computer subscription plan the subscription has got expired do you want to keep it or you want to cancel it no I haven't placed this order so I would like to cancel okay I no worry about that I try to help you to cancel the charge and refund back to money okay so in the meanwhile are you next to your computer or laptop right now uh yes I am okay now now it's good now first of all [Title] I'm just providing you the translation form on your computer you need to be a fill up it so we can go out and just verify that so we can make sure that the can subscription will be canceled okay so what do you see exactly
127,scam,youtube_delex,thank you for calling customer support my name is how can I help Jordan um I need help um hello yeah yes [Title] yes [Title] um uh there's a some kind of charge on my [Company] account uh I need to get it removed it's for [Number] dollars and 99 cents had me your first and last name [Title] uh uh okay now now so tell me your email address uh okay yeah I'm okay okay [Title] wait for a moment and so one more one more time tell me how much you got charge [Title] from your [Company] account [Number] and 99 okay right okay [Title] okay now in order to help you out on this one first of all we need to connect you to the [Company] security server and after that we will identify your ID and after that we will cancel all that charges and initiate to refund to you [Title] uh okay hey seon uh yeah that's fine now do one thing [Title] yeah now do one think so put this call on speaker and tell me which cell phone are you calling from it's Android or iPhone it's a landline okay [Title] now go to the place
128,scam,youtube_delex,yes [Title] your call has been connected with [Company] security hi um I received a text message about uh an order for Bitcoin [Money] um I need to try and get that cancelled and can you please help me with that order ID number uh the order [Number] [Number] yes as I can see see said there is a transaction for BTC which price is [Money] so did you place any transaction from your account no and when was your last login into [Company] uh yesterday I think yes Sunday yes okay as I can see so this transaction has in place from New Jersey so is anybody from New Jersey who can place this uh my friend he's from East Side New Jersey yeah I'm sorry oh have you ever tried to
129,scam,youtube_delex,"[Greetings], hello yes how can i help you uh may i talking to mrs yes this how can i help you um mrs like we're calling you from the malwarebytes customer support okay yeah we are seeing some we are seeing some unusual activities in your malwarebytes okay so we are calling you so can you please let me know that uh like do you have any access from another country like russia because the uh some hackers have a uses of malware's account no i don't know anybody from any other country okay so [Title] like did you share your computer password or your wi-fi password with anyone my grandkids no no part of your family like your neighbor or any unknown person no is it the russian mafia do you think uh yes [Title] that's why we are calling you today what so"
130,scam,youtube_delex,thank you for calling [Company] how are you doing today i'm doing fine how are you i'm fine thank you very much [Title] and i believe you have received an email confirmation for your [Company] renewal right yes i did i i wrote down the phone number so you want torenew your [Company] security you want to cancel your [Company] security i didn't even know i had [Company] security yes [Title] no i don't want to renew it so what i need to do my mind to go ahead and cancel your [Company] security and once you consider [Company] security your security will get cancelled and your money will be get refund because we have put that charge on hold the charge did not went through and for this is the reason [Title] you're getting this confirmation call all right okay so are you sitting in front of your computer right now oh yes i'm not at my computer but i have one do i need to go to it yes could you go ahead and turn on your computer mom so i can send you the cancellation form
131,scam,youtube_delex,how are you doing today yes is this the [Company] yes [Title] this is [Company] yes there was something wrong with my account somebody charged something i was told okay all right uh just be online let me just check it from my end okay all right uh well [Title] what i can see on my screen right now that there was an order has took place uh under these details and it was trying to get placed in the location of mexico it seems to be a suspicious order [Title] will you just confirm did you make the order from iran i didn't send anything to mexico what are you talking about i get it i get it now just let me tell you that it means [Title] that it's a fraudulent order which has took place under your information and somebody is trying to misuse your information as well without your prime knowledge and authorization about it so [Title] in that case can you just tell me that did you ever share your wi-fi password to anybody no okay then apart from you [Title] who's supposed to use your internet or your devices
132,scam,youtube_delex,a very good day to you this is from [Company] how may i help you oh yes i had something wrong with my account uh did you place that order of an iphone from your [Company] account [Title] no no why would i do that my phone works perfectly fine and are you the only user of this [Company] account or except you anybody else also use it for online shopping no i'm the only one that uses this one you're the only one all right so that means it's a fraudulent transaction [Title] which is happening to your account right i'm assuming because i didn't order an iphone all right so all right then i'll help you to cancel it and i will report it as a fraudulent transaction in order to cancel it [Title] you have to be in front of your computer right now okay so are you in front of your computer right now yeah i got turned it on all right so it's in are you in front of the computer right now yes i have to turn it on can you hear me with all that noise in the background uh i'm sorry all right you turn it on once
133,scam,youtube_delex,"[Greetings], is this [Company] yes [Title] this is [Company] my name is how are you doing today i'm doing fantastic how are you i'm glad so [Title] can you please tell me what can i do for you i had a message about something wrong with my account right okay so can you please tell me whether you want to cancel the order or whether you want me to what order that was the iphone 12 pro max i didn't order an iphone 12 max we knew that [Title] actually the reason of this call is to inform you that we have seen some fraudulent activities on your [Company] account that somebody else is using your information and with the help of your information we are placing the order okay so that is the reason we call you up today so we can able to make you aware about each and everything and as you are as you are our client since a very long time so this is our responsibility to to making you aware about it okay okay but i didn't order in [Company] okay no problem we are also looking uh trying to find that person okay"
134,scam,youtube_delex,thank you for getting connected to [Company] customer support this is how may i help you yeah i had a message to give this number a call something wrong with my [Company] account uh can you give me a second so i can pull up your information before i tell you anything sure yeah and your name again [Title] it's gonna be yes okay just a second just a second more i am on it okay yes as you can see in my system a purchase has been made yesterday worth of [Number].99 for an [Company] ipad shall we approve it i didn't buy no ipad oh sorry to ask you again but [Title] this purchase has your private information like your name your phone number your billing address and your bank credentials so it just seemed just like you so you sure about it just like me because i didn't buy it i'm absolutely sure i don't even know what you're talking about right now this is [Company] for sure yeah it's [Company] but what i'm telling you is there as you can see there is a purchase i'm not telling you
135,scam,youtube_delex,thank you for calling in geek squad this is how can i help you yes this is i had a message to call this number oh yeah man this call is regarding your computer a laptop services it's called expired and for the renewal you're about to get a charge of two hundred and ninety nine dollars what this is just a confirmation call whether you want to renew [Number] for what for your computer services like firewall securities [Company] antivirus services web services etc i thought i needed that stuff on my computer i didn't know i was paying for it i thought it came with the purchase of the computer yes ma'amthese were added with your computer price these were inbuilt onto your computer map but maybe you didn't use these services for long and that's why these services are expired and the policy of these services are at auto renewal state
136,scam,youtube_delex,thank you for calling [Company] customer support how are you doing today i'm doing good how are you i had a missed call about something wrong with my account yes [Title] yes [Title] there has been a purchase made for an iphone 11 worth [Number] and this is a verification call so do you confirm the order no i do not i didn't buy a cell phone okay thank you for letting us know that you have not placed the order so let me tell you [Title] when we tried to review and check the order we found out like there are some hackers from memphis tennessee who are trying to compromise your account information and they are placing these fraudulent orders under your registered phone number
137,scam,youtube_delex,thank you for calling [Company] customer support how are you doing today i'm doing good how are you i had a missed call about something wrong with my account yes [Title] yes [Title] there has been a purchase made for an iphone 11 worth [Number] and this is a verification call so do you confirm the order no i do not i didn't buy a cell phone okay thank you for letting us know that you have not placed the order so let me tell you [Title] when we tried to review and check the order we found out like there are some hackers from memphis tennessee who are trying to compromise your account information and they are placing these fraudulent orders under your registered phone number which ends with okay and that is the reason so we have kept
138,scam,youtube_delex,thank you for calling [Company] customer service this is how can I help you yes I received a notice saying that I buy year subscription [Company] for and uh I never ordered this okay so you want that the cancel the so right yes all right can you just give me the invoice number which you have on that email so let me cancel this order all right all right [Title] so right now [Title] what I'm going to do I'm going to help you the cancel this order okay and once we are cancel that I will report you to the [Company] server so they were not going to send it to you any kind of subscription okay can you do one thing [Title] can you just go to the computer and turn it on to let me cancel this order okay so you can able to receive any kind of payment okay now what now what do you see on your computer
139,scam,youtube_delex,yeah i had a message calls number about my [Company] account yes [Title] did you order iphone 11 pro from your [Company] account and this is a verification call so do you confirm this order or no i haven't ordered anything what are you talking about i'm talking about your [Company] so you haven't done it you did not order iphone 11 pro yeah that's what i'm trying to tell you is i don't know what you're talking about tell me tell me what's going on as i told you did not order iphone 11 pro from your [Company] account it means this is unauthorized on that correct step yeah i didn't authorize anything i didn't order anything okay so can you just go ahead and turn on your computer first
140,scam,youtube_delex,"[Greetings], hello this is [Company] thank you thank you for getting connected with [Company] cancellation department so this is here how can i help you yeah i had a message to get a hold of you guys something wrong with my account well we have received an order of a white colour [Company] iphone 11 [Title] which is a [Number] gb and the cost of [Number] well you can check the order has been made by you or by your family members or not i haven't ordered nothing on [Company] in a long time okay well give me a minute [Title] just let me check okay so as far as our database this is a fraudulent order and it is made by a guy named who is currently living in santa clara california and he has made the order by using your name and details so we need to cancel the order and get you back the refund money [Title] absolutely yeah what what did you order again"
141,scam,youtube_delex,thank you very much for getting connected with [Company] i am you're successfully connected with the support team of [Company] okay how may i help you today yeah i had a call saying that there was some fraudulent activity on my account that's correct that's correct we found there is an fraudulent activity that's going on through your [Company] account all right so if you allow us what we are gonna do is we are gonna check it all right okay and we are like we are going to let you know okay everybody decision would be should be yours all right so if you allow me like if you allow us that we are going to give a uh like take a legal action onto it so should i go and get a legal action off to it onto it yeah i need to know what happened under the account so i need to tell it so i can tell you what legal action you need
142,scam,youtube_delex,customer service team here to help you your calls may be recorded for training and quality purposes all of our agents are currently busy please hold and we will answer your call as soon as we can they're busy today thanks for getting connected to cancellation team this is how may me assist you yeah i was calling about my refund and what kind of email did you get [Title] could you please uh come is there any product id or order id number i don't have that information because i deleted it i didn't know you needed it or i would have kept it all right [Title] just hold on let me just check on my database okay sure and the number in which i'm talking to you right now it's correct yes that is correct just hold on just hold on all right [Title] so in order to cancel the sub uh subscription and claim your refund boxer you need to just go ahead and be online so that i can help you to get connected to our cancellation team
143,scam,youtube_delex,"[Greetings], hello yeah hi [Title] this is [Company] how may i help you i had a call from this number or told to call back this number what what's going on with my account uh yeah we are calling you from [Company] [Title] okay and the problem is that we are giving you this call because today early morning we have been noticed that some people from ohio they are using your [Company] account and trying to buy iphone which cost you [Number] is that any of your family member are using your account from ohio i don't have any family members in ohio i do know of one okay i don't know one person in ohio but i don't think she would do that and when was the last time you logged into your account [Title] oh it's been a while i don't ever log into it i don't ever"
144,scam,youtube_delex,thank you for calling [Company] please wait while we connect your call to our [Company] representative thanks for calling [Company] this is how to ask you yeah i had a voicemail from this number or to call this number i couldn't really understand it because my phone was breaking up my reception was bad okay okay [Title] and when did you receive the call from my department at what time i don't know exactly what time like i said my cell phone my voicemail was breaking up because the reception is really bad sorry i can't honestly tell you let me check in my system okay sure no problem okay so can you help can you help me with your first and last name so i can pull up your file and check what's going on sure my first name is my last name is and what's your zip code my zip code is oh my zip code or my address i said your zip code [Title] oh i'm sorry my zip code is okay give me a moment let me pull out your file and check what's going on okay okay thank you all right so thank you so much uh-huh
145,scam,youtube_delex,"[Greetings], this is how may I help you today hey I had a missed call from this number the reason we are just giving your calls are to let you know that from your side or the person name mr from ohio has created a fake [Company] account so are you aware of this purchase no no i'm not aware if he created a fake [Company] account so you tell me [Title] what would you like to do do you like to continue with this purchase or you want to cancel this purchase tell me i don't even know the guy why would i want to continue with the purchase okay so do you have a computer in your home do you have a computer well of course i do need to go ahead and just try to turn on a computer so that i can help you out all right let me get over there what's all that noise it's so loud okay how can you hear the noise no you hello are you there did you hang up no i'm here no okay okay i have just mute that so that you cannot get the other voice okay oh no it sounds a little better it quieted down just a little bit"
146,scam,youtube_delex,"[Greetings], hello i'm calling about my refund uh sure wish you a very good day [Title] this is here and we are calling you from the [Company] refund department how are you doing today i'm doing great how are you doing you sound like you're out of breath are you running i'm fine you sound like you're breathing i'm fine thanks for asking well [Title] the call is well [Title] the call is about your refund okay like did you remember that last time you made a payment to our company for the maintenance of your computer services i don't no and that's why i was i don't know anything about it it it was around two years back [Title] you made a payment of [Number].99 and now the reason is that [Title] like some technical problem is going on and our company's working license has been expired and we are no longer to give you the services anymore that's the reason companies refunding back your money all right okay so you refunded me the money from two years ago yeah so do you know how to claim your refund no that's what i'm calling you like first of all [Title] we need to cancel those services"
147,scam,youtube_delex,how can I help you hi I had a missed call from this number all right [Title] let me have a quick check all right and i'll let you know can you please hold the line for a second okay no problem yes are you there yes yes thank you for holding the line [Title] uh what i can see is like we just received an order of an iphone 11 worth [Number] from your account so are you aware about the purchase no i'm not okay all right no problem so like uh do you know anyone from dayton ohio from dayton ohio no i don't uh yeah i don't even know we received this order from i've never been to dayton ohio yeah okay no problem so but so we received this order from dayton ohio and uh we were very suspicious because it's a different location from yours right yeah it is yeah that's the reason so i'm calling you today just to confirm whether the order was made by you or not so have you ever shared your personal information with anyone else no okay like i believe someone have compromised your personal information who is living on dayton ohio and made this order okay so i believe you want to cancel this order correct of course okay so i'll help you to cancel this order by generating one-time cancellation id and a password all right
148,scam,youtube_delex,"[Greetings], hello yeah hi this is from vtech how may i help you [Title] it's kind of about my refund okay so you don't want to continue the service you want to cancel it of course yeah i didn't even know you are charging my account why is it echoing not a problem so if you want to cancel that we will definitely help you out so are you in front of your computer for the cancellation [Title] i am in front of my computer why is it echoing you have to turn on your volume on your computer so it doesn't echo can you just let me know [Title] what can you exactly see on your computer screen i see my desktop okay open up your [Company] chrome [Title] okay now on the very top of the [Company] chrome do you see there is a long address bar there where you can type in something and search yeah type in there"
149,scam,youtube_delex,department how may i help you yes i uh i had a missed call from this number yes [Title] this call is about your computer service you charge for the anti-virus protection for your computer [Number].99 you want to cancel it [Title] or you want to renew this service well sure i want to cancel it when did they start that when did they charge you okay i'm done [Title] when you purchase that computer at that time you pay some extra money for the anti-virus protection for your computer and today that one is expired and today's auto renewal date that's why you charge for that oh yeah i know i i don't need any it's just stuff okay then you want to cancel it i'm right so yes you're right okay okay so if you want to cancel go ahead turn on your computer then i guide you how you get the cancellation form because you want to cancel this service
150,scam,youtube_delex,how may I help you yes this is [Company] yes okay i had a pop-up this [Company] tell me to call this number okay okay can you tell me uh what do you see exactly on your screen it just had my desktop because i closed it all out i wrote down the number and then i called okay so right this time your computer is shut down no i just have my desktop open okay and what do you see on your desktop um it's i gotta open it back up it went to sleep so i had to open it back up give me one second yeah take your time okay you know what do you see what do i i just had i has my desktop it's got my [Company] chrome and all that stuff okay okay so earlier what is the problem that you're facing it's running kind of slow right now it's taking forever okay okay okay so now we're gonna do one thing uh we gonna connect the device with a [Company] server i will look into it
151,scam,youtube_delex,thank you for calling cancellation Department how may I help you um yeah I'm returning a phone call ah yes this call is abnout your computer service which has gone expired and that's why your account has been charged [Number] so you want to cancel it or you want to renew that uh no i want to cancel it okay not okay not at all so if you want to cancel that services and stop the statement what you need to do you need to follow the corporate dismiss so i can help you how to cancel that services and we are going to refund back the money so first of all in order to cancel that you need to fill up this cancellation form on your computer and after that your website so is your computer is on right now i do believe are you in front of your computer
152,scam,youtube_delex,thank you for calling how can i help you yeah i'm returning a phone call about my refund yeah this is for the services this call is for the services of your computer so you want to renew the services or you just want to cancel it yeah no i don't want to renew it i didn't know i was paying for it sorry i didn't get you i said no i don't want to renew it i didn't even know i was paying for it okay not a problem sorry so you have to just fill up a cancellation form on your computer i'm going to provide you a cancellation form on the computer now so is your computer on this moment yeah what website do i go to okay not a problem so can you have a look on your keyboard at the left and bottom do you see or there are ctrl control key
153,scam,youtube_delex,calling this is how can i help you yeah i'm going about my refund i said you're closing down or something okay you okay huh you want you want to cancel right yes okay are you in front of your computer side is your computer on yes okay so tell me what do you see on the computer my computer screen okay look at the very bottom left hand corner at the very bottom left corner which icon do you see on my computer screen i see a [Product] start key yes yes yes right beside that right beside that right beside the [Product] start key do you see type here to search type here to search yes of course uh-huh type here to search in type here to search you have to type
154,scam,youtube_delex,thank you for connecting with the cancellation department how may i assist you yes i had a missed call from this number it said to call for my refund yes [Title] so right now [Title] what you want to do do you want your refund or do you want to renew it no i want my refund i didn't know i was paying it all right no problem actually [Title] right now what happened your computer firewall security and the [Company] has got expired and right now your computer needs to be updated okay so that is the reason we will call you to just confirm you do you want to continue or do you want to cancel it because within one and a half hour your money will be debited from your account okay okay yeah so right now [Title] for the cancellation are you sitting in front of your computer so we will provide you the refund form yes i'm in front of my computer
155,scam,youtube_delex,yeah i had a missed call from this number uh yeah so this is a [Company] refund department uh you have been uh you you have paid [Number] for iphone 11 so we just want to confirm it that have you purchased that iphone no not that I'm aware of that is the reason [Title] we have been calling you just to check it out that the payment has been done that this is a genuine transaction or not uh for your safety [Title] you need to go ahead and turn on a computer i am getting your computer connected to our accounts department so if the money has been charged to your account we can refund you the money otherwise we simply cancel the transaction okay okay okay i want you to cancel the transaction yeah first we need to check it out that is the reason we need your computer to be connected to our accounts department okay
156,scam,youtube_delex,"[Greetings], hello hi I received this email about Northern LifeLock subscription that is expiring today it's asking me for [Number] looks like or something like that I'm I never remember having such a subscription what is going on here who's taking money from my account uh my company [Title] because uh uh you have our company security software in your computer and this is auto renewal Services that's the reason my company charge uses and sending you this email to inform you like you want to continue this Services or cancel it because if you continue the services so my company charge you every month but I don't remember having having this subscription so who made this subscription on my behalf I don't know [Title] because uh you're and somebody just using our company website and register online form so I don't know exactly who is person activated"
157,scam,youtube_delex,thank you for calling cancellation Department my name is how can I help you hello I received this email from [Company] saying we're glad to serve you as our registered customer we have the premium Security Services ready for installation and looks like money has come out of my account I'm just calling to see what's going on okay can you confirm me with your invoice number [Title] so I can go ahead and check into my system and help you further sure there's an order ID here it's you receive the email today or tomorrow oh yes yesterday oh tomorrow how can I receive an email tomorrow you guys are Time Travelers I received it today no no okay [Title] so are you nearby your computer right now to cancel it out no do you want me to turn it on yes just turn it on okay
158,scam,youtube_delex,"[Greetings], and thank you for calling support you're talking to how can I help you hi I had a missed call from this number I'm just returning the call now yeah I guess you were trying to reach out [Company] support we missed your call that is correct yes so I'm wondering why I'm losing money I don't recall having any subscription all right no worries I'll check that out for you for a quick verification could you help me with your email address that you have with [Company] yeah so it's uh all right thank you bear with me"
159,scam,youtube_delex,now first of all let me introduce myself my name is [Title] with the badge id i am from the tax audit department of [Company] hm revenue and custom how are you doing today yes uh the nature and the purpose of this call it just to notify you it just to inform you that there has been a legal case filed there has been a lawsuit filed against your name for the [Company] and it's regarding a tax fraud it's regarding the tax evasion so do you have any solicitor or any tax lawyer who can represent you inside the courthouse and your case id number your case id number is now uh what i'm going to do i'm going to read out the legal affidavit report to you so you will get the better idea and the better information that what is this all about and what is going on under your name
160,scam,youtube_delex,"[Greetings], hey hello hi there yes this is sorry about that i have to take another call okay not a problem now john you were speaking to one of my uh like one of your case [Title] do you remember did you say yeah that's correct yeah i didn't get her name what's her name no okay yeah okay what seems to be the problem that i had a phone call on my landline he said something about [Company] okay okay so what happened okay so can you just help me out with your postcode and your house number so that i can look into the inline revenue database that why did you receive that phone call like what's your postcode so your house number do you have a house number flat number yeah flat"
161,scam,youtube_delex,okay so do you have any criminal lawyer who can represent you inside the courthouse no i don't can you guys do that for me okay so let me explain about your case but i go i need it's my job to notify you these lines are recorded and monitored by [Company] okay that's good to know okay [Title] yeah that's yeah that's fine okay [Title] so now first of all i would like to grab a piece of paper and then to write down some import important information about your case okay yeah that sounds good to me all right one second i'm just gonna get a piece of paper and a pen one minute okay [Title] okay take your time hello are you still there hello yeah i've got i've got a piece of paper and a pen though okay please write down my name my name is
162,scam,youtube_delex,straight away and you will get arrested shortly [Company] this is [Title] how may i help you today i'm sorry i've had a call from you all right miss and did you receive any case id case file number no i didn't okay then in order to pull out your file will you help me out with your name yes it's so I can try to pull out your file absolutely it's and can you spell out your last name yeah it's it's it's okay do you have me yes all right so and what is your postal code it's okay fine all right just stay connected with me let me pull out your file in my system thank you for being on hold yes all right here i got your file in my system and i believe you live
163,scam,youtube_delex,hm revenue and customs how may I help you yeah hi I just got an automated message to give you a ring okay can you verify me your name so that I can go ahead and pull out your case file please yeah let me check yeah mr how are you doing today well I was alright until I got this phone call okay understood mr can you grab a piece of paper handy so I can go ahead and give you some information you can write it down yeah go on then ok first of all write down my name my name is last name is my badge ID number yes my badge ID number is okay so why do I need all this for actually the reason behind this call is to inform you that there is a lawsuit is being filed on your name by hm revenue and custom in a tax evasion tax fraud case because you didn't pay your tax properly that's the reason okay and how long has this been going on for
164,scam,youtube_delex,give me your name so that I can grab your file yeah my name is mr yes yeah yeah wait for one second and I'll grab your file thank you i have your file in front of me the reason we are trying to contact you is to notify you that a criminal case has been registered against your name oh dear for tax evasion and tax fraud there has also been a warrant out for your arrest so who pays your tax who pays my tax yeah um I pay I pay the tax I'm very worried [Title] are you working for a comapny did you call me [Title] i'm a [Title] hello hi did you call [Title] sorry are you self-employed you working for a company yes my name is mr I work for um I work for the uh oh oh I'm so distressed I sell t-shirts so when hm revenue and custom has conducted a random re-audit on your tags we found out under section
165,scam,youtube_delex,ths is your second attempt to avoid your initial appearance to a County Courthouse in your federal and criminal offense and also there is a non bailable warrant of arrest is issued on your name call our direct line number thank you
166,scam,youtube_delex,you for your response we would now like to transfer you to a call handler for just a few more questions thank you for calling her majesty's revenue and customs how can I help you is this inland revenue and customs yes and I've got a tax fraud on my name yes can I have your name so I can try and see what's the matter yeah mr mr can you spell your name for me please and what's your postcode and your door number but how do I know your revenue and customs listen I'm not here to prove you I'm from hm revenue and customs or not if you don't believe I certainly hang up the call and inform the police to get you arrested okay oh my god you're going to arrest me yeah no please don't arrest me please
167,scam,youtube_delex,thank you for calling hm revenue and customs how can I help you oh well you phoned me you tell me [Title] you must have received an automated call you pressed one yeah perhaps yeah yeah so that's the reason your call has been connected to the hm revenue and customs the we had hm revenue and customs okay yeah yeah it's and your voice is too low to hear properly hello hello hello hello hello did you want my name hello hello hello yeah can you can you speak a little louder hello hello my name is that your first name or your last name that's my first name and what's your last name can you spell it out okay so I have your file in front of me that was quick and to check I'm sharing confidential information to the right person can you confirm it with your postcode number
168,scam,youtube_delex,"[Greetings], her majesty revenue and customs this call is to inform you that there is a tax fraud case registered under your name yes you have to press one to get connected to the [Title] of [Company] yeah if in case you don't press one and your call is not connected to us then the warrant will be issued under your name straight away and you will get arrested shortly your call is very important to us please stay on the line you'll be transferred to the next available [Title] thank you for calling in a [Company] you're speaking with [Title] how can i help you hello [Title] i'm [Title] from irs how can i help you okay thank you yes"
169,scam,youtube_delex,thank you for calling [Company] you're speaking with how may i help you hi i got um a call um from you um it said push one um and then it cut out do you have a reference id for the same um i don't know as i said i tried calling it back and um it just cut out can you help me with your full name yes it's can you spell your last name yeah okay i would require your date of birth and postcode for the verification purpose yep it's and your postcode sorry did you say you're from hm [Company] yes your call has been connected to calling from [Company] london okay okay what's it what's it what's this about just allow me to pull up all the details on my system so that i i'll be at the better position to tell you like what is the issue all about all right we were trying to re-contact you notify that the criminal case has been registered against your name due to tax fraud and tax evasion
170,scam,youtube_delex,my name is how can I help you hi david i got an email from you about my um was it [Company] subscriptions okay go ahead okay well i don't i don't really want to pay the [Number] i prefer to uh cancel that okay you want to cancel all the services and why you want to cancel it because of the money yeah mostly this is a okay definitely [Title] we will cancel the services and for that we have to remove the services from your computer okay I'm sorry could you speak up a little bit it's a little hard to hear what you just said okay i'm telling you in order to uh cancel other services we have to remove the services from your computer is that okay with you yeah that's fine so are you in front of the computer right now yes okay just do one thing just open up a [Company] all right your [Company] is up hold on okay you're talking about the um the uh internet thing right [Company] chrome or like the website or what do you want yes
171,scam,youtube_delex,"[Greetings], hello my name is i'm calling from refund department we talked before about your computer i'm sorry say that again i said your computer service was expired now it's auto renew and for that reason our company charge on your checking account [Number] do you know what did i just call you a second ago was i just calling you yeah yeah absolutely right [Title] we talked before about your computer we talked before when did we talk I beg your pardon [Title] huh i just you just left a message for my phone and i called you and i couldn't hear you and you called me back is that it i do believe [Title] you have a computer in your home right [Title] [Title] but yes yeah and we long time ago your subscriber for service for your computer we decided to take your all right so that service was expired now it's auto renew all right and for the reason our company charge on your checking account for [Number] so it's already charged from your checking account so this is a confirmation call from our company that you want to renew the service or you want your money back so what you want to do what do i want to do yeah you want your money back or you want to cancel the service"
172,scam,youtube_delex,"[Greetings], yes hi i'm calling about my [Number] auto debit okay my husband and i this is the cancellation what that was about okay this is the cancellation department of [Product] when you buy the computer uh you get a free subscription to [Product] and when you buy the computer you automatically pay [Number] for it if you did not use the subscription you can simply get it cancelled and you can get a refund of [Number] for it so what would you like to do would you like to pay more [Number] to keep using the subscription or would you like to cancel it for a refund i don't i i'll have to ask my husband if he if he bought it i wonder if it was my husband who bought it does it say who purchased the uh uh no it doesn't show that because uh you know uh all the customers of [Company] who are using a computer they are being contacted today about it because today is the renewable date of the service wow that's a lot of work hold on one second let me call my husband okay hold on let me just double check with him but i don't i don't think that we won"
173,scam,youtube_delex,thank you for your call you're speaking with how may I may I assist you this evening hello hello yes i'm not having trouble with hello yes i can hear you miss go ahead hello [Title] you hear me yes yes i can hear you i'm having trouble hello yes i'm here you are having trouble with what you're just so quiet hello let me turn my phone up hold on do you hear me hello uh yes yes now i hear you now now i can hear you all right please give me your callback number first oh well i hear you just fine right now but my callback number okay give me your callback number yes thank you miss yeah now please tell me the exact problem you are facing with your email um okay yes so i'm having quite a few problems with my um my computer really but my i can't access my my emails anymore after i updated my computer my grandson had helped me set up my emails on my computer what do you call it the the mail button and right now i'm i'm not able to to do it after i updated my computer give me your first name what it's your name your name oh my name i thought
174,scam,youtube_delex,"[Greetings], hello yeah hi this is i may help you i just missed a call from this number yes we left a message to you about this call to make you aware about the auto renewable service of your computer right now i think that's what it was i think that's what it was that is we called you up to ask you what you like to do do you want to continue that auto renewal upgrade of your service contract with the cost of [Number] or you want to cancel that up did you say do i want to cancel it or do i want to cancel it yeah i would i said renew it or cancel it what you like to do i'm waiting for your opinion so i can work for them in regards of that command what you like to do do you want to renew that service or you want to cancel it i would like oh i understand what you're saying i understand what you're saying i would i would like to cancel it whatever it is okay so i believe you are in front of your computer this moment are you no just do one thing grab a piece of paper and pen with yourself and be in front of your computer now let me know once you're in front of your once you're in front of your computer"
175,scam,youtube_delex,"[Greetings], hello yeah thank you for calling cancellation department this is how may i help you [Title] yes you said your name was what sorry okay yeah i got your i got your voicemail there um about the charge being auto renewed yeah i'll let you know i really don't wanna i really don't wanna i guess pay the four hundred i'm not really sure what what exactly it is you're referring to if you don't mind i'll i'll explain each and everything [Title] you have an antivirus in your computer [Title] the [Company] antivirus and the [Company] security suit so we are calling you from the anti-virus company so you want to renew the contract the anti-virus or you want to cancel the contract map um yeah i don't want to be charged [Number]. okay so for the cancellation [Title], just be in front of a computer [Title] so we can ge connected to the cancellation department right now okay once you be in front of a computer just let me know i'm i'm actually sitting in front of it right now i was doing a little bit of work okay [Title] and before that i'd like to confirm that i'm speaking to miss no and the number we can am i correct [Title] you're talking about my number yeah that's my number yeah okay [Title] so you are the person so just open the [Company] chrome first of all [Title] okay and"
176,scam,youtube_delex,dear customer this call is in regards for the renewal of your computer services as you are a registered customer so [Number].99 will be deducted from your account if you wish to cancel or stop the payments please press one or call us back at our toll free transferring call please hold the line hello hi i got yeah i just got your call about something with my subscription uh yes actually like he was having a software security protection plan for your computer okay before but somehow due to some technical glitch over the server that protection got corrupted okay so in order to reactivate the same plan for your computer you have been charged for [Number] and that is the reason like our company called you up to tell you all of this about so you will be aware of it okay um sorry could you repeat that like what are you you're saying that i'm being charged money yeah yes you are being charged money of [Number] in order to reactivate the protection plan for your computer the software security plan for your computer okay so that is the reason like you have been charged for this amount and that is why our company called you up to tell you all of this so you will be aware of it okay um i don't i don't want to pay [Number] for something on my computer right now so you want me to cancel this yes please okay so if you're going to cancel this [Title] that you will be getting your money back as well back to you three hundred okay
177,scam,youtube_delex,"[Greetings], yeah yes hello thank your for connecting with us macafee technical support how can I help you sorry you're gonna have to you for some reason I can't tell what you're saying [Title] but the subscription of your computer has been expired so you need to hello so you ned to follow our step otherwise you can lose your computer yeah you will lose your computer if you're not going to try to listen to me with what I'm saying that's the reason that we are ringing you today okay okay is this I can't really hear what you're saying i i gosh I don't want to lose my computer alright then hello yes [Title] I'm here okay so tell me hello tell me yes tell me what's going on tell me what's going on I got your voicemail yes of course I believe that you can so [Title] do you remember like last time you paid [Number] and registered in our company yeah the the uh 21st september yes of course [Title] but the thing is that [Title] now the subscription has been expired"
178,scam,youtube_delex,thank you for calling [Company] support your wait time is two minutes to ensure our best service this call may be monitored or recorded please hold while we connect your call thank you for calling [Company] this is how may i help you good morning hi what you said your name was my name is yeah that's right all right nice to meet you could you transfer me over to um you know i guess i don't know which department would be somebody in the uh like financing or billing related department so you're looking someone into the for the billing department yeah wow all right sorry to put something okay so who who are you looking for do you have a name i don't it just says that my membership is set to renew today actually for a protection plan okay so uh how much is that for do you see an amount over there how much is the membership for yeah so did i pay with [Company] or something is this an automated message i don't understand well i need to go ahead and check this out you know uh can you help me with your email address yeah it says that my i can check back in my because your account is set to auto renew it will automatically process charge on january 19th if you do not
179,scam,youtube_delex,"[Greetings], good morning hello yes but you called me and left a voicemail yes [Title] we have give you the voicemail about the refund do you remember you have made a payment for your computer services and maintenance last time yes i think so do you remember yeah so that is why [Title] you are getting the call now to just claim back your refund because in feature we are not able to give you any more services because our main server has been crashed down and we are getting lot of complaint with all the customers that is why we have decided to refund back their money okay because you all earnings support services any further please to reach us to receive the refund okay so you remember [Title] how much amount you have make a payment last time do you remember that not exactly okay let me check in my server how much you are eligible to get back a refund okay just hold on a moment okay I remember what i was working with somebody with my computer at one point I paid someone to help me with my computer okay so [Title] just go ahead and turn on the computer so i will send you the refund form on this computer scren"
180,scam,youtube_delex,"[Greetings], hey guys is this [Company] hello hello yeah hi [Title] you are speaking with yeah you're speaking with i'm just called [Company] my [Company] prime how may i help you yeah um yeah i got the voicemail about [Company] prime and i didn't really understand it it was like all roboticky you're saying something about my [Company] account let me tell you [Title] can i just say i love [Company] prime can i just say that is that weird yeah but let me tell you i'm okay like uh we just get a report from okay that have you uh purchased the [Company] prime subscription again what like we are gonna be charge you for the [Company] pack subscription [Title] okay because we got a request all right that was the reason he got a voicemail or message mail okay what what are you talking what are you talking about i'm talking about that we got a request that under your name and that's been charged of the amount [Number] for the [Company] prime subscription okay so is that by you oh the price went up yeah the [Company] prime wait how much is it now i thought it was like [Number] bucks it's [Number] now i'm sorry [Number] [Title] oh but i'm a student isn't it supposed to be like cheaper if you're a student"
181,scam,youtube_delex,thank you for calling macafee how can I help you yeah I hello you called me about [Number] thing is that right yeah you received a voice recorded call [Title] yes ok perfect so [Title] the call was in regards to a refund of [Number] basically uh three years back you had gone ahead and opted for a security service for your computer and internet connection and okay it was for five years that you made the payments i'm i'm sorry could you repeat that could you repeat that uh sorry sure yeah i was saying three years back you had gone ahead and made a payment of [Number] okay and you had taken a package of five years for your internet security and your computer security now uh basically [Title] uh we are not being able to provide services anymore it's already been three years but as per the US common law we have to refund you back the whole amount
182,scam,youtube_delex,i'm very good how are you uh well i'm a little bit disappointed you gotta be honest i i got a message saying that you're charging me [Number] dollars uh yes actually you are connected with a server you are using our computer services and the services are going to be renewed that's why you receive the message okay i guess what i'm saying is i don't i don't want i i don't want you to charge me [Number] i guess okay if you don't want to continue with the services just do one thing just go in the front of your computer i'll guide you how you can disconnect yourself from the system from the server so then you will not be charged anything and if in any case by chance you are charged then you will get the refund of that amount today so uh could you repeat that sorry a little bit hard to understand you i'm saying that just go in the front of your computer disconnect the securities from your end then you will not be charged anything for the securities and if in any case we charge you from your bank account we'll refund you back the same amount which you know you paid for you paid for the security
183,scam,youtube_delex,"[Greetings], I need to speak to the [Company] department please yeah [Title] this is [Company] how may I help you sorry what is you name my name is okay do you work for [Company] yes [Company] antivirus support okay I got a call uh an email sorry I think from someone named about about my [Company] subscription being auto renewed okay can you tell me the auto id number or the invoice number um hello it's okay and what is the amount [Number] okay [Title] just hold one moment and i will check in the system okay alright yeah i can see over there it's a [Company] subscription for your pc protection so uh as you told me you you order this subscription say that again it's hard to hear you yeah i just say"
184,scam,youtube_delex,"[Greetings], no one is available to hello hello hello can you hear me [Title] yes who is this uh [Title] this is from [Company] I got a call from your number right now how can I help you oh okay yes I was trying to talk to you but for some reason it uh for some reason you weren't answering me okay no issues [Title] tell me how can i help you today what is the problem well i i didn't i couldn't quite understand the voicemail because it was a little bit uh how do you say um the robot voice was hard to understand okay but but it said something about [Number] not an issue and i i wondered did i win [Number] or or are you charging me [Number] what's what's the [Number] let me tell you [Title] let me tell you can i have your name please so that i can take it down that would be that would be fine that'd be fine my name my name is right yeah okay [Title] okay so actually [Title] that your card is going to be charged with [Number] for the auto renewal of the computer security which you got in your computer"
185,scam,youtube_delex,welcome to [Company] you're speaking with how can i help you today yes i i need to talk to somebody about an order that i i don't understand on my email please okay no problem [Title] i'll be happy to help you what i can help you with that [Title] please tell me how can i help you if you have any problem with an order so i i can hardly understand what you're saying uh [Title] can you hear me fine oh that's a little bit that's a little bit better okay [Title] i'm saying if you have a problem with an order you can ask me about it i can help you with that okay yes well well thank you normally i have to wait on hold it's quite it's quite annoying whenever i have to call in um well it says that there was an order for an [Company] iphone xr 6 4 gb carrier locked carrier subscription cricket wireless and i already have i already have an iphone i don't need this one all right okay [Title] can you please help me with your email address which is associated with the [Company] account i don't i don't use [Company] i don't like computers
186,scam,youtube_delex,"[Greetings], yes hi can i please speak with someone from [Company] hello hello hello hello yeah hi can you hear me yes can you hear me yes i can hear you how can i help you i need to open up a support ticket with [Company] okay what is the issue in reference to a blocked computer a blocked computer and when did this happen [Title] may i ask you not 10 minutes ago have you installed any application on your computer installed any products on your device what did you do i don't think so i was just i was just using it uh i i was just using it like i normally do checking my i wanted to make sure that my no problem but one of the checks that i deposited into my account cleared okay i got you no problems i can help you with that may i ask you okay i i i got it may i have your first and the last name please oh is my name uh how do you spell it out if you do not mind me asking that i would apologize for that and the last name is um my maiden name is but okay okay got it just a minute okay uh your phone number is correct sure is thank you so in case if i lose you there's no need to worry i can call you back okay if you lose me by any chance all right"
187,scam,youtube_delex,uh yes mom how can i help you hi i need to talk to somebody about my subscription please uh yes mom how can i help you in that well i my husband asked me to call you he's at the doctor's today um he he just printed out this email about um to support subscriptions okay um it says [Number] and then auto renewed so i'd like to um i'd like to talk to someone about that all right [Title] uh can you please tell me your email address well i don't know which email you sent it to he didn't print out that part just has your email on the phone number okay all right uh right now are you in front of your computer yes as a matter of fact i am okay uh so just have a look at the keyboard at the left hand side bottom of your keyboard can you see there is a [Product] key where is it ah just look at your keyboard at the left hand side bottom of your keyboard can you see there is a [Product] key it's having a four boxes or four flags printed on it yes
188,scam,youtube_delex,thank you for calling [Company] you're speaking with abel how may i help you uh yeah hello yeah how's yeah hi this is uh this is i'm calling about an email that i received earlier today uh may i know uh what it says [Title] yeah uh it says um due february 2nd [Number].99 uh [Company] incorporated powered by quickbooks we have received your order and it's your orders being auto renewed but uh i don't want this i didn't order this i think there's been some kind of mistake i think there's a mistake am i speaking with it's we're speaking with yes okay there must be an invoice that would be a invoice number would you give me that please uh yeah on the on the email it says please give me a moment i'm gonna check it okay okay thank you i can see over here that it's an order for [Company] total protection renewal it's a renewal of your previous year's order that's what i'm saying that's what i'm saying uh are you are you not using the software anymore
189,scam,youtube_delex,"with [Company] how can I help you I I need to speak to uh the I guess fraud department [Company] yes [Title] this is [Company] fraud prevention department how can I help you oh wow okay so I I got an email saying there was a 17,[Number] 90 wait oh 1,[Number] I mean that's still a lot though uh 1,[Number] order and this is fraud you did not prevent this fraud this is I did not place this order it has a an ugly looking Mouse for a computer I did not do this okay okay [Title] so do one thing first like uh confirm me the order ID okay so I'll be looking forward to this and I'll let you know and I I guess like you're a existing customer of [Company] right what like do you have an account with [Company] I don't I use I use my daughters sometimes but I don't have my own maybe that's okay do you think that's how it happened do one thing like confirm me the order ID of yours okay um okay the order ID it says uh where's the order ID hold on thank you for shopping with us do you see the order id"
190,scam,youtube_delex,"[Greetings], yes hello thanks for calling the customer support this is how can i help you hi i i think there might have been a mistake and i i need to talk to somebody from customer support yes you're talking to the customer support of [Company] tell me how can i help you [Title] it's now a bad time no [Title] tell me how can i help you oh it sounds like okay well i i got a um i got an email saying that i ordered an iphone 13 pro and but i it's going to wellington florida but i but i don't i didn't i didn't order an iphone and i don't live in florida i see [Title] we are very sorry for the inconvenience cost to you would you please help me out with the order id number hold on i printed it it says all right and [Title] is the when was the last time you remember using your [Company] account um i don't think i ever had an [Company] i've used my daughter's [Company] before but i never made one myself i'm not good i'm not good at the computers okay no problem so right now you're sleeping in front of your computer right now no"
191,scam,youtube_delex,thank you for calling [Company] they said i'm assisting you hey hey listen i i'm calling because i got a email from your associate i think it says sorry i've always been bad with names uh but anyway it says it says that i i have a several orders for ppe shields about covid something about covid 19 i don't know what the heck this is but i uh i don't think this is i think someone might have been placing orders for doctors or something um but under maybe with my name and now was asking me to pay for it so i don't know if you can okay all right uh so [Title] could there be a possibility that if you've been uh like you might have given the access to your [Company] account to someone else uh i don't i mean i don't even use i don't even use my own [Company] i use my i use my daughter-in-laws sometimes okay so i'm not sure i don't know if i it i don't know maybe it was a mistake i just wanted to call and double check because it says that i owe a bunch of money i don't want to get a bill i don't want to get a bill or anything
192,scam,youtube_delex,thanks for calling support this is how may i help you today uh hey can you sorry i'm sorry to bother you i i need to speak to somebody from the security department the technical security department please uh are you reached to the right person [Title] oh thank you i can help you out with that i was on hold for a while there um okay i i've i made a i made a mistake and i don't i don't i'm not really sure what i did i was i was i was trying to look something up for christmas and i i got this i was looking at my emails trying to figure out if there's going to be if the package is going to arrive on time because i i just found out that my grandkids are going to visit for christmas and i didn't buy them anything this year because normally i i visit them later never mind you don't care about that um so i i i was going on the fedex or whatever page to type in the package to see it to see if it was going to show up and the next thing i know there's this message saying that my computer is blocked well anyways that's when i started blasting and i figured i'd call you oh uh do not do not worry about that make sure that do not turn off your computer okay i just wanted to confirm your name before we go ahead so that i can assist you with that right
193,scam,youtube_delex,"[Greetings], hello yes [Title] can you hear me yeah can yeah i think i i just called a second ago uh hello yes can i please talk with the accounting department [Title] my name is this is the cancellation department of [Company] how can i help you today oh the cancellation department um is this who i need to talk to to cancel my payment yes yes yes yes right okay right now the present moment do you want to continue with that software you want to cancel it and get your refund back to you oh oh i don't want it um i don't even know what it is to be honest i think this could have been like i might have accidentally it might be yes yes so right now the present moment [Title] but can you please confirm me the invoice number um let me look for it it says okay now i want you to open up your [Company] chrome browser [Title] do hello what do you want me to do i just want you to minimize your email and open up your [Company] chrome browser [Title] oh okay i can do that sorry i think i can do that all right"
194,scam,youtube_delex,thank you for calling support you're speaking with how can i help you hi i'm i'm calling in regards to a little bit of a problem that i'm that i just got on my my computer i don't okay i don't know exactly what it is but but i was browsing the web and it said that access to my pc had been blocked okay not a problem [Title] we have to just diagnose your system and can you tell me one thing [Title] what was the last thing you were doing on a computer when you get the alert well i was trying to get some someone told me about a subscription box for crows called crow pro and i was trying to view their web page okay can you tell me another one thing [Title] they're like did you clicked on any type of link or any type of advertisement well i tried to buy their i tried to buy their two-month subscription plan but then this message appeared not a problem actually this can be an attempt of like in suspicious charges this can be an attempt of breach as well so we'll be just diagnosing your system okay [Title] be online please all right
195,scam,youtube_delex,"[Greetings], yeah hello can you hear me yeah can you hear me all right i'm sorry i uh sorry hello okay yeah i can hear you well it's very hard to hear you right now uh i need to speak to somebody in regards to an order okay what was that all can you tell me a order id number i want you to tell me your order ID your phone isn't really coming through right now i can barely understand what you're saying can you hear me [Title] is it better now you can hear me is it better oh yes now like now i understand what you're saying before it sounded like a walkie-talkie okay uh yeah because it was it was a head a headset yeah i checked so tell me what's your query now off like a herd of turtles huh okay well listen i won't take up your time here uh i know what's getting to be the end of the day but um no problem [Title] i i was going through my emails on the afternoon and i noticed a strange invoice from [Company] a strange invoice what do you mean by strange strange like i wasn't expecting this i don't think i bought this okay just tell me can you tell me the invoice number so i can see in my data"
196,scam,youtube_delex,thanks for getting connected with the [Company] support team my name is how may i help you hello there how are you i'm doing fine [Title] how are you great uh so i'm trying to figure out what what's going on with a email it says thanks for using nor [Company] life lock computer protection plan and it says your subscriptions been renewed and your card has been debited [Number].99 so i i didn't i don't think that i used that and there might be kind of a mistake are you familiar with this with this [Company] plan [Title] let me inform you yes it is for your anti-virus protection of your computer what is that and you have been renewed [Company] is an anti-virus software for your computer protection no i mean what is it like an anti-virus like an anti-viral [Title] go ahead it is a software that protects you from malicious software and ads and it it like protects your computer from all kind of viruses and junk files oh okay it doesn't let you enter it so that you when you search the internet is it good to have that your computer isn't safe [Title] it is up to you you already have it uh we have renewed it and an amount of
197,scam,youtube_delex,thanks for calling [Company] antivirus it's here how can assist you today hi i'm having some problems with my uh i guess [Company] subscription uh could you just help me out with the invoice number which you have received into your email yeah it is uh you know what i actually don't see oh never mind that's right is what is what I see right there I can see in my system the [Company] antivirus which was running into your computer the was expired on yesterday and today is the auto renewal date now the reason you have been got this confirmation email from our company so right now you want to enable the service and do you want to cancel it i don't no i don't want to renew it no thank you you want to cancel it right um i'd like yes i'd like to cancel it okay in order to cancel it you need to follow some small procedure from our company and the procedure is you need to pull up online cancellation form and you need to help any device like computer or a laptop so right now i do believe are you sitting in front of your computer or laptop right uh i guess i can yeah are you are you in front of your computer or laptop
198,scam,youtube_delex,"[Greetings], hello hello i'm sorry hello yes [Title] this is how can i help you yeah i got a call from this number about an internet internet thing uh yes yes we are calling you from the internet service provider [Title] and this is about the internet services which are not responding so can you just tell me like are you in front of the computer right now you're i'm sorry yeah i i can be in front of the what's wrong with uh internet internet so last night we had a technical failure on the main server from which you're getting the internet services so most of the services on your internet line right now not active so it means that you might be losing the internet connection if you do not go ahead and reactivate the services so this is the reason we are calling you and just go ahead and update the services back to normal so is it possible for you to be in front of the computer now it's my internet i've been using my internet all day all right it's not all the services like 60 percent of the services are not responding but there might be a possibility like all your services might get stopped so this is the reason we are calling you"
199,scam,youtube_delex,thank you for connecting with [Company] this is david how can you help me today uh hey david can i can i get connected to anybody who handles um like the accounting i guess it'd be the accounting department uh like we we are from the refund department just go ahead and tell me what happened so that i can help you with what department did you say you were with i didn't catch that we are from the refund department the banking department the banking department okay can you hear me okay all right you are connected with the banking department how can i help you um okay well i i just need somebody to to cancel an order i guess it went what went through for [Number] and all right 94 for xfinity actually which is okay actually uh can you can you please confirm your order id can you please confirm your order id number or the invoice number so that i can check on my system uh um all right thank you for confirming the invoice number uh like i can see in my system uh first of all i believe you know that not as a service provider who protects your computer from viruses and malicious files so the services was running on your computer but yesterday the services got expired and it has been auto renewed so that is the reason you have been charged for two years premium subscription plan from [Company] what's weird is that is the reason you have received the email because we have sent you the confirmation
200,scam,youtube_delex,thank you for calling [Company] how can I help you hey I need to speak with somebody who works in the accounting department please yes [Title] tell me how can I help you you're talking to from billing team maybe I can maybe I should repeat that I need to talk to somebody can you hear me hello yes I can help you perfectly fine [Title] yourself into the billing team right now how can I help somebody who works in the accounting or customer service department literally anyone who can help me would be fine okay sorry guys yes [Title] sorry that I'm upset I'm really stressed out today no you don't need to be upset [Title] I'm very stressed out just relax [Title] okay relax please well after the accident things haven't been going well just tell me what's the concern okay um there's um sorry about that sorry to hear that yeah well I probably shouldn't tell you about what happened yeah since you asked no that's okay
201,scam,youtube_delex,this is how can I help you yeah I got a call about you guys shutting down did everything going on or something about my computer having a like software support from you guys is that right correct you've just gotta call about that we are going to be shutting down due to this covid 19 as per the usfda has been instruct that we cannot run the operation at this point of time so we are just trying to be calling out of the people who have our subscription with them we are just trying to go ahead and initiate their refund for their particular subscription amount which you have paid with this covid 19 as we are not able to run our operation at this point of time even we are not sure when we can start again wow as you know the situation so today so you're saying that the FDA actually the FDA is shutting down your your business entirely like yeah because see basically we are working over the virtually we are working for the United Kingdom we're working for you as you're in the united states of America we're working for us in Australia and the European country as well so our service team is usually moving here and there to just give the services to our end customer
202,scam,youtube_delex,thank you for calling support how can i help you hi i need someone to help me with a problem i've been having you tell me what problem you're having yeah so i was trying to research something and on youtube and when i typed you space tube it um it took me to a page that said my computer had been blocked from the [Product] the [Company] it has your number on it all right so it's a laptop or it's a desktop yes it's a laptop or it's a computer miss yeah it is what it is laptop no it's a uh it's the desktop computer with the um it's a desktop computer yeah all right yeah so can you just see on your keyboard on the left bottom of your keyboard there will be a window key a key with the four boxes in it can be able to see that where on the left bottom of your keyboard uh there will be a key with the four boxes in it yep i see it you have to press that key along with the r key r as in romeo key at the same time okay wait the one on my computer or wait what are you talking about no on your keyboard miss on your keyboard there will be a window key a key with the four boxes in it correct sorry hello hello i think i see it on your keyboard there will be a window key you have to press that key along with the r key
203,scam,youtube_delex,"[Greetings], can you hear me hello hello [Title] how may i help you today hi i was yeah i got a i got a message on my computer i was talking to all right well i do apologize for that may i know what were you doing at the time when you got this message on the computer i was on something called wikipedia it's a i guess it's a new website where i got it i don't have to buy encyclopedias all of the things about it are right there and I want to know and i want to know for which purpose you use this computer for like for email facebook banking shopping [Company] i've done all of those things on this computer all of the above all right make sure one thing [Title] that you won't do any missile thing with the computer until we go ahead and fix it for you okay because if you do any missile thing it might be a possibility you want to end up by losing up the informations here on the computer now i want to know is that a laptop you have or a desktop you have it here yes yes it is all right now what you have to do here i want you to look at the keyboard carefully on the keyboard very left hand side down bottom corner there would be a [Product] key a four flag [Company] [Product] key can you see that uh where uh and where where was it exactly sorry on on the left on the on the on the left hand side down bottom corner there would be a four flag [Company] [Product] key can you see that yes"
204,scam,youtube_delex,thank you for getting connected with support it's here how may i help you hi hi i need to if you could hello oh hello hello hello yeah is this phone working thank you for getting connected with support I beg your pardon can you hear me yeah i can hear you right now oh i need to if you could transfer me to uh whoever deals with um uh the billing or accidental purchases please you want to be transferred to the billing department i don't i don't know why i have an email that says i'm being charged you know i don't want to be charged okay okay so i'm like what we got it like do you want to cancel the services and get a refund back i i don't know do you want your refund yeah i think i think so well it says my family mccafe plan yeah macafee yeah I've had the macafee before but it wasn't four hundred dollars okay so [Title] do you see the pandemic you know time has changed so yeah anyway so like i believe that you want uh your refund right i don't did you charge me already yes yeah it was an auto renewal and it was auto debited
205,scam,youtube_delex,"[Greetings], yes how may I help you um I'm I need to have a I need to talk to someone about a bill that I didn't pay oh yes [Title] like we are calling you today to let you know that your account will be Auto charged today [Number] for your computer maintenance subscription so you want to continue or you want to cancel it I I thought it was a bill that I forgot to pay I've been forgetting to pay a lot of bills lately so what is what is the amount do I owe you money or are you gonna are you gonna charge are you gonna charge me for it yeah we are going to charge you for that okay okay well I was I was calling because I wanted to make sure that I didn't forget if you thought okay okay so can you can you yeah can you be in front of your computer I can why because for the charge you need to be in front of the computer okay oh do I do I have to take a picture or something because of covid i heard that i might have to do that yeah I will help you and I will guide you don't worry okay okay"
206,scam,youtube_delex,thank you for calling the support desk of [Company] my name is how can I help you hey how are you I'm good [Title] how about you I'm doing I'm doing okay got a lot kind of got a lot going on I'm starting to I sold I sold my I sold my business and if I'm honest I don't know what to do with myself i understand I retired I retired a couple months back sold the business and now I'm sitting here with all this time on my hands and I I I I'm wondering if that was the right decision I understand that uh anyway it looks like I got an email from you guys saying that um I'm being charged for something okay uh do you have any reference number or any invoice number or any order number so that I can pick it up on my system [Title] uh hold on let me is there any way your phone you've got a tv on in the background that's very loud is there any way you could no [Title] that's not the TV the thing is those are my colleagues trying to help other customers that's the reason you're getting it
207,scam,youtube_delex,"[Greetings], hello hello well hi [Title] this is I just missed a call from this number you could not hear me how may I help you hello can you hear me yes hello can you hear me um are you with [Company] I'm calling about that's correct a problem that's correct um hold on just one second are you with [Company] yes this is uh helpline we provide support for [Company] products how can I help you [Title] oh I have somebody else helping me already so never mind thank you okay okay so I I was on the you know the internet and I I there was a message on the screen it was telling me that access to my computer was blocked and okay and for the life of me I can't figure out why because no I'm pretty sure I already paid my bill for the internet be I'm I'm 95 percent sure because I always pay the bill the day I get it I don't wait until the very end but it says my computer is blocked and I don't know why and uh would you mind reading out the exact notification you have on your computer please it it says app and finance track Dot dll threat detected Trojan spyware access to this PC has been blocked for security reasons and then to contact [Product] and if I click deny it doesn't do anything okay uh what exactly was the last activity you were trying to do on the computer [Title]"
208,scam,youtube_delex,thank you for calling [Company] this is how may I help you ah yes I I need to talk to somebody about my [Company] account please yes [Title] I'm going to help you tell me how may I help you yeah [Company] itself yes yes this is [Company] good I'm told there's a charge or some kind of mysterious charge okay there's some charge over there yes [Title] after that yes but I don't use my [Company] account anymore so it's quite strange for some reason you've put money someone has been able to get money from my account but I don't know how that's what I'm trying to find out okay okay so [Title] you're saying that the charge is there something like that but you're not able to see that what is the charges right correct no right false never mind what I'm saying is I got a voicemail saying someone purchased something on my account but I don't use my account anymore so it wasn't me I'm not sure what happened exactly that I have told you [Title] that I have told you that something has been charged over there but you are not the authorized person who charged that and you want to know the reason why giving the information to you right
209,scam,youtube_delex,you there yes I'm here who's speaking please yeah this is Tony I got an email saying you had a business opportunity you wanted to talk to me about yes that's interesting thank you for calling Mr uh where you follow from I'm calling from Louisville Kentucky uh who do I have the pleasure of speaking with yes this is you got an email from right hey what hey how are you you do it that was really curious to hear about your business proposal because I myself am a bit of a businessman oh okay that's nice that's very interesting um can you send me an email so I send you the details of the business the business opportunity I'd prefer to discuss the business opportunity over the phone you never know who's watching your emails if you know what I'm saying nobody's watching it's fine it's fine it's fine trust me always watching are you serious are you serious about that okay fine um I've got a [Number] million dollars investment opportunity and I need a partner to do that okay with me I could you said 15 million dollars somebody I could [Number] million dollars [Number] million oh lord god almighty yes that's a lot of dough yes right there yes good that's why I said you need to call send me an email and I'll get back to you with details so did you find it more interesting then we can talk about things what kind of opportunity is it
210,scam,youtube_delex,the cancellation department this is how may I assist you hi my husband I got your call yep voicemail [Title] what's going on okay uh do you have your personal computer is it at your place yeah we have a computer yes so the firewall protection for your computer has expired he's talking about a computer and um he's talking about our computer the box with the things the technology yeah yeah yes okay what's wrong with it okay the firewall there was a fireball protection which you were subscribed to which is expired now you have to pay [Number] to wish and continue the new updated version do you wish that or you want to cancel the subscription and get back your money oh I like free money let's get the money back yeah we'd like the money back please um okay if you like the money back I would request you to go to your computer you will be getting a form from us that is the cancellation and the refund form you just have to fill the refund form from there okay just let me know whenever you're there in front of your computer I'll be sending you the form right away all right
211,scam,youtube_delex,"[Greetings], yeah hello can you hear me yes [Title] a very good day to you yes I can hear you good day to you [Title] good day to you um I received a call um just a few minutes just a few minutes ago about an existing online maintenance program that you had for me uh [Title] yes I do believe that you have a home computer with internet connection and you do remember about the services which you took from our company for your computer well the computer is one thing but remembering is another thing I do have a computer sorry I said never mind keep keep going honey keep going okay [Title] okay all right I'm telling you [Title] I actually [Title] this time as this is an auto renewal contract okay for your computer for this lifetime protection of your computer you just have to pay one thousand five hundred dollars okay what but if you are not interested to renew this program I'm sorry you're telling me I have to pay fifteen hundred dollars for something if you want yes [Title] if you are interested to renew that because it's auto renewal contract if you're interested they will automatically renew this contract and what they will do they will charge you that is fifteen hundred dollars for Lifetime protection of your computer but if you are not interested to renew it you can do one thing you can fill out the live cancellation online form on your computer and you can cancel this contract"
212,scam,youtube_delex,welcome to customer support this is how can I help you hi i need to talk to somebody about an order that was placed uh for yeah let's see looks like [Number] um on [Company] okay uh [Title] I'm sorry for this inconvenience at first could you just give me that order confirmation number and your name so that I can go ahead and check it out from my end yeah yeah my name's or okay can I just okay go ahead uh I mean is what everyone calls me but is my full name okay and [Title] just uh give me that order confirmation number so that I can go ahead and yeah take it out from my nickname's uh and it says Forex machine 56 inches okay uh all right just hold on okay uh yes [Title] yes uh over here I can see that there's in charge for a Forex machine under your [Company] account what is that so if you did uh [Title] it's some money counting machine and someone making this order from Queens New York can you tell me did you know anyone from Queens New York
213,scam,youtube_delex,thank you for calling cancellation department this is how can I help you hi I'm I is ther anyone who can help me with hello yes [Title] I'm here go ahead oh is there someone who can help me with a strange invoice about a balance board waist twisting board yoga Fitness Pilates stability disc anti-skid training Balance gym board exercise workout equipment charge that I got for [Number].42 can you tell me the invoice number or the receipt ID number so we can check it out I don't know if you heard that the product is a balance board waist twisting board yoga Fitness Pilates stability anti-gravity disc anti-skid trading balance chipboard exercise workout equipment and it costs [Number].42 but I didn't buy it I understand can you tell me the invoice number or the order ID number can you tell me that yes the invoice is let me check it out thank you okay well [Title] actually we have received an order from your [Company] account and we have also found some suspicious activities from your account that someone tries to send money from your account to someone else account so that's why we have sent you this confirmation email to confirm it whether that was you or not okay
214,scam,youtube_delex,thanks for connecting with Ms service this is how can I help you today uh uh hi you said your name is is me there yeah you were speaking with here from Ms service well nice to meet you I just wanted to quick call and uh follow up on an invoice I received about a invoice for for MS Office okay you need any help about the services um yes all right no issue I'll go ahead and help you in that if you just look at the invoice you will see there is a order number or invoice number uh yeah let me pull up the email uh okay um and you can you confirm me the amount uh [Number].56 it says okay well it says oh all right okay your name's correct uh yes okay yeah you are here all right just give me a few moment oh actually I gave you the wrong invoice it's uh invoice is sorry uh can you go ahead one more time that's that's that's what it is let me dial it tell it in this is what we're looking at
215,scam,youtube_delex,thank you for calling [Company] this is how can I help you uh yes I need to speak with somebody who can help me with a uh a Trojan spyware please okay no problewm with that can you tell me what you were doing on the computer once you got that alert what was that what he was doing what was doing on that computer once you got that alert oh I was trying to figure out how to knit a sweater with cat fur oh okay can you tell me Miss it's your personal computer or it's your office computer yes all right can you read the alert for me what did you see I took it takes care of it it was very loud so I had to turn off the computer uh took a picture you just read that alert [Company] security Center um alright [Company] security Center app ads Finance crack Dot dll access to this PC is been blocked all right I got you can you hear me can you hold the line I had to set the phone down to read that alright I listend that can you hold the line so I can quickly go ahead and check it out each and everything from my side
216,scam,youtube_delex,thank you for calling [Company] this is how can I help you hi there uh thank you if you could please transfer me to anyone in the help desk who could help me cancel an order that would be greatly appreciated thank you I will help you are you in front of your computer I am yes okay can you give me five to ten minutes and I will give you a call back um God can you transfer me to someone else then I mean I really want to get this thing canceled I don't have a lot of time you know transferring someone else I will help you I will be I will go out and call you and I I don't want to just sit here and wait for 10 minutes just can't just transfer me to someone else in the help desk okay do one thing which browser do you use [Company] Chrome Firefox Safari yeah which browser I use [Company] open the [Company] Chrome all right now at the top on the [Company] Chrome something is written or is it blank it's just blank now type over there billing [Company] department.com uh hold on
217,scam,youtube_delex,"[Greetings], thanks for calling to helpline support how may I help you hello I'm calling because you guys sent me a message earlier today and I wasn't able to call you back in time yes [Title] you're yes oh yes [Title] you're right yes i am this call because of your computer subscription has been expired and today you are going to charge [Number] and if you don't want to charge [Title] you have to cancel the subscription because it's an automated renewed process okay so we are on a confirmation call like you are wanted to cancel the subscription or you want to continue with the charges what do you want charges i'm sorry did you say there's charges against me and I'm wanted right now no [Title] it's been automated renew process it came along with the computer without this to this protection computer is not able to operate you okay so we are on a confirmation call like today you want to cancel your subscription or you want to continue with the charges we will help you out in both cases what do you want [Title] just do let me know once how much money how much money do I owe you no no we will charge you [Number] dollars okay if you want to cancel we will get back your [Number] dollars if you want to renew the subscription you will be simply charge [Number] if you want to cancel you simply refund your money back to you"
218,scam,youtube_delex,you're speaking to how can I help you um hey hey there I'm calling calling to see if I can have some help with a it's called a [Company] security can you please tell me what exactly the message are you getting on your computer what exactly it says yeah yeah well it says that I have a [Company] security warning and that access to the PC has been blocked for security reasons and that your computer alerted us that it has been the infected with the Trojan spyware and then it says and what exactly you were doing at that point of time when you got okay what exactly you were doing at that point of time when you got this message well I was I was going on the web because I was looking up I wanted to look up a picture a video of uh maybe someone blowing up a balloon and then sitting out and popping it uh no worries let me go ahead and give you some set of instructions you just need to go ahead and follow it are you ready for that yes [Title] I want you to have a look on the keyboard on the extreme bottom do you see the [Product] key which is having four white boxes on it where is that are you looking on the keyboard
219,scam,youtube_delex,"[Greetings], oh yes hi [Title] this from [Company] Security how can I help you oh and yes you said your name was uh for me I couldn't hear you hello hello yes [Title] yes [Title] tell me yes you called me you called me oh I believe [Title] you have received the confirmation meet from our [Company] for auto deduction of the [Number] dollars for your computer antivirus yeah how did you know that are you because uh we just received a call from this number and I believe you are one of the legitimate customers so you have you have you saved in our records [Title] yes okay I thought for a moment nevermind yes yes that's what would you like to do that's why i was calling you that's why I was calling okay so what do you want to do [Title] do you want to confirm it or do you want to cancel it well I I'm not sure what the best choice is but I believe that I believe I believe that the answer is yes so you want to keep it right no no no no no no no I don't know oh you want to cancel it hold on I need to go to the right uh which I believe is canceling okay so have you got it uh yeah I just want to get the money back is what I'm saying I'd like to get another day okay you want to get the money back you want the refund right yes yes okay so do one thing [Title] you need to fill out the cancellation forms you need to be on the computer so I can help you out so kindly be on the computer at this moment okay I can do that um okay take your time okay"
220,scam,youtube_delex,thank you for calling [Company] this is how can I help you hi I'm calling um for customer service please um sorry [Title] how can I help you yeah uh could you transfer me to the customer service department for which customer service now uh well for the computer uh you are talking with I'm a [Title] from [Company] how can I help you oh oh okay so I I have your number on here because there's a okay well I don't I don't know exactly it's hard to it's hard to explain when when I was looking at this page I was reading something and I I remember I stopped and I looked at my phone because I had I set a timer there was a timer on my phone to remind me about the hard-boiled eggs and so I went into the kitchen uh huh it was almost like a dream when I when I went back to the computer I I clicked uh there was this it was a box about um what was it oh guarding it was about uh I'm trying to figure out it's about garden gnomes and I I went in there and it tell it's saying that I think I've done something wrong because the computer's blocked okay [Title]
221,scam,youtube_delex,thank you for calling support this is this is how may i help you hi hi I received an invoice from your company called the mm-hmm um I don't even know what the name of the company is can you just tell me the noun it says it's going to you're calling to [Company] support team uh zip code is [Number] in hello uh can you yes uh [Title] you are calling to [Company] support team uh do you have an order number oh yes the order number is okay and confirm with the amount for this order uh let's see oh it says rent to home composter naturally composts two pounds of food waste in 24 hours for seven hundred dollars which isn't that's a terrible that's actually a that's a really bad price for that you can pick up a bunch of worms you know they they'll eat their weight and food every 24 hours but I didn't order this I didn't uh I didn't order this but um that's fine no worries yeah just at home composter naturally compost who would buy this um I'm looking for me I can see here that somebody placed an order okay using
222,scam,youtube_delex,thank you for calling [Company] how can I help you yeah I'm calling about an an order a transaction for a some sort of device uh that I don't recognize now I don't have a [Company] okay and what was the charge that has been made um it was for a laser Pro monochrome check printer bundle okay Okay so in past few days did you receive any phone calls someone asking you your personal information like your debit card number credit card number or your banking information not not that I know of in past few days have you found something suspicious in any of your account I mean I haven't been looking for anything suspicious but I don't I didn't notice anything suspicious though okay do you have pen and paper with you yeah yes so first of all write it down my callback number okay go ahead yeah uh-huh there needs to be one more digit oh okay all right why are you giving me your personal number though I don't understand in any case [Title] as we can see under your name some people just created a [Company] account okay from two different locations
223,scam,youtube_delex,thank you for calling [Company] how can I help you today hi i'm calling about my own computer and it has a message on the screen that I ever seen before okay and I was trying to close out of it but I don't know how okay not a problem I'll help you out with that can you please let me know the computer which you are using is that a [Company] computer or the HP Lenovo Dell or what I believe it's a dell computer i think about four or five years old do one thing but we I got it at no it probably was Best Buy I think I don't know if it is important but oh there was another local computer store I have understood the problem I have understood the problem now look look listen at the bottom in the key in the uh in your screen you can see a [Product] like you can see something like type here to search can you see that where oh yes can you go to the [Company] you mean on the computer yeah open [Company] yeah on your computer I I know where the search is I think I'm pretty sure can you see the plus sign at the top can you see the plus sign at the top where at the top of your screen uh at uh nearby the URL box you can see plus sign can you see that
224,scam,youtube_delex,thank you for calling [Company] this is how can I help you can you transfer me to customer service please the invoice customer service yeah you are talking with please tell me how can I help you okay uh I I received an invoice from you that I believe that you may have sent uh by mistake and I'd like to um okay uh well I'd like to get that cancelled cancel it right yes okay don't worry [Title] I will surely help you out with the cancellation procedure okay so first of all can you please just let me know like are you in front of a computer right now yes okay so I do believe it's a [Product] computer of yours right uh I believe so okay so can you please open up a new tab so that I can help you in a better way um a new what a new tab on your [Company] Chrome right now you're in your email right yes so just open up a new tab okay so that I can help you in a better way oh okay hold on what's what's wrong I I just I want to cancel it I didn't I don't want this invoice that's what I'm trying to tell you [Title] um you just have to be in front of your computer so that I can help you in a better way
225,scam,youtube_delex,thank you for calling support this is how may I help you today yeah can you can you transfer me to the just technical support team my computer sure you're talking to [Company] technical support okay so I'm already in the right place great great uh I got yes a little bit of a little bit of a problem I don't know how to fix in that I was on the laptop doing the same thing I do every day okay and for some reason I it's telling me that access to the computer has been blocked due to security reasons and now that doesn't normally happen so I'm a little bit uh a little bit confused on this one okay I think the computer is up to date I gotta be honest I don't really know i'm not much of a computer guy so uh can you walk me through all right [Title] what to do of course I can do that [Title] I I would like to ask you first of all is it a laptop or a desktop huh oh its a laptop is it a laptop or a desktop yeah yes all right is it a laptop or a desktop yep
226,scam,youtube_delex,thank you for calling support how can I help you uh yeah i just got an email about being debited three three fifty for an auto renewable plan this was done without my permission that is for the security of the computer I did not approve this charge that is for the security completely illegal completely illegal charge that is for the security I did not approve that is that is for the security of the computer how can I help you with that it's for the security okay well I don't want it I didn't approve it I didn't pay for it can can you be on the computer so we can help you to cancel it can I do what now what do you want can you be on the computer so we can help you to cancel that I can try uh I don't know don't know hold on let me see if I can yeah once your computer is ready to use tell me I will guide you okay I got it I was on there earlier this is the problem the problem with the computer is the things so dang slow but I uh do I have to type nothing you just need to be on the normal screen do you want me to type cancel or I don't know on the computer [Title] you don't have to what can you what can you see on the computer right now just my oh your computers on what do you call the buttons the Square the different you know the thing is there your computers on your computer is on your computer is on yes [Title] have a look on the computer keyboard on the left hand bottom corner do you see control Ctrl
227,scam,youtube_delex,thank you for calling [Company] this is how may I help you today uh I need to speak with someone about a problem with my computer please okay right now you're talking with [Title] from [Company] my name is could you please tell me what were you doing on your computer when when you got this alert [Title] hey uh it's um yeah I'm calling about my [Company] oh okay sure so could you read out that alert for me what do you see on the screen [Title] so I can help you it well I got the [Product] on the computer and okay could you read it a while ago they because I use it I use the computer purely for my the the emails and all the messages okay and I went on to look for something because I was trying to look something up on on the web and then excuse me I was trying to look something up excuse me all right I got allergies uh I was trying to look something up about uh wedding and then I got this message okay so this is your personal computer
228,scam,youtube_delex,thank you for calling tech support this is can I help you today hey i need to be transferred to whatever Department it is it unblocks the computers it got blocked by accident okay and what do you see on your screen could you just read it to me please yeah uh well it's a message it says uh [Company] blocked my computer and disabled it for security reasons uh I I I think that could have been some kind of mistake though and I'd like to have it unblocked now let me tell you what now let me tell you now is this your personal computer or is it a work computer yeah oh personal okay now before you receive the security warning on your screen what are you doing in the last 48 hours [Title] did you try going into any particular website did you try to download anything last forty eight hours uh what was that today's Tuesday Monday Sunday uh how far back do you need me to go
229,scam,youtube_delex,thank you for calling [Company] please press one to talk with an [Title] your call will be recorded for training and monitoring purposes thank you thank you for calling [Company] this is how can I help you hi I'm calling [Company] because I have a problem with my product key okay oh oh yeah so you have received a pop-up from [Company] right yes I received an offical pop-up pop-up from [Company] and [Company] okay and is it asking for the product key correct yes what's the product code okay okay so first of all uh I'd just like to let you know [Title] uh in order to provide you with that uh product code what we have to do we have to connect you to our technical department all right I'm pretty sure you already took care of that but okay well how do I enter the what do I do what do I do I'll definitely guide you [Title] just give me a second okay
230,scam,youtube_delex,thank you for calling how may I help you hello yes hi [Title] yeah [Title] thank you for calling how may I help you hi how are you um I'm calling because I I have a strange well I have a strange question I suppose can you do me a favor and find out if I was charged money for a [Company] uh subscription I understand for that [Title] can you please confirm me the invoice number the order ID number um yes okay just let me check uh yes [Title] I can see that you have ordered [Company] for four years and the amount is [Number].99 right um yes okay so you have already charged [Title] so what do you want you want to cancel the order you want to use your money back or you want to continue with the order uh say that again I can see that you have charge for [Number].99 okay you have been charged [Number].99 so what do you want sorry it's just your kind of quiet uh so did you did you go ahead and subtract the money from me already have I already been charged yes yes yes yes yes yes I can fix the problem no problem so can you please confirm me that are you sure that you have not ordered anything yes because I don't I don't do a lot with my computer and so this is personal home subscription for [Company] and okay I don't want that
231,scam,youtube_delex,"[Greetings], yeah hello hello yes hello uh yeah hi this is V-Tech how may I help you sorry what was your name I didn't understand what you said my name is from V-Tech how may I help you [Title] your phone is so quiet I can hardly can you hear me now yeah hello yeah I'm called I'm calling because you left a message for me I I left a message I'm very busy right now I I already missed I already missed it very important appointment this morning and it is can you please explain to me why you're charging me [Number] [Title] we are going to charge you for your computer's entire wireless subscription okay so you want to cancel the subscription or you want to keep the subscription you just say me uh is it important sorry uh do you do I need it on my computer because if I don't need it I'm trying to get rid of Earthly things I don't I don't like to keep too much I'm very I live a very simple life I know that [Title] so you want to uncharge your payment and name your refund actually what happened that the money got deducted which is [Number] okay and this is the confirmation call to the customers security subscription which is in the computer or they would like to cancel it out so you said that you don't want to keep it right so you're gonna cancel"
232,scam,youtube_delex,Thank you for calling [Company] this is how can I help you uh Hey I need to speak with a representative who can help me with an invoice that I'm receiving about uh or I guess it's not even an invoice so are you calling to get it's a payment are you calling to get more information or you are calling to cancel your service [Title] huh I said are you calling to get more information or you are calling to cancel your service oh I'm calling to cancel sorry I thought you said am I calling to get your information I was thinking no I'm not no no no no I I sorry [Title] I'm calling because it says that I bought [Company] [Number] for [Number] and I don't want it sorry okay so you are calling to cancel that uh subscription correct yes okay now let me just accept your request for the cancellation please help me out with your invoice number [Title] okay you ready just open that email what we sent to you yeah the email invoice number you said is yeah invoice number [Title] what you eating I got pretzels it's now please allow me a moment let me just look you up thank you
233,scam,youtube_delex,thank you for calling this is how can I help you hey we got a voicemail hello yes go ahead oh sorry I thought I heard something back there my husband and I were just we're just checking our voicemails and we got a quote from you saying saying that there was something going on with there's like some kind of charge that you're doing is that right some kind of Judge if I may hi this is we have you on speaker phone it says something about how it was going to renew if I remember correctly yeah something like that okay now let me explain okay yeah that's fine we are from cancellation and refund department okay okay so do you remember you made a payment to our company its a five year pass and you got a subscription from our company five year subscription and you've taken some anti-hacking protection on your computer and you paid us [Number] for that do you remember that when was it exactly it would have been sometime last year I assume so in [Number] oh [Number]. Oh gosh I don't remember that far back my husband can't even remember what he had for breakfast
234,scam,youtube_delex,Thank you for calling [Company] this is how can I help you uh hey hey it is uh is there is in there I beg you pardon yeah is there oh yes [Title] how can I help you yeah I'm saying is is there is available yes [Title] how can I help you you have called us back right yeah our phone got disconnected due to some bad reception yeah can you transfer me to right now is like a busy with another customer so how can I help you okay well we he had been talking to me about a security breach and everything um all right I'll guide you so first of all can you please tell me that open your Ultra Viewer okay okay what's that and you but do you see any application like AnyDesk Ultra Viewer on your computer uh he was telling he was telling me about a security uh security breach yeah I don't know I'm telling you that right now what an ultra view is right now all right now can you please tell me that what do you see on it is it he had me and saw something called AnyDesk AnyDesks is it all right just open AnyDesk okay now just to do one thing press the [Product] and the r key okay that one now what do you see you have to press both the key at the same time it says run
235,scam,youtube_delex,customer support this is how am I assist you today yeah hey I'm calling about a message I just got on my computer maybe five minutes ago uh tells me to call [Product] [Company] customer support about a security warning so your device is not working right now right yeah I know it's no yeah uh it's I can't use it all right so you're trying to log in your device but it's not working right correct all right what it what can you see on your screen so please tell me so I can be help you out wait sorry repeat the can you I'm sorry can you repeat the the what you said I'm saying what can you see on your screen [Title] please tell me so I can be troubleshoot this problem yeah it's um I was on the internet trying to look something up you know nothing too out of the ordinary and I clicked the I clicked the link and it says that access to the PC has been blocked for security reasons all right could you please allow me to take access off your screen to troubleshoot this problem sure be my guest
236,scam,youtube_delex,thank you for calling support team you're speaking with how can I help you hello do you hear me hello can you hear me can you hear me anybody there can you hear me is someone there I can hear you okay good I wasn't sure I was talking to you the whole time but I is this is this Canon printer you speaking to Canon assistance how many assist you today [Title] great great well I I need help I need assistance regarding what you won't believe this but my Canon printer I would definitely help you to get it resolved may I know what problem is coming to you if you try to do it well the the trouble is now when I try to print on there I I just can't my granddaughter she made this beautiful drawing for me and I can't figure how to print it my printer worked before too so and if you try to print out and if you try to print out what happens next it says um there was an error connecting to the printer and then I tried to go online to fix it and on your website it told me that there was an issue with the drivers so I I don't know I don't know what to do okay I mean can I can I know the model of your printer what model is that um it's a Canon I don't remember
237,scam,youtube_delex,my name is how may I help you hi I got a call from you all right what exactly they told you it sounded like I'm getting a refund all right so let me tell you [Title] the call which you have got that was a refund call from the refund department okay because yeah due to some technical issue we are no longer in the business so we will not able to provide the services onto your computer so according to government law and compliance policy we have to refund that money to you whatever amount you paid for your computer service okay so you do remember how much money you paid for your computer service or I have to check you know I'm not sure if I remember or not uh probably a couple hundred dollars hello so just a second hold on one second honey hello bye okay go ahead I thought I was getting another phone call all right so now you paid [Number] for your computer security service right you paid [Number] which you you will going to receive it all right so now what we will do we will just help you how you will get it all right so what you have to do right now so you are giving me a refund then yes absolutely [Title] as I told you before we are run out yeah we are run out the business so according to government we have to refund that money to you as soon as possible I so what you have to do right now you have to fill up a refund application which will be generated by the refund server itself
238,scam,youtube_delex,thank you for calling [Product] accounts team how may I help you today hi I need to talk to the uh who whoever it would be that manages the accounts like the the people I'm the maanger of the accounts team who are like I guess I don't know what it would be called oh okay okay let me tell you [Title] yes yes uh this is you called This is a [Product] service center accounts team the [Company] help desk accounts team and you reach to us because you want to cancel the service contract or you want to continue yeah okay well good to meet you um yeah you you guys left I what I think was an automated call on my phone and um can I'm trying to understand what's going on with with all this okay let me tell you [Title] uh you took a service for your computer right a while ago yeah a while ago right right on that point of time you made a service contract with us and that service contract is going to be over on today's date and for your new service contract you are going to get charged okay so that you contacted okay okay so you contact so you contacted with us right now because I think you pressed one that's why you contacted with the accounts team and in that message it says that yeah in that message it says that if you want to cancel it you can press one to contact with uh the support team so do you want to continue it or you want to cancel it what do you want
239,scam,youtube_delex,"[Greetings], hello hello hi am I speaking with yes this is how are you yes how are you [Title] thank you so much asking I'm good [Title] good good good uh this is yes this is where you have reached [Company] and this is for your help regarding your printer and this call has been recorded for quality purposes oh good I'll record this call too for sure and what's your name again [Title] It Is it's spelled this Oh I thought you were talking about a donkey for a second and I was going to say good good Heavens all right well could you talk a little bit louder please for sure [Title] for sure am I audible to you now yeah and is your last name uh by chance or I'm really sorry my last name what's what's your last name on [Title] by s and if you will pronounce it it is okay okay you were telling that you are not able to print from few days as well as you're not able to do it over the computer as well right first of all uh could you please help me with the model number for the printer as well as the model of your compter as well oh well I have a a Dell computer a Dell okay okay is is it a laptop or is it is it in desktop"
240,scam,youtube_delex,"[Greetings], hello hi this is oh hey how are you I'm doing fine and you I'm doing I'm doing so well uh thank you for taking my call hey hey do you have any puppies that are still available yes we have male and female rottweiler puppies what male and female rottweiler puppies oh my God they're so cute yeah yeah they're lovely yeah um okay yeah cuz I've been calling a bunch of like local breeders and none of them are available so I was like well let me shop around or whatever and see what else I can find are a lot of people like calling you about the the the dogs right now because of like Covid and everything yeah yeah we are we are breeders and presently we have puppies available we have males we have females for more information of puppies you can check on our website Mm-hmm yeah do you have our website do you have any other information about the puppies other than their like you just need to trust could you could you say anything other than the sex of the puppies like about how big are they okay they are three months old they are vetted"
241,scam,youtube_delex,thank you for calling support this is how can I help you hello can you hear me can can you yeah I can hear you you can hear me yeah I can hear you hi um I received this a message popup message on my computer telling me that I need to contact this number because access to this PC has been blocked for security reasons to see what is going on here all right I will surely help you out can you just let me know what do you see on your computer screen can you read that yeah it says uh [Company] system warning [Product] key code is not valid and seems pirated threat detected banking Trojan um all files and online accounts may be banned permanently [Company] support called this number basically your number there and then there's an error code and then says get help or dismissed and it's all in a window in a blue window actually
242,scam,youtube_delex,thank you for calling support you're speaking to how can I help you um hello um I'm calling because I'm getting a message on my computer that says my computer's blocked for security reasons Oh Well [Title] your voice is breaking up could you please repeat that again okay on my screen in my browser there's a message it says [Company] security Center access to this computer is blocked for security reasons and it says to contact [Company] support okay what is the last activity that you're running on that laptop um I was just trying to look up um stencils for for dresses um I'm going to try to pick up sewing okay
243,nonscam,zhi_template,"[Greetings], this is [Company] Utilities. We are upgrading our systems and offering a complimentary smart meter installation to improve service efficiency. Can we schedule a visit to your home this week? The appointment takes around 20 minutes, and there is no cost involved."
244,nonscam,zhi_template,"[Greetings], this is [Company] Pharmacy. Your prescription for [Product] is up for a refill. Would you like us to auto-renew it or arrange a pickup? We also noticed you are eligible for a discount on your next purchase—shall we apply it?"
245,nonscam,zhi_template,"[Greetings], this is [Company] Medical Clinic. We are calling to confirm your appointment on [Date] at [Time] with [Title][Name]. If you need assistance with transportation or rescheduling, let us know—We are happy to help."
246,nonscam,zhi_template,"[Greetings], this is [Company] Retail. Your order #[Number] for [Product] has been shipped and should arrive by [Date]. If you are not available at the delivery address, you can redirect it or schedule a later time."
247,nonscam,zhi_template,"[Greetings], this is [Company] Bank. We are calling to verify recent transactions on your account ending in [Number]. It is a routine security check—no action is required unless something looks unusual. Would you like to set up transaction alerts for better tracking?"
248,nonscam,zhi_template,"[Greetings], this is [Company] Library. Your borrowed book “[Product]” is due soon. You can return it at any branch or extend the due date online. We also have new arrivals in your preferred genre—would you like a recommendation?"
249,nonscam,zhi_template,"[Greetings], this is [Company] Auto Service. Your vehicle is due for scheduled maintenance. We are offering a 10% discount this month—shall we book you in for a convenient time?"
250,nonscam,zhi_template,"[Greetings], this is [Company] School. We are reminding you about the upcoming parent-teacher meeting on [Date]. Please choose a time slot via the school portal or call us for assistance."
251,nonscam,zhi_template,"[Greetings], this is [Company] Airlines. Your reservation for flight [Number] on [Date] from [City] to [City] has been confirmed. Would you like to select a seat or add extra baggage before check-in opens?"
252,nonscam,zhi_template,"[Greetings], this is [Company] Solutions. Thank you for applying for the [Title] position. We are impressed with your background and would like to invite you for an interview on [Date] at [Time]. Would you prefer a virtual or in-person meeting?"
253,nonscam,zhi_template,"[Greetings], this is [Company] Dental Care. We are reminding you that your routine dental cleaning is due. Would you like to book an appointment with [Title][Name] sometime next week? Evening slots are available."
254,nonscam,zhi_template,"[Greetings], this is [Company] Tech Support. We noticed a software update is pending on your device. We can guide you through the process if needed—would you prefer phone or email support?"
255,nonscam,zhi_template,"[Greetings], this is [Company] Vet Clinic. We are checking in on [Name]'s annual check-up. We also have new wellness packages available for pets—shall we email the details to you?"
256,nonscam,zhi_template,"[Greetings], this is [Company] Courier Services. A parcel addressed to [Name] will be delivered today between 3:00–5:00 PM. Would you like us to leave it at your doorstep if you are unavailable?"
257,nonscam,zhi_template,"[Greetings], this is [Company] University Admissions. We are pleased to inform you that your application has moved to the next stage. Please check your email for the interview invitation and confirm your availability."
258,nonscam,zhi_template,"[Greetings], this is [Company] Travel Desk. You had shown interest in the [Product] travel package. We have a promotion running until [Date]. Would you like us to hold a spot for you?"
259,nonscam,zhi_template,"[Greetings], this is [Company] Wellness Centre. Your fitness class with [Title][Name] is scheduled for tomorrow at 7:00 AM. Please bring your ID and arrive 10 minutes early to check in."
260,nonscam,zhi_template,"[Greetings], this is [Company] Insurance. Your policy renewal is approaching. Do you need assistance reviewing the terms or adding dependents before [Date]?"
261,nonscam,zhi_template,"[Greetings], this is [Company] HR Department. Your onboarding session is scheduled for [Date] at [Time]. Please bring your identification documents and signed offer letter."
262,nonscam,zhi_template,"[Greetings], this is [Company] Bookstore. Your pre-order for “[Product]” is ready for pickup. Would you like us to reserve a copy under your name until [Date]?"
263,nonscam,zhi_template,"[Greetings], this is [Company] Internet Services. We are performing maintenance in your area on [Date] from [Time]. Services may be briefly interrupted. Thank you for your understanding."
264,nonscam,zhi_template,"[Greetings], this is [Company] Housing Services. We are following up on your maintenance request. Our technician will arrive on [Date] between [Time] to inspect the issue."
265,nonscam,zhi_template,"[Greetings], this is [Company] Streaming Support. We noticed you are having playback issues on your [Product]. Would you like us to walk you through resetting your device?"
266,nonscam,zhi_template,"[Greetings], this is [Company] Mobile Network. A new SIM card upgrade is available at no cost. You can collect it from any outlet or request delivery. Would you prefer home service?"
267,nonscam,zhi_template,"[Greetings], this is [Company] Events Team. You RSVP would for our webinar on “[Product] Trends in 2025.” Just a reminder—it begins on [Date] at [Time]. Need a calendar invite?"
268,nonscam,zhi_template,"[Greetings], this is [Company] Gym. We have noticed you have not checked in recently. We are offering a 2-week fitness reactivation promo. Shall we reserve your spot in the next yoga class?"
269,nonscam,zhi_template,"[Greetings], this is [Company] Billing Department. Your invoice for [Product] has been generated and is due by [Date]. Would you like a digital copy sent via email?"
270,nonscam,zhi_template,"[Greetings], this is [Company] Alumni Relations. We are organizing a virtual reunion for the class of [Year]. Would you like to participate and reconnect with [Name] and other classmates?"
271,nonscam,zhi_template,"[Greetings], this is [Company] HR. We would like your feedback on your recent internal training on “[Product].” Your insights help improve our programs. The survey link is in your inbox."
272,nonscam,zhi_template,"[Greetings], this is [Company] Catering Services. We are confirming the menu for your event on [Date]. Would you like to finalize the guest count or make any last-minute changes?"
273,nonscam,zhi_template,"[Greetings], this is [Company] Airlines. Your flight reservation for flight [Number] on [Date] is confirmed. Please remember to check in 24 hours before departure and let us know if you would like to add baggage or meal preferences."
274,nonscam,zhi_template,"[Greetings], this is [Company] Clinic. Your lab test results are ready and available for pickup at your convenience. You may also request digital copies if you would prefer online access."
275,nonscam,zhi_template,"[Greetings], this is [Company] Delivery Services. Your grocery order will be delivered tomorrow between 2:00 PM and 4:00 PM. Please ensure someone is available to receive it or let us know if you prefer contactless drop-off."
276,nonscam,zhi_template,"[Greetings], this is [Company] Appliance Services. Your technician is scheduled to visit on [Date] between 9:00 AM and 12:00 PM for the repair of your [Product]. If you need to reschedule, just give us a call."
277,nonscam,zhi_template,"[Greetings], this is [Company] Bank. We are reaching out to verify a recent online transaction of [Money]. Did you authorize this payment? If not, we can temporarily block your card and investigate further."
278,nonscam,zhi_template,"[Greetings], this is [Company] Music Academy. Just a reminder—your piano lesson is scheduled for [Date] at 5:30 PM with [Title][Name]. Please arrive 10 minutes early for warm-up."
279,nonscam,zhi_template,"[Greetings], this is [Company] Technical Support. We have received your service request for your [Product]. Would you be available on [Date] at 2:00 PM for a remote troubleshooting session?"
280,nonscam,zhi_template,"[Greetings], this is [Company] Landscaping Services. Your garden maintenance visit is confirmed for [Date]. Our team will arrive between 8:00 AM and 10:00 AM. Please ensure access to the yard."
281,nonscam,zhi_template,"[Greetings], this is [Company] Veterinary Clinic. Your pet’s annual check-up is due. Would [Date] at 11:00 AM work for you? We will also perform a quick dental and vaccination review."
282,nonscam,zhi_template,"[Greetings], this is [Company] Museum. We are pleased to invite you to the opening of our exclusive art exhibit on [Date]. Free entry is available for members—reserve early to secure your spot."
283,nonscam,zhi_template,"[Greetings], this is [Company] Scholarship Committee. Congratulations! You have been awarded a scholarship based on your academic excellence. Please check your email for next steps and verification documents."
284,nonscam,zhi_template,"[Greetings], this is [Company] Bank. We are currently offering a limited-time interest rate reduction on home loans. Would you like to speak with our loan officer to explore this opportunity?"
285,nonscam,zhi_template,"[Greetings], this is [Company] Cinema. Just a reminder—your ticket reservation for “[Product]” on [Date] at 7:30 PM is confirmed. Arrive 15 minutes early to enjoy our pre-show offers."
286,nonscam,zhi_template,"[Greetings], this is [Company] Restaurant. Your table for four is reserved for [Date] at 6:00 PM. Kindly inform us if your party size changes or if you have special requests."
287,nonscam,zhi_template,"[Greetings], this is [Company] Fitness Centre. We are offering you a complimentary personal training session. Would you prefer mornings or evenings this week? Our trainer will tailor the session to your goals."
288,nonscam,zhi_template,"[Greetings], this is [Company] Energy Solutions. We are following up on your solar panel inquiry. We would love to walk you through our packages—how about a call on [Date] at your preferred time?"
289,nonscam,zhi_template,"[Greetings], this is [Company] Courier Services. Your package will be delivered on [Date] between 10:00 AM and 2:00 PM. Please ensure someone is present to sign."
290,nonscam,zhi_template,"[Greetings], this is [Company] Publishing. Your [Product] subscription is set to expire soon. Would you like to renew for another year and enjoy a 15% loyalty discount?"
291,nonscam,zhi_template,"[Greetings], this is [Company] Hotel. We are delighted to confirm your deluxe room reservation from [Date] to [Date]. Do let us know if you have any special requests ahead of your stay."
292,nonscam,zhi_template,"[Greetings], this is [Company] Dental Clinic. Your routine dental cleaning is scheduled for [Date] at 9:30 AM. If you are experiencing any discomfort, we can include a brief consultation as well."
293,nonscam,zhi_template,"[Greetings], this is [Company] Support. We are calling to assist you with the issue reported on your [Product]. Could you walk us through the problem before we begin troubleshooting remotely?"
294,nonscam,zhi_template,"[Greetings], this is [Company] Spa & Wellness. We are offering an exclusive deal on our relaxation package this week. It includes a 60-minute massage and a free herbal tea session. Interested in booking?"
295,nonscam,zhi_template,"[Greetings], this is [Company] Cleaning Services. We are offering a discounted deep-cleaning session for your home. When would be a convenient time for our team to visit and refresh your living space?"
296,nonscam,zhi_template,"[Greetings], this is [Company] Cafe. We would love to invite you to our upcoming live music night on [Date]. There will be local artists, food specials, and cozy vibes. Will you be joining us?"
297,nonscam,zhi_template,"[Greetings], this is [Company] Explorers Club. We are organizing a guided nature hike on [Date], complete with birdwatching and a picnic break. Interested in signing up for a refreshing day outdoors?"
298,nonscam,zhi_template,"[Greetings], this is [Company] Art Gallery. Your submitted artwork is now ready for pickup. Please collect it by [Date]. If needed, we can also assist with professional framing options."
299,nonscam,zhi_template,"[Greetings], this is [Company] Learning Centre. We are offering a free trial class for our upcoming [Product] preparation course. Would you like to register or speak to one of our academic advisors?"
300,nonscam,zhi_template,"[Greetings], this is [Company] Insurance. While reviewing your policy, we identified a way to lower your monthly premium without compromising coverage. Shall we discuss the update options?"
301,nonscam,zhi_template,"[Greetings], this is [Company] Bakeshop. We are now taking orders for customized cakes. Let us know your preferred flavour, theme, and the date of your celebration—we will oversee the rest!"
302,nonscam,zhi_template,"[Greetings], this is [Company] Pet Store. Our annual adoption event is on [Date], and We are looking for volunteers and adopters alike. Would you like to help out or find a furry companion?"
303,nonscam,zhi_template,"[Greetings], this is [Company] Fitness Centre. We are launching a brand-new class—“[Product]”—on [Date], and you are invited for a free trial. Ready to move and groove with us?"
304,nonscam,zhi_template,"[Greetings], this is [Company] Nursery. We are offering a 20% discount on all indoor plants this week. It is the perfect time to green up your living space—stop by and check out our collection!"
305,nonscam,zhi_template,"[Greetings], this is [Company] Electronics. Our latest [Product] is now available with exclusive features and a launch-time offer. Would you like to upgrade your current device today?"
306,nonscam,zhi_template,"[Greetings], this is [Company] Restaurant. We are introducing a new seasonal menu and would love you to be among the first to try it. Can we reserve a table for you on [Date]?"
307,nonscam,zhi_template,"[Greetings], this is [Company] Financial Advisors. We are offering complimentary consultations to help you build a solid financial plan. When would be a good time for a 30-minute session?"
308,nonscam,zhi_template,"[Greetings], this is [Company] Parks Department. Join us for our community picnic on [Date]! There will be games, local food vendors, and family-friendly fun all day long."
309,nonscam,zhi_template,"[Greetings], this is [Company] Foundation. We are organizing a charity run on [Date] to raise funds for children's education. Would you like to run, volunteer, or help us spread the word?"
310,nonscam,zhi_template,"[Greetings], this is [Company] Vacation Rentals. We have a cozy cottage available for the weekend of [Date]–[Date]. Would you like to book it for a relaxing getaway?"
311,nonscam,zhi_template,"[Greetings], this is [Company] Coaching. We are hosting a workshop on stress management and mindfulness on [Date]. Reserve your spot now to learn calming techniques for daily life."
312,nonscam,zhi_template,"[Greetings], this is [Company] Music School. We are enrolling for our beginner piano class starting [Date]. Would you or someone you know be interested in developing a new musical skill?"
313,nonscam,zhi_template,"[Greetings], this is [Company] Travel. We are offering a unique opportunity to join an archaeological expedition to a recently uncovered site. Fascinated by history? Let us talk details!"
314,nonscam,zhi_template,"[Greetings], this is [Company] Comedy Club. We are hosting a stand-up comedy workshop for beginners. Ever thought of giving comedy a shot on stage? Come try it in a supportive environment."
315,nonscam,zhi_template,"[Greetings], this is [Company] Observatory. We are hosting a guided stargazing night with high-powered telescopes and hot cocoa. Want to explore the cosmos with us on [Date]?"
316,nonscam,zhi_template,"[Greetings], this is [Company] Games. We are setting up a live-action escape room in a real historical mansion—can you and your team solve the puzzles before time runs out?"
317,nonscam,zhi_template,"[Greetings], this is [Company] Floral Studio. We are offering a creative class in floral arrangement. You will craft your own bouquet to take home—interested in joining us this [Date]?"
318,nonscam,zhi_template,"[Greetings], this is [Company] Culinary Tours. We are planning a gourmet food journey through a hidden gem of a region. Ready to indulge in authentic flavours and cultural bites?"
319,nonscam,zhi_template,"[Greetings], this is [Company] Foundation. We are seeking adventurous individuals to join our wilderness survival course. Want to learn fire-building, shelter-making, and more in nature?"
320,nonscam,zhi_template,"[Greetings], this is [Company] Music Studios. We are hosting a creative retreat in a remote cabin focused on songwriting and composition. Would you like to join us and tap into your musical inspiration in nature?"
321,nonscam,zhi_template,"[Greetings], this is [Company] Antiques. We have just added a rare collection of vintage typewriters to our shop. Are you a collector or enthusiast interested in owning a timeless piece of history?"
322,nonscam,zhi_template,"[Greetings], this is [Company] Wellness Retreats. We are organizing a silent meditation retreat set in a peaceful forest. Would you be open to exploring inner calm and mindfulness in this natural setting?"
323,nonscam,zhi_template,"[Greetings], this is [Name] from the [Company] courier service. We have received your delivery request to [Location]. Could you kindly confirm the dimensions and weight of the package before we schedule it?"
324,nonscam,zhi_template,"[Greetings], this is [Name] from the [Company] courier service. We noticed a delivery attempt was missed at your address. Could you please share your tracking number so we can arrange a new drop-off?"
325,nonscam,zhi_template,"[Greetings], this is [Name] from [Company] Delivery. You received a notification but are not sure about the item. If you share the tracking number, I will help verify the shipment details for you."
326,nonscam,zhi_template,"[Greetings], this is [Name] from [Company] Logistics. You are looking to ship a package internationally. Could you let us know the destination country and estimated weight so we can assist with rates and timelines?"
327,nonscam,zhi_template,"[Greetings], this is [Name] from [Company] Courier Services. You mentioned that your recent package arrived with damage. Can you share the tracking number so we can begin an investigation and file a report?"
328,nonscam,zhi_template,"[Greetings], this is [Title][Name] from the local police department. You reported finding a lost wallet. Could you describe its appearance and location so we can assist in returning it to the rightful owner?"
329,nonscam,zhi_template,"[Greetings], this is [Title][Name] from the police department. You reported witnessing a minor road accident. Could you provide more details such as the time, place, and any involved vehicles or individuals?"
330,nonscam,zhi_template,"[Greetings], this is [Title][Name] from the police station. We received your report about a stolen bicycle. Can you describe the bike and let us know when and where it was last seen?"
331,nonscam,zhi_template,"[Greetings], this is [Title][Name] from [Company] Police Department. You reported suspicious activity in your area. Could you describe the individual and their location so we can follow up appropriately?"
332,nonscam,zhi_template,"[Greetings], this is [Title][Name] from [Company] Police Services. You mentioned your car was broken into. Could you confirm the location and time of the incident so we can file the report?"
333,nonscam,zhi_template,"[Greetings], this is [Name] from [Company] Courier Services. You called about the delivery time for your package. Please provide your tracking number so I can check the status and estimated arrival."
334,nonscam,zhi_template,"[Greetings], this is [Name] from [Company] Shipping Department. You requested to change your delivery address. Can you confirm your tracking number and let me know the updated address details?"
335,nonscam,zhi_template,"[Greetings], this is [Name] from [Company] Delivery Services. You mentioned not receiving a package marked as delivered. Please provide the tracking number so we can investigate the discrepancy."
336,nonscam,zhi_template,"[Greetings], this is [Name] from [Company] Logistics. You would like to schedule a pickup for a return item. Can you provide the tracking number and preferred date so we can confirm the appointment?"
337,nonscam,zhi_template,"[Greetings], this is [Name] from [Company] Courier Support. Your package is delayed in transit. Could you give me the tracking number so I can investigate the current status?"
338,nonscam,zhi_template,"[Greetings], this is [Title][Name] from the police department. You witnessed a hit-and-run accident. Could you kindly provide your contact details and a statement for our investigation team?"
339,nonscam,zhi_template,"[Greetings], this is [Title][Name] from [Company] Police Station. You reported a case of online fraud. Could you please share all the relevant information and your location so we can assist?"
340,nonscam,zhi_template,"[Greetings], this is [Title][Name] from [Company] Clinic. We have your medical test results ready. Could you drop by tomorrow to discuss them with the doctor? We will ensure privacy during your visit."
341,nonscam,zhi_template,"[Greetings], this is [Company] Clinic. Your appointment with [Title][Name] had to be rescheduled due to unforeseen circumstances. Could we book a new slot for some time next week?"
342,nonscam,zhi_template,"[Greetings], this is [Title][Name] from [Company] Hospital Pharmacy. Your prescription is ready for collection. Could you confirm the time you will be stopping by? We can also arrange delivery if needed."
343,nonscam,zhi_template,"[Greetings], this is [Company] Medical Centre. You had a question about your medication dosage. Could you please provide your prescription ID so we can reference it correctly?"
344,nonscam,zhi_template,"[Greetings], this is [Name] from [Company] Medical Records. We received your request for vaccination documentation. Can you verify your date of birth for us to locate your record accurately?"
345,nonscam,zhi_template,"[Greetings], this is [Name] from [Company] Bank. We have noticed some irregular activity on your account. Could you confirm the recent transactions for us to ensure everything is secure?"
346,nonscam,zhi_template,"[Greetings], this is [Name] from [Company] Credit Services. You reported an incorrect charge on your account. Could you share the transaction date and amount so we can investigate it further?"
347,nonscam,zhi_template,"[Greetings], this is [Name] from [Company] Insurance. You requested clarification about your current policy coverage. Could you provide your policy number for accurate reference?"
348,nonscam,zhi_template,"[Greetings], this is [Name] from [Company] Mortgage Department. You recently inquired about your loan application status. Could you confirm your reference number so we can check the system?"
349,nonscam,zhi_template,"[Greetings], this is [Name] from [Company] Investments. You reached out about concerns regarding your portfolio. Could you provide your account number for us to access your file securely?"
350,nonscam,zhi_template,"[Greetings], this is [Name] from [Company] HR. You applied for the [Title] position. Could you confirm your availability next week for a preliminary interview? We would like to proceed."
351,nonscam,zhi_template,"[Greetings], this is [Name] from [Company] Recruitment. You applied for the [Title] role. Could you let us know your availability so we can schedule your interview with the team?"
352,nonscam,zhi_template,"[Greetings], this is [Name] from [Company] Human Resources. You have been shortlisted for the [Title] position. Could you share your preferred date and time for the interview?"
353,nonscam,zhi_template,"[Greetings], this is [Name] from [Company] Talent Acquisition. You expressed interest in our [Title] vacancy. We are ready to schedule your interview—What is your availability?"
354,nonscam,zhi_template,"[Greetings], this is [Name] from [Company] Careers. We received your application for the [Title] position. Are you available for a 30-minute preliminary interview this week?"
355,nonscam,zhi_template,"[Greetings], this is [Company] Online Store Customer Service. You had a question about your recent order. Could you share your order number so we can check the status for you?"
356,nonscam,zhi_template,"[Greetings], this is [Company] Software Support. You reported a problem with your licensed software. Could you confirm your license key for verification and troubleshooting?"
357,nonscam,zhi_template,"[Greetings], this is [Company] Streaming Service Support. You contacted us about a billing issue. Could you provide your account email so we can access your subscription details?"
358,nonscam,zhi_template,"[Greetings], this is [Company] Bank Support. You experienced a problem using online banking. Could you confirm your username and briefly describe the issue you are facing?"
359,nonscam,zhi_template,"[Greetings], this is [Company] Social Network Help Desk. You are having trouble accessing your account. Can you provide your registered email address for us to begin the recovery process?"
360,nonscam,zhi_template,"[Greetings], this is [Name] from [Company] Travel Agency. You requested information about our vacation packages. Could you share your preferred travel dates and destinations?"
361,nonscam,zhi_template,"[Greetings], this is [Name] from [Company] Utilities. You contacted us regarding your recent water bill. Can you confirm your billing address so we can verify the account in question?"
362,nonscam,zhi_template,"[Greetings], this is [Name] from [Company] Online Academy. You expressed interest in our [Product] course. Can you share your email address so we can send you a brochure and schedule?"
363,nonscam,zhi_template,"[Greetings], this is [Name] from [Company] School. You showed interest in our preschool program. Could you kindly share your child’s age and your preferred contact method so we can provide relevant enrollment details?"
364,nonscam,zhi_template,"[Greetings], this is [Name] from [Company] University Advisors. You had some questions about our admissions process. Could you please confirm the specific program or faculty you are interested in?"
365,nonscam,zhi_template,"[Greetings], this is [Name] from [Company] Gas Services. You reached out about an issue with your bill. Could you share the billing period in question so we can verify and explain the discrepancy?"
366,nonscam,zhi_template,"[Greetings], this is [Name] from [Company] Energy Services. We received your inquiry about your latest electricity bill. Could you provide your account number so we can pull up your details and assist further?"
367,nonscam,zhi_template,"[Greetings], this is [Name] from [Company] Airlines. You recently booked a flight and asked about baggage allowances. Could you provide your booking reference so we can confirm the details for your trip?"
368,nonscam,zhi_template,"[Greetings], this is [Name] from [Company] Resorts. You are planning a stay with us. Could you share your preferred check-in and check-out dates so we can check availability and rates for your booking?"
369,nonscam,zhi_template,"[Greetings], everyone! Welcome to the new group space. Let us connect, collaborate, and share interesting ideas. Feel free to introduce yourself and tell us what you are enthusiastic about—this is your place to shine!"
370,nonscam,zhi_template,"[Greetings], team! Let us tackle this chemistry assignment together. Feel free to drop your ideas, useful links, or progress updates here. Looking forward to collaborating and making this a success!"
371,nonscam,zhi_template,"[Greetings], everyone! Welcome to our Hangout group—a fun place to plan meetups, share cool events, or just chat. Got any favourite hangout spots or ideas? Let us get the conversation rolling!"
372,nonscam,zhi_template,"[Greetings], colleagues! This is our workspace for the [Project Name] initiative. Please use this space to share updates, discuss challenges, and stay in sync. Introduce yourself and tell us your role—Let us work together smoothly."
373,nonscam,zhi_template,"[Greetings], this is [Name] from [Company] School. You expressed interest in our preschool program. Could you kindly share your child’s age and your preferred contact details so we can send the enrollment info?"
374,nonscam,zhi_template,"[Greetings], this is [Name] from [Company] University Advisors. You had a few questions about our admissions requirements. Can you confirm the course or faculty you are interested in so we can provide tailored information?"
375,nonscam,zhi_template,"[Greetings], this is [Name] from [Company] Gas Services. You mentioned a discrepancy in your gas bill. Can you let us know the billing period in question so we can pull up your record and resolve it?"
376,nonscam,zhi_template,"[Greetings], this is [Name] from [Company] Energy Services. You had a query about your recent electricity bill. Kindly share your account number so we can assist you further."
377,nonscam,zhi_template,"[Greetings], this is [Name] from [Company] Airlines. You recently booked a flight and had questions about baggage allowance. Could you provide your booking reference so we can verify the details?"
378,nonscam,zhi_template,"[Greetings], this is [Name] from [Company] Resorts. You are planning a stay with us. Could you confirm your check-in and check-out dates so we can finalize your booking?"
379,nonscam,zhi_template,"[Greetings], this is [Name] from [Company] Medical Clinic. Just confirming your appointment with Dr. [Name] on [Day] at 10:00 AM. Please arrive a few minutes early if possible."
380,nonscam,zhi_template,"[Greetings], this is [Name] from [Company] Utility Services. We noticed a discrepancy in your recent bill. Would now be a good time to review the details together?"
381,nonscam,zhi_template,"[Greetings], this is [Name] from [Company] Bank. I am calling to update you about your current account balance. Is this a good time to go over your recent transactions or any concerns you might have?"
382,nonscam,zhi_template,"[Greetings], this is [Company] Finance Services. We are conducting a routine account update. Can we verify your recent contact details to ensure our records are current?"
383,nonscam,zhi_template,"[Greetings], this is [Company] Internet Services. We are offering new router upgrades for existing users. Would you be interested in a faster, more secure setup?"
384,nonscam,zhi_template,"[Greetings], this is [Company] Events Team. We are hosting a local community clean-up this weekend. Would you be open to volunteering or helping us spread the word?"
385,nonscam,zhi_template,"[Greetings], this is [Company] Healthcare Services. We are updating patient contact info for health alerts. Could you confirm your preferred phone number or email address?"
386,nonscam,zhi_template,"[Greetings], this is [Company] HR Team. Thank you for your recent application. We would like to schedule a formal interview to discuss the [Title] position. Are you available next week?"
387,nonscam,zhi_template,"[Greetings], this is [Company] Government Services. We are reviewing previous applications for accuracy. If you would like to update your information, you can do so online or by visiting our office."
388,nonscam,zhi_template,"[Greetings], this is [Company] Delivery. Your order #[Number] has been shipped and is expected to arrive by [Date]. Please reach out if you have any delivery concerns."
389,nonscam,zhi_template,"[Greetings], this is [Company] Courier Services. Your parcel #[Number] is ready for pickup. If you require redelivery or need to update your address, contact our support centre."
390,nonscam,zhi_template,"[Greetings], this is [Company] Electronics. We are offering bundle discounts this week on selected items. Would you like us to email you the promotion details?"
391,nonscam,zhi_template,"[Greetings], this is [Company] Bank Customer Support. We are calling to confirm a few recent changes to your account preferences. Is now a good time to walk through them together?"
392,nonscam,zhi_template,"[Greetings], this is [Name] from [Company] Tech Solutions. We noticed that your software subscription is due for renewal next month. Would you like to go over your current plan and explore available upgrades?"
393,nonscam,zhi_template,"[Greetings], this is [Name] from [Company] Pet Clinic. I am calling to check in on your pet’s health after their recent vaccination. Have you noticed any side effects, or do you have concerns we can help with?"
394,nonscam,zhi_template,"[Greetings], this is [Name] from [Company] Car Dealership. I am reaching out to let you know about our new inventory, including the latest electric vehicles. Would you be interested in scheduling a test drive?"
395,nonscam,zhi_template,"[Greetings], this is [Name] from [Company] Pharmacy. Your prescription refill is ready for pickup. Would you like to stop by today or should we hold it for you until a later time?"
396,nonscam,zhi_template,"[Greetings], this is [Name] from [Company] Investments. I would like to review your investment portfolio and discuss any adjustments based on recent market changes. Can we schedule a meeting to go over the details?"
397,nonscam,zhi_template,"[Greetings], this is [Name] from [Company] Fitness Centre. Just a reminder that your personal training session is scheduled for [Date] at [Time]. Let us know if you need to reschedule or have questions about your plan."
398,nonscam,zhi_template,"[Greetings], this is [Name] from [Company] Realty. A new property has just become available that matches your preferences. Would you like to schedule a viewing or go over the listing details?"
399,nonscam,zhi_template,"[Greetings], this is [Name] from [Company] Insurance Agency. Your car insurance policy is due for renewal next month. Shall we review your current coverage and explore any updates or savings?"
400,nonscam,zhi_template,"[Greetings], this is [Name] from [Company] Life Insurance. I am calling to check that your policy still meets your family’s financial needs. Can we arrange a quick review this week?"
401,nonscam,zhi_template,"[Greetings], this is [Name] from [Company] Auto Insurance. We have launched a new roadside assistance add-on for your policy. Would you like more details about how it works and how to enroll?"
402,nonscam,zhi_template,"[Greetings], this is [Name] from [Company] General Insurance. We are offering a comprehensive home insurance plan that protects both your property and belongings. Would you like more information about your options?"
403,nonscam,zhi_template,"[Greetings], this is [Name] from [Company] Life Insurance. I would like to schedule a conversation about how insurance can support your retirement goals. What day works best for you?"
404,nonscam,zhi_template,"[Greetings], this is [Name] from [Company] Motorcycle Insurance. Just a reminder—your current policy is due for renewal next month. Let us review your coverage and make any necessary adjustments."
405,nonscam,zhi_template,"[Greetings], this is [Name] from [Company] Health Insurance. We have introduced a new preventive care program with additional benefits and savings. Would you like to hear more about it?"
406,nonscam,zhi_template,"[Greetings], this is [Name] from [Company] General Insurance. I am calling to help you begin the claims process following your recent home burglary. Let us go over What is covered and What is needed for submission."
407,nonscam,zhi_template,"[Greetings], this is [Name] from [Company] Travel Insurance. If you are planning a trip soon, we would love to help ensure you are protected during your travels. Would you like to review your options together?"
408,nonscam,zhi_template,"[Greetings], this is [Name] from [Company] Auto Insurance. We have introduced a telematics program that rewards safe driving with reduced premiums. Are you interested in enrolling?"
409,nonscam,zhi_template,"[Greetings], this is [Name] from [Company] Dental Clinic. This is a reminder of your upcoming dental check-up on [Date] at [Time]. Would you like to confirm or reschedule your appointment?"
410,nonscam,zhi_template,"[Greetings], this is [Title][Name]’s office calling to confirm your surgery scheduled for [Date] at [Time]. Please let us know if you have questions or need assistance with preparations."
411,nonscam,zhi_template,"[Greetings], this is Dr. [Name]’s office calling to confirm your scheduled surgery appointment for [Date] at [Time]. Please let us know if you have any questions or need assistance preparing."
412,nonscam,zhi_template,"[Greetings], this is [Name] from [Company] Medical Center. We are reaching out to remind you of your annual physical examination scheduled for [Date]. Let us know if you need help preparing or have any questions."
413,nonscam,zhi_template,"[Greetings], this is [Name] from [Company] Eye Clinic. I am calling to confirm your routine eye examination on [Day] at [Time]. If you need to reschedule or have any concerns, feel free to contact us."
414,nonscam,zhi_template,"[Greetings], this is Dr. [Name]’s office calling to remind you of your follow-up appointment related to your recent surgery. Please attend as scheduled to ensure proper post-operative care."
415,nonscam,zhi_template,"[Greetings], this is [Name] from [Company] Rehabilitation Center. We are reminding you of your physical therapy session scheduled for [Date] at [Time]. Your consistent participation is vital to your recovery."
416,nonscam,zhi_template,"[Greetings], this is [Name] from [Company] Living Clinic. I am calling to confirm your upcoming appointment with our nutritionist to discuss your dietary plan. Let us know if you need to reschedule."
417,nonscam,zhi_template,"[Greetings], this is Dr. [Name]’s office calling to remind you of your dermatology appointment on [Day] at [Time]. If you have any questions before the visit, feel free to reach out."
418,nonscam,zhi_template,"[Greetings], this is [Name] from [Company] OrthoCare. We are reminding you of your orthopedic consultation scheduled for [Day] at [Time]. Please bring any medical records or scans for review."
419,nonscam,zhi_template,"[Greetings], this is [Name] from [Company] Cardiology Clinic. We are confirming your cardiac stress test scheduled for [Day] at [Time]. Let us know if you are experiencing any symptoms or concerns."
420,nonscam,zhi_template,"[Greetings], this is [Name] from [Company] Realty. A new property listing has come up in your preferred area. Would you like to schedule a viewing or learn more?"
421,nonscam,zhi_template,"[Greetings], this is [Name] from [Company] Travel Agency. I am reaching out to help with your vacation planning. Do you have destinations in mind, or would you like some suggestions?"
422,nonscam,zhi_template,"[Greetings], this is [Name] from [Company] Grocery Services. We have received a fresh shipment of organic produce. Would you like to place an order for fruits and vegetables this week?"
423,nonscam,zhi_template,"[Greetings], this is [Name] from [Company] Technology Solutions. I am following up on your recent inquiry about our software services. Do you have further questions or need a live demo?"
424,nonscam,zhi_template,"[Greetings], this is [Name] from [Company] Spa Retreat. We are offering a limited-time promotion on our relaxation package. Would you like to book a session for yourself or someone special?"
425,nonscam,zhi_template,"[Greetings], this is [Name] from [Company] Pet Supplies. Our latest pet food products are now in stock. Is there something specific you need for your pet? We would be happy to assist."
426,nonscam,zhi_template,"[Greetings], this is [Name] from [Company] Cleaners. Your dry-cleaning order is ready for pickup. You can collect it anytime during our operating hours. Let us know if you need extended hold."
427,nonscam,zhi_template,"[Greetings], this is [Name] from [Company] Law Firm. I am calling to follow up on your legal consultation inquiry. Would you like to schedule a time to discuss your case further?"
428,nonscam,zhi_template,"[Greetings], this is [Name] from [Company] Home Decor. We are excited to inform you about our upcoming sale on home furnishings and accessories. Would you be interested in browsing the latest deals?"
429,nonscam,zhi_template,"[Greetings], this is [Name] from [Company] Fitness Center. This is a reminder about your gym membership renewal. We have added new classes and amenities—would you like to continue your membership?"
430,nonscam,zhi_template,"[Greetings], just wanted to check in and catch up! How is work going with that big project? Also, have you seen that new movie yet? I was thinking we could watch it this weekend if you are free. Oh—and I finally booked that Europe trip I kept mentioning! What is new with you?"
431,nonscam,zhi_template,"[Greetings], this is [Name]. I just wanted to check in and see how things are going with your new job. Settling in okay? Let us catch up soon—I miss our coffee chats."
432,nonscam,zhi_template,"[Greetings], It is [Name]. I have been meaning to ask—are you still planning that [Product] trip? I might have a few tips from when I went last year. Want to chat about it?"
433,nonscam,zhi_template,"[Greetings], this is [Name] from your neighborhood group. We are organizing a small get-together this [Date] at [Time]. Would you and your family like to join? It is just a potluck and some games."
434,nonscam,zhi_template,"[Greetings], It is [Name]. Just calling to say I was thinking of you. How is everything been lately? I would love to catch up and hear all your updates."
435,nonscam,zhi_template,"[Greetings], this is [Name]. I heard your [Title] presentation went great—congrats! Want to celebrate with a movie night this weekend?"
436,nonscam,zhi_template,"[Greetings], this is [Name]. I know things have been busy lately, but I would love to reconnect. Are you free for a walk or a call this [Date]?"
437,nonscam,zhi_template,"[Greetings], It is [Name]. I found that book you mentioned a while ago—“[Product]”—at [Company] Bookstore. Should I grab a copy for you too?"
438,nonscam,zhi_template,"[Greetings], this is [Name]. I just got back from [City], and I have so much to tell you! Want to catch up over a call tonight?"
439,nonscam,zhi_template,"[Greetings], It is [Name]. I wanted to let you know the team appreciated your help last week. We are planning a casual dinner on [Date]—can you make it?"
440,nonscam,zhi_template,"[Greetings], this is [Name]. Just a quick reminder about our game night at [Location] this [Day] at [Time]. Bring snacks if you would like—we have got the cards ready!"
441,nonscam,zhi_template,"[Greetings], It is [Name]. I saw the announcement about your [Title] award—huge congrats! We should do something fun to celebrate soon."
442,nonscam,zhi_template,"[Greetings], this is [Name]. Have you seen the news about [Product]? Thought of you instantly—It is exactly what you were looking for. Want to talk about it?"
443,nonscam,zhi_template,"[Greetings], this is [Name] from [Company] Volunteer Network. We are planning a beach clean-up on [Date]. Would you be interested in joining us? We would love to have you there."
444,nonscam,zhi_template,"[Greetings], It is [Name]. I am planning a surprise for [Name]’s birthday and could really use your help. Can I call you later to coordinate details?"
445,nonscam,zhi_template,"[Greetings], this is [Name]. Just got the photos from our last outing—want me to send them over? Also, are we still on for brunch this weekend?"
446,nonscam,zhi_template,"[Greetings], It is [Name]. I just started a new hobby—[Product] crafting. Have you tried it? Would love to exchange ideas or do a session together."
447,nonscam,zhi_template,"[Greetings], this is [Name]. Hope your week’s been good. I have been trying to unwind with fewer screens. You up for a phone chat sometime soon?"
448,nonscam,zhi_template,"[Greetings], It is [Name]. Just wanted to say thank you for always being there. You have really helped me through some things lately. Let us catch up properly soon."
449,nonscam,zhi_template,"[Greetings], this is [Name]. I know you are a huge fan of [Product]—there is a special event coming up at [Company] on [Date]. Want to go together?"
450,nonscam,zhi_template,"[Greetings], It is [Name]. I just wanted to let you know I am here if you need someone to talk to. No pressure—just checking in to say I care."
451,nonscam,zhi_template,"[Greetings], this is [Name]. Just wanted to wish you good luck on your exam tomorrow! I know you have been working really hard, and I am sure you will do great. Give me a call after—I would love to hear how it went."
452,nonscam,zhi_template,"[Greetings], It is [Name]. I am heading to [Company] Mall this afternoon and thought I would check if you needed anything. I remember you mentioned looking for [Product] last week. Want me to look out for it?"
453,nonscam,zhi_template,"[Greetings], this is [Name]. We are having a small barbecue this [Date] at [Time] with a few close friends. Nothing fancy, just good food, and fun vibes. Would love for you to come by and bring something if you would like."
454,nonscam,zhi_template,"[Greetings], It is [Name]. Just a quick reminder about your dentist appointment with [Title][Name] on [Date] at [Time]. Let me know if you want me to drive you or keep you company—happy to help."
455,nonscam,zhi_template,"[Greetings], this is [Name]. I have been looking into trying out [Product] as a hobby, and I remember you mentioned it once. Would you be interested in giving it a shot with me sometime? Could be a fun weekend activity."
456,nonscam,zhi_template,"[Greetings], It is [Name]. I am organizing a virtual movie night for this [Date], and We are planning to stream something light and fun. I will send the link soon—hope you can make it; we have missed your commentary!"
457,nonscam,zhi_template,"[Greetings], this is [Name]. Congrats on the move to [City]! I know moving can be overwhelming, so if you need help unpacking or just want some company while settling in, I would be glad to swing by."
458,nonscam,zhi_template,"[Greetings], It is [Name]. Just confirming if We are still on for that catch-up call this evening. I will be free after [Time], and I would love to hear all about how things are going on your end."
459,nonscam,zhi_template,"[Greetings], this is [Name]. Just wanted to say thank you again for the thoughtful gift you gave me. It really made my day and reminded me of how much I appreciate our friendship. Let us catch up soon."
460,nonscam,zhi_template,"[Greetings], this is [Name] from [Company] Community Center. You have successfully registered for the workshop on [Date] at [Time]. If you have any dietary restrictions or accessibility needs, feel free to let us know ahead of time."
461,nonscam,zhi_template,"[Greetings], this is [Name]. I just got my results from the [Product] course I took, and I am pretty happy with how it turned out. Thought I would share it with you since you encouraged me to enroll in the first place."
462,nonscam,zhi_template,"[Greetings], this is [Name]. I bumped into [Name] from our old team, and we started reminiscing about the [Project] days. We were thinking of planning a mini reunion—are you in?"
463,nonscam,zhi_template,"[Greetings], It is [Name]. I am throwing a surprise birthday party for [Name] on [Date], and We are hoping to get all the old crew back together. Can I count you in to help out with the planning or just to show up?"
464,nonscam,zhi_template,"[Greetings], this is [Name] from [Company] Pet Clinic. Just doing a quick follow-up to check how your pet is doing post-visit. If there are any side effects or behaviour changes, feel free to let us know—We are here to help."
465,nonscam,zhi_template,"[Greetings], this is [Name]. I noticed you left your [Product] at my place the other day. Want me to drop it off or should I hold onto it until we meet next week?"
466,nonscam,zhi_template,"[Greetings], this is [Name]. Just reminding you that We are doing a quick group call tonight about the [Product] project. It will only take about 30 minutes—we will cover the next steps and responsibilities."
467,nonscam,zhi_template,"[Greetings], this is [Name]. Are we still good for our meetup at [Location] this Saturday? Let us confirm a time so I can make the reservation if needed."
468,nonscam,zhi_template,"[Greetings], this is [Name]. I finally tried out the [Product] recipe you sent, and it turned out better than I expected. We should definitely have a food night where we both cook something fun."
469,nonscam,zhi_template,"[Greetings], this is [Name]. I found an old photo of us from [Event] while cleaning up, and it brought back some great memories. Want me to send it over? We can recreate it one day."
470,nonscam,zhi_template,"[Greetings], It is [Name]. Just checking in—how is your week going so far? Let us catch up before the weekend hits, over a short call or a walk."
471,nonscam,zhi_template,"[Greetings], this is [Name]. I heard you are giving a talk at the [Title] conference next week—congratulations! I would love to attend or hear how it goes afterward."
472,nonscam,zhi_template,"[Greetings], It is [Name]. I saw your post about your promotion—congratulations! Let us celebrate with a dinner or drinks this weekend if you are free."
473,nonscam,zhi_template,"[Greetings], this is [Name]. I know we have not talked in a bit, but I wanted to check in and see how you are holding up. Always here if you need anything—do not hesitate to call."
474,nonscam,zhi_template,"[Greetings], this is [Name]. Just touching base about our meetup at [Location] this weekend. Still good for [Time]? Let me know if anything changes."
475,nonscam,zhi_template,"[Greetings], it is [Name]. Something hilarious happened at work today that I just had to share with you. Give me a quick call when you have time—I promise it is worth it."
476,nonscam,zhi_template,"[Greetings], this is [Name]. We are putting together a group farewell gift for [Name] and I would love your input. Any ideas for what we could get?"
477,nonscam,zhi_template,"[Greetings], this is [Name] from [Company] Counselling Services. Just confirming your upcoming session on [Date] at [Time]. If anything is changed, feel free to reach out and we can reschedule."
478,nonscam,zhi_template,"[Greetings], this is [Name]. I compiled the photos from our last hike into a shared album. Want me to send you the link? Some of them turned out great."
479,nonscam,zhi_template,"[Greetings], It is [Name]. I will be near your area tomorrow and thought it would be great to catch up over lunch or coffee. Let me know what time works for you."
480,nonscam,zhi_template,"[Greetings], this is [Name]. I just wanted to wish you a joyful [Occasion]! Hope you are able to relax and enjoy it with the people you care about."
481,nonscam,zhi_template,"[Greetings], this is [Name]. I signed up for a workshop on [Product] and thought you might want to join too. It is happening on [Date] and looks really fun."
482,nonscam,zhi_template,"[Greetings], It is [Name]. I saw your review on the [Company] site and was glad to see it went well. Want to tell me more about it over a quick call?"
483,nonscam,zhi_template,"[Greetings], this is [Name]. I found something at [Company] that I think you would really like. Want to hop on a call and I will send you the details?"
484,nonscam,zhi_template,"[Greetings], this is [Name]. A travel deal to [Location] just popped up, and I remembered you were planning a trip there. Want to coordinate dates and go together?"
485,nonscam,zhi_template,"[Greetings], this is [Name]. Just a reminder that our book club meet is next week—have you had the chance to read the last few chapters yet? Should be a good discussion."
486,nonscam,zhi_template,"[Greetings], It is [Name]. How did your appointment at [Company] go? I would love to catch up and hear all about it."
487,nonscam,zhi_template,"[Greetings], this is [Name]. Still good for our walk tomorrow evening? Let us confirm a time—I could use the fresh air and some company."
488,nonscam,zhi_template,"[Greetings], this is [Name]. I know things have been heavy lately and I just wanted to check in. No pressure—just wanted to remind you I am here if you need to talk."
489,nonscam,zhi_template,"[Greetings], this is [Name]. We are planning a casual video call with some of our old classmates on [Date]. It has been forever—hope you can join!"
490,nonscam,zhi_template,"[Greetings], It is [Name]. I came across the playlist you made for our road trip a while back—it still slaps! Want to make a new one for the next time we hang out?"
491,nonscam,zhi_template,"[Greetings], this is [Name]. I wanted to confirm our catch-up call for [Date] at [Time]. It has been a while since we talked, and I would love to hear all about your recent adventures. Let me know if you would like to reschedule."
492,nonscam,zhi_template,"[Greetings], this is [Name]. I just finished reading the book you recommended, and I enjoyed it a lot. I thought we could discuss some of the key parts over a call sometime. Would you be available this weekend?"
493,nonscam,zhi_template,"[Greetings], this is [Name] from [Company] Community Center. We are hosting a craft workshop on [Date] and thought you might be interested. It will be beginner-friendly, and all materials will be provided. Would you like us to reserve a spot for you?"
494,nonscam,zhi_template,"[Greetings], this is [Name]. I hope your week has been going well. I found an event happening at [Location] on [Date] that matches your interests. Would you be interested in going together?"
495,nonscam,zhi_template,"[Greetings], this is [Name]. I just wanted to say thank you for being such a supportive friend. Your advice last week really helped me with a difficult situation. I would love to talk more about it if you are free later today."
496,nonscam,zhi_template,"[Greetings], this is [Name]. I saw a new [Product] released by [Company] and immediately thought of you. I know you have been looking for something similar. Want to check it out together?"
497,nonscam,zhi_template,"[Greetings], this is [Name]. I finally tried that recipe you shared last month. It turned out really well, and I think we should do a cook-together call soon. Let me know when you are free."
498,nonscam,zhi_template,"[Greetings], this is [Name]. I came across a local art exhibit happening this weekend at [Location]. I thought it might be something you would enjoy. Would you like to go together?"
499,nonscam,zhi_template,"[Greetings], this is [Name]. I wanted to check in on how your new job is going. Starting a new role can be overwhelming, and I just wanted you to know I am here to talk if you need to. Let us catch up soon."
500,nonscam,zhi_template,"[Greetings], this is [Name]. I just got back from [Location], and I have so much to tell you. The scenery was beautiful, and I tried a lot of local food. Let us have a call soon so I can share more details."
501,nonscam,zhi_template,"[Greetings], this is [Name]. I heard from [Name] that you might be moving soon. That is exciting news. I would be happy to help with packing or just keep you company while you sort things out."
502,nonscam,zhi_template,"[Greetings], this is [Name]. I know we have both been busy lately, but I wanted to reconnect. We could schedule a call and catch up over the weekend. I miss talking with you."
503,nonscam,zhi_template,"[Greetings], this is [Name]. I saw an online event about [Product] that I thought might interest you. It is happening on [Date], and it is free to join. Would you like me to send you the link?"
504,nonscam,zhi_template,"[Greetings], this is [Name]. I hope everything is going well with your studies. I remember you mentioned a big project due this week. Let me know if you need someone to proofread or bounce ideas with."
505,nonscam,zhi_template,"[Greetings], this is [Name]. I was organizing my photos and came across some great ones from our last trip to [Location]. It brought back a lot of fun memories. I will send them to you and we can plan another trip soon."
506,nonscam,zhi_template,"[Greetings], this is [Name]. I just wanted to check in and see how things have been going at home. I know you have had a lot on your plate lately. Let me know if you want to talk or need a distraction."
507,nonscam,zhi_template,"[Greetings], this is [Name]. I am helping organize a charity walk at [Location] on [Date] for a local cause. It would mean a lot to have you join us. Let me know if you are interested."
508,nonscam,zhi_template,"[Greetings], this is [Name]. I finally tried out the new gym at [Company] Fitness and it is fantastic. You should come with me sometime this week. The classes are very engaging."
509,nonscam,zhi_template,"[Greetings], this is [Name]. I saw that [Company] is hiring for a role that fits your skills. I thought of you immediately and wanted to share the job post. Let me know if you would like help with your application."
510,nonscam,zhi_template,"[Greetings], this is [Name]. I am hosting a small board game night this [Date] at [Time]. It will be a relaxed evening with snacks and laughs. Would you like to join us?"
511,nonscam,zhi_template,"[Greetings], this is [Name]. I remember you mentioned wanting to learn a new language. I found a great beginner course starting next week at [Company] Learning Center. Want to join me?"
512,nonscam,zhi_template,"[Greetings], this is [Name]. I watched that documentary on [Product] you told me about. It was very eye-opening, and I would love to discuss it with you. Let us schedule a time to chat."
513,nonscam,zhi_template,"[Greetings], this is [Name]. I am organizing a surprise appreciation call for [Name] this weekend. It would be great to have you join and share a few kind words. Let me know if you are available."
514,nonscam,zhi_template,"[Greetings], this is [Name]. I found a nice trail for hiking just outside [City]. It looks like a great weekend plan. Would you like to go together and catch up?"
515,nonscam,zhi_template,"[Greetings], this is [Name]. I noticed we have not had a proper conversation in a while. I miss our long talks and want to fix that. Can we talk sometime this week?"
516,nonscam,zhi_template,"[Greetings], this is [Name]. I finally started reading the book you lent me. It is really interesting, and I can see why you enjoyed it. Let us catch up and talk about it soon."
517,nonscam,zhi_template,"[Greetings], this is [Name]. I heard there is a food festival happening at [Location] this Saturday. You love trying new cuisines, so I thought of inviting you. Let me know if you are free to join."
518,nonscam,zhi_template,"[Greetings], this is [Name]. I saw that [Company] is offering a free webinar on [Product] this Friday. I signed up and thought it might be useful to you as well. Want me to forward the registration link?"
519,nonscam,zhi_template,"[Greetings], this is [Name]. I joined a weekend photography group that explores [Location] every month. It is very casual and a lot of fun. Would you like to come along next time?"
520,nonscam,zhi_template,"[Greetings], this is [Name]. I wanted to congratulate you on your recent promotion. You truly deserve the recognition. Let me know when we can celebrate together."
521,nonscam,zhi_template,"[Greetings], this is [Name]. I saw your recent artwork posted online. It is very impressive, and you have clearly improved a lot. Let us talk soon—I want to hear more about your creative process."
522,nonscam,zhi_template,"[Greetings], this is [Name]. I came across a sale on [Product] at [Company] and remembered you were looking for one. Want to check it out together before the offer ends?"
523,nonscam,zhi_template,"[Greetings], this is [Name]. I am organizing a book exchange with a few friends this month. You have always had a great taste in books. Would you like to be part of it?"
524,nonscam,zhi_template,"[Greetings], this is [Name]. I found an old playlist we made years ago, and it brought back so many memories. Let us make a new one together—for our next road trip?"
525,nonscam,zhi_template,"[Greetings], this is [Name]. I know it has been a challenging few week for you. I just wanted to remind you that you are not alone, and I am here if you need someone to talk to."
526,nonscam,zhi_template,"[Greetings], this is [Name]. I got your message about needing help with the [Product] presentation. I would be happy to go through it with you and offer feedback. Want to hop on a call later today?"
527,nonscam,zhi_template,"[Greetings], this is [Name]. I saw your comment on [Company]'s page, and it made me smile. You always have such great insights. Let us talk soon—I miss our brainstorms."
528,nonscam,zhi_template,"[Greetings], this is [Name]. I noticed your birthday is coming up next week. Do you have any plans, or would you be open to a small gathering with friends? I would love to help organize something."
529,nonscam,zhi_template,"[Greetings], this is [Name]. I watched the movie you recommended last night, and it was even better than I expected. I would love to hear your take on it. Can we schedule a movie discussion call soon?"
530,nonscam,zhi_template,"[Greetings], this is [Name]. I signed up for a creative writing challenge starting on [Date]. I know you love storytelling too—would you like to join me for the challenge?"
531,nonscam,zhi_template,"[Greetings], this is [Name] from [Company] Academy. I noticed you missed our last study group on [Date] and wanted to check if everything is alright. We will review some important concepts next session. Would you like me to share the materials from last week?"
532,nonscam,zhi_template,"[Greetings], this is [Name]. I am part of the local neighborhood council, and we are hosting a town hall at [Location] this [Date]. It would be great to have your voice in the discussion. Shall I save you a seat?"
533,nonscam,zhi_template,"[Greetings], this is [Name] from [Company] Tech Store. I wanted to follow up on your interest in the new [Product] we discussed last week. The demo units just arrived, and I can reserve a trial slot for you. Would [Date] at [Time] work?"
534,nonscam,zhi_template,"[Greetings], this is [Name]. I just joined a digital art class at [Company] Creative Studio. You always loved drawing, so I thought you might enjoy it too. Want to come with me next week?"
535,nonscam,zhi_template,"[Greetings], this is [Name]. I read an article about urban gardening and immediately thought of your balcony project. There is a workshop happening this [Date] at [Location]. Shall we register together?"
536,nonscam,zhi_template,"[Greetings], this is [Name] from [Company] Mentorship Program. I wanted to check in and see how your project is progressing. Do you need any feedback or resources? I am happy to schedule a call to support your work."
537,nonscam,zhi_template,"[Greetings], this is [Name]. I am planning to host a small open mic night at [Location] next month. You have such a great voice—would you like to perform something? I can help you register if you are interested."
538,nonscam,zhi_template,"[Greetings], this is [Name]. I visited the new museum exhibit at [Location], and it was fascinating. I remember you mentioned being into [Product]-related history. Want to visit together this weekend?"
539,nonscam,zhi_template,"[Greetings], this is [Name]. I finally got my hands on the [Product] you mentioned last month. It is as good as you said. Let me know when you want to try it out."
540,nonscam,zhi_template,"[Greetings], this is [Name]. I am helping coordinate volunteers for a youth outreach event at [Location] on [Date]. Your experience would be so valuable. Would you be open to joining the team?"
541,nonscam,zhi_template,"[Greetings], this is [Name] from [Company] University Services. We are reviewing feedback from student committees. Would you be willing to share your thoughts in a short session next week?"
542,nonscam,zhi_template,"[Greetings], this is [Name]. I saw your recent post about running a half marathon. That is impressive! I would love to hear how you prepared for it—over a quick chat?"
543,nonscam,zhi_template,"[Greetings], this is [Name]. I joined a local astronomy club that meets every full moon at [Location]. It would be amazing if you came along. They also do beginner telescope training."
544,nonscam,zhi_template,"[Greetings], this is [Name] from [Company] Youth Forum. We are hosting a virtual panel on [Product] innovation, and we are looking for diverse voices. Would you be interested in joining as a panellist or guest?"
545,nonscam,zhi_template,"[Greetings], this is [Name]. I finally installed the smart home setup from [Company] that we discussed. It has been fun experimenting with automation. Let us talk soon—I have tips if you are planning the same."
546,nonscam,zhi_template,"[Greetings], this is [Name]. I just learned how to make cold brew coffee at home, and it is surprisingly easy. I know you are a coffee enthusiast. Want to do a brewing session together this weekend?"
547,nonscam,zhi_template,"[Greetings], this is [Name]. I know you have been working on your public speaking skills. There is a community event at [Location] where new speakers can practice. Would you like me to sign us both up?"
548,nonscam,zhi_template,"[Greetings], this is [Name] from [Company] Local News. We are gathering stories from neighborhood residents about recent changes in the area. Would you be open to sharing your experience over a short call?"
549,nonscam,zhi_template,"[Greetings], this is [Name]. I just watched a documentary on environmental tech, and it reminded me of our college debates. You would have loved the section on [Product] solutions. Want to catch up and chat about it?"
550,nonscam,zhi_template,"[Greetings], this is [Name]. The local library at [Location] is hosting a board game night this Friday. It is casual and perfect for winding down. Would you like to join me?"
551,nonscam,zhi_template,"[Greetings], this is [Name]. I saw you commented on the post about digital well-being. I have been doing a screen detox myself and it has been refreshing. Want to talk about it sometime soon?"
552,nonscam,zhi_template,"[Greetings], this is [Name]. I joined a hiking challenge for beginners starting on [Date]. I thought of inviting you because we always said we needed a reason to start. Interested in signing up?"
553,nonscam,zhi_template,"[Greetings], this is [Name]. I finally tested the fitness tracker you recommended. The sleep insights are spot-on. Would you like to compare notes on usage tips?"
554,nonscam,zhi_template,"[Greetings], this is [Name] from [Company] Arts Society. We are curating a community showcase of creative works. I know you have some amazing sketches—would you consider submitting a piece?"
555,nonscam,zhi_template,"[Greetings], this is [Name]. I saw an opportunity to write for a tech blog based at [Company]. You write well and this could be a great side project. Want me to forward the link?"
556,nonscam,zhi_template,"[Greetings], this is [Name]. I attended a mindfulness seminar over the weekend and found it really insightful. You might enjoy it too—they have another session this [Date]. Would you like the info?"
557,nonscam,zhi_template,"[Greetings], this is [Name]. I am putting together a playlist for our next road trip to [Location]. Want to help me pick the songs? I still have your old favourites saved."
558,nonscam,zhi_template,"[Greetings], this is [Name]. The next local makers' market is happening at [Location] on [Date]. You always find the best handmade stuff. Want to go treasure-hunting together again?"
559,nonscam,zhi_template,"[Greetings], this is [Name] from [Company] Publishing Circle. We are hosting a live writing prompt session next week. It is free and online. Want to write with us for fun?"
560,nonscam,zhi_template,"[Greetings], this is [Name]. I just subscribed to the new [Product] service, and it includes some cool features. You were looking for something similar last month. Want to check it out on a call?"
561,nonscam,zhi_template,"[Greetings], this is [Name]. The weather has been great lately. I am thinking of organizing a casual picnic at [Location] this weekend. Would you be interested in coming along?"
562,nonscam,zhi_template,"[Greetings], this is [Name]. There is a free digital painting workshop happening at [Company] on [Date]. It is beginner friendly, and all supplies are provided. Want to attend together?"
563,nonscam,zhi_template,"[Greetings], this is [Name]. I saw a post about a mentorship opportunity at [Company] for early-career professionals. It might be a good fit for you. Would you like help applying?"
564,nonscam,zhi_template,"[Greetings], this is [Name]. I am coordinating a tech demo night at [Location] and thought you might want to present. Your recent project would impress the group. Can I list you as a speaker?"
565,nonscam,zhi_template,"[Greetings], this is [Name]. There is a small poetry open mic happening on [Date] at [Company] Café. I remember you used to write—want to go and share something?"
566,nonscam,zhi_template,"[Greetings], this is [Name]. I heard your [Product] has finally launched. Congratulations on the milestone! Let us schedule a call so I can hear all about it."
567,nonscam,zhi_template,"[Greetings], this is [Name]. We are doing a virtual jam session this [Date], and we would love to have your voice in the mix. Even if you just listen in, it will be fun. Can I send you the link?"
568,nonscam,zhi_template,"[Greetings], this is [Name]. I found a new productivity tool I think you would really like. It helps organize creative projects without being overwhelming. Want to try it out together?"
569,nonscam,zhi_template,"[Greetings], this is [Name]. I just finished a puzzle you would have enjoyed—it had a map of [Location] on it. Let us find a new one and do a puzzle challenge call this weekend."
570,nonscam,zhi_template,"[Greetings], this is [Name]. I discovered an indie film streaming service with some really unique stories. Thought you might enjoy something different for a change. Want to check one out together?"
571,nonscam,zhi_template,"[Greetings], this is [Name]. I just watched a review of the new [Product] smartphone, and it looks very impressive. The camera features are supposed to be the best yet. Have you seen it already?"
572,nonscam,zhi_template,"[Greetings], this is [Name]. I finally tried using that AI writing tool from [Company] you mentioned. It is surprisingly good for brainstorming ideas. Want to compare how we are using it?"
573,nonscam,zhi_template,"[Greetings], this is [Name]. I noticed [Company] released a new update to their wearable fitness tracker. The new sleep tracking and heart monitoring features look promising. Are you planning to upgrade?"
574,nonscam,zhi_template,"[Greetings], this is [Name]. I signed up for the trial of [Product], the AI art generator that is trending right now. It created some amazing images from just a few words. Would you like to try it out together?"
575,nonscam,zhi_template,"[Greetings], this is [Name]. I saw that [Company] has launched a smart home assistant with built-in security features. I know you were exploring options for your home setup. Want to look at the specs together?"
576,nonscam,zhi_template,"[Greetings], this is [Name]. Have you evaluated the new [Product] language learning app powered by AI? It adapts to your pace and gives feedback instantly. Let us try doing a practice session this weekend."
577,nonscam,zhi_template,"[Greetings], this is [Name]. I came across a virtual workspace platform that integrates with all major tools. It seems perfect for remote teams like ours. Shall we schedule a test run and explore it?"
578,nonscam,zhi_template,"[Greetings], this is [Name]. I know you have been interested in blockchain technology. [Company] just released a new beginner course that explains crypto security basics. Want to go through it together?"
579,nonscam,zhi_template,"[Greetings], this is [Name]. [Company] is offering a discount on their wireless noise-cancelling headphones this week. I remember you mentioned needing a new pair. Should we check it out today?"
580,nonscam,zhi_template,"[Greetings], this is [Name]. The latest update to [Company]’s mobile banking app added biometric login and transaction tracking. It looks more secure than before. Have you tried it yet?"
581,nonscam,zhi_template,"[Greetings], this is [Name]. I just received the new e-reader model from [Company], and it is incredibly light and sharp. Perfect for long reading sessions. Let me know if you want to see how it works."
582,nonscam,zhi_template,"[Greetings], this is [Name]. [Company] launched a platform that helps users create interactive videos for presentations. It might be useful for your next talk. Want to assess it together?"
583,nonscam,zhi_template,"[Greetings], this is [Name]. I joined a demo of the AI-powered scheduling tool by [Company], and it really simplifies calendar management. It even adjusts for time zones. Want me to send you the invite?"
584,nonscam,zhi_template,"[Greetings], this is [Name]. I came across a smart budgeting app called [Product] that visualizes your spending in real-time. You always liked organized finance tools. Want to try it together and compare insights?"
585,nonscam,zhi_template,"[Greetings], this is [Name]. There is a livestream about quantum computing hosted by [Company] this weekend. I know it is a bit advanced, but it might be interesting to watch together. Are you in?"
586,nonscam,zhi_template,"[Greetings], this is [Name]. [Product] is trending right now for its ability to generate voiceovers that sound human-like. It might be useful for your content work. Shall we give it a try?"
587,nonscam,zhi_template,"[Greetings], this is [Name]. I read that [Company] is partnering with several universities to offer free AI ethics training. It sounds like something worth learning. Want to register together?"
588,nonscam,zhi_template,"[Greetings], this is [Name]. Have you seen the latest wearable ring from [Company]? It tracks heart rate, sleep, and even stress levels. It might be a nice upgrade from your current watch."
589,nonscam,zhi_template,"[Greetings], this is [Name]. [Company] just rolled out a feature where you can co-watch videos remotely in sync. I thought of our long-distance movie nights. Want to try it out?"
590,nonscam,zhi_template,"[Greetings], this is [Name]. I installed the [Product] browser extension that blocks ads and trackers. It made a huge difference in browsing speed. Want me to help you install it too?"
591,nonscam,zhi_template,"[Greetings], this is [Name]. [Company]’s new electric bike is finally in stores. It looks sleek and eco-friendly. Want to check it out this weekend?"
592,nonscam,zhi_template,"[Greetings], this is [Name]. I attended an online seminar on cybersecurity hosted by [Company], and it was very insightful. I took notes and can share them if you are interested. Let me know if you want a copy."
593,nonscam,zhi_template,"[Greetings], this is [Name]. [Company] added new privacy tools to their cloud storage service. You can now encrypt files before upload. Should we go over how to set it up?"
594,nonscam,zhi_template,"[Greetings], this is [Name]. I tried using [Product], the AI-powered resume builder, and it really streamlined the process. Your portfolio could benefit from it too. Want to try it together?"
595,nonscam,zhi_template,"[Greetings], this is [Name]. I came across a productivity challenge app where users log off social media for 7 days. It seems like a good reset. Would you be up for trying it with me?"
596,nonscam,zhi_template,"[Greetings], this is [Name]. I joined a group on [Company] that evaluates emerging AR devices, and they are looking for new testers. You might enjoy giving feedback on early tech. Want me to connect you?"
597,nonscam,zhi_template,"[Greetings], this is [Name]. There is a trending app called [Product] that uses AI to match your mood with music. I have been enjoying it lately. Want to try it and create playlists together?"
598,nonscam,zhi_template,"[Greetings], this is [Name]. [Company] just released their VR fitness update, and it is more intense than ever. It actually tracks your form while you move. Want to challenge each other this week?"
599,nonscam,zhi_template,"[Greetings], this is [Name]. I started using a smart grocery app that recommends recipes based on what is already in your fridge. You might find it helpful too. Let us compare how it works for us."
600,nonscam,zhi_template,"[Greetings], this is [Name]. I subscribed to [Company]’s AI voice assistant and it has made home tasks much easier. It can now even manage calendar entries by voice. Want to see a demo on our next call?"
601,nonscam,zhi_template,"[Greetings], this is [Name]. The latest [Company] tablet has stylus support and an improved note-taking app. I thought of your sketching hobby. Want to visit the store together this weekend?"
602,nonscam,zhi_template,"[Greetings], this is [Name]. I downloaded a journaling app that adds voice memos and timestamps. It is quite reflective and useful. Would you like to try it out too?"
603,nonscam,zhi_template,"[Greetings], this is [Name]. I just signed up for a livestreamed tech debate hosted by [Company]. The topic is AI in education. Would you like to join in and share thoughts afterward?"
604,nonscam,zhi_template,"[Greetings], this is [Name]. I am testing out [Product], a new AI bot for language translation. It works across apps and even on calls. Let us evaluate it out during our next chat."
605,nonscam,zhi_template,"[Greetings], this is [Name]. [Company] added real-time collaboration to their coding platform, and it looks perfect for remote pair programming. Want to try it on a small script later today?"
606,nonscam,zhi_template,"[Greetings], this is [Name]. Have you seen the new adaptive gaming controller launched by [Company]? It is designed to be more inclusive. I thought we could explore the features together."
607,nonscam,zhi_template,"[Greetings], this is [Name]. I tried an AI-powered cooking assistant that helps with step-by-step guidance. It even adjusts the heat suggestions in real time. Want to try cooking something new together?"
608,nonscam,zhi_template,"[Greetings], this is [Name]. [Product] just launched a new smart whiteboard that can digitize everything as you write. It could be a great addition for your office. Let us look at the demo together."
609,nonscam,zhi_template,"[Greetings], this is [Name]. There is a trending challenge where people share their favourite AI-generated artwork. I created one last night and it was fun. Want to make your own and swap results?"
610,nonscam,zhi_template,"[Greetings], this is [Name]. I just joined a podcast series on future tech hosted by [Company] and the latest episode was about brain-computer interfaces. I think you would enjoy it. Shall I send you the link?"
611,nonscam,zhi_template,"[Greetings], this is [Name] from [Company] Financial Aid Office. We wanted to inform you that the government has extended student loan payment relief options until [Date]. If you have questions or would like to verify your eligibility, please visit your nearest [Company] branch during working hours. Our staff will assist you with any documentation you may need to bring."
612,nonscam,zhi_template,"[Greetings], this is [Name] from [Company] Tax Services. This is a reminder that the tax filing deadline is approaching on [Date]. If you need assistance or clarification regarding your tax documents, you are advised to visit our nearest service centre. Certified tax officers on-site conduct all consultations."
613,nonscam,zhi_template,"[Greetings], this is [Name] from [Company] Health Department. We are conducting follow-ups for recipients of the [Product] vaccine administered last quarter. If you require a printed health certificate or would like to report post-vaccination symptoms, please visit your local [Company] clinic. Walk-in consultations are available on weekdays."
614,nonscam,zhi_template,"[Greetings], this is [Name] from [Company] Relief Program. Emergency support funds for affected households are now available. To begin the process, please visit your nearest community assistance outlet. Make sure to bring your identification documents and any supporting proof of eligibility."
615,nonscam,zhi_template,"[Greetings], this is [Name]. I saw a notice regarding delays in the latest stimulus payments. To avoid confusion or misinformation, it is best to visit your bank's nearest branch to confirm your disbursement status. Bring your account details and any official communication received."
616,nonscam,zhi_template,"[Greetings], this is [Name] from [Company] HR Department. We noticed that you applied for a remote position with us. Interviews are being conducted online, but for contract finalization and identity verification, we request applicants to visit their nearest [Company] office with valid identification."
617,nonscam,zhi_template,"[Greetings], this is [Name] from [Company] Housing Support Center. If you believe you qualify for the updated rental subsidy scheme, you may apply in person. Please visit your district support office and bring proof of tenancy and income documents."
618,nonscam,zhi_template,"[Greetings], this is [Name] from [Company] Careers. We received your application and would like to proceed with the next steps. For verification and onboarding, please visit our recruitment outlet nearest to you with your reference number and identification."
619,nonscam,zhi_template,"[Greetings], this is [Name] from [Company] Consumer Support. We are confirming delivery satisfaction for your recent purchase. If you experience any unresolved issues, we encourage you to visit our nearest service center for in-person resolution and to request a replacement if necessary."
620,nonscam,zhi_template,"[Greetings], this is [Name] from [Company] Charity Foundation. Thank you for your ongoing support. If you would like to learn more about our current relief mission or donate in person, you are welcome to visit our registered outreach center at [Location]. Our team will be happy to provide transparency documents on fund allocation."
621,nonscam,zhi_template,"[Greetings], this is [Name] from [Company] Scholarship Board. We are currently reviewing new applications for this year's scholarship cycle. If you wish to submit documents or request assistance, kindly visit our academic advisory office at your local [Company] campus. Office hours and eligibility posters are displayed at the reception."
622,nonscam,zhi_template,"[Greetings], this is [Name] from [Company] Government Aid Division. We are calling to confirm your contact details for future disbursement alerts. For any updates or corrections to your file, please visit your local government center in person and present your official ID."
623,nonscam,zhi_template,"[Greetings], this is [Name] from [Company] Education Trust. Grant applications for research proposals are open until [Date]. If you require application forms or submission assistance, please collect them from our designated education outreach offices."
624,nonscam,zhi_template,"[Greetings], this is [Name]. I heard you are moving to [City]. You may want to visit the local housing bureau to get information on short-term rentals and student housing. They have staff available to guide you through the listing process."
625,nonscam,zhi_template,"[Greetings], this is [Name] from [Company] University Advising. We are holding a session this [Date] focused on digital safety and financial literacy. To register officially, you may visit the advising center at [Location] and sign up with your student ID."
626,nonscam,zhi_template,"[Greetings], this is [Name]. You may have received a digital wallet update notification from [Company]. For any clarifications or concerns, we recommend visiting your nearest service branch rather than acting through links. The staff will verify any required steps in person."
627,nonscam,zhi_template,"[Greetings], this is [Name] from [Company] Payroll Division. We are transitioning all staff to a new salary payment platform. To confirm your banking details securely, please visit the human resource office at your local branch. Bring your employment ID and a recent payslip for verification."
628,nonscam,zhi_template,"[Greetings], this is [Name]. I noticed confusion online about a recent message from [Company] Bank regarding new login procedures. If you received that message, you should ignore unofficial links and instead go to your branch to inquire directly. Bring your bank card and identification for confirmation."
629,nonscam,zhi_template,"[Greetings], this is [Name] from [Company] Legal Aid. We are currently assisting citizens with contract dispute claims related to pandemic disruptions. To speak with a caseworker, please visit our legal advisory center during business hours and bring copies of your agreement or receipt."
630,nonscam,zhi_template,"[Greetings], this is [Name] from [Company] Transportation Planning Office. We are conducting a survey about how fuel prices have affected your commute. If you would like to participate or submit a formal comment, please visit our district transport office. Printed forms are available there."
631,nonscam,zhi_template,"[Greetings], this is [Name] from [Company] Health Research Network. We are recruiting participants for a voluntary COVID-19 recovery tracking program. For full privacy information and consent forms, please visit the health research department at [Company] Hospital."
632,nonscam,zhi_template,"[Greetings], this is [Name] from [Company] Utility Support. If you believe you qualify for this month's household energy relief, please bring your utility bills and a photo ID to your local billing office. Assistance is not processed over the phone."
633,nonscam,zhi_template,"[Greetings], this is [Name]. I wanted to let you know that a fake survey pretending to be from [Company] is circulating online. If you are unsure whether a message is genuine, visit your nearest branch and ask a staff member to check. Avoid sharing any personal information until then."
634,nonscam,zhi_template,"[Greetings], this is [Name] from [Company] Social Services. You may be eligible for continued food subsidy under the revised program. For re-evaluation, please visit our district support office and bring updated income verification."
635,nonscam,zhi_template,"[Greetings], this is [Name] from [Company] Relief Registry. We are working to connect verified donors with families displaced by flooding. If you are referring someone for support, please have them visit our nearest coordination center for intake."
636,nonscam,zhi_template,"[Greetings], this is [Name] from [Company] IT Department. Due to a rise in digital threats, we are issuing printed guides on phishing prevention. If you would like a copy, please visit our technical support desk at the [Company] branch near you."
637,nonscam,zhi_template,"[Greetings], this is [Name]. I saw you were unsure about a job posting that asked for sensitive details. If you want to verify the recruiter or listing, your safest option is to visit [Company]’s local employment office and ask to speak with the job coordinator directly."
638,nonscam,zhi_template,"[Greetings], this is [Name] from [Company] Housing Division. To avoid falling for fraudulent rental agents, please use only listings verified at your local housing office. You can walk in and ask staff to check a listing for you."
639,nonscam,zhi_template,"[Greetings], this is [Name] from [Company] Travel Support Services. Before traveling, we recommend stopping by our office to go through travel advisories and complete your destination checklist. Walk-ins are welcome Monday through Friday."
640,nonscam,zhi_template,"[Greetings], this is [Name] from [Company] Wellness Network. We are organizing scam prevention seminars at our regional center starting next week. If you or a senior in your family would like to attend, please register in person at the main counter."
641,nonscam,zhi_template,"[Greetings], this is [Name]. I found a donation drive for displaced communities in [Location], hosted officially by [Company]. If you want to verify or contribute directly, they have a branch near [Location] where you can speak with coordinators."
642,nonscam,zhi_template,"[Greetings], this is [Name] from [Company] University Funding Office. Tuition reimbursement checks are being distributed this month. To confirm your disbursement or submit updated bank documents, please visit the finance division at your campus office."
