pair_id,topic,id,label,source,text
p056,purchase_query,s_56,scam,youtube_asr,thank you for calling [Company] my name is how may i help you hello how are you i m good thanks [Title] thanks for asking me how are you doing today [Title] i m doing fine thanks alright so how come how can i help you [Title] um i got a message about a charge all right [Title] i just give a check in our database and i found that there is a purchase of an iphone 11 pro max which is cost of [Number] dollars from beeching ohio so do you know anyone from beeching ohio [Title] oh no i don t all right [Title] so if you haven t made this purchase so now what i am gonna do i will just simply help you to secure your account you need to
p022,unrecognised_card_transaction,s_22,scam,youtube_asr,please hold while we connect you to one of our agents from the fraud prevention team yes i m from the fraud department team how can i help you today ah hi uh how s it going uh i had a transaction for the john lewis for [Number] pounds and i ll be honest we don t even shop at john lewis uh yeah yeah i do i do okay i m able to get your full name please [Title] okay nice to meet you [Title] and am i able to get it nice to meet you [Title] too thank you [Title] all right let s get your sort code please okay and the account number
p002,broadband_line_fault,s_1,scam,youtube_asr,[Greetings] this is british telecom technical department we are hereby to inform you that your internet line will be terminated from today onwards to fix up the problem please press one to connect with [Company] thank you for your response we would now like to transfer you to a team [Title] for just a few more questions please stay on the line hello hello yes i had a call about my broadbrand my internet line
p079,business_invoice_query,s_79,scam,youtube_asr,thank you for calling [Company] securities how may i help you um i m calling because i have a a [Company] invoice for [Company] [Number] it s being charged [Number] we only use our [Company] for emergencies and for us to be charged on my emergency this is not [Company] this is [Company] security so the payment method is doesn t matter just confirm me what would you like me to do with this auto renewal i need to cancel and get my money back if i m being charged all right so right now what we will be doing we will be going ahead and canceling the order for you okay open up your [Company] chrome internet browser on your computer so it is personal computer help 24 7 dot info and you need to give
p065,security_awareness_call,s_65,scam,youtube_asr,so [Title] my name is and i m from the cyber security department right now how are you doing today good so right now so what exactly is happening there are these hackers they re having their a bunch of devices being connected with your [Company] account and with your personal informations right now and also we got to know the root cause of this problem the root cause of this problem is your ip address do you know what ip address stands for or what exactly it is no the ip address is something which is connected with your wi fi which is attached with your wi fi and the full form the of ip address would be internet protocol address all right okay how do i fix that well right now how we can fix that we
p007,tax_correspondence_followup,s_6,scam,youtube_asr,[Greetings] this is a final warning from inland revenue with [Company] regarding a criminal prosecution on your name urgently call us back on three three zero zero zero one zero two and for your arrest and your warrant number is wc wc4589 as there is a legal case going to be filed against your name now before the case is sent for execution and you receive the legal course of notification you can call the [Company] on [Number] [Number] i need you or your retained solicitor of record to call us back the issue at hand is extremely time sensitive this is [Title] from hm revenue and customs the hotline to my division is
p040,bank_transaction_check,leg040,nonscam,authored_counterpart,yes hi hi hello am i speaking to yes speaking yes hi [Title] this is calling from [Company] about a couple of card payments from this morning uh oh okay so there were two payments in a row at the same shop and our system flags that sometimes uh yes that was me i went back in because i forgot something have it that explains it then the card is still working normally and both payments have gone through i ll clear the flag off the account
p007,tax_correspondence_followup,leg006,nonscam,authored_counterpart,[Greetings] this is [Company] following up on the letter we sent about your tax account the reference on that letter is [contact number] uh yeah i have that this morning right so it s simply asking you to confirm some figures from last year there s no penalty and nothing is being escalated you can respond through your online account or post the form back the address is on the letter if you would rather speak to someone you can ring the main contact number and quote that reference we won t ask for bank information or passwords at any point
p064,misdirected_order_email,leg064,nonscam,authored_counterpart,thanks for calling [Company] how can i assistance you yes hi um i simply received an email from you about an order that was supposed to go to a different gentleman uh right can i take the order contact number from the email yes it s [contact number] thanks let me check at ah yes the email address on that order is one character different from yours so it s gone to the wrong inbox uh so it s not mine no it isn t i ve corrected the address on our side you can delete the email you have
p035,computer_shutdown_message,leg035,nonscam,authored_counterpart,thank you for calling support my name is can i assistance you this day i ve have a note on my screen and it says my computer s being shut down uh what were you doing on the computer when you have that i was simply browsing alright uh does the note have a countdown on it yeah it does right that ll be a windows update finishing off it does that sometimes let it restart on its own and it should come back fine you don t need to do anything and i m not going to ask you to install anything
p002,broadband_line_fault,leg001,nonscam,authored_counterpart,[Greetings] this is [Company] technical department you logged a fault about your broadband the previous day is that right yes my internet line keeps dropping out okay let me have a check uh right i can see the fault on our system here there s a problem at the exchange affecting your area we ve have an engineer scheduled for [contact number] no you don t need to do anything at your complete and there s nothing to make the payment for this hi hi yes sorry i m still here yes so that s all booked in you ll receive a text confirming it if it s still dropping out after that day give us a ring back on the contact number on your bill
p093,appointment_followup,leg093,nonscam,authored_counterpart,[Greetings] welcome to [Company] how can i assistance you this day this is we were supposed to meet this day and you ve reached home again yeah i m back home all right so i m simply following up on the appointment you missed this morning uh yeah sorry something came up that s no issue at all shall we rebook it uh yeah if you could what have you have the earliest is [contact number] or there s one afterwards that week uh the first one is fine that s booked
p016,parcel_redelivery,s_16,scam,youtube_asr,you reached the department of national crime agency how can i help you my name is so i mean i got a message saying that i have some problems with the my national insurance number uh when did you receive the call yesterday okay and first of all let me introduce myself my name is [Title] season charlie is in alpha [Number] i would like to ask you did you received any reference number
p083,blocked_message_calm,leg083,nonscam,authored_counterpart,thanks for calling the support team this is how may i assistance you this day hi i have a strange note on my screen saying my computer s been blocked due to security reasons all right let s take a check together uh is the mouse still moving normally yes it is good so the machine itself is responding which means it isn t locked the page is simply filling the screen press escape then close the tab and you should be back to normal
p085,plan_expiry_invoice,leg085,nonscam,authored_counterpart,[Greetings] thank you for calling [Company] my name is how can i assistance you hello um i have an invoice this day saying my previous plan expired and i ve been moved onto a new one uh yeah that s right the old plan was retired at the finish of [contact number] and everyone on it moved across uh i didn t agree to that you can move to a cheaper tier or cancel altogether from the account page under plans the first month on the new one is not charged
p008,it_helpdesk_callback,leg007,nonscam,authored_counterpart,[Greetings] [Title] my name is i m calling from [Company] [Product] support you raised a ticket with us the previous day about your computer okay yes i did right so the ticket says the machine is running slow and freezing is that still happening uh yes it is right so what i d suggest first is a restart and then check at whether the updates have installed you can do that yourself from the settings menu i don t need to connect to your machine if that doesn t sort it we can book you in at the store and someone can check at it properly
p080,confusing_invoice,leg080,nonscam,authored_counterpart,thank you for calling support how can i assistance you hello um i have an email with an invoice for [contact number] and i m really confused uh no issue let s work it out could i take the reference from the top yeah it s [contact number] thank you that ll bring it up right so this is the annual renewal for the software you bought last year it renews on the same date each year uh i thought it was a one off it was sold as an annual plan the option to stop it renewing is in your account
p019,broadband_upgrade_offer,s_19,scam,youtube_asr,[Greetings] mr how are you doing today fine i m great who is this uh this is you know you have talked to me in previous time about your ppi compensation so what what do i need to do for this ppi uh compensation you know you have to complete your uh confirmation we need your sort code account number for verification you said that call me after some time i will do that that s why we are calling you oh please help me with your sort code account number of course for depositing the compensation how much would be the compensation again your full compensation is let me check
p068,locked_computer,s_68,scam,youtube_asr,thank you for calling support you are talking to saw may i help you yes my computer has been locked down i need help i ll help you out [Title] for sure sorry for that inconvenience let me explain you let me explain you something here very quick [Title] hackers somehow they get in your computer and they have installed so many harmful viruses over there with the help of that they are trying to get in your ip addresses everything has been compromised and that is the only reason [Title] you are not allowed to make any calls because you re lying to your networks everything has been compromised or hacked okay so can you tell me that which bank are you dealing with [Title] what s the name of your bank so i can mention it in your file
p023,subscription_auto_renewal_notice,s_23,scam,youtube_asr,[Greetings] this is a call from [Company] to inform you that your [Company] prime account will be auto renewed for 79 99 from your bank account so enjoy using [Company] prime services or if you wish to discontinue or unsubscribe services then speak to our [Company] service [Title] by pressing one
p003,identity_document_renewal,leg002,nonscam,authored_counterpart,[Greetings] this ring is from [Company] the purpose of this ring is to let you know that the identity document you applied for has been processed and is ready for collection you can pick it up from any of our offices during opening hours and you will need to bring photo identification with you there is nothing further to make the payment we will not ask you for any details over the telephone if you have questions the contact number is on our website
p027,broadband_maintenance_notice,leg027,nonscam,authored_counterpart,[Greetings] this is [Company] we are carrying out planned maintenance on the broadband in your area and your service may drop out for a short time on [contact number] uh will i lose it for long no it should only be an hour or so and you don t need to do anything at your finish if it hasn t come back by the evening give us a ring on the contact number on your bill i m not asking you for any information this is simply a heads up
p043,refund_already_processed,s_43,scam,youtube_asr,[Greetings] this is a call about the refund money that you have paid to our company for your computer services and protection now we are refunding it back as we will no longer be able to provide you any more services to your computer so please press one to connect to our refund executive
p041,service_ending_notice,s_41,scam,youtube_asr,we won t be able to provide any further technical services to your computer we kindly request you to reach us at so that we can process the refund for the services that you have paid thank you
p033,unexpected_invoice,s_33,scam,youtube_asr,yeah hi [Title] this is a call back from the [Company] help desk we just received a call how may i help you today yeah um i ve got an invoice here and it s i haven t ordered [Company] and i don t know why i m getting the invoice go with the go support now com you just have to type in over there
p037,network_security_notice,leg037,nonscam,authored_counterpart,dear customer we are calling about the router on your account which needs a firmware update to stay secure the update installs by itself overnight and your connection may drop for a few minutes while it does you don't need to do anything and there is no charge we will never ask you to log in to your email or banking if you have questions the contact number is on your bill or you can note us through the app
p019,broadband_upgrade_offer,leg019,nonscam,authored_counterpart,[Greetings] this is [Company] calling about your broadband package we ve have a faster package available on your line at no extra price for the first six months uh right so what s the catch there isn t one after six months it goes to the standard price which is on our website you can also stay on your current package if you prefer i m not going to take any payment or account information on this ring if you want it you can switch through your online account or ring the contact number on your bill whenever suits
p064,misdirected_order_email,s_64,scam,youtube_asr,thank you for calling [Company] how can i help you yeah hi um i just received an email from you guys on an order that s actually was supposed to go to a different gentleman so can you please go to your email again i sent you a six digit code again my system got some problems so i m just calling you from my colleague extension so go to your email and once again confirming the six digit code the code is all right and now go to the text message section of the cell phone and you ll see that link again okay you need to head on approve okay hold on all right [Title] so i m having some issue i m technical some technical issue with my system so what i m going to i m going to transfer your call to the senior supervisor on the floor he ll help you in much better way all right his name is
p062,invoice_query,s_62,scam,youtube_asr,[Greetings] [Company] yeah thank you for calling people how can i help you um i got a um i got a invoice or something that i owed [Number] but i haven t bought nothing okay [Title] as i can understand that you didn t purchase anything like bitcoin or anything like cryptocurrency right no did you did you authorize to anybody no then i will help you out of this problem just confirm your memo id you ll help me yeah i am i will explain each and everything so what happened to exactly right now just hold on [Title] first thing can you please confirm me like one one thing have you ever shared any personal details to anyone like your any family member or any family friend
p040,bank_transaction_check,s_40,scam,youtube_asr,yes hello hello hey am i speaking to yes speaking yeah hi [Title] this is i m calling you from the network terminal departmenti m just worried about transactions yeah yeah don t worry we are here to help you out
p081,blocked_message_read_out,s_81,scam,youtube_asr,thank you for calling support how may help you hi um i have a strange message on my screen it says access to my device has been blocked for security reasons and can you just read it out for me what exactly see on your computer screen right now well it says [Company] security warning access to this scammer this or uh computer is blocked for security reasons block for your computer sorry it says your computer has been reported to be infected with a trojan spyware says there s a scanner it s a scanner in the upper left hand corner i don t know what it s scanning all right no problem can you just help me out your name for the customer security purpose yeah my name is my last name is
p034,order_billing_query,s_34,scam,youtube_asr,[Greetings] this is from [Company] customer service we have seen a recent order number amz [Number] of iphone 11 pro on your account which is built on your card attached to your [Company] account the amount charged is [Number] we noticed some suspicious activity on your account so we have put in hold to the transaction please press one now and to report press two
p023,subscription_auto_renewal_notice,leg023,nonscam,authored_counterpart,[Greetings] this is a ring from [Company] to let you know that your [Company] account will auto renew for [contact number] on [contact number] from the card you have on file uh oh i didn t realise that s okay you can alter or cancel it yourself in the account settings under subscriptions it takes a minute uh do you need my details for that no i don t need anything from you this is only a reminder so we don t take you by surprise if you would rather keep it going you don t have to do a thing
p093,appointment_followup,s_93,scam,youtube_asr,[Greetings] miss welcome to [Company] how can i help you today how can i help you today this is we re supposed to meet today you reached back home once again yes i m back home all right just turn on your device i m trying to connect you again all right okay how has your day been so far yeah it s like great but it s tyring it s tiring how s your day yeah i m full of energy and and great okay so it looks like the command that we were doing um the scan for the yeah okay uh yeah can you open up your browser [Title] it s open it says open yeah so still the scan is going on what you need to do is log into your bank and check out the transactions all right i don t see anything different i didn t
p017,antivirus_renewal,s_17,scam,youtube_asr,[Greetings] hi how can i help you today sorry i got a mised call from this number i m not really sure what s about is it the dentist i have an appointment next week no you re calling a national debt helpline we help people for the unsecured debt for free government program well you know what i um i lost my job six months ago and um i haven t been paying my bills so is it something you can help with yes of course so what could be the total debt level that you brought properly on any rough idea like five thousand ten thousand fifteen thousand at the moment uh seven thousand seven thousand pounds right um are you
p027,broadband_maintenance_notice,s_27,scam,youtube_asr,[Greetings] this is virgin media we have detected some suspicious activity on your broadband line and we will disconnect your service within 24 hours to resolve this matter please press one to speak to our [Title]
p097,spouse_handling_account,s_97,scam,youtube_asr,[Greetings] yeah i m calling for please this is yeah who is this my name is you talked to my wife about a [Company] oh okay where is she she s at work and she asked me to take care of it when i got home and i just got okay so where are you right now are you at your computer right now yep i m at the computer yes i m at the computer yes i m at the computer oh this computer which computer you re using right now like it s a [Product] computer or it s uh uh map computer which one it s a dell on desktop it runs [Product] 10 okay no problem and how you go to internet by [Company] chrome mozilla firefox yeah i like [Company] chrome open [Company] chrome yeah okay now after opening the [Company] chrome look at the very top [Title] do you see there s the address bar where you write something and type it the long bar at the top
p088,large_invoice_email,s_88,scam,youtube_asr,thank you for calling customer support my name is how can i help you yes i just got home and noticed an email that was in my inbox i m telling me that i have a seven almost seven hundred [Number] 93 a bill for a product called [Company] i don t understand why we re paying for this i don t even know what [Company] is okay so it is for your computer do know about it we were told by geek squad that our computer came with free antivirus called [Company] okay so you would like to cancel it yes please that price is almost as much as it as the computer is so i would like to request you to please be in front of your computer so that i m
p006,tax_return_query,s_5,scam,youtube_asr,the criminal case registered under your name for tax fraud and tax division and there is also a warrant out for your arrest now there s a warrant out for my arrest this is a recordable line [Title] i have to play this recording in the courthouse so we don t need any interruption in this call sorry this is going to get played in court yeah the recording is going to be playing the couch house we found autumn s calculation of [Number] pounds outstanding under your name so at this point of time you have only two options your first option is to go to court and fight the case in case if you found guilty you have to
p031,email_account_help,s_31,scam,youtube_asr,[Greetings] thank you for calling support whom i helped you hello yes i ve got a problem with my uh email my gmail and i m wondering if you can help with it definitely i can help you with that problem what s the exact problem you re facing with your gmail so i ve got an ipad here that i already have the in the ipad if you can help that s definitely i can help you so here i would like to know do you have a computer as well apart from this ipad i have a laptop as well yes but i i don t need the mail on it and uh you you don t use your emails on your laptop no no
p086,security_centre_message,s_86,scam,youtube_asr,this is how can i hello i got a message on my screen it says it says [Company] system security center it says access to the [Company] device has been blocked for security reasons why am i seeing this message boy okay uh you might have done something wrong by mistake or you may have something son i m a preacher i m a man of god i preach the good word i don t do anything wrong it s with good intentions when i was looking up a recipe for some grits and eggs i clicked on the link and i got this message okay you said you are priest i m a preacher bay i m a baptist preacher ain t no priests i ain t no cathlic do you go to church on sunday do you worship the good lord
p024,order_dispatch_notice,leg024,nonscam,authored_counterpart,dear customer we are calling about an order placed on your [Company] account for a [Product] which has at the moment been dispatched it should arrive within three working days if you did not place this order you can cancel it from your orders page or reply to the confirmation email we sent this morning we will not ask you for card information or codes by telephone if you need assistance the contact number is in your account under contact us
p066,order_charge_notice,leg066,nonscam,authored_counterpart,[Greetings] this ring is about your [Company] account there is a charge for [contact number] pending for an order placed on [contact number] if you made that order you don t need to take any action if you didn t you can dispute it from the orders page in your account or reply to the email we sent this morning we won t ask for card details by telephone
p052,transfer_to_department,leg052,nonscam,authored_counterpart,all right [Title] you have been connected to the [Company] support team at the moment simply hold on a moment while i put you through to the billing team who deal with charges all right [Title] alright so what they ll do is go through the charge on your statement with you uh do they need my card information no they can see everything they need on the account already they ll simply ask you to confirm the first line of your address bear with me a moment i ll stay on until they pick up
p097,spouse_handling_account,leg097,nonscam,authored_counterpart,[Greetings] yes i m calling for if you could this is uh who is this my name is you spoke to my wife about a [Company] order oh right where is she she s at work and she asked me to sort it out uh i m afraid i can only discuss the account with the named holder oh right so what do we do she can add you as an authorised person through her online account it takes a minute or you can both ring together whenever suits
p048,software_licence_query,leg048,nonscam,authored_counterpart,welcome to technical support my name s how can i assistance you hello my name is um i ve installed the cleaner software and it s found a lot of files but it won t remove them without a licence uh yeah so the free version scans and the made the payment version clears them do i have to buy it not at all most of what it found will be temporary files and your operating system clears those on its own from the storage settings if you would rather buy the licence it s on our website not over the telephone
p073,spyware_alert_query,s_73,scam,youtube_asr,um i was just alerted that i have a trojan spyware on my computer i understand [Title] i will go ahead and get that check for you may i know what exactly you were trying to do at that moment when you go this a lot i was ordering off of [Company] okay you were ordering uh something from [Company] and your screen locked up uh may i know the making model of your computer what kind of computer you have this
p051,email_login_alert,s_51,scam,youtube_asr,yeah hi can i speak to yeah hi like he was trying to like reach you from the last couple of days but didn t got a hold of you the reason why he was trying to reach you for the last couple of days but didn t get a hold of you the reason why i was trying to phone you [Title] was because since the last two days we are receiving notification from your email somebody trying to access your email from china from china do you know anybody there
p072,missed_callback,s_72,scam,youtube_asr,thank you for calling [Company] my name is how can i help you hi i had called earlier and you were gonna call me back i m not sure if you had yet my name is i called you earlier i was driving and i was gonna call you back so i was just calling back to get my um make sure i didn t get charged the 8 99 when did you receive the notification about these charges uh it was sometime overnight overnight yeah and could you please tell me the details that you have received in the overnight um just that i was being charged 8 99 99 for a laptop and i didn t buy that laptop
p031,email_account_help,leg031,nonscam,authored_counterpart,[Greetings] thanks for calling support how can i assistance you hi yes i ve have a problem with my uh email and i m wondering if you can assistance with it uh sure what s happening exactly so i ve have an ipad here and it keeps asking me for the password even though i m typing it right okay that usually means the password was changed recently or the app needs updating what i d suggest is going into settings on the ipad yourself and checking for updates i won t need to connect to anything if that doesn t fix it you can bring it into the store
p001,unrecognised_order_query,s_0,scam,youtube_asr,[Greetings] yeah i ve got an email here about a laptop i didn t order can you help with that yeah can you help me out with you order id number please yeah so i can see it s an auto phone [Company] surface pro what do you want to know
p096,invoice_worry,s_96,scam,youtube_asr,thanks for calling cancellation department how may i help you today hello um i got an invoice in this morning um i decided to hold off going to work because of it i think i need to take care of it says [Number] um all right then you haven t authorized it no i haven t um this is particularly bothering me because i thought i don t even know what it s for it just has invoice it doesn t state what i m getting no problem i will check this transaction [Title] can i have your first and last name please you have a first name is last name is all right as i can see here on our system right now that you got it charged for [Number] and someone making a purchase for the avira antiviral security software and
p009,standing_order_query,s_8,scam,youtube_asr,[Greetings] this is calling from the fraud prevention team how can i help you hello i received a text message saying someone called set up a standing order okay do you know who this recepient is [Title] never heard of him i know is the mayor of london but not
p060,remote_session_query,s_60,scam,youtube_asr,[Greetings] hi thank you for calling technical support this is how can i help you hey um i was on with this guy um because i had a pop up and he had me a download ultra viewer and then he just like shut his phone off and he didn t help me well do you have the ultra viewer id and the password on your screen yes [Title] i do can you are you able to help me well all right just give me one minute okay okay i just want to make sure i ll be connected just give me one minute right just give me one minute and you said you have a pop up on your computer i did but i shut my computer off and restarted it and it s gone but i m scared that i have a virus or something and i d like somebody to check
p051,email_login_alert,leg051,nonscam,authored_counterpart,yeah hello can i speak to yeah hello i ve been trying to reach you for the last couple of days the reason i was calling [Title] is that there was a login to your email from a new device on [contact number] uh was that me possibly if you signed in on a new telephone or tablet recently uh yeah i have a new telephone last week that ll be it then the alert is simply so you know if it ever wasn t you the option to sign other devices out is in your account security page
p056,purchase_query,leg056,nonscam,authored_counterpart,thanks for calling [Company] my name is how may i assistance you hi how are you i m good thanks [Title] thanks for asking how are you doing this day [Title] i m doing fine thanks okay so how can i assistance you [Title] um i have a note about a charge uh let me check at the account one moment right so i can see a purchase of a [Product] on [contact number] for [contact number] uh was that you no it wasn t okay then i ll raise a dispute from here you keep the card and the money goes back once it clears
p096,invoice_worry,leg096,nonscam,authored_counterpart,thank you for calling cancellations how may i assistance you this day hello um i have an invoice this morning and i decided to hold off going to work because of it uh oh you didn t need to do that let s sort it quickly could i take the reference yeah thank you one moment right so this is an automatic renewal notice not a demand for payment uh so no money has gone not yet it goes on [contact number] and you can stop it before then from your account
p089,purchase_verification,s_89,scam,youtube_asr,thank you for calling [Company] thank you for calling [Company] support my name is how can i help you today i am looking at what appears to be a [Company] purchase and it has your phone number on it this is [Company] nobody to answer him why did you answer [Company] if its [Company] no no it s the [Company] shopping like i was asking this [Company] shopping i was talking with somebody i m so sorry but you re talking to me that s okay someone is hacked your [Company] account is linked with your ip address someone is doing some fraud activity with your [Company] so i m being charged [Number] and right but you no need to worry [Title] i m here to help you i will guide you step by step how you can cancel that charges and how you can protect your [Company] account after that we can cancel all the order one by one those hackers
p052,transfer_to_department,s_52,scam,youtube_asr,all right [Title] now you have been successfully connected to the [Company] support right now this team environment we are just working on it all right now just hold on i m going to transfer this call to my financial department who is going to have a talk with you all right [Title] okay okay so right now [Title] like the hackers have charged you this amount of money today s morning okay might be not showing up in your account because it takes some time to come up on your online banking okay so let me provide you the cancellation form so we can cancel the stuff and refund you your money back into your account okay all right the hackers have charged you from your debit card okay and they have used your information in the western union do you know anything about
p020,customs_callback,s_20,scam,youtube_asr,her majesty revolution customs this is [Title] how can i help you one of your colleagues tried to call me this morning did you say [Company] yes correct [Title] can i have your full name yes my name is and then my surname is two names okay right correct
p062,invoice_query,leg062,nonscam,authored_counterpart,[Greetings] [Company] thanks for calling how can i assistance you um i have an invoice or something saying i owed [contact number] but i haven t bought anything okay [Title] have you have the invoice contact number handy uh yes it s [contact number] thanks one moment right so that invoice is for a different account holder with a similar surname it s gone out in error uh so i don t owe it correct i ve cancelled it here you may receive an automatic reminder before the system catches up ignore that one
p022,unrecognised_card_transaction,leg022,nonscam,authored_counterpart,if you could hold while we connect you to one of our agents from the fraud prevention team yeah i m from the fraud department how can i assistance you this day ah hello uh how s it going uh i had a transaction for [Company] for [contact number] pounds and i ll be honest we don t even shop there uh alright let me have a look at could i take simply the last four digits of the card yeah it s [contact number] thank you understood uh so that one has already been declined at our finish it never went through the card is fine to keep using and a new one is not needed oh brilliant thank you
p080,confusing_invoice,s_80,scam,youtube_asr,thank you for calling support how can i help you hi um i got an email with an invoice for [Number] and i m really really confused why you were confused because i don t even know what [Company] is what is a [Company] [Company] is the charges that has happened to use your account for what yeah so you need to go to your computer so i can help you to go ahead and cancel right now you need to follow the instructions i m gonna tell you how to do it okay okay i appreciate that now do one thing [Title] as you are having a [Product] 10 computer uh do me a favor and try to simply click on that okay like you have to simply click on that screen like uh [Company] chrome you have a [Company] chrome uh yeah yeah we use [Company] chrome
p057,billing_query_confused_caller,s_57,scam,youtube_asr,thanks for calling geek squad this is how may i help you hello um i got some kind of message a few days ago about a charge from geek squad or best buy or something like that can you help me a few days ago yeah or today i don t know i guess i was earlier today i ve been drunk for like three days so i don t really know what what day it is what you need to do you just need to be in front of your computer so that i can connect you with the cancellation department so are you in front of your computer right now
p010,unexpected_debit_query,leg009,nonscam,authored_counterpart,welcome to [Company] fraud prevention if you could hold one of our representatives will be with you as soon as they can hi there you re through to [Title] at the [Company] customer service team could i ask you to confirm who i m through to yes my name is and how may i assistance you this day [Title] not sure what s going on but i have a note saying that uh some money has been taken from my account or is it going to be taken from my account okay not a problem at all let me have a check for you right i can see it here that s a direct debit that was already set up it s going out on [contact number] to the same company as last month so nothing unusual there
p008,it_helpdesk_callback,s_7,scam,youtube_asr,[Greetings] [Title] my name is i m calling from [Company] [Product] okay this is an urgent check up call for your computer as we have found several problems with it first of all do you have any computers that is having the [Company] [Product] in it right
p088,large_invoice_email,leg088,nonscam,authored_counterpart,thank you for calling customer support my name is how can i assistance you yeah i simply have home and noticed an email saying i owe nearly seven hundred uh right let s look at at that could i take the invoice contact number it s [contact number] thank you one moment so that s for the three year plan which was selected at checkout uh i only wanted one year the plan can be changed within thirty days and the difference is refunded i ll switch it to the one year at the moment if you like
p086,security_centre_message,leg086,nonscam,authored_counterpart,this is how can i assistance you hi i have a note on my screen it says [Company] system security centre and that access to the device has been blocked uh does it fill the whole screen yes it does and it won t let me click anything try pressing the escape key first then move the mouse to the very top of the screen uh the bar came back good that means it was a browser page in full screen mode close it from there and nothing is wrong with the device
p053,order_verification_bank,s_53,scam,youtube_asr,i apprecaite your patience your call has been transferred to customer service specialist with td bank weill i wanted to tell you this there is a pre approved transaction coming onto your name there you have ordered an [Company] mac book pro and [Company] air pod from [Company] is it correct no i haven t placed any orders with [Company] in a long time well i m afraid if it s not you which means it s got to be somebody else
p033,unexpected_invoice,leg033,nonscam,authored_counterpart,yeah hello [Title] this is a ring back from the [Company] assistance desk we received a ring how may i assistance you this day yeah um i ve have an invoice here and i haven t ordered anything from [Company] and i don t know why i m getting the invoice uh alright could i take the invoice contact number it s [contact number] thank you one moment right yeah i see that one it was raised against a different account and sent to you in error so ignore it there s nothing to make the payment i ve cancelled it at this finish and you ll receive a note confirming that
p099,invoice_received_last_week,leg099,nonscam,authored_counterpart,[Greetings] yes i m calling for yes uh my name is i m her husband yes i m calling about an invoice we received last week for [contact number] uh i can check at the invoice itself but i can t alter anything without her on the line that s understood i simply want to know what it s for right the reference covers the annual subscription renewed on [contact number] uh she doesn t remember signing up it may have been the trial converting the cancel option is in the account
p053,order_verification_bank,leg053,nonscam,authored_counterpart,thank you for your patience your ring has been transferred to a customer service specialist with [Company] i wanted to look at with you about a transaction on your card there is a payment pending to [Company] for a [Product] is that correct no i haven t placed any orders in a long time uh alright in that case i ll decline it before it settles the money never leaves your account and you keep the same card i ll post you a confirmation letter within a few days
p024,order_dispatch_notice,s_24,scam,youtube_asr,dear customer we have detected a suspicious activity on your [Company] account an unauthorized purchase of iphone 6s 64 gigabytes has been ordered from your [Company] account to cancel your order or to connect with one of our customer support representatives please press one
p074,blocked_message_short,s_74,scam,youtube_asr,thank you for account support how can i help you today um hello um i have a message on my screen that says my computer is blocked for security reasons okay [Title] i understand and could you please tell me exactly what do you see on your screen mom [Title] can read it to me each and everything
p039,payment_alert_query,s_39,scam,youtube_asr,this is an emergency call from [Company] secure there is an online transaction of [Number] pounds from your account if you did not make the payment please press one immediately to talk to our representative thank you for connecting [Company] broadband my name is how can i help you yeah i just got a message there about a payment from [Company] [Title] no need to worry [Title] it s an alert message the manchester people are trying to take the money with the help of internet line so especially we got permissions to keep some security ids
p028,tax_office_return_call,s_28,scam,youtube_asr,thank you for calling hm revenue customs yes i received a phone call earlier i was told to call back can i have your name who is this yes this is n which number you receive a call like your home phone number or your cell phone number can you help me out with your number yes this is my telephone number is was this the same number on which you receive a call from us
p075,blocked_message_variant,s_75,scam,youtube_asr,thank you for calling customer support you are talking to how can i help you um hi um i have a message on my screen that says my computer is blocked for security reasons okay and is this happening for the first time on your computer or has it happened prior to this once i ve never seen anything like it okay and what were you trying to do on the computer when you got this message links that i i came across one was on facebook and what i clicked on i got this warning i m not sure what i clicked on to get it
p063,supervisor_callback,leg063,nonscam,authored_counterpart,[Greetings] this is calling you from [Company] i m the supervisor here how are you doing this day oh i m fine thanks all right so i believe you spoke with one of my colleagues earlier and asked for someone senior to ring you back yes i did right so i ve read through the notes on your account and i can see the complaint about the delivery uh yes that s it we ve credited the delivery charge back and the replacement is booked for [contact number] i m sorry it took two calls to sort
p058,purchase_confirmation,leg058,nonscam,authored_counterpart,thank you for calling [Company] this is how may i assistance you hello um i was talking to someone earlier uh no issue i can pick it up from here what was it about there is a purchase for a [Product] on my account alright so have you made this purchase or not uh no i haven t that s fine i ll cancel it and put a temporary hold on the card uh can i speak to the person i had before he s with another caller but everything is noted on the account so you won t need to explain it again
p054,refund_department_query,s_54,scam,youtube_asr,yeah thanks for calling [Company] refund department this is how are you doing today hi i had a voicemail saying i was going to get charged for something can you help me with that alright so as i can see there is some fraud activities are going into your [Company] account so can you tell me like are you in front of your computer or laptop right now uh yes [Title] i m at my computer alright [Title] so just use that computer i will assist you over the phone how we are going to cancel the order
p057,billing_query_confused_caller,leg057,nonscam,authored_counterpart,thanks for calling [Company] this is how may i assistance you hi um i have some kind of note a few days ago about a charge can you assistance me uh a few days ago yes or this day i don t know i guess it was earlier this day uh no bother let s work it out from the account could i take the email address uh yes hang on it s thanks have it right so the only charge on here is the monthly one from [contact number] which has been going out for a while does that sound familiar
p071,virus_alert_message,s_71,scam,youtube_asr,thank you for calling support you are talking to how may i help you thank you i receive a note your computer has alerted us it has been infected by a trojan spywear the following data has been compromised [Title] i will tell you what you have to do i ll go ahead and get that checked for you hmm i said may i know the make and model of your computer what i have to do now in this moment [Title] i am asking what s the make and model of your computer
p017,antivirus_renewal,leg017,nonscam,authored_counterpart,[Greetings] this is [Company] calling about your security software licence which is due to expire on [contact number] uh right yeah so you don t need to do anything this day it renews automatically at the price on your account or you can turn that off in the settings if you prefer i m not asking you for card information this is simply a reminder ring uh alright so how much is it it s the same as last year the exact figure is in your account under billing you can look at it whenever suits and alter the plan from there
p010,unexpected_debit_query,s_9,scam,youtube_asr,welcome to tsb fraud prevention please hold one of our representitives will be with you as soon as they can hi there you re through to martin moore at the tsb bank customer service team could i ask you to confirm who i m through to yes my name is and how may i help you today [Title] not sure what s going on but i got a message saying that uh some money has been taken from my account or is it going to be taken from my account ok not a problem at all
p070,call_transferred_complaint,s_70,scam,youtube_asr,thanks for calling support my name is how can i help uh yeah this rude guy just hung up on me i got an email about a purchase i didn t make i tried to just call on this rude guy hung up on me it s all right miss i m online you can share with me thank you um so i got a email that says that i have a pre authorization on my card for an oil pump for [Number] 45 and i definitely did not order that i understand miss don t be worried we re gonna try to cancel that charge you got it okay can you please let me know when you get this charge i got the email last night
p061,unrecognised_charge,s_61,scam,youtube_asr,thank you for calling how can i help you uh yes this is [Company] right yes [Title] i got a message uh that i was being charged for something but i haven t used [Company] oh yes [Title] can you hear me yeah i can hear you yeah like we have seen some kind of suspicious activity on your computer i p address so that means like someone has tried to compromise that information so that s why you have been charged for that so like do you want to cancel the order uh yeah i definitely want to cancel it like sometime like when you use your phone your computer and like unfortunately you have to click that bogus link and you have to share your information
p094,laptop_order_invoice,leg094,nonscam,authored_counterpart,yes um i have an email with an invoice attached saying i have a laptop on order for [contact number] and i m not sure i understand uh let me take the order contact number from it yes it s thanks one moment right so that order was placed from an account with your email but a different delivery address uh that s not me in that case i ll cancel it at the moment the payment was pending so it will drop off before it settles
p032,security_software_query,leg032,nonscam,authored_counterpart,thank you for calling [Company] support if you could wait for the next available [Title] hello thank you for calling my name is how can i assistance you this day hello yeah I believe i ve have a issue with my computer it was talking about a virus and i installed the software and it seems to have found some things and i m not sure what it means if you can assistance alright so what it s found there are mostly temporary files they re safe to clear and the software will do that on its own you don t need to buy anything extra and i don t need access to your machine
p042,laptop_popup_query,leg042,nonscam,authored_counterpart,thanks for calling the support centre how may i assistance you yes i seem to have a problem on my laptop because there s an error screen which i can t receive rid of and it says to ring this contact number uh what exactly does it say on there it says [Product] warning alert and a telephone contact number underneath okay that s a fake pop up the contact number on it is not ours press control and w together to close the tab or simply restart the machine and it will clear itself the laptop is fine
p085,plan_expiry_invoice,s_85,scam,youtube_asr,[Greetings] thank you for calling [Company] hi my name is how can i help you hi um i got an invoice for [Company] today it just says despite your previous plan expiring we have now renewed your service plan as your hobbit auto debit services in effect there is no dollar amount listed well so what what am i being charged still i m trading mom okay and i got information that you have been charged or the auto real subscription which you have last time okay like you want to cancel this order i want to cancel it all right all right i believe that man we have a computer right at your home yes i have a computer uh without wasting your time i m just
p067,agent_location_question,leg067,nonscam,authored_counterpart,thank you for calling support you are talking to how may i assistance you where are you calling from [Title] uh i m at one of our contact centres alright but what country are you in uh we ve have teams in a few places is that a issue no i was simply curious not at all uh so what can i do for you my broadband keeps cutting out in the evenings right that usually points to congestion on the line let me run a look at while you re on
p077,blocked_message_walkthrough,leg077,nonscam,authored_counterpart,thanks for calling online support you re speaking to how may i assistance you this day um hi i have a strange note on my screen that says my computer is blocked for security reasons uh which browser are you using I believe it s the blue one okay so at the top right there should be a small cross next to the tab click that not anything inside the note uh it s gone at the moment good that s all it needed if it appears again it ll be from the same site
p037,network_security_notice,s_37,scam,youtube_asr,dear user your i p address has been blocked due to suspicious activities on your network your personal information may get stolen so please do not login to your email and banking to report this issue please contact [Product] support at or press 1 to speak to our [Title]
p014,subscription_renewal_query,leg013,nonscam,authored_counterpart,[Greetings] thank you for calling how may i assistance you uh i simply have an email saying my subscription is renewing for [contact number] but i don t remember signing up for a year alright let me have a look at for you can i take the email address on the account yeah it s right thank you understood uh so this was taken out on [contact number] on a twelve month plan do you want me to cancel the renewal yeah if you could that s fine i ve done that at the moment you ll receive a confirmation email within the hour and nothing further will be taken from the card
p092,debit_card_purchase_alert,s_92,scam,youtube_asr,thank you for calling customer support how can i help you yes i got an email and text earlier today saying a purchase of [Number] have been made using your debit card in case you have not done this transaction please call this number so as you can see there is an order purchase of bitcoins i can definitely tell you it wasn t my order i wouldn t and touched bitcoin with a 10 foot pole um but as you can see the authorization is coming from your side did you ever share your email and password with anyone else no i have no need to i have no desire to
p055,charge_message_query,leg055,nonscam,authored_counterpart,thanks for calling [Company] my name is how can i assistance you uh yes i had some kind of note that i was getting charged but i don t even use [Company] uh what does the note say can you read it out I'm using my roommate s telephone at the moment so i can t read it to you right at the moment that s okay we can work from the account instead could i take your email uh yes it s thanks let me check right there s no charge on this account at all so whatever that note was it did not come from us
p026,account_details_update,leg026,nonscam,authored_counterpart,[Greetings] oh a very good day to you [Title] this is thank you for getting connected with [Company] how can i assistance you well i don t think i have anything to do with [Company] uh let me look at the contact number you re calling from oh i see we sent you a letter last month about updating the address on your account uh yeah actually i did move that s all it is then you can update it in your online account or pop into any branch with proof of address there s no rush and nothing to make the payment
p083,blocked_message_calm,s_83,scam,youtube_asr,thank you for calling support team this is how may i help you today hi i have a strange message on my screen that says my computer s been blocked due to security reasons all right [Title] don t worry [Title] we are here to help you out so now we can see that someone trying to hack your computer with the help of your ip address okay so that s the reason you receive this follow it on your computer which is the clear case of hacking attempt so you need to simply follow some steps to unblock your computer and update the defender system of your computer yeah click on that run box and type it over there www dot like a period yeah uh
p003,identity_document_renewal,s_2,scam,youtube_asr,[Greetings] this call is from [Company] the purpose of this call is to inform you that your austrian identity has been misused for fraudulent and illegal activity for more information press one
p015,billing_dispute,leg014,nonscam,authored_counterpart,[Greetings] you re through to billing how can i assistance hi i ve been charged twice this month I believe right let me pull the account up uh can you confirm the postcode on the account yes it s okay thanks that s the one uh right yes i can see two charges there on the same day that does check like a duplicate so what i ll do is refund the second one it takes three to five working days to come back to the card you don t need to do anything and i won t need any card details from you it goes back to the same card automatically
p091,invoice_amount_query,leg091,nonscam,authored_counterpart,thank you for calling [Company] how may i assistance you i have an invoice stating that i owe [contact number] uh could i take the invoice contact number if you could yeah it s thank you one moment so according to that reference this covers two devices rather than one uh i only have one device then i ll amend it and send a corrected version the amount will drop by half you don t need to make the payment the first one
p050,account_details_selfservice,leg050,nonscam,authored_counterpart,thanks for calling support this is how can i assistance you I'd like to alter my birth date on my [Company] account can you do that uh i can talk you through it but you make the alter yourself from your login okay before i go further can i ask which device you re using a laptop right so go to settings then personal details and there s an edit option next to the date uh i see it yes that s the one and if the line drops simply carry on you don t need to ring back
p050,account_details_selfservice,s_50,scam,youtube_asr,thank you for calling my phone support this is how can i help you i want to have you help me change my birth date on my [Company] account can you do that right [Title] i will definitely help you out with that before i go ahead any further may i have your first and last name all right thank you and your email address please okay thank you and in case the line got disconnected with the right number
p089,purchase_verification,leg089,nonscam,authored_counterpart,thank you for calling [Company] support my name is how can i assistance you this day I'm looking at what appears to be a purchase with my name on it uh could i take the order contact number from it yeah it s [contact number] thank you one moment right so that order was placed on [contact number] to an address in [Company] uh that isn t my address then it isn t your order i ll cancel it and flag the account the card that was used has already been blocked by the issuer
p061,unrecognised_charge,leg061,nonscam,authored_counterpart,thanks for calling how can i assistance you uh yes this is [Company] right yes [Title] i have a note that i was being charged for something but i haven t used [Company] oh let me check one moment uh could i take the email on the account yes it s thanks have it so the only thing on here is a trial that started on [contact number] and it converts to made the payment next week uh i don t remember starting a trial it happens sometimes with a free download the cancel option is in your account under subscriptions
p099,invoice_received_last_week,s_99,scam,youtube_asr,[Greetings] yes i m calling for yes uh my name is i m i m husband yes i m calling about an invoice that we received last week for [Number] yes yes obviously but today each and everything is not working so we are giving you a call back on tomorrow because you know today the banks are closed right now so we can t make a transaction well our bank cyprus credit union s open yeah why not we will provide you the refund okay we will cancel your subscription and we will send you the funds back so right now where are you by the way it s it s uh yes i came home for lunch to do this i m i m in front of the computer
p067,agent_location_question,s_67,scam,youtube_asr,thank you for calling support you are talking to how may i help you where are you from [Title] i m from [Company] my name is okay but what country are you from [Company] [Company] [Product] support [Title] country there s no there s no country by the name of [Company] seattle washington we have a headquarters here in seattle washington [Title] but what country are you from you re not english no no english [Title] i m born here in washington i m born here in seattle washington
p077,blocked_message_walkthrough,s_77,scam,youtube_asr,thank you for calling online support you re speaking to how may i help you today um hi um i have a strange message on my screen that says that my computer is blocked for security reasons all right miss if you don t mind can you read that complete message for me so that i can easily understand that uh yes okay i m over at the computer it literally says [Company] security warning access to this computer is blocked for security reasons and for the safety if computer has been reported to be infected with trojan spyware the following data is at risk email credentials banking passwords facebook and then on top of that there s a smaller window that says threat detected trojan spyware okay well i m really sorry for the
p075,blocked_message_variant,leg075,nonscam,authored_counterpart,thank you for calling customer support you are talking to how can i assistance you um hello i have a note on my screen that says my computer is blocked for security reasons alright and is there audio with it like a voice reading it out yeah there is that confirms it that s a fake page real warnings from your operating system don t talk uh so what do i do hold the power button until it turns off then begin it again and don t reopen the last tab
p063,supervisor_callback,s_63,scam,youtube_asr,[Greetings] this is calling you from [Company] i am the senior supervisor how are you doing today oh i m fine mr thank you all right so i believe uh [Title] you just had a vote with one of our representatives regarding to your [Number] 95 refund right all right so could you please just explain me [Title] what exactly happened like uh can you see me once again what happened oh um i just got an email that um that i was being renewed for [Number] 95 so i believe that um the subscription which has been ordered i believe that was an unauthorized charge right you didn t authorize that correct right i don t remember if i had it on my own computer or not i probably did um but i just want to cancel it now [Title] in this case what i would be going to do i would be requesting our auto robotic team so that they can simply open up the refund form so that you can
p025,order_confirmation_check,s_25,scam,youtube_asr,we have found some suspicious activity in your [Company] account that someone has tried to order an iphone 11 so that s why we called you do you know about that uh one minute let me confirm your phone number your phone number is okay so this is just a confirmation call and we have found that you haven t uh placed the order right yes that s correct i haven t do we have do we have any computer or laptops so that we can be able to send you an online cancellation form
p068,locked_computer,leg068,nonscam,authored_counterpart,thanks for calling support you are talking to may i assistance you yes my computer has locked me out and I need to assistance i can assistance with that [Title] sorry about the inconvenience uh is it asking for a password or is it a note on a blue background it s asking for a password okay so that ll be the account password rather than anything sinister if you ve forgotten it the reset goes through your email you do that yourself from the login screen there s a forgot password link under the box
p069,phone_verification_policy,s_69,scam,youtube_asr,i m the senior [Title] here in [Company] [Product] support [Title] i don t do anything over the phone [Title] if you don t do it anything over the phone why did you call on this number then why did you call on this number because it s telling me to call on the number so i wanted to see what it says [Title] this is a [Company] [Product] support i will go ahead and work on it yeah okay okay well i ll call you back i ll do some research and call you back thank you [Title] you will gonna face the consequences then i m telling you i will go ahead and work on it yeah okay and call you back
p074,blocked_message_short,leg074,nonscam,authored_counterpart,thank you for calling account support how can i assistance you this day um hello i have a note on my screen saying my computer is blocked for security reasons alright [Title] i understand and those are almost always fake ones on a web page uh how do i tell close the browser with the keyboard and if the note disappears it was a web page real system messages survive a restart
p066,order_charge_notice,s_66,scam,youtube_asr,[Greetings] this call is regarding your [Company] account there is a charge for [Number] 92 in your [Company] account for some products if you made this order then simply hang up the call or please press one immediately to connect our representative thank you
p035,computer_shutdown_message,s_35,scam,youtube_asr,thank you for calling support my name is can i help you today i ve got an important security message i m making it says my computer s being shut down what were you doing on the computer when you have these messages can you lower down the volume of your computer
p011,it_helpdesk_guided_fix,leg010,nonscam,authored_counterpart,[Greetings] yes [Title] this is what yes this is the technician again can you hear me [Title] yes uh from [Company] yes is your computer on yes it is at the moment so what i d like you to do is open the settings menu yourself i m not going to take control of anything you should see it in the bottom corner yes what is this noise coming from your side like it is windy or something hold on let me move the telephone all right at the moment can you hear me clearly uh yes i can at the moment good so from that menu go into updates and tell me what it says at the top
p041,service_ending_notice,leg041,nonscam,authored_counterpart,we are writing to let you know that support for your current software version ends on [contact number] after that date it will keep working but will stop receiving updates if you want to move to the newer version the information are in your account under plans your existing licence runs to the finish of its term either way the contact number for the support team is on our website if you have questions
p039,payment_alert_query,leg039,nonscam,authored_counterpart,thanks for connecting to [Company] my name is how can i assistance you yes i simply have a note there about a payment from my account uh let me have a check could i take the last four digits of the account yes it s [contact number] thanks one moment right so that payment for [contact number] pounds is a standing order that was set up in branch back in [contact number] does that sound familiar oh yes of course that s the one right so nothing is wrong there i ll note that you ve confirmed it and you won t receive another alert about that one
p005,vehicle_service_reminder,leg004,nonscam,authored_counterpart,this is calling from the vehicle service department we are calling about your vehicle s scheduled service we sent you a reminder in the post that the service is due next month and this is a courtesy ring to see if you would like to book it in the price is the standard rate on our price list which you can look at on our website or at the branch if you would like to book you can ring us back on the contact number on your service book or drop in there is no charge for this ring and nothing to make the payment this day
p042,laptop_popup_query,s_42,scam,youtube_asr,thank you for calling the support center how may i help you yes i seem to have a problem on my laptop because there s like a an error screen which i can t get rid of and it says to call this number something but uh okay [Product] warning alert
p082,warning_alert_page,s_82,scam,youtube_asr,thank you for call support this site how can i help you today okay so [Company] warning alert system access has been blocked for security reasons and for the safety your system has alerted us that has been infected with spywear issues threat detected trojan spyware access has been blocked for security reasons and for the safety call [Product] security toll free okay i understand [Title] not an issue now at that time [Title] i believe you can see the pornographic spyware alert am i m right now son all i ve got to tell you i m a preacher and there ain t no way in hell that i ll be watching no porn okay i can explain you [Title] what is the meaning of that that means [Title] the message which you are facing on that
p060,remote_session_query,leg060,nonscam,authored_counterpart,[Greetings] hi thanks for calling technical support this is how can i assistance you hello um i was on with someone earlier because i had a pop up and they had me download a screen sharing thing uh okay who was that with i m not sure it was a contact number from the pop up ah that won t have been us we never work from pop up numbers uh so what should i do at the moment uninstall whatever was put on and alter your email password from a different device the store can do that with you if you d rather not do it yourself
p045,router_security_update,leg045,nonscam,authored_counterpart,your router will install a security update overnight on [contact number] the connection may drop for a few minutes while it restarts no action is needed from you and there is no charge for this update if your connection has not returned by the morning turn the router off at the wall wait thirty seconds and turn it back on information are on our website
p018,bank_verification_callback,s_18,scam,youtube_asr,thank you so much for calling carphone warehouse this is how may i help you hello um yeah so i m with three but i m not very happy with three uh do you do contract with other um with ee for example up until the other test we are doing context with all the major networks uh vodafone o2 ee like our tesco virgin perfect okay so can i can i do a
p043,refund_already_processed,leg043,nonscam,authored_counterpart,[Greetings] this is a ring about the refund on your account for the service you cancelled last month uh yes i cancelled it that s been processed and the money is going back to the card you originally made the payment with it takes about five working days uh do you need my card contact number no the system already has it the refund goes back the same way it came in if it hasn t arrived by [contact number] ring us on the contact number on your statement
p079,business_invoice_query,leg079,nonscam,authored_counterpart,thank you for calling [Company] how may i assistance you um i m calling because i have an invoice for [contact number] but we only use one licence not the contact number it shows uh let me look at the account could i take the company name yeah it s thank you one moment right so the invoice was raised for five seats because that s what was ordered in [contact number] uh that was before we downsized understood i ll amend it to one seat and reissue the invoice you can ignore the first one
p046,blue_screen_error,s_46,scam,youtube_asr,thank you for calling support you re speaking with how can i help you ah well i got one of these big blue things that came up on my screen said that somebody had used something to access my computer and that it was a critical alert and it says let s see your computer has alerted us that is has been infected with a pornographic spyware and virus oh and since how long have you been getting all these things on your computer miss it started yesterday and i just went to bed and left it
p048,software_licence_query,s_48,scam,youtube_asr,welcome to technical support avanquest technical support my name s how can i help you hi my name is um i ve downloaded one safe pc cleaner and it s identified a lot of files that i need to remove but i i can t i can t remove them without um i don t want like a license number or something yes and [Title] that s the reason why you need purchase the license for the onesafe pc cleaner to use all the features in such a case in order to get the detail about this license could you please tell me if you have the order id for purchase no i i ve just downloaded it i haven t ordered it you just downloaded it
p021,refund_claim_followup,leg021,nonscam,authored_counterpart,thanks for calling how can i assistance you hi there my name is and one of your colleagues tried to ring me the previous day but i was very busy so i m simply wondering what the ring was regarding uh could i take the claim reference yes it s [contact number] okay let me check that up okay we tried to ring about your refund claim it has gone through and the money goes back to the account you gave us when you applied yes i ve heard of it so how much would that be the figure is on the letter we posted uh i haven t have that in front of me no bother it will be in your online account under claims
p047,email_password_reset,leg047,nonscam,authored_counterpart,yeah hello yeah hello am i talking to at the moment yeah yeah hello this is from [Company] support i m calling about the password reset request on your email account uh alright let me confirm the email address on the account is at [Company] com is that correct uh yeah that s right and so there was a reset requested the previous day evening was that you uh yeah it was me i couldn t receive in that s all it is then the reset went through and the account is active I'll not be asking for the password itself
p059,pharmacy_order,s_59,scam,youtube_asr,[Greetings] i m calling you from billion medicine pharmacy how are you good can i uh place an order yes [Title] like what medication you take [Title] um i need the morning after pill sorry the morning after pill okay what is the name uh i think that s the name the morning after pill or the i pill you need i pill the morning after pill because i had sex last night i had sex last night okay and i don t want to have pregnant i don t want to get uh how many can i get yeah how much you want
p081,blocked_message_read_out,leg081,nonscam,authored_counterpart,thanks for calling support how may i assistance you hi um i have a strange note on my screen it says access to my device has been blocked for security reasons uh can you read me the top line of it yes it says [Company] security alert right and does the top of the window show a web address yes it does that settles it a real system note has no web address in it so it s a page pretending to be one you can close it like any other tab
p078,blocked_message_with_sound,leg078,nonscam,authored_counterpart,thank you for calling technical support here speaking with how can i assistance you this day hello i have a note on my screen saying my computer s been blocked for security reasons and there s a beeping uh right the beeping is part of the web page it s meant to worry you oh i see so nothing is actually wrong nothing at all finish the browser from the task bar and the sound stops with it your files and everything else are untouched
p013,card_replacement,leg012,nonscam,authored_counterpart,[Greetings] this is [Company] calling about the card replacement you asked for in branch last week uh yes i did right so that s been posted out to you and it should arrive within five working days when it does you activate it at a cash machine or through the app the old card will stop working once you do that no i won t need any details from you on this ring it s simply a courtesy ring to let you know it s on its way if it hasn t turned up by [contact number] give us a ring back
p090,invoice_explanation,s_90,scam,youtube_asr,thanks for getting connected not in how can i help you um yes i got an invoice from [Company] it says that i m gonna be paying [Number] and wondering why i m being charged okay and did you give any approval for this transaction i called my husband and read the invoice to him and he said we re not paying that we don t we re the we use [Company] and i m like well what is a [Company] it is a antivirus and full protection for the computer so if you did not authorize i just uh build up your case with the help of your invoice id number and i can see it is a suspicious charge that figures um is okay so i ll do whatever it takes to get this canceled and if we ve been charged i would like our money back if possible yeah yeah i ll i ll help you for the cancellation you have to go online on your computer then i can help you step by step
p073,spyware_alert_query,leg073,nonscam,authored_counterpart,um i was simply alerted that i have spyware on my computer i understand [Title] i ll take a look at at that with you may i ask what you were doing when the alert came up uh i was reading the news alright and did the alert have a telephone contact number on it yeah it did that ll be a fake one on the page then the security software on your machine puts its notices in the taskbar not in a browser window i d close the tab and carry on
p038,unrecognised_order_email,s_38,scam,youtube_asr,thank you for calling [Company] this is can i help you yeah i was just getting an email saying i ordered a tv but i did not alright [Title] just give me a moment let me check and when did you receive this email today at may i have the email address let s see my email address is i m going to send you a one time verification code ok on your email just to verify i m talking to the right person
p030,laptop_error_screen,s_30,scam,youtube_asr,thank you for calling the support center how may i help you yes i seem to have a problem on my laptop because there s like an error screen which i can t get rid ofand it says to call this number something but uh okay [Product] warning alert
p084,popup_from_social_media,leg084,nonscam,authored_counterpart,thanks for calling support how can i assistance hi i m having a weird problem i was on facebook and a pop up appeared saying i had to ring because my computer was infected uh where did the pop up send you it gave a contact number right that s an advert on the page dressed up as a warning it isn t from facebook and it isn t from us uh i nearly called it plenty of people do close the tab and run a scan with whatever security software you already have
p009,standing_order_query,leg008,nonscam,authored_counterpart,[Greetings] this is calling from the fraud prevention team how can i assistance you hello i received a text note saying someone had set up a standing order alright let me look at that for you could you confirm simply the last four digits of your account yeah it s [contact number] right thank you that s come up here uh so i can see the standing order and it was set up in branch on [contact number] does that ring a bell oh yeah that was me i did that right no issue at all that s all it is then i ll close the alert on our side you don t need to do anything
p025,order_confirmation_check,leg025,nonscam,authored_counterpart,we are calling about a recent order in your [Company] account for a [Product] so that s why we rang do you know about that uh one minute let me check at yes so this is simply a confirmation ring and it looks like the order was placed on [contact number] right yes that was me i did order that lovely that s all we needed then uh do you need anything else from me no not at all i won t be asking for card numbers or passwords everything is already on your account you can see the delivery date in there
p047,email_password_reset,s_47,scam,youtube_asr,yes hello yeah hello am i talking to now yes yeah hi this is from [Company] support department i m your email service provider so how are you doing today uh [Company] okay what s the call about um let me confirm your email address at [Company] com is that correct uh yeah that s right and so yeah within 48 hours ago did you trying to change your [Company] acount password more than 50 times uh no i haven t
p038,unrecognised_order_email,leg038,nonscam,authored_counterpart,thank you for calling [Company] this is can i assistance you yeah i have an email saying i ordered a tv but i did not alright [Title] simply give me a moment let me look at and when did you receive this email this day at uh could i take the order contact number from the top of it yeah it s [contact number] thank you understood uh right so that email didn t come from us the order contact number format is wrong so i d delete it and not click anything in it there s no order on your account and nothing has been charged
p071,virus_alert_message,leg071,nonscam,authored_counterpart,thanks for calling support you are talking to how may i assistance you i received a note saying my computer has been infected uh where did that note appear was it in the browser or on the desktop it was in the browser right that s a fake advert then real warnings come from the security software itself not from a web page close the tab and it goes what if it comes back it may on the same site your machine is fine either way
p011,it_helpdesk_guided_fix,s_10,scam,youtube_asr,[Greetings] yes [Title] this is what yeah this is engineer again can you hear me [Title] yes uh from [Company] yes is your computer is on yes it is now what you need to do you need to look at your computer keyboard right yes on your keyboard extremely left bottom corner do you see the ctrl key the control key yes what is this noise coming from your side like it is windy or something hold on let me clear the line just hold the line all right now what do you believe you can hear me clearly uh yes i can now
p049,account_date_correction,s_49,scam,youtube_asr,thank you for calling my phone support my name is how may i help you yes my name is i d like you to help me get my birthday corrected on my [Company] account i put in an error i put in the current date when i got the computer five years ago and i keep getting these things that say i need a family um family support in order to get into certain apps so you need to change your birthday date on which [Title] like on your email and on my [Company] account so for that you need to call [Company] we are my phone support oh this says this is the [Company] support number here it says on the online internet
p016,parcel_redelivery,leg016,nonscam,authored_counterpart,[Greetings] this is [Company] calling about the parcel we tried to deliver the previous day uh yeah i missed it right no issue it s at the depot on [Company] road and it will be held for a fortnight you can collect it with photo identification or we can try again would you like another attempt yeah another attempt if you could that s fine which day suits uh the day after the next day if you can yeah that s booked in you ll receive a text with a time slot there s nothing to make the payment it was already covered by the sender
p069,phone_verification_policy,leg069,nonscam,authored_counterpart,i m the senior [Title] here in [Company] support [Title] i don t do anything over the telephone that s completely fine and to be honest it s the safer approach uh then why did you ring this contact number you rang us this morning and left a note asking for a ring back oh right yes i did so what i suggest is you carry on through the website where you can see everything yourself i can give you the reference contact number to type in if that helps
p059,pharmacy_order,leg059,nonscam,authored_counterpart,[Greetings] i m calling from [Company] pharmacy how are you good uh can i place an order yeah [Title] which medication do you need um it s the one on my repeat prescription alright uh could i take your date of birth to bring up the record yeah it s thank you have that right so i can see two items on repeat do you want both yeah if you could that s ordered it ll be ready to collect from [contact number] and you make the payment at the counter when you come in
p006,tax_return_query,leg005,nonscam,authored_counterpart,[Greetings] this is [Company] returning your ring about your tax return yes i had a letter about an outstanding amount right i can see that here the amount is [contact number] pounds and it relates to the last filing period uh what do i do about it well you ve have a few options you can make the payment through the online account or set up an instalment plan there s no rush on it the deadline is on the letter and if you think the figure is wrong you can appeal it and we ll check at it again nothing happens in the meantime i m not going to ask you for any details on this ring everything is done through your online account
p034,order_billing_query,leg034,nonscam,authored_counterpart,[Greetings] this is from [Company] customer service we are calling about a recent order contact number [contact number] on your account for a [Product] billed to the card ending [contact number] the amount charged is [contact number] we wanted to look at whether you still want the extended warranty that was added at checkout uh no i don t think i selected that no issue i ve taken it off and the difference will come back to your card in a few days the rest of the order is unchanged and will arrive as planned
p045,router_security_update,s_45,scam,youtube_asr,network firewall detected security error due to suspicious activity found on your network to fix this issue please give us a call on
p046,blue_screen_error,leg046,nonscam,authored_counterpart,thanks for calling support you re speaking with how can i assistance you ah well i have one of these big blue things that came up on my screen and it said something about a critical error and then it restarted itself uh okay how long has that been happening it s happened twice this week that usually means a driver problem rather than anything sinister uh what do i do about it check at for updates from the settings menu yourself and if it happens again bring it in and we ll check at the error log
p013,card_replacement,s_12,scam,youtube_asr,thank you for calling [Company] customer support your approximate wait time is three minutes the next available [Company] customer care executive will answer your call shortly how are you today hello there yes [Title] you re talking with the [Company] how may i help you yes this is the [Company] yes [Title] it s the paypali don t know i received a message from you guys did i need to pay some money can you read the whole message to me which you received from the [Company]
p049,account_date_correction,leg049,nonscam,authored_counterpart,thank you for calling support my name is how may i assistance you yeah my name is i d like to receive my birth date corrected on my [Company] account i put in the wrong year when i first set it up and at the moment some apps are asking for family permission uh right that s what causes it so you can alter it yourself in the account settings under personal information uh could you not do it for me i m not able to alter it from this finish it has to come from your own login which is safer for you the option is under personal information
p091,invoice_amount_query,s_91,scam,youtube_asr,thank you for calling [Company] how may i help you i have an invoice from [Company] stating that i owe [Number] so so according to your invoice number i got to know that whenever you bought a laptop or a desktop [Company] has provided its security for free since the free subscription has been expired [Company] has auto renewed it for five years at [Number] so so are you willing to continue with the subscription or you want to cancel it well cancel it i i hate [Company] i ll never buy [Company]
p098,scheduled_technician_call,s_98,scam,youtube_asr,[Greetings] is this uh yeah [Title] this is you re at home okay so can you get in front of your computer please yeah let me uh get over there okay [Title] so is this the same computer which you were using before yeah it s got the teamviewer application okay i want you yeah i want you to open teamviewer please it s open it says ready to connect connect okay just give me a minute
p044,computer_alert_sound,s_44,scam,youtube_asr,thank you for calling support this is mac how may i help you yes my computer s beeping it says someone signed on to my computer and it s it s a suspicious activity and i could get an infection from it i am really sorry to hear that [Title] can i ask you what exactly you was doing when you got that kind of a message or an alert [Title] all i did was put in american heart association all i did was put in typed in americanheartassociation org to print my i m a nurse and i took a cpr class
p090,invoice_explanation,leg090,nonscam,authored_counterpart,thanks for getting connected how can i assistance you um yes i have an invoice saying i m going to be paying [contact number] and i m wondering why uh let me have a check could i take the reference yes it s thanks have it so this covers the twelve months from [contact number] and it s the same amount as last year uh i thought it had gone up no the cost is held for existing customers you ll see the breakdown on the second page of the invoice
p020,customs_callback,leg020,nonscam,authored_counterpart,[Greetings] [Company] this is [Title] how can i assistance you one of your colleagues tried to ring me this morning did you say [Company] yeah correct [Title] uh could i take your reference contact number from the letter it s [contact number] great one moment let me pull that up alright so this is about the import charge on a parcel coming in from abroad it s all on the letter and you settle it through the online portal there s nothing I need to from you this day
p087,cancel_recurring_charge,s_87,scam,youtube_asr,thank you for calling [Company] this is how can i help you i m being charged [Number] so would you like to continue with it or would you like to cancel it i would like to cancel because we didn t we didn t okay okay okay for the cancellation you have to be seated in front of your computer so i can help you out with the cancellation if your computer is turned on right now yes it s turned on how do you think i can read my email okay can you please open up your [Company] chrome browser on your computer there you will see a long white address bar where you can search and type something do you see that address bar yes i see it give a click over there and make that panel empty it was all right so you can start typing why would it happen okay yeah it doesn t show anything when you open a new tab no no you don t know okay
p044,computer_alert_sound,leg044,nonscam,authored_counterpart,thanks for calling support this is how may i assistance you yes my computer s beeping and there s a note about suspicious activity I'm sorry to hear that [Title] can i ask what you were doing when the note came up uh all i did was open my browser and go to a website okay uh does the note have a telephone contact number on it yes it does that ll be one of the fake alerts they show up on some sites close the browser down completely and it goes away your machine is not infected
p092,debit_card_purchase_alert,leg092,nonscam,authored_counterpart,thank you for calling customer support how can i assistance you yeah i have an email and a text earlier this day saying a purchase of [contact number] had been made using my debit card uh let me bring the account up could i take simply the last four digits yeah it s thank you one moment right so that payment was declined by our system before it went through the money never left the account uh do I need to a new card no the card is still active you can carry on using it
p021,refund_claim_followup,s_21,scam,youtube_asr,thanks for calling how to help you hi there my name is and one of your colleagues tried to call me yesterday but i was very busy so i m just wondering what s the call regarding so can i have a full name [Title] and my surname is okay alright we just tried to call you yesterday about the refund of your mis sold ppi claim yes i ve heard of it so how much would that be the full amount of which you are entitled to receive is
p001,unrecognised_order_query,leg000,nonscam,authored_counterpart,[Greetings] yes i ve have an email here about a laptop i didn t order can you assistance with that yes of course have you have the order contact number on that email yes it s [contact number] right let me pull that up okay so i can see it here that was placed on the fifteenth and it s going to the address we ve have on file ending in [contact number] does that sound like yours uh no that s not my address right okay so this one isn t yours then what i ll do is cancel it from this complete and put a note on the account you don t need to do anything else and if a charge does show up ring the contact number on the back of your card and they ll reverse it
p036,work_computer_locked,leg036,nonscam,authored_counterpart,thank you for your ring speaking with how can we assistance you hello i was simply trying to watch something on my computer and it s telling me it s locked alright and is this your personal computer or a work one it s a work computer right in that case the lock will be your company s own security policy uh so what do i do the best thing is to contact your it department directly they ll have the unlock code i can t unlock a machine i don t manage and i wouldn t want you giving me access to a work device anyway
p076,blocked_message_reassurance,s_76,scam,youtube_asr,thank you for reaching tech support this is how may i help you today hi um i have a message on my screen that says my access to the computer s blockfor security reasons it s all right you don t need to worry about that [Title] well it says my facebook login and my banking has been data is at risk so i am worried it seems like there is a bridge on your network which means it s an attempt of hacking with a second place when you click on an unknown website all right they can just it wasn t unknown it was on facebook it was on
p058,purchase_confirmation,s_58,scam,youtube_asr,thank you for calling [Company] this is how may i help you hello um i was talking to or or something yeah [Title] there is a purchase for iphone on your [Company] account okay so have you made this purchase or not because this is just a very efficient call so have you made this purchase or not uh no can i please speak to because he locked my computer sorry [Title] can i please talk to him because he locked my computer
p029,appointment_reminder,s_29,scam,youtube_asr,you have to press 1 to get connected to the [Title] of [Company] if in case you don t press 1 and your call is not connected to us then the warrant will be issued under your name straight away and you will get arrested shortly
p054,refund_department_query,leg054,nonscam,authored_counterpart,yes thanks for calling the [Company] refund team this is how are you doing this day hi i had a voicemail saying i was going to receive charged for something can you assistance me with that uh sure could i take the account email yes it s thanks one moment right so that note was about the annual renewal coming up on [contact number] uh so am i being charged only if you leave it running you can turn the renewal off in your account settings under billing i m not able to take payment over the telephone anyway
p094,laptop_order_invoice,s_94,scam,youtube_asr,yes um i got an email and had an invoice attached to it it s telling me that i have something on order a dell inspiron laptop and it was [Number] and i m not quite sure i m understanding why i m getting this do you do not have an [Company] account i have an [Company] account so obviously maybe some issue happen while you receive this email can i have your first and last name [Title] so that i can check the details for you yes my first name is last name is i ll just go ahead and check that that why you received this email if you didn t use this okay hold the line for a minute i ll be back don t mind my silence okay t
p084,popup_from_social_media,s_84,scam,youtube_asr,thank you for calling support how can i help hi i m having a weird issue with my computer i was in my facebook and a pop up popped up and said i had to call you because my computer has been blocked okay [Title] because when you were on facebook over there you clicked on infected link or any ad that s why trojans infections they transferred in your computer okay so what do i do so now i so now i have to give you instructions which you have to follow so that i can able to find out what exactly happened wrong in your computer and tell you how we re gonna fix it and how much
p026,account_details_update,s_26,scam,youtube_asr,[Greetings] oh a very good day to you [Title] this is thank you for getting connected with [Company] how can i help you well i don t think i have anything to do with [Company] well actually [Title] the thing is that uh yes india we have we have received some notification uh we re checking our system that someone else is using your number and your personal details do you know who is
p072,missed_callback,leg072,nonscam,authored_counterpart,thank you for calling [Company] my name is how can i assistance you hello i called earlier and someone was going to ring me back i m not sure if they did my name is uh let me find the note one moment right yeah i can see it here the callback was logged for this afternoon so you ve have in first uh could you assistance me instead yeah i can the note says it was about the billing date so let s do that at the moment
p098,scheduled_technician_call,leg098,nonscam,authored_counterpart,[Greetings] is this uh yes [Title] this is calling about the appointment you booked are you at home okay so can you receive in front of your computer if you could yes let me receive over there okay [Title] and is this the same computer we discussed on the last ring yes it is right so what i d like is for you to open the settings menu yourself and read out the version contact number at the bottom i m not going to connect to the machine at any point
p078,blocked_message_with_sound,s_78,scam,youtube_asr,thank you for calling technical support here speaking with how can i help you today hi i have a message on my screen that says my computer s been blocked for security reasons and for safety no problem [Title] i will surely help you okay let me go ahead and guide you some of the troubleshooting steps which you have to follow so i can go ahead and connect your network to our server so i could diagnose the problem and i will let you know why you are getting such kind of alert on the computer look at on the computer keyboard on the left hand side bottom corner of your keyboard do you see there is a control key you want the serial on the left hand side do you want the serial number or
p065,security_awareness_call,leg065,nonscam,authored_counterpart,so [Title] my name is and i m from the security team at [Company] how are you doing this day good so i m ringing round customers who had a login from an unfamiliar location uh what does that mean it means someone signed in from a place we haven t seen before on your account uh was it me possibly if you travelled or used a vpn recently uh no i haven t in that case alter the password from your own device the sign in history is on the security page so you can see it yourself
p030,laptop_error_screen,leg030,nonscam,authored_counterpart,thanks for calling the support centre how may i assistance you yes i seem to have a problem on my laptop because there s like an error screen which i can t receive rid of and it says to ring this contact number okay uh what does the note actually say on the screen it says [Product] warning alert right that s not one of ours i m afraid those pop ups are fake and the contact number on them isn t us what i d do is close the browser completely and restart the machine you don t need to ring anyone or install anything
p028,tax_office_return_call,leg028,nonscam,authored_counterpart,thank you for calling [Company] yeah i received a telephone ring earlier i was told to ring back can i take the reference from the letter yeah this is [contact number] thank you one moment uh right i can see it here we were following up because a form was submitted without a signature that s all it is oh is that all yeah you can sign it in your online account or post the paper copy back the address is on the letter and there s no deadline pressure on this one take your time
p012,missed_call_followup,leg011,nonscam,authored_counterpart,[Greetings] i received a missed ring from this contact number what is this regarding do you know uh okay let me have a check you have reached the [Company] department and i can see here we were trying to reach you the previous day about the form you submitted right that s right you re speaking to [Title] and i m from the [Company] department how are you doing this day first of all i thought everything was submitted correctly no there s nothing wrong it s simply that one field was left blank you can fill it in through the online account whenever suits there s no deadline on it and nothing to make the payment
p004,online_order_confirmation,leg003,nonscam,authored_counterpart,[Greetings] this is from [Company] customer service we are calling about a recent order contact number [contact number] for a [Product] on your account which is billed to the card ending [contact number] the amount charged is [contact number] we simply wanted to confirm the delivery slot with you as the original one has changed uh yeah that s my order right so we can do [contact number] or the day after which suits you better the second one is fine that s no issue at all we ve moved it you ll receive an email confirming it and there s nothing else you need to do
p005,vehicle_service_reminder,s_4,scam,youtube_asr,this is calling with the vehicle service department we are calling about your vehicle s manufacturer s warranty we sent you several notices in the mail that you have yet to extend your warranty past the factory cutoff and this is a courtesy call to renew your warranty before we close the file if you are interested in renewing your auto warranty now please press five now or press 9 to be removed from our list
p055,charge_message_query,s_55,scam,youtube_asr,thank you for calling [Company] my name is how can i help you uh yes i um had some kind of message that i was getting charged but i don t even use [Company] what kind of message you have in your phone could you please try to explain us i am using my roommate phone now so i can t read it to you right now i m sorry my phones [Title] if you cannot read it me then how can i help you with that well don t you work for [Company] [Title] i am from [Company] but without having any confirmation from your end how can i check
p076,blocked_message_reassurance,leg076,nonscam,authored_counterpart,thanks for reaching tech support this is how may i assistance you this day hi um i have a note on my screen saying my access has been blocked for security reasons it s all right that one goes round a lot uh is it real no it isn t a website is showing you a picture designed to check like a warning uh should i make the payment for something no there s nothing to buy and no contact number to ring on it press escape then close the browser
p012,missed_call_followup,s_11,scam,youtube_asr,[Greetings] i received a missed call from this number what is this regarding do you know uh okay can i have your name please that s my full name you have reached the [Company] department right now and i can see here we were trying to call you yesterday right that s right you re talking to [Title] right now and i m from [Company] department how are you doing today first of all i thought all my taxes were all in fine i mean i didn t know i have a problem with [Company] no we don t want to talk about the taxes
p070,call_transferred_complaint,leg070,nonscam,authored_counterpart,thank you for calling support my name is how can i assistance uh yeah the last person hung up on me i have an email about a purchase i didn t make sorry about that the line drops sometimes when calls are moved between teams uh can we simply sort it out yeah let me take the order reference from the email it s [contact number] thank you one moment right i can see it that order has already been cancelled by our fraud team so nothing has been taken from your card
p087,cancel_recurring_charge,leg087,nonscam,authored_counterpart,thanks for calling [Company] this is how can i assistance you i m being charged [contact number] and I'd like to cancel uh certainly could i take the account email yes it s thanks that s brought it up so this is the yearly renewal from [contact number] would you like it cancelled from the next billing date yes if you could done and the current period runs to [contact number] so you keep access until then uh do i receive anything back the part you ve already used isn t refundable but nothing further will be taken
p014,subscription_renewal_query,s_13,scam,youtube_asr,[Greetings] dear customer this is call from [Company] prime support to let you know that your request of [Company] prime subscription for one year will going to proceed and you have been successfully charged of 79 99 from your account if you want to cancel and want a refund please press one to talk with our representative or simply hang up to continue thank you thank you for getting connected with [Company] prime support how may i help you uh i just got a recorded message saying that uh i got a 79 pounds um subscription for [Company] but i don t remember doing that
p095,cancellation_department,s_95,scam,youtube_asr,thanks for get connected to the cancellation department this is how are you doing today hi well i have an email invoiced in this morning i m being charged [Number] and i m not sure i understand why that says on thank you for choosing [Company] protection plan um you find the related invoice sympathetically against the contributions for the auto reclamation code quantity [Company] total security and where did you get this email in your computer or in your cell phone and i got it on i got it on my email just too long for a moment let me check it in my system and you did not authorize for this subscription right now of course not i don t even know what at [Company] total protection is well let me tell you about [Company] is a utility software for the computer protection okay it s like [Company]
p018,bank_verification_callback,leg018,nonscam,authored_counterpart,[Greetings] this is [Company] returning your ring you rang about a payment you didn t recognise yeah that s right alright so i simply need to confirm i m speaking to the right person could you give me the first line of your address yeah it s thank you that s a match right so the payment you queried was [contact number] on [contact number] uh yeah that s the one right that one has been confirmed as a card payment made in store on that date does that sound familiar oh actually yeah it does i d forgotten right that s all it is then i ll close the query
p029,appointment_reminder,leg029,nonscam,authored_counterpart,you can press 1 to hear this note again or stay on the line to speak to someone this is a reminder about your appointment on [contact number] at the office on [Company] road if the time no longer suits you can alter it in your online account or ring us back on the contact number on your letter there is nothing to make the payment and nothing you need to bring apart from photo identification thanks
p032,security_software_query,s_32,scam,youtube_asr,thank you for calling reimage support please wait for the next available [Title] hi thank you for calling reimage my name is how can i help you today hi yeah i think i ve got a problem with my computer it was it was talking about a virus first and i downloaded re image and it seems to have identified some things and i m not sure what it means if you can help okay okay if i got it correctly you are saying that you have virus in your computer is that right [Title] well i saw a message about a virus and i was prompted to download reimage and it did a scan and it s detected some stability issues is that something you can help with
p036,work_computer_locked,s_36,scam,youtube_asr,thanks for your call speaking with can we help you hi i was just trying to watch movies in my computer and it s telling me it s locked and i have to call security okay and what were you trying to do on this computer i m watching movies is this your personal computer or it s a family computer its a work computer it s a work computer okay so do you have any it guy sorry do you have any it guy in your work in your office no my home no i brought my work laptop home
p095,cancellation_department,leg095,nonscam,authored_counterpart,thank you for getting connected to the cancellations team this is how are you doing this day hello well i had an invoice this morning and i m being charged [contact number] and i m not sure why uh let s look at could i take the email on the account yeah thank you understood so this is the renewal that was set up when you first joined would you like me to stop it renewing yeah if you could that s done at the moment the current term ends on [contact number] and nothing goes out after that
p004,online_order_confirmation,s_3,scam,youtube_asr,[Greetings] this is from [Company] customer service we have seen a recent order number amz [Number] of iphone 11 pro on your account which is billed on your card attached to your [Company] account the amount charged in [Number] we noticed some suspicious activity on your account so we have put in hold to this transaction please press one now and to report please press two thank you
p015,billing_dispute,s_14,scam,youtube_asr,[Greetings] dear customer your internet is getting disconnected within four hours due to router malfunctioning please get in touch with technical department for a replacement router and reconnection of internet please press one to speak to your internet service provider thank you thank you for getting connected with the internet department you are speaking to how are you doing today sorry you you
p082,warning_alert_page,leg082,nonscam,authored_counterpart,thanks for calling support how can i assistance you this day okay so i ve have a [Company] warning alert saying system access has been blocked for security reasons uh yes I'm aware the one it goes round in waves is my computer at risk no it isn t the page can t do anything to your machine it s simply showing you text uh it looks very convincing they re designed to close the window and clear your browsing history for that site and it won t come back
