id,label,source,text,original_id,pair_id,pair_id
210,scam,youtube,the cancellation department this is how may i assist you hi my husband i got your call yep voicemail ma'am what's going on okay do you have your personal computer is it at your place yeah we have a computer yes so the firewall protection for your computer has expired he's talking about a computer and he's talking about our computer the box with the things the technology yeah yeah yes okay what's wrong with it okay the firewall there was a fireball protection which you were subscribed to which is expired now you have to pay 300 to wish and continue the new updated version do you wish that or you want to,210,210,210
75,scam,youtube,thank you for calling customer support you are talking to how can i help you hi i have a message on my screen that says my computer is blocked for security reasons okay and is this happening for the first time on your computer or has it happened prior to this once i've never seen anything like it okay and what were you trying to do on the computer when you got this message links that i i came across one was on facebook and what i clicked on i got this warning i'm not sure what i clicked on to get,75,75,75
85,scam,youtube,hello thank you for calling mcafee hi my name is how can i help you hi i got an invoice for mcafee today it just says despite your previous plan expiring we have now renewed your service plan as your hobbit auto debit services in effect there is no dollar amount listed well so what what am i being charged still i'm trading mom okay and i got information that you have been charged or the auto real subscription which you have last time okay like you want to cancel this order i want to cancel it all right all right i,85,85,85
154,scam,youtube,thank you for connecting with the cancellation department how may i assist you yes i had a missed call from this number it said to call for my refund yes sir so right now sir what you want to do do you want your refund or do you want to renew it no i want my refund i didn't know i was paying it all right no problem actually sir right now what happened your computer firewall security and the windows defender has got expired and right now your computer needs to be updated okay so that is the reason we will call you to,154,154,154
80,scam,youtube,thank you for calling support how can i help you hi i got an email with an invoice for 349 and i'm really really confused why you were confused because i don't even know what mcafee is what is a mcafee mcafee is the charges that has happened to use your account for what yeah so you need to go to your computer so i can help you to go ahead and cancel right now you need to follow the instructions i'm gonna tell you how to do it okay okay i appreciate that now do one thing sir as you are having,80,80,80
87,scam,youtube,thank you for calling norton this is how can i help you i'm being charged 255 so would you like to continue with it or would you like to cancel it i would like to cancel because we didn't we didn't okay okay okay for the cancellation you have to be seated in front of your computer so i can help you out with the cancellation if your computer is turned on right now yes it's turned on how do you think i can read my email okay can you please open up your google chrome browser on your computer there you will see a long white address bar,87,87,87
188,scam,youtube,thank you for calling mcafee you're speaking with abel how may i help you yeah hello yeah how's yeah hi this is this is i'm calling about an email that i received earlier today may i know what it says sir yeah it says due february 2nd 298 99 mcafee incorporated powered by quickbooks we have received your order and it's your orders being auto renewed but i don't want this i didn't order this i think there's been some kind of mistake i think there's a mistake am i speaking with it's we're speaking with yes okay there must be an invoice that would be a invoice number would,188,188,188
155,scam,youtube,yeah i had a missed call from this number yeah so this is a amazon refund department you have been you you have paid 599 for iphone 11 so we just want to confirm it that have you purchased that iphone no not that i'm aware of that is the reason sir we have been calling you just to check it out that the payment has been done that this is a genuine transaction or not for your safety sir you need to go ahead and turn on a computer i am getting your computer connected to our accounts department so if the money,155,155,155
170,scam,youtube,my name is how can i help you hi david i got an email from you about my was it mcafee subscriptions okay go ahead okay well i don't i don't really want to pay the 399 i prefer to cancel that okay you want to cancel all the services and why you want to cancel it because of the money yeah mostly this is a okay definitely ma'am we will cancel the services and for that we have to remove the services from your computer okay i'm sorry could you speak up a little bit it's a little hard to hear what you just said okay i'm telling you in order to cancel other services we have to remove the services from your computer is that,170,170,170
63,scam,youtube,hi this is calling you from mcafee i am the senior supervisor how are you doing today oh i'm fine mr thank you all right so i believe madam you just had a vote with one of our representatives regarding to your 395 95 refund right all right so could you please just explain me madam what exactly happened like can you see me once again what happened oh i just got an email that that i was being renewed for 395 95 so i believe that the subscription which has been ordered i believe that was an unauthorized charge right you didn't authorize that correct right i don't,63,63,63
76,scam,youtube,thank you for reaching tech support this is how may i help you today hi i have a message on my screen that says my access to the computer's blockfor security reasons it's all right you don't need to worry about that ma'am well it says my facebook login and my banking has been data is at risk so i am worried it seems like there is a bridge on your network which means it's an attempt of hacking with a second place when you click on an unknown website all right they can just it wasn't unknown it was on facebook it was on,76,76,76
132,scam,youtube,a very good day to you this is from amazon how may i help you oh yes i had something wrong with my account did you place that order of an iphone from your amazon account sir no no why would i do that my phone works perfectly fine and are you the only user of this amazon account or except you anybody else also use it for online shopping no i'm the only one that uses this one you're the only one all right so that means it's a fraudulent transaction sir which is happening to your account right i'm assuming because i didn't order an iphone all,132,132,132
229,scam,youtube,thank you for calling paypal please press one to talk with an agent your call will be recorded for training and monitoring purposes thank you thank you for calling paypal this is how can i help you hi i'm calling microsoft because i have a problem with my product key okay oh oh yeah so you have received a pop up from microsoft right yes i received an offical pop up pop up from paypal and microsoft okay and is it asking for the product key correct yes what's the product code okay okay so first of all i'd just like to let you know ma'am in order to provide you with,229,229,229
113,scam,youtube,is this mr yeah this is you today i'm doing pretty good how are you i'm doing very well thanks for asking lovely lovely so you must be knowing that our company is giving you a refund of 399 which you will subscribe and this refund is being given to you because the service will not be needed in your computer anymore yeah 389 399 99 i was telling the last time we paid for norton was back in 2004 i haven't bought norton in a long time i'm surprised i'm being charged this is not only not this that is being said this is a,113,113,113
227,scam,youtube,thank you for calling microsoft this is how may i help you today i need to speak with someone about a problem with my computer please okay right now you're talking with technician from microsoft my name is could you please tell me what were you doing on your computer when when you got this alert sir hey it's yeah i'm calling about my windows defender oh okay sure so could you read out that alert for me what do you see on the screen sir so i can help you it well i got the windows on the computer and okay could you read it a while ago they because i use it i use the computer purely for my the the emails and all the messages okay and,227,227,227
125,scam,youtube,thank you for calling technical support how can i help you hi i'm getting a message on my screen that says access to this device has been blocked for security reasons oh are you doing something on the internet ma'am when this thing happened yes i was looking at dress patterns and i came across a lovely article that was hosted on a facebook page yes let me tell you ma'am why the reason your computer has been blocked out because whenever you're looking something on the internet there will be some kind of a harmful that is called trojan it is an internet infection which is coming over the,125,125,125
114,scam,youtube,thank you for calling norton this is how may i help you yes my name is i was trying to contact my wife was working with them on getting an invoice refunded to us okay so do one thing open up your google chrome you want me to click on any desk okay it's got okay now give a click on download now now you need to click on never show incoming session do you see third option over there never show incoming session a turd option what do you mean by turd option,114,114,114
57,scam,youtube,thanks for calling geek squad this is how may i help you hello i got some kind of message a few days ago about a charge from geek squad or best buy or something like that can you help me a few days ago yeah or today i don't know i guess i was earlier today i've been drunk for like three days so i don't really know what what day it is what you need to do you just need to be in front of your computer so that i can connect you with the cancellation department so are you in front of your computer right now,57,57,57
152,scam,youtube,thank you for calling how can i help you yeah i'm returning a phone call about my refund yeah this is for the services this call is for the services of your computer so you want to renew the services or you just want to cancel it yeah no i don't want to renew it i didn't know i was paying for it sorry i didn't get you i said no i don't want to renew it i didn't even know i was paying for it okay not a problem sorry so you have to just fill up a cancellation form on your computer i'm going to provide,152,152,152
112,scam,youtube,hello hello thank you for calling paypal my name is i'm husband she said that i should call you yes told me i help you sir while we have a invoice from paypal for christmas lights 507 99 are you feeling okay you sound like you sound like you might have a cold no no i'm fine sir okay you got a little bit of a cold okay yeah christmas lights do you want to cancel the subscription or you have an issue with your order i love christmas lights but not that much i mean that's expensive okay in order to cancel it what you need to do sir is that first of all you,112,112,112
111,scam,youtube,thank you for calling paypal support this is how may i help you hi this is this is my wife made arrangements for me to work with you yeah the reason we just received our two more requests for one week for 950 and one is for 630 well the one that i'm looking at i believe this it says 874 so we can see here like someone logged into your account in russia i believe you guys don't know anybody in russia right no no i don't know anybody in russia that's crazy am i gonna get my money back you're going to get,111,111,111
104,scam,youtube,thank you for calling billing and cancellation this is here how are you hi it's it's i just got home from work i took off my work clothes you can help me out with my amazon okay yes ma'am yes yes well it might be as i told you as you do not have any amazon account was it 799 that's a lot of money oh my goodness what can we do all right so what i'll do i'll first of all well do one thing i first of all i'll just secure your amazon account right now so we are gonna we have to refund you the money okay that is 799 and,104,104,104
65,scam,youtube,so sir my name is and i'm from the cyber security department right now how are you doing today good so right now so what exactly is happening there are these hackers they're having their a bunch of devices being connected with your amazon account and with your personal informations right now and also we got to know the root cause of this problem the root cause of this problem is your ip address do you know what ip address stands for or what exactly it is no the ip address is something which is connected with your wi fi which is attached with your wi fi and the full form the of ip address,65,65,65
17,scam,youtube,hello hi how can i help you today sorry i got a mised call from this number i'm not really sure what's about is it the dentist i have an appointment next week no you're calling a national debt helpline we help people for the unsecured debt for free government program well you know what i i lost my job six months ago and i haven't been paying my bills so is it something you can help with yes of course so what could be the total debt level that you brought properly on any rough idea like five thousand ten thousand fifteen thousand at the moment seven thousand seven thousand pounds,17,17,17
61,scam,youtube,thank you for calling how can i help you yes this is paypal right yes ma'am i got a message that i was being charged for something but i haven't used paypal oh yes ma'am can you hear me yeah i can hear you yeah like we have seen some kind of suspicious activity on your computer i p address so that means like someone has tried to compromise that information so that's why you have been charged for that so like do you want to cancel the order yeah i definitely want to cancel it like sometime like when you use your phone your computer and like unfortunately you have to click that,61,61,61
242,scam,youtube,thank you for calling support you're speaking to how can i help you hello i'm calling because i'm getting a message on my computer that says my computer's blocked for security reasons oh well ma'am your voice is breaking up could you please repeat that again okay on my screen in my browser there's a message it says windows defender security center access to this computer is blocked for security reasons and it says to contact microsoft support okay what is the last activity that you're running on that laptop i was just trying to look up stencils for for dresses i'm going to try to pick up sewing okay,242,242,242
235,scam,youtube,customer support this is how am i assist you today yeah hey i'm calling about a message i just got on my computer maybe five minutes ago tells me to call windows microsoft customer support about a security warning so your device is not working right now right yeah i know it's no yeah it's i can't use it all right so you're trying to log in your device but it's not working right correct all right what it what can you see on your screen so please tell me so i can be help you out wait sorry repeat the can you i'm sorry can you repeat the the what you said,235,235,235
101,scam,youtube,hello yes this is calling for all right this is sir so you back to your home yeah i just got home i'm just turning on turning on the computer again okay how's your day so far it's really frustrating irritating sir why yes we got two days you know wednesday from wednesday to friday the cancellation keeps going on and you know the cancellation is the big right just open a new tab in your google chrome okay it's open now there,101,101,101
106,scam,youtube,i got a missed call from this number how can i help you well i got a call from amazon what was the reason what exactly i can see right find my system like yesterday someone has placed an order of an apple macbook pro and in the under your name this order has been made so this is the confirmation has been sent to you whether you have authorized this order to make this no i didn't that's why i'm a little concerned here but it simply means so it simply means now this is an unauthorised transaction and right now we have found some suspicious active into your account who is trying to mislead your name,106,106,106
194,scam,youtube,thank you for calling support you're speaking with how can i help you hi i'm i'm calling in regards to a little bit of a problem that i'm that i just got on my my computer i don't okay i don't know exactly what it is but but i was browsing the web and it said that access to my pc had been blocked okay not a problem ma'am we have to just diagnose your system and can you tell me one thing ma'am what was the last thing you were doing on a computer when you get the alert well i was trying to get some someone told me about,194,194,194
146,scam,youtube,hello hello i'm calling about my refund sure wish you a very good day sir this is here and we are calling you from the microsoft refund department how are you doing today i'm doing great how are you doing you sound like you're out of breath are you running i'm fine you sound like you're breathing i'm fine thanks for asking well sir the call is well sir the call is about your refund okay like did you remember that last time you made a payment to our company for the maintenance of your computer services i don't no and that's why i was i don't know,146,146,146
185,scam,youtube,welcome to amazon you're speaking with how can i help you today yes i i need to talk to somebody about an order that i i don't understand on my email please okay no problem ma'am i'll be happy to help you what i can help you with that ma'am please tell me how can i help you if you have any problem with an order so i i can hardly understand what you're saying ma'am can you hear me fine oh that's a little bit that's a little bit better okay ma'am i'm saying if you have a problem with an order you can ask me about it,185,185,185
88,scam,youtube,thank you for calling customer support my name is how can i help you yes i just got home and noticed an email that was in my inbox i'm telling me that i have a seven almost seven hundred 693 93 a bill for a product called mcafee i don't understand why we're paying for this i don't even know what mcafee is okay so it is for your computer do know about it we were told by geek squad that our computer came with free antivirus called windows defender okay so you would like to cancel it yes please that price is,88,88,88
54,scam,youtube,yeah thanks for calling amazon refund department this is how are you doing today hi i had a voicemail saying i was going to get charged for something can you help me with that alright so as i can see there is some fraud activities are going into your amazon account so can you tell me like are you in front of your computer or laptop right now yes sir i'm at my computer alright ma'am so just use that computer i will assist you over the phone how we are going to cancel the order,54,54,54
79,scam,youtube,thank you for calling norton securities how may i help you i'm calling because i have a a paypal invoice for norton 360 it's being charged 349 we only use our paypal for emergencies and for us to be charged on my emergency this is not paypal this is norton security so the payment method is doesn't matter just confirm me what would you like me to do with this auto renewal i need to cancel and get my money back if i'm being charged all right so right now what we will be doing we will be going ahead and canceling the order for you okay open up your,79,79,79
117,scam,youtube,yes hello yes is there yeah how can i help you sir hi it's it's i'm husband oh yes husband right she told me that she started a phone call with you with regard to an order it looks like it looks like something was ordered without our permission or something that was going to renew and we need to stop yeah yes i remember that so are you front of the computer right now yeah excellent due to how to get you cancellation and refund form yes i am i'm at home i'm at home in front of the computer all right so please open the,117,117,117
225,scam,youtube,thank you for calling support this is how may i help you today yeah can you can you transfer me to the just technical support team my computer sure you're talking to microsoft technical support okay so i'm already in the right place great great i got yes a little bit of a little bit of a problem i don't know how to fix in that i was on the laptop doing the same thing i do every day okay and for some reason i it's telling me that access to the computer has been blocked due to security reasons and now that doesn't normally happen so i'm a little,225,225,225
135,scam,youtube,thank you for calling in geek squad this is how can i help you yes this is i had a message to call this number oh yeah man this call is regarding your computer a laptop services it's called expired and for the renewal you're about to get a charge of two hundred and ninety nine dollars what this is just a confirmation call whether you want to renew 299 for what for your computer services like firewall securities windows defender antivirus services web services etc i thought i needed that stuff on my computer i didn't know i was paying for it i thought it,135,135,135
68,scam,youtube,thank you for calling support you are talking to saw may i help you yes my computer has been locked down i need help i'll help you out ma'am for sure sorry for that inconvenience let me explain you let me explain you something here very quick ma'am hackers somehow they get in your computer and they have installed so many harmful viruses over there with the help of that they are trying to get in your ip addresses everything has been compromised and that is the only reason ma'am you are not allowed to make any calls because you're lying to your networks everything has been compromised or hacked okay so can you tell me that which bank are you,68,68,68
49,scam,youtube,thank you for calling my phone support my name is how may i help you yes my name is i'd like you to help me get my birthday corrected on my microsoft account i put in an error i put in the current date when i got the computer five years ago and i keep getting these things that say i need a family family support in order to get into certain apps so you need to change your birthday date on which sir like on your email and on my microsoft account so for that you need to call microsoft we are my phone support oh this says this is the microsoft support number,49,49,49
58,scam,youtube,thank you for calling amazon this is how may i help you hello i was talking to or or something yeah ma'am there is a purchase for iphone on your amazon account okay so have you made this purchase or not because this is just a very efficient call so have you made this purchase or not no can i please speak to because he locked my computer sorry ma'am can i please talk to him because he locked my computer,58,58,58
150,scam,youtube,how may i help you yes this is microsoft yes okay i had a pop up this microsoft tell me to call this number okay okay can you tell me what do you see exactly on your screen it just had my desktop because i closed it all out i wrote down the number and then i called okay so right this time your computer is shut down no i just have my desktop open okay and what do you see on your desktop it's i gotta open it back up it went to sleep so i had to open it back up give me one second yeah take your time okay you,150,150,150
60,scam,youtube,hello hi thank you for calling technical support this is how can i help you hey i was on with this guy because i had a pop up and he had me a download ultra viewer and then he just like shut his phone off and he didn't help me well do you have the ultra viewer id and the password on your screen yes sir i do can you are you able to help me well all right just give me one minute okay okay i just want to make sure i'll be connected just give me one minute right just give me one minute and you said you have,60,60,60
216,scam,youtube,thank you for calling norton this is how can i help you hi there thank you if you could please transfer me to anyone in the help desk who could help me cancel an order that would be greatly appreciated thank you i will help you are you in front of your computer i am yes okay can you give me five to ten minutes and i will give you a call back god can you transfer me to someone else then i mean i really want to get this thing canceled i don't have a lot of time you know transferring someone else i will help you i will be i will go out and call,216,216,216
153,scam,youtube,calling this is how can i help you yeah i'm going about my refund i said you're closing down or something okay you okay you want you want to cancel right yes okay are you in front of your computer side is your computer on yes okay so tell me what do you see on the computer my computer screen okay look at the very bottom left hand corner at the very bottom left corner which icon do you see on my computer screen i see a windows start key yes yes yes right beside that right beside that right beside the windows start,153,153,153
241,scam,youtube,thank you for calling support this is how can i help you hello can you hear me can can you yeah i can hear you you can hear me yeah i can hear you hi i received this a message popup message on my computer telling me that i need to contact this number because access to this pc has been blocked for security reasons to see what is going on here all right i will surely help you out can you just let me know what do you see on your computer screen can you read that yeah it says windows defender system warning windows,241,241,241
48,scam,youtube,welcome to technical support avanquest technical support my name's how can i help you hi my name is i've downloaded one safe pc cleaner and it's identified a lot of files that i need to remove but i i can't i can't remove them without i don't want like a license number or something yes and sir that's the reason why you need purchase the license for the onesafe pc cleaner to use all the features in such a case in order to get the detail about this license could you please tell me if you have the order id for purchase no i i've just downloaded it,48,48,48
77,scam,youtube,thank you for calling online support you're speaking to how may i help you today hi i have a strange message on my screen that says that my computer is blocked for security reasons all right miss if you don't mind can you read that complete message for me so that i can easily understand that yes okay i'm over at the computer it literally says windows defender security warning access to this computer is blocked for security reasons and for the safety if computer has been reported to be infected with trojan spyware the following data is at risk email credentials banking passwords facebook and then on top of that there's a smaller window that says threat detected trojan spyware okay well,77,77,77
36,scam,youtube,thanks for your call speaking with can we help you hi i was just trying to watch movies in my computer and it's telling me it's locked and i have to call security okay and what were you trying to do on this computer i'm watching movies is this your personal computer or it's a family computer its a work computer it's a work computer okay so do you have any it guy sorry do you have any it guy in your work in your office no my home no i brought my work laptop home,36,36,36
25,scam,youtube,we have found some suspicious activity in your amazon account that someone has tried to order an iphone 11 so that's why we called you do you know about that one minute let me confirm your phone number your phone number is okay so this is just a confirmation call and we have found that you haven't placed the order right yes that's correct i haven't do we have do we have any computer or laptops so that we can be able to send you an online cancellation form,25,25,25
83,scam,youtube,thank you for calling support team this is how may i help you today hi i have a strange message on my screen that says my computer's been blocked due to security reasons all right sir don't worry sir we are here to help you out so now we can see that someone trying to hack your computer with the help of your ip address okay so that's the reason you receive this follow it on your computer which is the clear case of hacking attempt so you need to simply follow some steps to unblock your computer and update the defender system of your computer yeah click on that run box and type it over there www dot,83,83,83
67,scam,youtube,thank you for calling support you are talking to how may i help you where are you from ma'am i'm from microsoft my name is okay but what country are you from microsoft microsoft windows support ma'am country there's no there's no country by the name of microsoft seattle washington we have a headquarters here in seattle washington ma'am but what country are you from you're not english no no english ma'am i m born here in washington i'm born here in seattle washington,67,67,67
139,scam,youtube,yeah i had a message calls number about my amazon account yes sir did you order iphone 11 pro from your amazon account and this is a verification call so do you confirm this order or no i haven't ordered anything what are you talking about i'm talking about your amazon so you haven't done it you did not order iphone 11 pro yeah that's what i'm trying to tell you is i don't know what you're talking about tell me tell me what's going on as i told you did not order iphone 11 pro from your amazon account it means this is unauthorized on that correct step yeah,139,139,139
46,scam,youtube,thank you for calling support you're speaking with how can i help you well i got one of these big blue things that came up on my screen said that somebody had used something to access my computer and that it was a critical alert and it says let's see your computer has alerted us that is has been infected with a pornographic spyware and virus oh and since how long have you been getting all these things on your computer miss it started yesterday and i just went to bed and left it,46,46,46
149,scam,youtube,department how may i help you yes i i had a missed call from this number yes sir this call is about your computer service you charge for the anti virus protection for your computer 399 99 you want to cancel it sir or you want to renew this service well sure i want to cancel it when did they start that when did they charge you okay i'm done sir when you purchase that computer at that time you pay some extra money for the anti virus protection for your computer and today that one is expired and today's auto renewal date that's why you,149,149,149
50,scam,youtube,thank you for calling my phone support this is how can i help you i want to have you help me change my birth date on my microsoft account can you do that right sir i will definitely help you out with that before i go ahead any further may i have your first and last name all right thank you and your email address please okay thank you and in case the line got disconnected with the right number,50,50,50
90,scam,youtube,thanks for getting connected not in how can i help you yes i got an invoice from mcafee it says that i'm gonna be paying 699 and wondering why i'm being charged okay and did you give any approval for this transaction i called my husband and read the invoice to him and he said we're not paying that we don't we're the we use windows defender and i'm like well what is a mcafee it is a antivirus and full protection for the computer so if you did not authorize i just build up your case with the help of your invoice id number and i can see it is,90,90,90
138,scam,youtube,thank you for calling norton customer service this is how can i help you yes i received a notice saying that i buy year subscription norton for and i never ordered this okay so you want that the cancel the so right yes all right can you just give me the invoice number which you have on that email so let me cancel this order all right all right sir so right now sir what i'm going to do i'm going to help you the cancel this order okay and once we are cancel that i will report you to the norton server so they were not,138,138,138
95,scam,youtube,thanks for get connected to the cancellation department this is how are you doing today hi well i have an email invoiced in this morning i'm being charged 389 and i'm not sure i understand why that says on thank you for choosing mcafee protection plan you find the related invoice sympathetically against the contributions for the auto reclamation code quantity mcafee total security and where did you get this email in your computer or in your cell phone and i got it on i got it on my email just too long for a moment let me check it in my system and you did,95,95,95
32,scam,youtube,thank you for calling reimage support please wait for the next available agent hi thank you for calling reimage my name is how can i help you today hi yeah i think i've got a problem with my computer it was it was talking about a virus first and i downloaded re image and it seems to have identified some things and i'm not sure what it means if you can help okay okay if i got it correctly you are saying that you have virus in your computer is that right sir well i saw a message about a virus and i was prompted to download,32,32,32
78,scam,youtube,thank you for calling technical support here speaking with how can i help you today hi i have a message on my screen that says my computer's been blocked for security reasons and for safety no problem ma'am i will surely help you okay let me go ahead and guide you some of the troubleshooting steps which you have to follow so i can go ahead and connect your network to our server so i could diagnose the problem and i will let you know why you are getting such kind of alert on the computer look at on the computer keyboard on the left hand side bottom corner of your keyboard do you see,78,78,78
99,scam,youtube,hello yes i'm calling for yes my name is i'm i'm husband yes i'm calling about an invoice that we received last week for 398 yes yes obviously but today each and everything is not working so we are giving you a call back on tomorrow because you know today the banks are closed right now so we can't make a transaction well our bank cyprus credit union's open yeah why not we will provide you the refund okay we will cancel your subscription and we will send you the funds back so right now where are you by the way it's it's yes i came home for lunch to do this i'm i'm in front of the computer,99,99,99
31,scam,youtube,hello thank you for calling support whom i helped you hello yes i've got a problem with my email my gmail and i'm wondering if you can help with it definitely i can help you with that problem what's the exact problem you're facing with your gmail so i've got an ipad here that i already have the in the ipad if you can help that's definitely i can help you so here i would like to know do you have a computer as well apart from this ipad i have a laptop as well yes but i i don't need the mail on it and you you don't,31,31,31
105,scam,youtube,thank you for calling cancellation department how may i help you hi i got a notice saying that i'm going to be owing norton lifelock for 349 it's an invoice all right ma'am now as you can see my system you had been charged like a 349 99 for your computer security software so tell me what you want you want to keep it and you want to cancel it and get back your refund money what do you want i want to cancel because i didn't realize we were gonna have to pay please cancel it so if you like to,105,105,105
183,scam,youtube,hi i need to speak to the norton department please yeah ma'am this is norton how may i help you sorry what is you name my name is okay do you work for norton yes norton antivirus support okay i got a call an email sorry i think from someone named about about my norton subscription being auto renewed okay can you tell me the auto id number or the invoice number hello it's okay and what is the amount 368 okay ma'am just hold one moment and i will check in the system okay alright yeah i can see over there it's a norton subscription for your pc protection so as you,183,183,183
156,scam,youtube,hello hello hi i received this email about northern lifelock subscription that is expiring today it's asking me for 249 looks like or something like that i'm i never remember having such a subscription what is going on here who's taking money from my account my company sir because you have our company security software in your computer and this is auto renewal services that's the reason my company charge uses and sending you this email to inform you like you want to continue this services or cancel it because if you continue the services so my company charge you every month but i don't remember having having this subscription so who made,156,156,156
189,scam,youtube,with amazon how can i help you i i need to speak to the i guess fraud department amazon yes ma'am this is amazon fraud prevention department how can i help you oh wow okay so i i got an email saying there was a 17 500 90 wait oh 1 750 i mean that's still a lot though 1 750 order and this is fraud you did not prevent this fraud this is i did not place this order it has a an ugly looking mouse for a computer i did not do this okay okay ma'am so do one thing first like confirm me the order id okay so i'll be looking forward,189,189,189
129,scam,youtube,hello hello yes how can i help you may i talking to mrs yes this how can i help you mrs like we're calling you from the malwarebytes customer support okay yeah we are seeing some we are seeing some unusual activities in your malwarebytes okay so we are calling you so can you please let me know that like do you have any access from another country like russia because the some hackers have a uses of malware's account no i don't know anybody from any other country okay so madam like did you share your computer password or your wi fi password with anyone my grandkids no no part,129,129,129
116,scam,youtube,dear hi ma'am this is i'm one of the senior officer from norton how from amazon now let me tell you what happened we can see that you did not place this order right yes using alpemix mix is due to the transmission below and by using alpemix you are deemed to accept the terms all or some of these terms may be changed wholly yes ma'am or partially without a prior warning yeah what are the options oh there's more it says royalties,116,116,116
115,scam,youtube,thank you for calling this is hi i'm responding to a text message that i got about a auto renewal for norton lifelock i haven't used norton in many years so i guess i'm subscribed still it seems so sir because they know that's the only case when you receive those messages okay well so did you you try to subscribe to our northern lifelock security no i mean that's what's confusing me i i i never have and i'm getting charged 599 i can't think of how the charge would have come about i mean i have windows 10 and it comes with its own antivirus okay that's actually an inbuilt security itself for windows you're telling me that,115,115,115
151,scam,youtube,thank you for calling cancellation department how may i help you yeah i'm returning a phone call yes this call is abnout your computer service which has gone expired and that's why your account has been charged 400 so you want to cancel it or you want to renew that no i want to cancel it okay not okay not at all so if you want to cancel that services and stop the statement what you need to do you need to follow the corporate dismiss so i can help you how to cancel that services and we are going to refund back the money so first of all in order to cancel that you,151,151,151
177,scam,youtube,hello yeah yes hello thank your for connecting with us macafee technical support how can i help you sorry you're gonna have to you for some reason i can't tell what you're saying madam but the subscription of your computer has been expired so you need to hello so you ned to follow our step otherwise you can lose your computer yeah you will lose your computer if you're not going to try to listen to me with what i'm saying that's the reason that we are ringing you today okay okay is this i can't really hear what you're saying i i gosh i don't,177,177,177
81,scam,youtube,thank you for calling support how may help you hi i have a strange message on my screen it says access to my device has been blocked for security reasons and can you just read it out for me what exactly see on your computer screen right now well it says windows defender security warning access to this scammer this or computer is blocked for security reasons block for your computer sorry it says your computer has been reported to be infected with a trojan spyware says there's a scanner it's a scanner in the upper left hand corner i don't know what it's scanning all right,81,81,81
71,scam,youtube,thank you for calling support you are talking to how may i help you thank you i receive a note your computer has alerted us it has been infected by a trojan spywear the following data has been compromised sir i will tell you what you have to do i'll go ahead and get that checked for you i said may i know the make and model of your computer what i have to do now in this moment sir i am asking what's the make and model of your computer,71,71,71
184,scam,youtube,hello no one is available to hello hello hello can you hear me sir yes who is this sir this is from microsoft i got a call from your number right now how can i help you oh okay yes i was trying to talk to you but for some reason it for some reason you weren't answering me okay no issues sir tell me how can i help you today what is the problem well i i didn't i couldn't quite understand the voicemail because it was a little bit how do you say the robot voice was hard to understand okay but but it said something about 900 not an issue and i,184,184,184
130,scam,youtube,thank you for calling norton how are you doing today i'm doing fine how are you i'm fine thank you very much ma'am and i believe you have received an email confirmation for your norton renewal right yes i did i i wrote down the phone number so you want torenew your norton security you want to cancel your norton security i didn't even know i had norton security yes ma'am no i don't want to renew it so what i need to do my mind to go ahead and cancel your norton security and once you consider norton security your security will get cancelled and your money will be get refund because we have put that charge on,130,130,130
206,scam,youtube,thank you for calling the support desk of norton my name is how can i help you hey how are you i'm good sir how about you i'm doing i'm doing okay got a lot kind of got a lot going on i'm starting to i sold i sold my i sold my business and if i'm honest i don't know what to do with myself i understand i retired i retired a couple months back sold the business and now i'm sitting here with all this time on my hands and i i i i'm wondering if that was the right decision,206,206,206
91,scam,youtube,thank you for calling norton how may i help you i have an invoice from norton stating that i owe 398 so so according to your invoice number i got to know that whenever you bought a laptop or a desktop norton has provided its security for free since the free subscription has been expired norton has auto renewed it for five years at 398 so so are you willing to continue with the subscription or you want to cancel it well cancel it i i hate norton i'll never buy norton,91,91,91
44,scam,youtube,thank you for calling support this is mac how may i help you yes my computer's beeping it says someone signed on to my computer and it's it's a suspicious activity and i could get an infection from it i am really sorry to hear that ma'am can i ask you what exactly you was doing when you got that kind of a message or an alert ma'am all i did was put in american heart association all i did was put in typed in americanheartassociation org to print my i'm a nurse and i took a cpr class,44,44,44
181,scam,youtube,thank you for calling macafee how can i help you yeah i hello you called me about 399 thing is that right yeah you received a voice recorded call sir yes ok perfect so sir the call was in regards to a refund of 399 basically three years back you had gone ahead and opted for a security service for your computer and internet connection and okay it was for five years that you made the payments i'm i'm sorry could you repeat that could you repeat that sorry sure yeah i was saying three years back you had gone ahead and made a payment of 399 okay and you had taken a package,181,181,181
107,scam,youtube,thank you for calling support this is how can i help here hi it's i said i would call you when i got home okay okay so just give me one minute please may i have your name please originally spoke with oh yes i do remember that yes there's a 780 macbook i wasn't ordered on my amazon yes yes yes thank you so much for calling back so could you please get your computer again where are you located we're in california wow i love california oh you do i used to live in illinois i'm in salt lake city utah,107,107,107
228,scam,youtube,thank you for calling tech support this is can i help you today hey i need to be transferred to whatever department it is it unblocks the computers it got blocked by accident okay and what do you see on your screen could you just read it to me please yeah well it's a message it says microsoft blocked my computer and disabled it for security reasons i i i think that could have been some kind of mistake though and i'd like to have it unblocked now let me tell you what now let me tell you now is this your personal computer or is it a,228,228,228
97,scam,youtube,hello yeah i'm calling for please this is yeah who is this my name is you talked to my wife about a paypal oh okay where is she she's at work and she asked me to take care of it when i got home and i just got okay so where are you right now are you at your computer right now yep i'm at the computer yes i'm at the computer yes i'm at the computer oh this computer which computer you're using right now like it's a windows computer or it's map computer which one it's a dell on desktop it,97,97,97
89,scam,youtube,thank you for calling amazon thank you for calling paypal support my name is how can i help you today i am looking at what appears to be a paypal purchase and it has your phone number on it this is paypal nobody to answer him why did you answer amazon if its paypal no no it's the amazon shopping like i was asking this amazon shopping i was talking with somebody i'm so sorry but you're talking to me that's okay someone is hacked your paypal account is linked with your ip address someone is doing some fraud activity with your paypal,89,89,89
100,scam,youtube,thanks for calling online support my name is how can i help you today hi i have a strange message on my screen it's telling me that i have suspicious activities is this your laptop or is it a regular pc well it's a dell desktop it runs windows 10 all right okay so this is your personal home computer right yes so what i'm going to do is i'm going to give you some few troubleshooting step okay i will go ahead and check it out and we'll we'll fix the problem okay okay yeah look on the keyboard on the very extreme,100,100,100
148,scam,youtube,hello hello yeah hi this is from vtech how may i help you sir it's kind of about my refund okay so you don't want to continue the service you want to cancel it of course yeah i didn't even know you are charging my account why is it echoing not a problem so if you want to cancel that we will definitely help you out so are you in front of your computer for the cancellation sir i am in front of my computer why is it echoing you have to turn on your volume on your computer so it doesn't echo can you just let me know sir what can you exactly,148,148,148
157,scam,youtube,thank you for calling cancellation department my name is how can i help you hello i received this email from paypal saying we're glad to serve you as our registered customer we have the premium security services ready for installation and looks like money has come out of my account i'm just calling to see what's going on okay can you confirm me with your invoice number ma'am so i can go ahead and check into my system and help you further sure there's an order id here it's you receive the email today or tomorrow oh yes yesterday oh tomorrow how can i receive an email tomorrow you guys are time,157,157,157
233,scam,youtube,thank you for calling this is how can i help you hey we got a voicemail hello yes go ahead oh sorry i thought i heard something back there my husband and i were just we're just checking our voicemails and we got a quote from you saying saying that there was something going on with there's like some kind of charge that you're doing is that right some kind of judge if i may hi this is we have you on speaker phone it says something about how it was going to renew if i remember correctly yeah something like that okay now let me explain okay yeah that's fine we are from cancellation and refund,233,233,233
69,scam,youtube,i'm the senior technician here in microsoft windows support ma'am i don't do anything over the phone ma'am if you don't do it anything over the phone why did you call on this number then why did you call on this number because it's telling me to call on the number so i wanted to see what it says ma'am this is a microsoft windows support i will go ahead and work on it yeah okay okay well i'll call you back i'll do some research and call you back thank you ma'am you will gonna face the consequences then i'm telling you i will go ahead,69,69,69
103,scam,youtube,thank you for getting the naked norton this is here how may i help you today hi my name is my wife had called and spoken to a today with regard to an invoice all right so you want to cancel this subscription and get that even back right last time i used norton was in 2004 we haven't purchased a virus scanner since then and i don't understand why we're still enrolled might be the internet era sir you got subscribed by mistake no issue for that we are going to cancel the subscription okay and whatever money has been charged you refund you get the refund as well okay great i appreciate that are,103,103,103
82,scam,youtube,thank you for call support this site how can i help you today okay so microsoft windows defender warning alert system access has been blocked for security reasons and for the safety your system has alerted us that has been infected with spywear issues threat detected trojan spyware access has been blocked for security reasons and for the safety call windows security toll free okay i understand sir not an issue now at that time sir i believe you can see the pornographic spyware alert am i'm right now son all i've got to tell you i'm a preacher and there ain't no way in hell that i'll be watching,82,82,82
73,scam,youtube,i was just alerted that i have a trojan spyware on my computer i understand ma'am i will go ahead and get that check for you may i know what exactly you were trying to do at that moment when you go this a lot i was ordering off of ebay okay you were ordering something from ebay and your screen locked up may i know the making model of your computer what kind of computer you have this,73,73,73
124,scam,youtube,well thanks for getting connected to mcafee this is how may i help you hi it's how are you doing sweetie yes have a great day ma'am no how i'm fine thank you for your asking so are you be in front of your computer right now yes i just turned it on honey i got home from lunch five minutes ago and i'm now now logged into my computer right all right once you see the home screen please let me know okay okay would you mind calling me mrs because i am married and i'm not comfortable with you calling me by my first name,124,124,124
232,scam,youtube,thank you for calling norton this is how can i help you hey i need to speak with a representative who can help me with an invoice that i'm receiving about or i guess it's not even an invoice so are you calling to get it's a payment are you calling to get more information or you are calling to cancel your service sir i said are you calling to get more information or you are calling to cancel your service oh i'm calling to cancel sorry i thought you said am i calling to get your information i was thinking no i'm not no no no no i i sorry sir i'm calling,232,232,232
187,scam,youtube,yes mom how can i help you hi i need to talk to somebody about my subscription please yes mom how can i help you in that well i my husband asked me to call you he's at the doctor's today he he just printed out this email about to support subscriptions okay it says 499 and then auto renewed so i'd like to i'd like to talk to someone about that all right ma'am can you please tell me your email address well i don't know which email you sent it to he didn't print out that part just has your email on the phone number okay,187,187,187
110,scam,youtube,hi i got a strange message on my screen that's telling me i have suspicious movements and my computer's been blocked okay and what were you doing on the computer when you got that message i was looking up recipes for chicken chicken casserole did you download anything on your computer lately i did i've got a new wallpaper for my desktop of my dog i downloaded this the other day okay is that a laptop or desktop the computer it's a desktop it says secure connection join with the code and now it's changing the it says joining your session you may receive a prompt for your,110,110,110
84,scam,youtube,thank you for calling support how can i help hi i'm having a weird issue with my computer i was in my facebook and a pop up popped up and said i had to call you because my computer has been blocked okay ma'am because when you were on facebook over there you clicked on infected link or any ad that's why trojans infections they transferred in your computer okay so what do i do so now i so now i have to give you instructions which you have to follow so that i can able to find out what exactly happened wrong in your computer and tell you,84,84,84
120,scam,youtube,thank you for calling the refund department this is how can i help you hi it said that you're canceling or you're going out of business yes ma'am i'm very sorry to say like our main internal server has got crashed down so like our company won't be able to provide you any further services that is the reason ma'am according to the refund act 1948 we have to refund you the money if we are not eligible to receive like we are not eligible to provide you any services okay okay okay well thanks for letting me know this what,120,120,120
10,scam,youtube,hello yes sir this is what yeah this is engineer again can you hear me sir yes from microsoft yes is your computer is on yes it is now what you need to do you need to look at your computer keyboard right yes on your keyboard extremely left bottom corner do you see the ctrl key the control key yes what is this noise coming from your side like it is windy or something hold on let me clear the line just hold the line all right now what do you believe you can hear me clearly yes i can now,10,10,10
193,scam,youtube,hello hello yes sir can you hear me yeah can yeah i think i i just called a second ago hello yes can i please talk with the accounting department sir my name is this is the cancellation department of norton how can i help you today oh the cancellation department is this who i need to talk to to cancel my payment yes yes yes yes right okay right now the present moment do you want to continue with that software you want to cancel it and get your refund back to you oh oh i don't want it i don't even know what it is to be honest i think this could have been like i might have accidentally,193,193,193
technical_support_62,nonscam,technical_support_json,i need support software won't install and it's causing me a lot of stress good day i'm here to help let's start when did you first notice software won't install this started after the last system update got it have you tried restarting the device completely multiple restarts still the same issue let's go further can you check for any pending system updates my device model is hp pavilion 15 hope that helps perfect i'll push a driver update remotely give me a moment i followed the steps and everything is back to normal excellent glad we got that sorted is there anything else i can help with all good really appreciate your help,technical_support_62,210,210
technical_support_92,nonscam,technical_support_json,hello i need urgent help software won't install hello i'm sorry to hear that let's fix this together when did software won't install start it happened after i restarted my computer got it have you tried restarting the device completely i tried that didn't work at all let's go further can you check for any pending system updates there's a pending update should i install it now that driver error is the culprit i'll guide you to reinstall it now the driver reinstalled fine issue is gone great news feel free to reach out if the issue returns nothing else thanks again,technical_support_92,75,75
technical_support_52,nonscam,technical_support_json,good morning i'm really struggling because wifi keeps disconnecting good day i'm here to help let's start when did you first notice wifi keeps disconnecting it started two days ago completely out of nowhere thank you can you try clearing the cache and restarting the application yes still happening after the restart alright let's try running the built in diagnostic tool my device model is hp pavilion 15 hope that helps that version is outdated let me send you the update link the driver reinstalled fine issue is gone perfect the problem is resolved have a great day nothing else thanks again,technical_support_52,85,85
technical_support_53,nonscam,technical_support_json,good morning i'm really struggling because laptop battery not charging thanks for reaching out i'll help you sort out laptop battery not charging how long has this been happening this started after the last system update understood first let's try a full shutdown and restart did that help yes i restarted multiple times same problem let me check from my end can you provide your device model i checked and the drivers seem outdated perfect i'll push a driver update remotely give me a moment it's working perfectly now thank you wonderful don't hesitate to contact us again if needed that's all thanks a lot,technical_support_53,154,154
technical_support_69,nonscam,technical_support_json,good morning i'm really struggling because microphone not detected thanks for reaching out i'll help you sort out microphone not detected how long has this been happening since this morning it was fine yesterday thank you can you try clearing the cache and restarting the application multiple restarts still the same issue let's go further can you check for any pending system updates i checked and the drivers seem outdated yes please install the update and restart once complete i followed the steps and everything is back to normal perfect the problem is resolved have a great day that's all thanks a lot,technical_support_69,80,80
technical_support_46,nonscam,technical_support_json,hi there i've been dealing with webcam not working for a while now good day i'm here to help let's start when did you first notice webcam not working since this morning it was fine yesterday understood first let's try a full shutdown and restart did that help done that already no change okay please navigate to settings and check the device drivers settings show version 3 1 2 is that the latest yes please install the update and restart once complete it's working perfectly now thank you excellent glad we got that sorted is there anything else i can help with no that's everything thank you so much,technical_support_46,87,87
technical_support_29,nonscam,technical_support_json,hi there i've been dealing with computer shuts down randomly for a while now hi that sounds frustrating can you tell me more about when computer shuts down randomly began about a week ago i thought it would fix itself but it didn't got it have you tried restarting the device completely yes still happening after the restart okay please navigate to settings and check the device drivers i checked and the drivers seem outdated perfect i'll push a driver update remotely give me a moment update installed and restarted it seems to be working now perfect the problem is resolved have a great day that's all thanks a lot,technical_support_29,188,188
technical_support_81,nonscam,technical_support_json,i need support laptop battery not charging and it's causing me a lot of stress hi that sounds frustrating can you tell me more about when laptop battery not charging began it began yesterday morning i haven't changed anything thank you can you try clearing the cache and restarting the application yes still happening after the restart alright let's try running the built in diagnostic tool i ran the diagnostic and it says driver error detected yes please install the update and restart once complete it's working perfectly now thank you perfect the problem is resolved have a great day nothing else thanks again,technical_support_81,155,155
technical_support_5,nonscam,technical_support_json,hi there i've been dealing with fan making loud noise for a while now thanks for reaching out i'll help you sort out fan making loud noise how long has this been happening about a week ago i thought it would fix itself but it didn't understood first let's try a full shutdown and restart did that help yes i restarted multiple times same problem let's go further can you check for any pending system updates my device model is hp pavilion 15 hope that helps that driver error is the culprit i'll guide you to reinstall it now update installed and restarted it seems to be working now great news feel free to reach out if the issue returns no that's everything thank you so much,technical_support_5,170,170
technical_support_76,nonscam,technical_support_json,good morning i'm really struggling because microphone not detected good day i'm here to help let's start when did you first notice microphone not detected it happened after i restarted my computer understood first let's try a full shutdown and restart did that help done that already no change let's go further can you check for any pending system updates my device model is hp pavilion 15 hope that helps that driver error is the culprit i'll guide you to reinstall it now update installed and restarted it seems to be working now wonderful don't hesitate to contact us again if needed no that's everything thank you so much,technical_support_76,63,63
technical_support_11,nonscam,technical_support_json,hi there i've been dealing with webcam not working for a while now hello i'm sorry to hear that let's fix this together when did webcam not working start since this morning it was fine yesterday i see as a first step have you tried unplugging and reconnecting the device yes still happening after the restart let's go further can you check for any pending system updates i ran the diagnostic and it says driver error detected that version is outdated let me send you the update link the driver reinstalled fine issue is gone wonderful don't hesitate to contact us again if needed no,technical_support_11,76,76
technical_support_25,nonscam,technical_support_json,hey i'm having a technical issue printer not detected hello i'm sorry to hear that let's fix this together when did printer not detected start it began yesterday morning i haven't changed anything i see as a first step have you tried unplugging and reconnecting the device yes still happening after the restart okay please navigate to settings and check the device drivers i checked and the drivers seem outdated that driver error is the culprit i'll guide you to reinstall it now fixed i can't believe it was that simple excellent glad we got that sorted is there anything else i can help with nothing else thanks again,technical_support_25,132,132
technical_support_67,nonscam,technical_support_json,hi there i've been dealing with computer runs very slow for a while now hello i'm sorry to hear that let's fix this together when did computer runs very slow start since this morning it was fine yesterday i see as a first step have you tried unplugging and reconnecting the device multiple restarts still the same issue let's go further can you check for any pending system updates my device model is hp pavilion 15 hope that helps that version is outdated let me send you the update link fixed i can't believe it was that simple wonderful don't hesitate to contact us again if needed that's all thanks a lot,technical_support_67,229,229
technical_support_99,nonscam,technical_support_json,good morning i'm really struggling because monitor flickering good day i'm here to help let's start when did you first notice monitor flickering it happened after i restarted my computer got it have you tried restarting the device completely yes still happening after the restart alright let's try running the built in diagnostic tool i ran the diagnostic and it says driver error detected that driver error is the culprit i'll guide you to reinstall it now i followed the steps and everything is back to normal great news feel free to reach out if the issue returns nope i'm good now great support thank you,technical_support_99,113,113
technical_support_86,nonscam,technical_support_json,i need support bluetooth not pairing and it's causing me a lot of stress thanks for reaching out i'll help you sort out bluetooth not pairing how long has this been happening about a week ago i thought it would fix itself but it didn't i see as a first step have you tried unplugging and reconnecting the device i tried that didn't work at all let me check from my end can you provide your device model i checked and the drivers seem outdated that driver error is the culprit i'll guide you to reinstall it now i followed the steps and everything is back to normal excellent glad we got that sorted is there anything else i can help with nope i'm good now great support thank you,technical_support_86,227,227
technical_support_2,nonscam,technical_support_json,hi my wifi keeps disconnecting and i have no idea what to do hello i'm sorry to hear that let's fix this together when did wifi keeps disconnecting start it began yesterday morning i haven't changed anything understood first let's try a full shutdown and restart did that help multiple restarts still the same issue let's go further can you check for any pending system updates settings show version 3 1 2 is that the latest perfect i'll push a driver update remotely give me a moment fixed i can't believe it was that simple wonderful don't hesitate to contact us again if needed all good really appreciate your help,technical_support_2,125,125
technical_support_21,nonscam,technical_support_json,good morning i'm really struggling because software won't install good day i'm here to help let's start when did you first notice software won't install it began yesterday morning i haven't changed anything understood first let's try a full shutdown and restart did that help yes still happening after the restart okay please navigate to settings and check the device drivers there's a pending update should i install it now yes please install the update and restart once complete i followed the steps and everything is back to normal excellent glad we got that,technical_support_21,114,114
technical_support_4,nonscam,technical_support_json,hey i'm having a technical issue blue screen of death thanks for reaching out i'll help you sort out blue screen of death how long has this been happening about a week ago i thought it would fix itself but it didn't i see as a first step have you tried unplugging and reconnecting the device yes i restarted multiple times same problem alright let's try running the built in diagnostic tool settings show version 3 1 2 is that the latest yes please install the update and restart once complete it's working perfectly now thank you excellent glad we got that sorted is there anything else i,technical_support_4,57,57
technical_support_72,nonscam,technical_support_json,good morning i'm really struggling because keyboard keys not responding hello i'm sorry to hear that let's fix this together when did keyboard keys not responding start it began yesterday morning i haven't changed anything got it have you tried restarting the device completely done that already no change let's go further can you check for any pending system updates my device model is hp pavilion 15 hope that helps that version is outdated let me send you the update link i followed the steps and everything is back to normal perfect the problem is resolved have a great day nope i'm good now great support thank you,technical_support_72,152,152
technical_support_40,nonscam,technical_support_json,hi there i've been dealing with printer not detected for a while now hello i'm sorry to hear that let's fix this together when did printer not detected start it started two days ago completely out of nowhere thank you can you try clearing the cache and restarting the application i tried that didn't work at all okay please navigate to settings and check the device drivers settings show version 3 1 2 is that the latest that version is outdated let me send you the update link update installed and restarted it seems to be working now great news feel free to reach out if the issue returns no that's everything thank you so much,technical_support_40,112,112
technical_support_20,nonscam,technical_support_json,good morning i'm really struggling because printer not detected good day i'm here to help let's start when did you first notice printer not detected it happened after i restarted my computer understood first let's try a full shutdown and restart did that help done that already no change let's go further can you check for any pending system updates my device model is hp pavilion 15 hope that helps that version is outdated let me send you the update link update installed and restarted it seems to be working now wonderful don't hesitate to contact us again if needed that's all thanks a lot,technical_support_20,111,111
technical_support_96,nonscam,technical_support_json,i need support laptop battery not charging and it's causing me a lot of stress hi that sounds frustrating can you tell me more about when laptop battery not charging began about a week ago i thought it would fix itself but it didn't got it have you tried restarting the device completely multiple restarts still the same issue let me check from my end can you provide your device model i checked and the drivers seem outdated yes please install the update and restart once complete update installed and restarted it seems to be working now wonderful don't hesitate to contact us again if needed nope i'm good now great support thank you,technical_support_96,104,104
technical_support_37,nonscam,technical_support_json,i need support usb port not working and it's causing me a lot of stress hello i'm sorry to hear that let's fix this together when did usb port not working start this started after the last system update i see as a first step have you tried unplugging and reconnecting the device i tried that didn't work at all alright let's try running the built in diagnostic tool settings show version 3 1 2 is that the latest that driver error is the culprit i'll guide you to reinstall it now it's working perfectly now thank you wonderful don't hesitate to contact us again if needed nope i'm good now great support thank you,technical_support_37,65,65
technical_support_89,nonscam,technical_support_json,hi my webcam not working and i have no idea what to do good day i'm here to help let's start when did you first notice webcam not working since this morning it was fine yesterday i see as a first step have you tried unplugging and reconnecting the device done that already no change let's go further can you check for any pending system updates my device model is hp pavilion 15 hope that helps yes please install the update and restart once complete update installed and restarted it seems to be working now perfect the problem is resolved have a great day nope i'm good now great support thank you,technical_support_89,17,17
technical_support_68,nonscam,technical_support_json,good morning i'm really struggling because external hard drive not recognized good day i'm here to help let's start when did you first notice external hard drive not recognized it started two days ago completely out of nowhere thank you can you try clearing the cache and restarting the application yes still happening after the restart alright let's try running the built in diagnostic tool i ran the diagnostic and it says driver error detected that driver error is the culprit i'll guide you to reinstall it now update installed and restarted it seems to be working now great news feel free to reach out if the issue returns that's all thanks a lot,technical_support_68,61,61
technical_support_43,nonscam,technical_support_json,i need support computer shuts down randomly and it's causing me a lot of stress hello i'm sorry to hear that let's fix this together when did computer shuts down randomly start it began yesterday morning i haven't changed anything understood first let's try a full shutdown and restart did that help i tried that didn't work at all alright let's try running the built in diagnostic tool my device model is hp pavilion 15 hope that helps perfect i'll push a driver update remotely give me a moment update installed and restarted it seems to be working now wonderful don't hesitate to contact us again if needed nope i'm,technical_support_43,242,242
technical_support_97,nonscam,technical_support_json,hi my webcam not working and i have no idea what to do good day i'm here to help let's start when did you first notice webcam not working since this morning it was fine yesterday thank you can you try clearing the cache and restarting the application yes i restarted multiple times same problem let's go further can you check for any pending system updates i ran the diagnostic and it says driver error detected perfect i'll push a driver update remotely give me a moment update installed and restarted it seems to be working now great news feel free to reach out if the issue returns that's all thanks a lot,technical_support_97,235,235
technical_support_18,nonscam,technical_support_json,hi there i've been dealing with laptop battery not charging for a while now hello i'm sorry to hear that let's fix this together when did laptop battery not charging start since this morning it was fine yesterday got it have you tried restarting the device completely yes i restarted multiple times same problem alright let's try running the built in diagnostic tool i ran the diagnostic and it says driver error detected yes please install the update and restart once complete the,technical_support_18,101,101
technical_support_58,nonscam,technical_support_json,i need support microphone not detected and it's causing me a lot of stress thanks for reaching out i'll help you sort out microphone not detected how long has this been happening it started two days ago completely out of nowhere understood first let's try a full shutdown and restart did that help yes still happening after the restart okay please navigate to settings and check the device drivers i ran the diagnostic and it says driver error detected perfect i'll push a driver update remotely give me a moment i followed the steps and everything is back to normal excellent glad we got that sorted is there anything else i can help with nothing else thanks again,technical_support_58,106,106
technical_support_28,nonscam,technical_support_json,hey i'm having a technical issue wifi keeps disconnecting hi that sounds frustrating can you tell me more about when wifi keeps disconnecting began since this morning it was fine yesterday i see as a first step have you tried unplugging and reconnecting the device i tried that didn't work at all alright let's try running the built in diagnostic tool settings show version 3 1 2 is that the latest that version is outdated let me send you the update link fixed i can't believe it was that simple excellent glad we got that sorted is there anything else i can help with no that's everything thank you so much,technical_support_28,194,194
technical_support_78,nonscam,technical_support_json,hi there i've been dealing with fan making loud noise for a while now good day i'm here to help let's start when did you first notice fan making loud noise this started after the last system update thank you can you try clearing the cache and restarting the application multiple restarts still the same issue let's go further can you check for any pending system updates settings show version 3 1 2 is that the latest yes please install the update and restart once complete the driver reinstalled fine issue is gone perfect the problem is resolved have a great day all good really appreciate your help,technical_support_78,146,146
technical_support_60,nonscam,technical_support_json,hey i'm having a technical issue laptop battery not charging hi that sounds frustrating can you tell me more about when laptop battery not charging began it started two days ago completely out of nowhere i see as a first step have you tried unplugging and reconnecting the device done that already no change let's go further can you check for any pending system updates there's a pending update should i install it now that version is outdated let me send you the update link it's working perfectly now thank you excellent glad we got that sorted is there anything else i can help with nothing else thanks again,technical_support_60,185,185
technical_support_64,nonscam,technical_support_json,hey i'm having a technical issue microphone not detected good day i'm here to help let's start when did you first notice microphone not detected it started two days ago completely out of nowhere understood first let's try a full shutdown and restart did that help yes still happening after the restart okay please navigate to settings and check the device drivers i checked and the drivers seem outdated yes please install the update and restart once complete fixed i can't believe it was that simple great news feel free to reach out if the issue returns all good really appreciate your help,technical_support_64,88,88
technical_support_85,nonscam,technical_support_json,good morning i'm really struggling because bluetooth not pairing hello i'm sorry to hear that let's fix this together when did bluetooth not pairing start about a week ago i thought it would fix itself but it didn't i see as a first step have you tried unplugging and reconnecting the device i tried that didn't work at all let's go further can you check for any pending system updates i ran the diagnostic and it says driver error detected that driver error is the culprit i'll guide you to reinstall it now it's working perfectly,technical_support_85,54,54
technical_support_77,nonscam,technical_support_json,hi there i've been dealing with wifi keeps disconnecting for a while now hi that sounds frustrating can you tell me more about when wifi keeps disconnecting began it happened after i restarted my computer understood first let's try a full shutdown and restart did that help yes i restarted multiple times same problem alright let's try running the built in diagnostic tool i ran the diagnostic and it says driver error detected that driver error is the culprit i'll guide you to reinstall it now fixed i can't believe it was that simple wonderful don't hesitate to contact us again if needed no that's everything thank you so much,technical_support_77,79,79
technical_support_42,nonscam,technical_support_json,i need support bluetooth not pairing and it's causing me a lot of stress good day i'm here to help let's start when did you first notice bluetooth not pairing since this morning it was fine yesterday understood first let's try a full shutdown and restart did that help yes still happening after the restart alright let's try running the built in diagnostic tool there's a pending update should i install it now that driver error is the culprit i'll guide you to reinstall it now the driver reinstalled fine issue is gone perfect the problem is resolved have a great day that's all thanks a lot,technical_support_42,117,117
technical_support_80,nonscam,technical_support_json,hello i need urgent help usb port not working hi that sounds frustrating can you tell me more about when usb port not working began about a week ago i thought it would fix itself but it didn't thank you can you try clearing the cache and restarting the application multiple restarts still the same issue okay please navigate to settings and check the device drivers my device model is hp pavilion 15 hope that helps perfect i'll push a driver update remotely give me a moment update installed and restarted it seems to be working now wonderful don't hesitate to contact us again if needed nothing else thanks again,technical_support_80,225,225
technical_support_45,nonscam,technical_support_json,hey i'm having a technical issue monitor flickering good day i'm here to help let's start when did you first notice monitor flickering it happened after i restarted my computer understood first let's try a full shutdown and restart did that help done that already no change okay please navigate to settings and check the device drivers i ran the diagnostic and it says driver error detected that version is outdated let me send you the update link it's working perfectly now thank you excellent glad we got that sorted is there anything else i can help with nope i'm good now great support thank you,technical_support_45,135,135
technical_support_93,nonscam,technical_support_json,i need support blue screen of death and it's causing me a lot of stress hi that sounds frustrating can you tell me more about when blue screen of death began about a week ago i thought it would fix itself but it didn't understood first let's try a full shutdown and restart did that help i tried that didn't work at all let me check from my end can you provide your device model my device model is hp pavilion 15 hope that helps yes please install the update and restart once complete i followed the steps and everything is back to normal great news feel free to reach out if the issue returns all good really appreciate your help,technical_support_93,68,68
technical_support_26,nonscam,technical_support_json,hi there i've been dealing with computer shuts down randomly for a while now hello i'm sorry to hear that let's fix this together when did computer shuts down randomly start it began yesterday morning i haven't changed anything i see as a first step have you tried unplugging and reconnecting the device yes i restarted multiple times same problem let's go further can you check for any pending system updates settings show version 3 1 2 is that the latest perfect i'll push a driver update remotely give me a moment i followed the steps and everything is back to normal perfect the problem is resolved have a great day nothing else thanks again,technical_support_26,49,49
technical_support_14,nonscam,technical_support_json,hi there i've been dealing with printer not detected for a while now good day i'm here to help let's start when did you first notice printer not detected about a week ago i thought it would fix itself but it didn't understood first let's try a full shutdown and restart did that help yes still happening after the restart alright let's try running the built in diagnostic tool my device model is hp pavilion 15 hope that helps perfect i'll,technical_support_14,58,58
technical_support_15,nonscam,technical_support_json,i need support computer shuts down randomly and it's causing me a lot of stress good day i'm here to help let's start when did you first notice computer shuts down randomly it started two days ago completely out of nowhere understood first let's try a full shutdown and restart did that help i tried that didn't work at all let's go further can you check for any pending system updates i ran the diagnostic and it says driver error detected yes please install the update and restart once complete fixed i can't believe it was that simple great news feel free to reach out if the issue returns nothing else thanks again,technical_support_15,150,150
technical_support_12,nonscam,technical_support_json,hello i need urgent help keyboard keys not responding hello i'm sorry to hear that let's fix this together when did keyboard keys not responding start since this morning it was fine yesterday i see as a first step have you tried unplugging and reconnecting the device multiple restarts still the same issue okay please navigate to settings and check the device drivers my device model is hp pavilion 15 hope that helps that driver error is the culprit i'll guide you to reinstall it now the driver reinstalled fine issue is gone excellent glad we got that sorted is there anything else i can help with nothing else thanks again,technical_support_12,60,60
technical_support_88,nonscam,technical_support_json,hi there i've been dealing with webcam not working for a while now thanks for reaching out i'll help you sort out webcam not working how long has this been happening about a week ago i thought it would fix itself but it didn't thank you can you try clearing the cache and restarting the application yes still happening after the restart let's go further can you check for any pending system updates my device model is hp pavilion 15 hope that helps that version is outdated let me send you the update link update installed and restarted it seems to be working now perfect the problem is resolved have a great day nothing else thanks again,technical_support_88,216,216
technical_support_65,nonscam,technical_support_json,hello i need urgent help fan making loud noise hello i'm sorry to hear that let's fix this together when did fan making loud noise start it started two days ago completely out of nowhere understood first let's try a full shutdown and restart did that help yes still happening after the restart let me check from my end can you provide your device model i checked and the drivers seem outdated yes please install the update and restart once complete it's working perfectly now thank you perfect the problem is resolved have a great day nope i'm good now great support thank you,technical_support_65,153,153
technical_support_55,nonscam,technical_support_json,hello i need urgent help keyboard keys not responding hello i'm sorry to hear that let's fix this together when did keyboard keys not responding start it began yesterday morning i haven't changed anything thank you can you try clearing the cache and restarting the application done that already no change okay please navigate to settings and check the device drivers i checked and the drivers seem outdated that version is outdated let me send you the update link it's working perfectly now thank you excellent glad we got that sorted is there anything else i can help with no that's everything thank you so much,technical_support_55,241,241
technical_support_56,nonscam,technical_support_json,good morning i'm really struggling because computer runs very slow hi that sounds frustrating can you tell me more about when computer runs very slow began this started after the last system update i see as a first step have you tried unplugging and reconnecting the device done that already no change let me check from my end can you provide your device model i checked and the drivers seem outdated that driver error is the culprit i'll guide you to reinstall it now i followed the steps and everything is back to normal wonderful don't hesitate to contact us again if needed that's all thanks a lot,technical_support_56,48,48
technical_support_9,nonscam,technical_support_json,i need support microphone not detected and it's causing me a lot of stress good day i'm here to help let's start when did you first notice microphone not detected about a week ago i thought it would fix itself but it didn't thank you can you try clearing the cache and restarting the application yes still happening after the restart okay please navigate to settings and check the device drivers my device model is hp pavilion 15 hope that helps that version is outdated let me send you the update link update installed and restarted it seems to be working now excellent glad we got that sorted is there anything else i can help with no that's everything thank you so much,technical_support_9,77,77
technical_support_87,nonscam,technical_support_json,hello i need urgent help printer not detected good day i'm here to help let's start when did you first notice printer not detected about a week ago i thought it would fix itself but it didn't i see as a first step have you tried unplugging and reconnecting the device yes i restarted multiple times same problem alright let's try running the built in diagnostic tool there's a pending update should i install it now that driver error is the culprit i'll guide you to reinstall it now fixed i can't believe it was that,technical_support_87,36,36
technical_support_63,nonscam,technical_support_json,i need support printer not detected and it's causing me a lot of stress hello i'm sorry to hear that let's fix this together when did printer not detected start it began yesterday morning i haven't changed anything got it have you tried restarting the device completely done that already no change alright let's try running the built in diagnostic tool settings show version 3 1 2 is that the latest that version is outdated let me send you the update link i followed the steps and everything is,technical_support_63,25,25
technical_support_3,nonscam,technical_support_json,hey i'm having a technical issue external hard drive not recognized hello i'm sorry to hear that let's fix this together when did external hard drive not recognized start it began yesterday morning i haven't changed anything thank you can you try clearing the cache and restarting the application yes still happening after the restart let me check from my end can you provide your device model my device model is hp pavilion 15 hope that helps perfect i'll push a driver update remotely give me a moment i followed the steps and everything is back to normal excellent glad we got that sorted is there anything else i can help with no that's everything thank you so much,technical_support_3,83,83
technical_support_95,nonscam,technical_support_json,hi my software won't install and i have no idea what to do hi that sounds frustrating can you tell me more about when software won't install began since this morning it was fine yesterday thank you can you try clearing the cache and restarting the application multiple restarts still the same issue let's go further can you check for any pending system updates there's a pending update should i install it now that version is outdated let me send you the update link,technical_support_95,67,67
technical_support_16,nonscam,technical_support_json,hi my wifi keeps disconnecting and i have no idea what to do hello i'm sorry to hear that let's fix this together when did wifi keeps disconnecting start it began yesterday morning i haven't changed anything got it have you tried restarting the device completely yes i restarted multiple times same problem let me check from my end can you provide your device model there's a pending update should i install it now perfect i'll push a driver update remotely give me a moment i followed the steps and everything is back to normal wonderful don't hesitate to contact us again if needed all good really appreciate your help,technical_support_16,139,139
technical_support_10,nonscam,technical_support_json,hello i need urgent help webcam not working good day i'm here to help let's start when did you first notice webcam not working about a week ago i thought it would fix itself but it didn't got it have you tried restarting the device completely done that already no change alright let's try running the built in diagnostic tool settings show version 3 1 2 is that the latest that version is outdated let me send you the update link fixed i can't believe it was that simple perfect the problem is resolved,technical_support_10,46,46
technical_support_36,nonscam,technical_support_json,good morning i'm really struggling because webcam not working thanks for reaching out i'll help you sort out webcam not working how long has this been happening it happened after i restarted my computer i see as a first step have you tried unplugging and reconnecting the device multiple restarts still the same issue okay please navigate to settings and check the device drivers my device model is hp pavilion 15 hope that helps that version is outdated let me send you the update link it's working perfectly now thank you great news feel free to reach out if the issue returns nothing else thanks again,technical_support_36,149,149
technical_support_1,nonscam,technical_support_json,hi my webcam not working and i have no idea what to do hello i'm sorry to hear that let's fix this together when did webcam not working start since this morning it was fine yesterday i see as a first step have you tried unplugging and reconnecting the device i tried that didn't work at all okay please navigate to settings and check the device drivers my device model is hp pavilion 15 hope that helps yes please install,technical_support_1,50,50
technical_support_24,nonscam,technical_support_json,hi there i've been dealing with printer not detected for a while now thanks for reaching out i'll help you sort out printer not detected how long has this been happening it happened after i restarted my computer i see as a first step have you tried unplugging and reconnecting the device yes i restarted multiple times same problem let's go further can you check for any pending system updates i checked and the drivers seem outdated yes please install the update and restart once complete update installed and restarted it seems to be working now great news feel free to reach out if the issue returns nothing else thanks again,technical_support_24,90,90
technical_support_6,nonscam,technical_support_json,good morning i'm really struggling because software won't install thanks for reaching out i'll help you sort out software won't install how long has this been happening it began yesterday morning i haven't changed anything i see as a first step have you tried unplugging and reconnecting the device yes still happening after the restart okay please navigate to settings and check the device drivers i ran the diagnostic and it says driver error detected yes please install the update and restart once complete fixed i can't believe it was that simple great news feel free to reach out if the issue returns nothing else thanks again,technical_support_6,138,138
technical_support_44,nonscam,technical_support_json,good morning i'm really struggling because keyboard keys not responding good day i'm here to help let's start when did you first notice keyboard keys not responding it started two days ago completely out of nowhere understood first let's try a full shutdown and restart did that help done that already no change alright let's try running the built in diagnostic tool settings show version 3 1 2 is that the latest yes please install the update and restart once complete fixed i can't believe it was that simple wonderful don't hesitate to contact us again if needed nope i'm good now great support thank you,technical_support_44,95,95
technical_support_57,nonscam,technical_support_json,hello i need urgent help software won't install hello i'm sorry to hear that let's fix this together when did software won't install start since this morning it was fine yesterday understood first let's try a full shutdown and restart did that help yes still happening after the restart let's go further can you check for any pending system updates settings show version 3 1 2 is that the latest perfect i'll push a driver update remotely give me a moment the driver reinstalled fine issue is gone great news feel free to reach out if the issue returns nope i'm good now great support thank you,technical_support_57,32,32
technical_support_74,nonscam,technical_support_json,i need support computer shuts down randomly and it's causing me a lot of stress thanks for reaching out i'll help you sort out computer shuts down randomly how long has this been happening it started two days ago completely out of nowhere i see as a first step have you tried unplugging and reconnecting the device yes still happening after the restart alright let's try running the built in diagnostic tool my device model is hp pavilion 15 hope that helps that version is outdated let me send you the update link fixed i can't believe it was that simple wonderful don't hesitate to contact us again if needed that's all thanks a lot,technical_support_74,78,78
technical_support_83,nonscam,technical_support_json,good morning i'm really struggling because computer runs very slow thanks for reaching out i'll help you sort out computer runs very slow how long has this been happening about a week ago i thought it would fix itself but it didn't i see as a first step have you tried unplugging and reconnecting the device yes still happening after the restart let's go further can you check for any pending system updates i checked and the drivers seem outdated that driver error is the culprit i'll guide you to reinstall it now update installed and restarted it seems to be working now excellent glad we got that sorted is there anything else i can help with nothing else,technical_support_83,99,99
technical_support_66,nonscam,technical_support_json,i need support keyboard keys not responding and it's causing me a lot of stress good day i'm here to help let's start when did you first notice keyboard keys not responding it happened after i restarted my computer got it have you tried restarting the device completely multiple restarts still the same issue let's go further can you check for any pending system updates i checked and the drivers seem outdated that driver error is the culprit i'll guide you to reinstall it now fixed i can't believe it was that simple perfect the problem is resolved have a great day no that's everything thank you so much,technical_support_66,31,31
technical_support_39,nonscam,technical_support_json,hi my wifi keeps disconnecting and i have no idea what to do hi that sounds frustrating can you tell me more about when wifi keeps disconnecting began it happened after i restarted my computer got it have you tried restarting the device completely done that already no change alright let's try running the built in diagnostic tool settings show version 3 1 2 is that the latest perfect i'll push a driver update remotely give me a moment it's working perfectly now thank you wonderful don't hesitate to contact us again if needed nope i'm good now great support thank you,technical_support_39,105,105
technical_support_8,nonscam,technical_support_json,i need support computer runs very slow and it's causing me a lot of stress thanks for reaching out i'll help you sort out computer runs very slow how long has this been happening it began yesterday morning i haven't changed anything thank you can you try clearing the cache and restarting the application done that already no change alright let's try running the built in diagnostic tool my device model is hp pavilion 15 hope that helps that driver error is the culprit i'll guide you to reinstall it now the driver reinstalled fine issue is gone great news feel free to reach out if the issue returns nothing else thanks again,technical_support_8,183,183
technical_support_98,nonscam,technical_support_json,i need support usb port not working and it's causing me a lot of stress thanks for reaching out i'll help you sort out usb port not working how long has this been happening it happened after i restarted my computer thank you can you try clearing the cache and restarting the application yes i restarted multiple times same problem let's go further can you check for any pending system updates settings show version 3 1 2 is that the latest perfect i'll push a driver update remotely give me a moment it's working perfectly now thank you wonderful don't hesitate to contact us again if needed all good really appreciate your help,technical_support_98,156,156
technical_support_35,nonscam,technical_support_json,i need support keyboard keys not responding and it's causing me a lot of stress hi that sounds frustrating can you tell me more about when keyboard keys not responding began this started after the last system update thank you can you try clearing the cache and restarting the application yes i restarted multiple times same problem let me check from my end can you provide your device model settings show version 3 1 2 is that the latest that driver error is the culprit i'll guide you to reinstall it now update installed and restarted it seems to be working now perfect the problem is resolved have a great day nothing else thanks again,technical_support_35,189,189
technical_support_91,nonscam,technical_support_json,hi my software won't install and i have no idea what to do thanks for reaching out i'll help you sort out software won't install how long has this been happening it began yesterday morning i haven't changed anything thank you can you try clearing the cache and restarting the application done that already no change okay please navigate to settings and check the device drivers i ran the diagnostic and it says driver error detected yes please install the update and restart once complete i followed the steps and everything is back to normal perfect the problem is resolved have a great day no that's everything thank you so much,technical_support_91,129,129
technical_support_31,nonscam,technical_support_json,hello i need urgent help bluetooth not pairing good day i'm here to help let's start when did you first notice bluetooth not pairing it started two days ago completely out of nowhere understood first let's try a full shutdown and restart did that help yes still happening after the restart alright let's try running the built in diagnostic tool my device model is hp pavilion 15 hope that helps that driver error is the culprit i'll guide you to reinstall it now the,technical_support_31,116,116
technical_support_23,nonscam,technical_support_json,i need support external hard drive not recognized and it's causing me a lot of stress hello i'm sorry to hear that let's fix this together when did external hard drive not recognized start about a week ago i thought it would fix itself but it didn't got it have you tried restarting the device completely done that already no change let me check from my end can you provide your device model i ran the diagnostic and it says driver error detected perfect i'll push a driver update remotely give me a moment i followed the steps and everything is back to normal great news feel free to reach out if the issue returns that's all thanks a lot,technical_support_23,115,115
technical_support_59,nonscam,technical_support_json,hi my software won't install and i have no idea what to do hello i'm sorry to hear that let's fix this together when did software won't install start about a week ago i thought it would fix itself but it didn't i see as a first step have you tried unplugging and reconnecting the device i tried that didn't work at all alright let's try running the built in diagnostic tool there's a pending update should i install it now yes please install the update and restart once complete fixed i can't believe it was that simple perfect the problem is resolved have a great day nope i'm good now great support thank you,technical_support_59,151,151
technical_support_100,nonscam,technical_support_json,hi my blue screen of death and i have no idea what to do hello i'm sorry to hear that let's fix this together when did blue screen of death start it happened after i restarted my computer got it have you tried restarting the device completely yes still happening after the restart okay please navigate to settings and check the device drivers settings show version 3 1 2 is that the latest yes please install the update and restart once complete fixed i can't believe it was that simple perfect the problem is resolved have a great day no that's everything thank you so much,technical_support_100,177,177
technical_support_54,nonscam,technical_support_json,hey i'm having a technical issue laptop battery not charging hi that sounds frustrating can you tell me more about when laptop battery not charging began it happened after i restarted my computer understood first let's try a full shutdown and restart did that help yes still happening after the restart let me check from my end can you provide your device model i ran the diagnostic and it says driver error detected that driver error is the culprit i'll guide you to reinstall it now fixed i can't believe it was that simple perfect the problem is resolved have a great day nothing else thanks again,technical_support_54,81,81
technical_support_17,nonscam,technical_support_json,i need support microphone not detected and it's causing me a lot of stress good day i'm here to help let's start when did you first notice microphone not detected it began yesterday morning i haven't changed anything thank you can you try clearing the cache and restarting the application done that already no change okay please navigate to settings and check the device drivers there's a pending update should i install it now yes please install the update and restart once complete it's working perfectly now thank you perfect the,technical_support_17,71,71
technical_support_13,nonscam,technical_support_json,hi my laptop battery not charging and i have no idea what to do hello i'm sorry to hear that let's fix this together when did laptop battery not charging start this started after the last system update i see as a first step have you tried unplugging and reconnecting the device i tried that didn't work at all let's go further can you check for any pending system updates my device model is hp pavilion 15 hope that helps yes please install the update and restart once complete update installed and restarted it seems to be working now wonderful don't hesitate to contact us again if needed no that's everything thank you so much,technical_support_13,184,184
technical_support_50,nonscam,technical_support_json,i need support external hard drive not recognized and it's causing me a lot of stress hello i'm sorry to hear that let's fix this together when did external hard drive not recognized start it began yesterday morning i haven't changed anything i see as a first step have you tried unplugging and reconnecting the device yes i restarted multiple times same problem let's go further can you check for any pending system updates i ran the diagnostic and it says driver error detected that version is outdated let me send you the update link it's working perfectly now thank you great news feel free to reach out if the issue returns no that's everything thank you so much,technical_support_50,130,130
technical_support_27,nonscam,technical_support_json,hey i'm having a technical issue microphone not detected hi that sounds frustrating can you tell me more about when microphone not detected began since this morning it was fine yesterday i see as a first step have you tried unplugging and reconnecting the device multiple restarts still the same issue alright let's try running the built in diagnostic tool i ran the diagnostic and it says driver error detected yes please install the update and restart once complete update installed and restarted it seems to be working now wonderful don't hesitate to contact us again if needed that's all thanks a lot,technical_support_27,206,206
technical_support_79,nonscam,technical_support_json,hi my usb port not working and i have no idea what to do hello i'm sorry to hear that let's fix this together when did usb port not working start it happened after i restarted my computer understood first let's try a full shutdown and restart did that help yes still happening after the restart let's go further can you check for any pending system updates there's a pending update should i install it now that driver error is the culprit i'll guide you to reinstall it now update installed and,technical_support_79,91,91
technical_support_61,nonscam,technical_support_json,hello i need urgent help printer not detected thanks for reaching out i'll help you sort out printer not detected how long has this been happening it started two days ago completely out of nowhere understood first let's try a full shutdown and restart did that help yes i restarted multiple times same problem alright let's try running the built in diagnostic tool settings show version 3 1 2 is that the latest perfect i'll push a driver update remotely give me a moment fixed i can't believe it was that simple wonderful don't hesitate to contact us again,technical_support_61,44,44
technical_support_32,nonscam,technical_support_json,good morning i'm really struggling because fan making loud noise hi that sounds frustrating can you tell me more about when fan making loud noise began it began yesterday morning i haven't changed anything thank you can you try clearing the cache and restarting the application yes still happening after the restart let me check from my end can you provide your device model my device model is hp pavilion 15 hope that helps perfect i'll push a driver update remotely give me a moment update installed and restarted it seems to be working now great news feel free to reach out if the issue returns nope i'm good now great support thank you,technical_support_32,181,181
technical_support_48,nonscam,technical_support_json,good morning i'm really struggling because bluetooth not pairing thanks for reaching out i'll help you sort out bluetooth not pairing how long has this been happening it started two days ago completely out of nowhere thank you can you try clearing the cache and restarting the application yes i restarted multiple times same problem let's go further can you check for any pending system updates i ran the diagnostic and it says driver error detected perfect i'll push a driver update remotely give me a moment update installed and restarted it seems to be working now excellent glad we got that sorted,technical_support_48,107,107
technical_support_70,nonscam,technical_support_json,good morning i'm really struggling because bluetooth not pairing hello i'm sorry to hear that let's fix this together when did bluetooth not pairing start since this morning it was fine yesterday thank you can you try clearing the cache and restarting the application done that already no change let's go further can you check for any pending system updates my device model is hp pavilion 15 hope that helps that driver error is the culprit i'll guide you to reinstall it now fixed i can't believe it was that simple wonderful don't hesitate to contact us again if needed nope i'm good now great support thank you,technical_support_70,228,228
technical_support_41,nonscam,technical_support_json,good morning i'm really struggling because printer not detected thanks for reaching out i'll help you sort out printer not detected how long has this been happening it happened after i restarted my computer thank you can you try clearing the cache and restarting the application multiple restarts still the same issue alright let's try running the built in diagnostic tool my device model is hp pavilion 15 hope that helps that version is outdated let me send you the update link it's working perfectly now thank you perfect the problem is resolved have a great day all good really appreciate your help,technical_support_41,97,97
technical_support_94,nonscam,technical_support_json,hello i need urgent help bluetooth not pairing hello i'm sorry to hear that let's fix this together when did bluetooth not pairing start since this morning it was fine yesterday got it have you tried restarting the device completely i tried that didn't work at all let's go further can you check for any pending system updates i ran the diagnostic and it says driver error detected perfect i'll push a driver update remotely give me a moment fixed i can't believe it was that simple perfect the problem is resolved have a great day no that's everything thank you so much,technical_support_94,89,89
technical_support_7,nonscam,technical_support_json,good morning i'm really struggling because printer not detected good day i'm here to help let's start when did you first notice printer not detected this started after the last system update understood first let's try a full shutdown and restart did that help yes still happening after the restart let's go further can you check for any pending system updates my device model is hp pavilion 15 hope that helps yes please install the update and restart once complete i followed the steps and everything is back to normal wonderful don't hesitate to contact us again if needed that's all thanks a lot,technical_support_7,100,100
technical_support_75,nonscam,technical_support_json,i need support keyboard keys not responding and it's causing me a lot of stress good day i'm here to help let's start when did you first notice keyboard keys not responding it happened after i restarted my computer i see as a first step have you tried unplugging and reconnecting the device i tried that didn't work at all okay please navigate to settings and check the device drivers settings show version 3 1 2 is that the latest that version is outdated let me send you the update link the driver reinstalled fine issue is gone wonderful don't hesitate to contact us again if needed no that's everything thank you so much,technical_support_75,148,148
technical_support_47,nonscam,technical_support_json,good morning i'm really struggling because printer not detected hi that sounds frustrating can you tell me more about when printer not detected began it started two days ago completely out of nowhere i see as a first step have you tried unplugging and reconnecting the device done that already no change let me check from my end can you provide your device model my device model is hp pavilion 15 hope that helps that version is outdated let me send you the update link i followed the steps and everything is back to normal perfect the problem is resolved have a great day nope i'm good now great support thank you,technical_support_47,157,157
technical_support_82,nonscam,technical_support_json,good morning i'm really struggling because blue screen of death thanks for reaching out i'll help you sort out blue screen of death how long has this been happening about a week ago i thought it would fix itself but it didn't i see as a first step have you tried unplugging and reconnecting the device done that already no change let me check from my end can you provide your device model i checked and the drivers seem outdated that driver error is the culprit i'll guide you to reinstall it now the driver reinstalled fine issue is gone wonderful don't hesitate to contact us again if needed nope i'm good now great support thank you,technical_support_82,233,233
technical_support_49,nonscam,technical_support_json,hi my computer runs very slow and i have no idea what to do hi that sounds frustrating can you tell me more about when computer runs very slow began it began yesterday morning i haven't changed anything understood first let's try a full shutdown and restart did that help done that already no change let's go further can you check for any pending system updates settings show version 3 1 2 is that the latest perfect i'll push a driver update remotely give me a moment it's working perfectly now thank you perfect the problem is resolved have a great day that's all thanks a lot,technical_support_49,69,69
technical_support_34,nonscam,technical_support_json,hi my wifi keeps disconnecting and i have no idea what to do good day i'm here to help let's start when did you first notice wifi keeps disconnecting this started after the last system update i see as a first step have you tried unplugging and reconnecting the device done that already no change let's go further can you check for any pending system updates i checked and the drivers seem outdated perfect i'll push a driver update remotely give me a moment i followed the steps and everything is back to normal excellent glad we got that sorted is there anything else i can help with nope i'm good now great support thank you,technical_support_34,103,103
technical_support_30,nonscam,technical_support_json,hey i'm having a technical issue computer shuts down randomly hi that sounds frustrating can you tell me more about when computer shuts down randomly began since this morning it was fine yesterday understood first let's try a full shutdown and restart did that help yes i restarted multiple times same problem let me check from my end can you provide your device model settings show version 3 1 2 is that the latest that version is outdated let me send you the update link fixed i can't believe it was that simple great news feel free to reach out if the issue returns all good really appreciate your help,technical_support_30,82,82
technical_support_33,nonscam,technical_support_json,hi my software won't install and i have no idea what to do thanks for reaching out i'll help you sort out software won't install how long has this been happening this started after the last system update thank you can you try clearing the cache and restarting the application multiple restarts still the same issue let me check from my end can you provide your device model there's a pending update should i install it now yes please,technical_support_33,73,73
technical_support_38,nonscam,technical_support_json,good morning i'm really struggling because keyboard keys not responding hi that sounds frustrating can you tell me more about when keyboard keys not responding began since this morning it was fine yesterday got it have you tried restarting the device completely yes still happening after the restart let me check from my end can you provide your device model there's a pending update should i install it now perfect i'll push a driver update remotely give me a moment i followed the steps and everything is back to normal great news feel free to reach out if the issue returns all good really appreciate your help,technical_support_38,124,124
technical_support_73,nonscam,technical_support_json,hello i need urgent help laptop battery not charging good day i'm here to help let's start when did you first notice laptop battery not charging about a week ago i thought it would fix itself but it didn't understood first let's try a full shutdown and restart did that help done that already no change okay please navigate to settings and check the device drivers settings show version 3 1 2 is that the latest perfect i'll push a driver update remotely give me a moment update installed and restarted it seems to be working now perfect the problem is resolved have a great day nope i'm good now great support thank you,technical_support_73,232,232
technical_support_90,nonscam,technical_support_json,hello i need urgent help blue screen of death hi that sounds frustrating can you tell me more about when blue screen of death began it happened after i restarted my computer thank you can you try clearing the cache and restarting the application yes still happening after the restart alright let's try running the built in diagnostic tool settings show version 3 1 2 is that the latest perfect i'll push a driver update remotely give me a moment it's working perfectly now thank you excellent glad we got that sorted is there anything else i can help with nope i'm good now great support thank you,technical_support_90,187,187
technical_support_19,nonscam,technical_support_json,good morning i'm really struggling because printer not detected hi that sounds frustrating can you tell me more about when printer not detected began this started after the last system update thank you can you try clearing the cache and restarting the application i tried that didn't work at all let's go further can you check for any pending system updates i checked and the drivers seem outdated yes please install the update and restart once complete update installed and restarted it seems to be working now excellent glad we got that sorted is there anything else i can help with no that's everything thank you so much,technical_support_19,110,110
technical_support_22,nonscam,technical_support_json,i need support keyboard keys not responding and it's causing me a lot of stress hi that sounds frustrating can you tell me more about when keyboard keys not responding began it started two days ago completely out of nowhere got it have you tried restarting the device completely i tried that didn't work at all let's go further can you check for any pending system updates settings show version 3 1 2 is that the latest yes please install the update and restart once complete the driver reinstalled fine issue is gone wonderful don't hesitate to contact us again if needed no that's everything thank you so much,technical_support_22,84,84
technical_support_71,nonscam,technical_support_json,hey i'm having a technical issue computer runs very slow hi that sounds frustrating can you tell me more about when computer runs very slow began this started after the last system update thank you can you try clearing the cache and restarting the application done that already no change let's go further can you check for any pending system updates there's a pending update should i install it now perfect i'll push a driver update remotely give me a moment the driver reinstalled fine issue is gone perfect the problem is resolved have a great day nothing else thanks again,technical_support_71,120,120
technical_support_51,nonscam,technical_support_json,hi there i've been dealing with blue screen of death for a while now thanks for reaching out i'll help you sort out blue screen of death how long has this been happening since this morning it was fine yesterday got it have you tried restarting the device completely multiple restarts still the same issue let's go further can you check for any pending system updates i ran the diagnostic and it says driver error detected that version is outdated let me send you the update link i followed the steps and everything is back to normal excellent glad we got that,technical_support_51,10,10
technical_support_84,nonscam,technical_support_json,hey i'm having a technical issue fan making loud noise hi that sounds frustrating can you tell me more about when fan making loud noise began about a week ago i thought it would fix itself but it didn't i see as a first step have you tried unplugging and reconnecting the device i tried that didn't work at all okay please navigate to settings and check the device drivers settings show version 3 1 2 is that the latest that driver error is the culprit i'll guide you to reinstall it now the driver reinstalled fine issue is gone excellent glad we got that sorted is there anything else i can help with no that's everything thank you so much,technical_support_84,193,193
