id,label,source,text
177,scam,youtube,yeah your for with us how can I you you 're have to you for some I ca n't what you 're but the of your has been so you to you to our you can your you will your if you 're not to to to me with what I 'm that 's the that we are you is this I ca n't what you 're I do n't to my yes I 'm me me me what 's on me what 's on I your of I that you can do you like you and in our the the of but the is that the has been
304,nonscam,harpervalley,this is my is how can you my is rodriguez how can you a and what is the that you would that to my is 's how do on that that 's it 's in and it 's is that are you there uh that will be to that is can you with no thank you for and you have a bye
207,scam,youtube,this is I a from this you could not me how may I you can you me yes can you me are you with I 'm about that 's a that 's on are you with this is we for how can I you oh I have me never you okay so I I was on the you the and I I there was a on the it was me that to my was and and for the of me I ca n't out why because no I 'm I my for the be I 'm I 'm because I the the I it I do n't until the but it my is and I do n't why and would you out the you have on your it it and to this has been for and to and if I it does n't do uh what was the you were to do on the
286,nonscam,harpervalley,this is my is how can you and would to between my and how would you like to um a and and will me or would to it from my to my 's okay is can do for you no that 's all for you for your you have a you you bye for
291,nonscam,harpervalley,this is my is how can you my is would to my 'm to you with that and what is your my is can you the of your your has been to your is can you with that was all you for have a you
104,scam,youtube,you for and this is how are you it 's it 's I from I off my you can me out with my okay it might be as I you as you do not have any was it that 's a of oh my what can we do all so what I 'll do I 'll of all do I of all I 'll your so we are na we have to you the that is and this me a of and a I 'm to this down of all could you on your so you to up your your there are in the is as the
163,scam,youtube,and how may I you I an to you a can you me your so that I can and out your yeah me yeah how are you doing I was until I this can you a of so I can and you some you can it down on of all down my my is is my my is why do I all this for the behind this is to you that there is a is being on your by and in a because you did n't your that 's the and how has this been on for
169,scam,youtube,you for you 're with how may you a from you it and it out do you have a for the do n't as it and it out can you me with your it 's can you your would your of and for the yep it 's and your did you you 're from your has been to from what 's it what 's it what 's this me to up all the on my so that 'll be at the to you like what is the all about all we were to you that the has been against your to and
58,scam,youtube,you for this is how may I you ? was to or or . Yeah there is a for on your have you this or not because this is a have you this or not ? Uh no can I to because he my . ? can I to him because he my
103,scam,youtube,you for the this is how may I you my is my had and to a with to an so you to this and that I was in we have n't a since and I do n't why we 're might be the you by no for that we are to the and whatever has been you you the okay I that are you in your I have I have your the it 's it 's inside of so I 'm to the the there 's a I a
101,scam,youtube,yes this is for all this is you to your I I 'm on on the okay how 's your it 's why we you from to the on and you the is the a in your okay it 's there
125,scam,youtube,you for how can I you I 'm a on my that to this has been for oh are you doing on the when this yes I was at and I across a that was on a me you why the your has been out because you 're on the there will be some of a that is it is an which is over the to your and which has been your that 's why the has you the you must to the that we are do n't about I can you like you what you 're about may I have your
427,nonscam,harpervalley,this is my is how can you uhm to a could you that a a what is your oh my is what is your yes it 's in is the is can you with no that 's all that 's all you you for have a okay you
121,scam,youtube,this is how are you I 'm you for what am I doing with these um I and I with my and we had a about the of what we can do with the if you 're of and this to any that would not be by any it wo n't be because it 's an and has to be an so the wo n't is that what you 're me no that 's not what I 'm what are you what they wo n't it 's I was to it out okay the which you have on the this is to be into any without the and we can not and
416,nonscam,harpervalley,this is my is how can you my is would to a what is the the is what is the what is the the is and we will your to is can you with no that 's it you you for have a you
482,nonscam,harpervalley,this is my is how can you my is davis how can you would to an can you with that what would you like for your and what would you like for your uh what would you like for your a a your has been for at a is can you with no that will be all you for have a you
19,scam,youtube,how are you doing 'm who is this this is you you have to me in about your what what do to do for this you you have to your we your for you that me after some will do that that 's why we are you me with your of for the how would be the your is me
339,nonscam,harpervalley,this is my is how can you my is would to a what is the can you the the is what is the the is what is the the of the is and we will your to is can you with no that was to it you for have a
228,scam,youtube,you for this is can I you to be to whatever it is it the it by and what do you on your could you it to me yeah it 's a it my and it for I I I that could have been some of though and I 'd to have it me you what me you is this your or is it a before you the on your what are you doing in the did you into any did you to what was that 's how do you me to
276,nonscam,harpervalley,this is my is how can you my 's my can you me a me your up you to a is that which did you to was it a yes my or 'm it 's my a or oh me that for you 's that out we and can you me your thank you your
224,scam,youtube,you for this is how can I you can you me to the you are with me how can I you I I an from you that I that you may have by and I 'd to I 'd to that it do n't I will you out with the of all can you me like are you in of a okay I do it 's a of I can you up a so that I can you in a um a what a on your you 're in your up a so that I can you in a oh on what 's what 's I I I to it I did n't I do n't this that 's what I 'm to you you have to be in of your so that I can you in a
336,nonscam,harpervalley,this is my is how can you my is to my okay can do that for you your and it 's or your to my your is and you does that to you is can you with no that 'll be it okay you have a you you
381,nonscam,harpervalley,this is my is how can you my 's is my is 'd to a the is and the this is with is and is not it 's the o the of the is and that was on the yes up until of the could you the it 's that 's been is can you with that was it thank you okay you for have a
258,nonscam,harpervalley,this is how can you my is how can you my is linda would to a what is the the is what is the the the is and what is the the of the is a and can you that for me a and we have that is can you with no you that will be all for you for have a you
85,scam,youtube,you for my is how can I you I an for it despite your we have your as your in there is no what what am I being I 'm and I that you have been or the which you have okay you to this I to it all all I that we have a at your I have a without your I 'm
313,nonscam,harpervalley,this is my is how can you my is would to a would be to you with that what is the you to to the is what is the the is could you the and what is the a and a and have a to the that you have is that can you with no that was all you for have a you you
86,scam,youtube,this is how can I I a on my it it it to the has been for why am I this you might have by or you may have I 'm a I 'm a of I the I do n't do it 's with when I was up a for some and I on the and I this you you are I 'm a I 'm a n't no I n't no do you to on do you the
274,nonscam,harpervalley,this is my is how can you my is would to between my what is the and what is the would to it from the to my what is the and has been from your to your is can you with no that 's it you you for have a you
397,nonscam,harpervalley,this is my is how can you my is would to a what is the the is what is the the is that 's in and the is what is the the of the is we will your to is can you with no that 'll be all you you for have a
110,scam,youtube,I a on my that 's me I have and my 's been and what were you doing on the when you that I was up for did you on your I did I 've a for my of my I this the okay is that a or the it 's a it with the and it 's the it your you may a for your the to the it will be on the or like the of the do you do you to or do you like that it do you to us yes that it it
417,nonscam,harpervalley,this is my is how can you my is would to a what 's the the is what is the the is what 's the the is we will your to is there can you with no that was all you you for have a you
147,scam,youtube,how can I you I had a from this all me have a all and 'll you can you the for a no are you there you for the uh what can is like we an of an from your are you about the no 'm not okay no like do you from from ohio no do n't do n't we this from 've never been to ohio yeah no but we this from and we were because it 's a from it is yeah that 's the so 'm you to whether the was by you or not have you your with no like have your who is on and this you to this of 'll you to this by and a all
240,scam,youtube,this is how are you I 'm doing and you I 'm doing I 'm doing you for my do you have any that are we have and what and my they 're they 're I 've been a of and of them are so I was me around or whatever and what I can are a of like you about the the the because of like and yeah we are we are and we have we have we have for of you can on our do you have our do you have any about the than their like you to could you could you than the of the like about how are they okay they are they are
226,scam,youtube,you for how can I you an about being for an this was without my that is for the of the I did not this that is for the that is for the I did not that is that is for the of the how can I you with that it 's for the I do n't it I did n't it I did n't for it can can you be on the so we can you to it can I do what what do you can you be on the so we can you to that I can I do n't do n't on me if I can your is to me I will you I it I was on there this is the the with the is the but I do I have to you to be on the do you me to or I do n't on the you do n't have to what can you what can you on the my oh your on what do you the the the you the is your on your is on your is on have a on the on the do you
420,nonscam,harpervalley,this is my is how can you my is would to a 'd be to you with that and what is the the is and that 's 'm that was and what was the what was the what and what is the the is and what is the the of the is okay we will your to is there can you with no you 've me with all that for you you 're you for have a you
216,scam,youtube,you for this is how can I you there you if you could me to in the who could me an that would be thank you I will you are you in of your I am can you me to and I will you a can you me to I I to this I do n't have a of you I will you I will be I will out and you and I I do n't to and for ca n't me to in the do which do you which I the at the on the is or is it it 's over there on
393,nonscam,harpervalley,this is my is michael how can you my is a you me to you some can do that for you and what is your my is and what 'm what was that you and your and what is your 'm that is can you with no that 's na do it you you that should be that within a or and you have a you you
68,scam,youtube,you for you are to may I you my has been down I I 'll you out for for that me you me you they in your and they have over there with the of that they are to in your has been and that is the you are not to any because you 're to your has been or okay can you me that which are you with what 's the of your so I can it in your
200,scam,youtube,you for how can I you I to with who in the yes me how can I you you 're to from I can I should that I to to can you me I can you yourself into the how can I who in the or who can me would be that I 'm I 'm out no you do n't to be I 'm out after the have n't been me what 's the there 's about that to that I should n't you about what since you no that 's
401,nonscam,harpervalley,this is my is how can you my is would to my my is 'm na that to you you you to your and your is is that okay your has been to your you is can you with no you you for have a you
106,scam,youtube,I a from this how can I you I a from what was the what I can my like has an of an and in the under your this has been so this is the has been to you whether you have this to this no I did n't that 's why I 'm a but it so it this is an and we have some into your who is to your and under your they are to this like some from the have been to you with the of your and they are to this can you me did you
107,scam,youtube,you for this is how can I it 's I I would you when I me may I have your uh with I do that there 's a I was n't on my yes yes yes you for could you your where are you we 're in I you do I to in I 'm in
301,nonscam,harpervalley,this is my is how can you my is and would to a what is the the is what is the the is could you the that is could you the you what is the the of the is and yes you we will your to is there can you with no that will be all for you for have a you
61,scam,youtube,you for how can I you ? uh yes this is a that was being for but have n't can you me yeah can you like we have some of on your . so that like has to that so that 's why you have been for that do you to the uh to it like like when you your your and like you have to that and you have to your
144,scam,youtube,you for while we your to our for this is how to you had a from this or to this could n't it because my was up my was and when did you the from my at what do n't what like my my was up because the is ca n't you me in my no can you can you me with your and can up your and what 's on my is my is and what 's your my is my or my your oh 'm my is me a me out your and what 's on you all you
376,nonscam,harpervalley,this is my is how can you my is brown would to a what is the the is what is the the is what is the the of the is they will your to is there can you with no there 's thank you you for have a
180,scam,youtube,is this you are with you 're with 'm amazon my how may you the about and did n't it it was like all you 're about my me you can can that is that but me you 'm like uh we a from that have you the what like we are be you for the because we a that was the he a or what what are you what are you about 'm about that we a that under your and that 's been of the for the is that by you the up the how is it it was like it 's 'm but 'm a is n't it to be like if you 're a
411,nonscam,harpervalley,this is my is how can you my is would to between my what is the the is and what is the would to from my to my you what is the the can you the has been from your to your is can you with no that 'll be all you for have a
337,nonscam,harpervalley,this is my is how can you my is a what is your my is and the is that was a has been to your is can you with no that 's all for you you 're you for have a you
36,scam,youtube,for your with can we you was to in my and it 's me it 's and have to and what were you to do on this 'm is this your or it 's a its a it 's a okay do you have any do you have any in your in your no my no my
109,scam,youtube,this is from the you had a with our I did and you 're I 'm na I 'm na you the on the you will the you me and you have to this to our you will up this from your down the and up
402,nonscam,harpervalley,this is my is how can you my is williams would to between my 'd be to you with that what is the it 's to be a and a and from which your or your from my to my a and has been from your to your is could you with no that 's it you for valley have a you
5,scam,youtube,the under your for and and there is a out for your there 's a out for my this is a have to this in the so we do n't any in this this is to in the is to be the we 's of under your at this of you have your is to to and the in if you you have to
44,scam,youtube,"you for this is , how may I you ? yes my 's it on to my and it 's it 's a and could an from it . I am to that . Can I you what you was doing when you that of a or an ? All I did was in all I did was in in to my I 'm a and I a"
282,nonscam,harpervalley,this is my is how can you my is would to between my what is the the is and what is the of from my to my oh what is the uh to my has been from your to your is can do for you no you you for have a
396,nonscam,harpervalley,this is my is how can you my is what can you with 'd to a the is and what is the the is 'm could you that it 's and what is the the of the is is can you with no that 's all thank you for have a
347,nonscam,harpervalley,this is my is how can you my is would to a what is the the is what is the the is o could you the o what is the we will your to is can you with no you you for have a you you
312,nonscam,harpervalley,this is my is how can you my is would to a 's that for you and what is the the is and what is the the is can you that for me it is and what is your the of the is and and we have that for you to and is can you with no that is all you for you have a you you
108,scam,youtube,you for how can I you I was to I him I would when I is on another to another does it have to be or could you me is on another as I you what and you have there was an on my and I there 's with my all not an uh I that we had to a to your in this all could you me uh could you me with your the so that I can for the that was that there is no with me I 'm to the under of I that there is no all there are some which are with all
113,scam,youtube,is this this is you I 'm doing how are you I 'm doing for so you must be that our is you a of which you will and this is being to you because the will not be in your I was the we for was in . I have n't in a I 'm I 'm being this is not not this that is being this is a that was and this was from this was the of by which had but your does n't that you are to a from us about the we would have
287,nonscam,harpervalley,this is my is how can you my is would to a okay can you the for your would to a what is the what is the and the is what is the okay what is the and okay is can you with you that 's na be all for me you for you have a you
135,scam,youtube,you for in this is how can you this is had a to this yeah this is your a it 's and for the you 're about to a of and what this is a whether you to for what for your like that on my did n't was for it it with the of the yes were with your these were onto your but you did n't these for and that 's why these are and the of these are at
52,scam,youtube,all you have been to the this we are on it all on 'm to this to my who is to have a with you all okay like the have you this of 's might be not up in your because it some to up on your me you the so we can the and you your into your all the have you from your and they have your in the do you about
292,nonscam,harpervalley,this is my is how can you my is would you like to my okay what is your okay my is oh have no it 's like okay your has been to your is can you with no that should be it you you for have a you
204,scam,youtube,you for with it 's how may you to if you could is this you for with I your can you me yeah can you to if you could me to with uh the or you to be to the do n't do n't why have an that 'm being you do n't to be so 'm like what we it like do you to the and a do n't do you your it my I 've had the before but it was n't do you the you has so like that you your do n't did you me it was an and it was
290,nonscam,harpervalley,this is my is how can you my is would to my okay what is your it is can you the can you your is could you your has been to your is can you with no you you for have a
329,nonscam,harpervalley,this is my is how can you my is a me can and you with that what is your my is can you you uh can you the 'm no it 's you for that and a that and a has been to your is can you with no you for and have a you
71,scam,youtube,you for you are to how may I you you I a your has us it has been by a the has been I will you what you have to do I 'll and that for you I may I the and of your what I have to do in this I am what 's the and of your
205,scam,youtube,yes how may I you I 'm I to have a I to to about a that I did n't oh like we are you to you that your will be for your so you to or you to it I I it was a that I to I 've been to a of so what is what is the do I you or are you na are you na are you na me for it we are to you for that I was I was because I to that I did n't if you okay can you can you can you be in of your I can why for the you to be in of the oh do I do I have to a or because of that might have to do that I will you and I will you do n't
293,nonscam,harpervalley,this is my is how can you my is would to a what is the the is what is the the is what is the the of the is okay your to has been to to is can you with no you you for have a you
155,scam,youtube,had a from this this is a uh you have been you you have for so we to it that have you that no not that I 'm of that is the we have been you to it out that the has been that this is a or not for your you to and on a am your to our if the has been to your we can you the otherwise we the you to the we to it out that is the we your to be to our
480,nonscam,harpervalley,this is my is how can you my is would to an 'd be to you with that what would you like for your can you can you the and what would you like for your have you up for at is can you with no you that is you for have a
387,nonscam,harpervalley,this is my is how can you my is would to a what is the it is and what is the it 's and the it 's and the the is the the is and what is the the is we will your of to is can you with no that 'll be all you for have a you you
340,nonscam,harpervalley,this is my is how can you my is would to a okay what is the what is the that 's in and the is can you that for me what would you me to the and what is the okay you are to is can you with no that 's all with thank you you for have a you
49,scam,youtube,you for my my is how may I you ? Yes my is I 'd you to me my on my I in an I in the when I the and I these that I a in to into . So you to your on which like on your and on my . for that you to we are my . Oh this this is the it on the .
76,scam,youtube,you for this is how may I you I have a on my that my to the 's it 's you do n't to about that it my and my has been is at I am it like there is a on your which it 's an of with a when you on an all they can it was n't it was on it was on
272,nonscam,harpervalley,this is my is how can you my is and would to between my from my to my can you the from your to your from a into my that has been is can you with that 's all for you for have a
124,scam,youtube,for to this is how may I you it 's how are you doing have a no how 'm you for your are you be in of your it on from and 'm into my all you the me would you me because am and 'm not with you me by my have you the do n't me by my you to me all your and your and up your okay it 's
350,nonscam,harpervalley,this is my is how can you my is would to a and what is the the is what is the the is what is the the of the is and okay we will your to in the of a and is can you with no that 's it you you for have a
444,nonscam,harpervalley,this is valley my is how can you my is would to a what is the the is could you can you the the is what 's the 's the is what is the the of the is we will your is is there can you with no you you for have a
87,scam,youtube,you for this is how can I you I 'm being would you to with it or would you like to it I would to because we did n't we did n't for the you have to be in of your so I can you out with the if your is on it 's on how do you I can my can you up your on your there you will a where you can and do you that I it a over there and that it was all so you can why would it okay it does n't when you a no no you do n't
432,nonscam,harpervalley,this is my is how can you uh my is how can you would to my 'm could you that would to my okay what is your my is uhm we will that to is can you with no that was to be it okay you for have a
51,scam,youtube,Yeah can I to ? Yeah like he was to you from the of but did n't a of you the why he was to you for the of but did n't a of you the why I was to you was since the we are from your to your from from do you
39,scam,youtube,this is an from there is an of from your if you did not the to to our you for my is how can you a about a from no to it 's an the are to the with the of we to some
96,scam,youtube,for how may I you I an in this I to off to because of it I I to of it all you have n't it no I have n't this is me because I I do n't what it 's for it has it does n't what I 'm no I will this can I have your and you have a is is as I can on our that you it for and a for the and
162,scam,youtube,and you will this is how may you 'm 've had a from you all and did you any no did n't in to out your will you me out with your yes it 's I can to out your it 's and can you out your it 's it 's it 's do you have me all and what is your it 's all with me me out your in my you for being on yes all your in my and you
59,scam,youtube,'m you from how are you can an like what you the after the after what is the that 's the the after or the you the after because had had and do n't to have do n't to how can how you
115,scam,youtube,you for this is I 'm to a that I about a for I have n't in I I 'm it because uh they that 's the when you those did you you to to our no I that 's what 's me I I I never have and I 'm I ca n't of how the would have about I I have and it with its okay that 's an itself for you 're me that you did n't the and you do n't have you the to your to your and your with
299,nonscam,harpervalley,this is my is how can you to when okay would to an for what would you like for your what for what would you like for your around o'clock what would you like for your what would you like for your oh p your has been for at you is can you with that 's all have a you
408,nonscam,harpervalley,this is my is how can you my is would to between my what is the the is a and what is the from my and what is the to my a has been from your to your is can you with no that was to be it you for and have a
385,nonscam,harpervalley,this valley my is how can you my is would to a can you with that what is the the is and what is the the is what is the the of the is we will your to at is can you with no you you for have a
185,scam,youtube,to you 're with how can you to to about an that do n't on my no 'll be to you what can you with that me how can you if you have any with an so can what you 're can you me oh that 's a that 's a okay 'm if you have a with an you can me about it can you with that you have to on it 's it 's have to in it that there was an for an and have have an do n't this all can you me with your which is with the do n't do n't do n't
369,nonscam,harpervalley,this is my is how can you my is 'd to a you would to a what is the the is would you be to me the the is was that 's the you and what is the while this into my is you with no that 's be it for me okay we will your to and do you for my is from i you have a
236,scam,youtube,you for you 're with how can I you do you me can you me can you me anybody there can you me is I can you I was n't I was to you the but I is this is this you to how you I I I what you wo n't this but my I would you to it may I what is to you if you to do it the the is when I to on there I I ca n't my she this for me and I ca n't how to it my before and if you to out and if you to out what it um there was an to the and I to to it and on your it me that there was an with the so I I do n't I do n't what to do okay I can I can I the of your what is that it 's a I do n't
242,scam,youtube,you for you 're to how can I you I 'm because I 'm a on my that my 's for your is up could you that on my in my there 's a it to this is for and it to what is the that you 're on that I was to up for for I 'm to to up
12,scam,youtube,you for your is the will your how are you you 're with the how may I you this is the yes it 's the do n't I a from you did I to some can you the to me which you from the
75,scam,youtube,you for you are to how can I you I have a on my that my is for and is this for the on your or has it to this I 've never like it and what were you to do on the when you this that I I across was on and what I on I this I 'm not what I on to it
352,nonscam,harpervalley,this is my is how can you my is would to a can you with that what is the the is and what is the the is could you the thank you and what is the the of the is so we will your to is can you with no that 's it you for have a you
441,nonscam,harpervalley,this is my is how can you my is would to a and what is the of the the is what is the the is can you that for me and what is the the of the is will that is can you with no you you for have a you
406,nonscam,harpervalley,this is my is how can you my is and would to a what 's the the is what is the the is could you that yeah okay what 's the that the of the is your to will be is there can you with no no you you for have a
298,nonscam,harpervalley,this is my is how can you um 'm 'm to a a my is and a to my you a will your < my is and the is 'll that to you to have it that 's mhm you have it has been to your is can you with you uhm no do n't that you for you
38,scam,youtube,you for this is . Can I you ? Yeah I was an I a but I did not me a me . And when did you this ? at may I have the ? 's my is . I 'm to you a ? On your to I 'm to the .
326,nonscam,harpervalley,you for valley my is how can you my is a you a and what is your patricia my is no a has been to your is can you with no that 's na be all for me okay you for have a
439,nonscam,harpervalley,this is my is how can you my is would to between of my okay what is the is a and can you the for me the is a and and what is the you 're from from my and to your that 's a and has been from your to your is can you with no that was be it you for and have a
344,nonscam,harpervalley,this is my is how can you my is and would to my can you me your it is that was is uh your has been to your is can you with no that 'll be all you for and have a you
10,scam,youtube,this is what this is can you me from is your is on it is what you to do you to at your on your do you the the what is this from your like it is or on me the the all what do you you can me I can
40,scam,youtube,this is we are to you that your will be from to up the to with if you to your . Yes am I to yeah this is I 'm you from the 'm about do n't we are to you out
256,nonscam,harpervalley,this is my is how can you my is would to a what is the the is what is the the is oregon what is the the of the is and can you the the of the is and we will your to is there can you with no that 's na do it you you for have a you
90,scam,youtube,for not in how can I you I an from it that I 'm na be and why I 'm being and did you any for this I my and the to him and he we 're not that we do n't we 're the we and I 'm what is a it is a and for the if you did not I up your with the of your and I can it is a that is I 'll do it to this and if we 've been I would our if I 'll I 'll you for the you have to on your I can you by
235,scam,youtube,this is how am I you yeah I 'm about a I on my me to about a your is not I it 's no it 's I ca n't it all so you 're to in your but it 's not all what it what can you on your me so I can be you out the can you I 'm can you the the what you I 'm what can you on your me so I can be this it 's I was on the to up you out of the and I the I the and it that to the has been for all could you me to off your to this be my
186,scam,youtube,can with from can you me yes can you me yes can you how can you to up a with what is the in to a a and when did this may you not have you any on your any on your what did you do do n't was was it uh was it like do my to that my no but of the that into my you no can you with that may you it may have your and the is my how do you it out if you do not me that would for that and the is my is but it a uh your is is you in if you there 's no to can you if you me by any all
93,scam,youtube,to how can I you how can I you this is we 're to you back I 'm all on your I 'm to you all how has your been it 's but it 's it 's how 's your yeah I 'm of and and so it like the that we were doing the for the uh can you up your it 's it the is on what you to do is into your and out the all I do n't I did n't
141,scam,youtube,you for with am you 're with the of okay how may you had a that there was some on my that 's that 's we there is an that 's on through your all if you us what we are na do is we are na it all and we are like we are to you okay would be should be all if you me like if you us that we are to a like a onto it should and a off to it onto it to what under the to it can you what you
440,nonscam,harpervalley,this is my is how can you my is would to between my what is the the is and what is the would to it from my to my and has been from your to your is can you with no not at the thank you for have a you you
391,nonscam,harpervalley,this is my is how can you my is a what is your it is and what is the that was is that okay a will be to your is can you with no that 'll be all you you 're you for and have a you
157,scam,youtube,you for my is how can I you I this from we 're to you as our we have the for and like has out of my I 'm to what 's on can you me with your so I can and into my and you there 's an it 's you the or oh yes oh how can I an you are I it no no are you your to it out no do you me to it on it on
289,nonscam,harpervalley,this is my is how can you my is would to between my what is the the is and what is the and what is the has been from your to your is can do for you no that 's all that with you for your you for have a you
264,nonscam,harpervalley,you for valley my is how can you my is would to an elizabeth can you with that what would you like the for 've the up do n't what it is the and what would you like to the for a your has been for the at a is can you with no
277,nonscam,harpervalley,this is my is how can you my is would to a oh can you do that what is the the is what is the the is what is what is the the of the is and we will your to is can you with that 's na do it you for have a you
54,scam,youtube,"Yeah for this is how are you doing ? I had a I was to for , can you me with that ? so as I can there is some are into your can you me like are you in of your or ? Uh yes I 'm at my . that I will you over the how we are to the ."
15,scam,youtube,you for and how may I you may with may have your me it for you is in a but will out can you that 've your your is to be down I 've your your in are you there what do you by
231,scam,youtube,this is how may I you what was your I did n't what you my is from how may I you your is I can can you me I 'm I 'm because you a for me I I a I 'm I I I it this and it is can you to me why you 're me we are to you for your 's okay so you to the or you to the you me uh is it do you do I it on my because if I do n't it I 'm to of I do n't I do n't to I 'm I a I that you to your and your what that the which is and this is the to the which is in the or they would to it out you that you do n't to it so you 're na
332,nonscam,harpervalley,this is my is how can you my is would to a 'm to you with that what is the the is and is what is the the is up until but can you the and what is the the of the is we will your to is there can you with no that 's all with you for your you for have a you
139,scam,youtube,had a about my did you from your and this is a do you this or no have n't what are you about 'm about your you have n't it you did not that 's what 'm to you is do n't what you 're about me me what 's on as you did not from your it this is on that did n't did n't okay can you and on your
132,scam,youtube,a to you this is from amazon how may you yes had with my did you that of an from your no no why would do that my and are you the of this or except you it for no 'm the that this you 're the all so that it 's a which is to your 'm because did n't an all so 'll you to it and will it as a in to it you have to be in of your are you in of your it on all so it 's in are you in of the have to it on can you me with all that in the 'm you it on
283,nonscam,harpervalley,this is my is how can you uh my is and would to a what is your uh my is and that 's in and that 's is and a and the is and the is a has been to your is can you with no that is all have for you you for have a
57,scam,youtube,for this is how may I you ? some of a about a from or or like that can you me a or do n't was 've been for like do n't what what it is what you to do you to be in of your so that can you with the are you in of your
172,scam,youtube,yes 'm about my my and this is the what that was this is the of when you the you a to and when you the you for it if you did not the you can it and you can a of for it what would you to do would you like to to the or would you like to it for a do n't 'll have to my if he if he it if it was my who it does it who the no it does n't that because you uh all the of who are a they are being about it because is the of the that 's a of on me my on me with him but do n't do n't that we
251,nonscam,harpervalley,this is my is how can you my is and my can you me a in the of you your yes 've your is can you with can you my and your has been for you should be all is there can you with that 's all you for you have a you
149,scam,youtube,how may you had a from this this is about your you for the for your you to it sir or you to this to it when did they that when did they you 'm when you that at that you some for the for your and that is and 's that 's why you for that do n't any it 's okay you to it 'm you 're if you to on your you how you the because you to this
145,scam,youtube,this is how may I you I had a from this the we are your are to you that from your or the from has a are you of this no no 'm not if he a you me what would you to do do you to with this or you to this me do n't the why would to with the do you have a in your do you have a of do to and to on a so that can you out all me over there what 's all that it 's okay how can you the no you are you did you up no 'm no have that that you can not the okay oh no it a it a
255,nonscam,harpervalley,this is my is how can you my is and would to between my what is the and and what is the it 's from my and the my and has been from to is can you with that is all thank you you 're you for have a
421,nonscam,harpervalley,this is my is how can you my is would to a and what is the the is what is the the is and what is the the of the is can you that for me and that is off is can you with no you that will be all you for have a you you
173,scam,youtube,you for your you 're with how may I may I you this 'm not having with can you you me yes yes can you 'm having yes 'm you are having with what you 're me my on do you me you can you all me your you but my me your yes you me the you are with your so 'm having a with my my but my ca n't my my after my my had me up my on my what do you it the the and 'm 'm not to to do it after my me your what it 's your your oh my
187,scam,youtube,how can you to to about my how can you in that my me to you he 's at the 's um he he out this about to okay um it and 'd to 'd to to about that all can you me your do n't which you it to he did n't out that has your on the okay all are you in of your as a of am have a at the at the of your can you there is a where is it at your at the of your can you there is a it 's having a or on it yes
348,nonscam,harpervalley,this is this is from how can you my is would to my can have your it is is we can 'm is there can you do no that 'll be all and you have a you you
284,nonscam,harpervalley,this is my is how can you this is my is how can you can you me can you my my is can you my is okay how can you would would to a what 's the a and what is the in like where all the and that is in what 's the what have what 's the okay have uh your to is can you with no that 's you okay you for have a you
267,nonscam,harpervalley,this is my is how can you my is my can you me a can which would you like to my have a for your it will be in the within to is there can you with no you that will be all you for have a you
184,scam,youtube,no is to can you me who is this this is from I a from your how can I you I was to to you but for some it for some you were n't me no me how can you what is the did n't could n't the because it was a how do you um the was to but but it not an and did or or are you me what 's what 's the me you me you can have your so that can it down that would be that would be that 'd be my my is that your is to be with for the of the which you in your
367,nonscam,harpervalley,this is my is to an to an if if it 's what would you like for your uhm if it 's for can you that if it 's okay what would you like for your is can you with no that 's all that 's all had alright your has been for at you
140,scam,youtube,this is you you for with so this is how can you had a to a of you with my we have an of a which is a and the of you can the has been by you or by your or not have n't on in a me a me as our this is a and it is by a who is in and he has the by your and so we to the and you back the what what did you
212,scam,youtube,to this is how can I you to to about an that was for 's like on okay I 'm for this at could you me that and your so that I can and it out from my yeah my 's or can I I is what me but is my and me that so that I can and yeah it out from my 's and it all on over I can that there 's in for a under your what is that if you did it 's some and this from can you me did you from
225,scam,youtube,you for this is how may I you can you can you me to the my you 're to I 'm in the I a of a of a I do n't how to in that I was on the doing the I do every and for some I it 's me that to the has been to and that does n't I 'm a uh a on this I the is up to I be I do n't 'm not of a so can you me through all what to do of I can do that I I would to you of all is it a or a its a is it a or a all is it a or a
189,scam,youtube,with how can I you I I to to the I this is how can I you so I I an there was a I that 's a though and this is you did not this this is I did not this it has a an for a I did not do this do like me the I 'll be to this and I 'll you and I I like you 're a of what like do you have an with I do n't I I my but I do n't have my that 's do you that 's how it do like me the of okay the it uh where 's the on you for with us do you the
213,scam,youtube,you for this is how can I you I 'm I is who can me with I 'm is there who can me with a about a that I for can you me the or the so we can it out I do n't if you that the is a and it but I did n't it I can you me the or the can you me that the is me it out thank you we have an from your and we have some from your that to from your to that 's why we have you this to it whether that was you or not
114,scam,youtube,you for this is how may I you my is I was to my was with them on an to us do up your you me to on any okay it 's a on you to on never do you over never a what do you by
209,scam,youtube,you there I 'm who 's this is I an you had a you to to me about that 's you for where you from I 'm from who do I have the of with this is you an from what how are you you do it that was to about your because I myself am a of a oh okay that 's that 's can you me an I you the of the the I 'd to the over the you never who 's your if you what I 'm 's it 's it 's it 's trust me are you are you about that I 've a and I a to do that with me I could you I could that 's a of that 's why I you to me an and I 'll to you with did you it we can about what of is it
197,scam,youtube,for antivirus it 's how can you 'm having some with my norton could you me out with the which you have into your it is you what do n't never that 's is what is what I I can in my the which was into your the was on and is the the you have been this from our you to the and do you to it do n't no do n't to it no you you to it 'd yes 'd to it okay in to it you to some from our and the is you to up and you to any like or a do are you in of your or can are you are you in of your or
105,scam,youtube,you for how may I you I a that I 'm to be for it 's an as you can my you had been like a for your me what you you to it and you to it and your what do you I to because I did n't we were have to it if you to it and your what do you to do you to be in of your so I can you the and you do and do you have a like a uh I do can you that of the where you and of the
241,scam,youtube,you for this is how can I you can you me can can you I can you you can me yeah I can you I this a on my me that I to this because to this has been for to what is on all I will you out can you me what do you on your can you that it is not and um all and may be this your and there 's an and or and it 's all in a in a
150,scam,youtube,how may I you this is had a this me to this okay can you me what do you on your it had my because it all out down the and okay this your is down no have my and what do you on your um it 's it back up it to had to it back up me your okay you what do you what do had has my it 's my and all that okay what is the that you 're it 's of it 's we 're na do we na the with a will into it
452,nonscam,harpervalley,this is my is how can you yes my is would to my or 'm would a what is your my is have that 's okay a has been to your is can you with no that 's you you for have a you you
380,nonscam,harpervalley,this is my is how can you my is would to between my can you with that what is the and and is that and yes what is the from my into my from to and has been from your to your is can you with no you you for have a
316,nonscam,harpervalley,this is 'm this is my is how can you my is would to a a can you with that and what 's the of the the is okay uh it 's so it 's it 's a and the 've that and the is that 's na be in and that 's 'm can you that and what would you like to the of the is is can with no that 'll be it you okay you for have a
279,nonscam,harpervalley,this is my is how can you my is would to a what is the uh the is what is the the is and what is the the is a and we will your of a and to is can you with no that was to be it okay you for have a you
447,nonscam,harpervalley,this is my is how can you my is and would to a what is the the is what is the okay the is what is the the of the is a and we will your to is can you with no that 's it you you for and have a
371,nonscam,harpervalley,this is my is how can you my is would to between my can you do that what is the it 's about a and what is the the is my and what is the the is my and has been from your to your is can you with no that was to be it okay you for have a bye
468,nonscam,harpervalley,this is my is how can you my is my can you me a me your out with you to was that a or my you to okay you should be your in the within to is that can you with no that was it thank you alright you have a you for
476,nonscam,harpervalley,what are they and this is my is how can you my is a can you with that what is your it is a has been to your and you will be to it in to is there can you with no that 'll be it you you for valley have a you
254,nonscam,harpervalley,this is my is how can you my is would to a you 'd to a no what is the the is and what is the and what is the the of the is and you is can you with no that 's it have a of your bye you
64,scam,youtube,you for how can you an from you on an that 's was to to a can you to your you a my some so 'm you from my to your and the the is all and to the of the and you 'll that okay you to on on all so 'm having some 'm some with my so what 'm to 'm to your to the on the he 'll you in all his is
171,scam,youtube,my is 'm from we before about your 'm that your was it 's and for that our on your do you what did you a was you we before about your we before when did we I your you a for my and you and could n't you and you me back is that it do you have a in your but and we ago your for for your we to your all that was it 's all and for the our on your for so it 's from your this is a from our that you to the or you your what you to do what do to do you your or you to the
462,nonscam,harpervalley,this is my is how can you my is and would a a and what is your my is and a the and is the okay and can you that for me is a has been to your is can you with that 's about it that you for your you for have a
208,scam,youtube,you for this is how may I you yes I I to to about my yes I 'm to you me how may I you itself this is I 'm there 's a or some of okay there 's some over after that yes but I do n't my so it 's for some you 've has been to from my but I do n't how that 's what I 'm to out you 're that the is like that but you 're not to that what is the no never what I 'm is I a on my but I do n't my so it was n't me I 'm not what that I have you that I have you that has been over but you are not the who that and you to the why the to you
325,nonscam,harpervalley,this is my is how can you my is will me between my what is the the is what is the what is the from my what is the uh to my has been from your to your is can you with no that 's all for you you for have a you
285,nonscam,harpervalley,this is my is how can you my is would to a what is the the is that was or what is the the is what is the the of the is and we will your to is there can you with no that 's all you you for have a
89,scam,youtube,you for you for my is how can I you I am at what to be a and it has your on it this is to him why did you if its no no it 's the like I was this I was with I 'm but you 're to me that 's is your is with your is doing some with your so I 'm being and but you no to I 'm to you I will you by how you can that and how you can your after that we can all the by those
142,scam,youtube,to you your may be for and all of our are and we will your as we can they 're for to this is how may me you was about my and what of did you could you is any or do n't have that because it did n't you it or would have it all on me on my and the in which 'm to you it 's that is on on all in to the and your boxer you to and be so that can you to to our
341,nonscam,harpervalley,this is my is how can you my is would to between my what is the the is and what is the from my to my from my to my and has been from your to your is can you with you for you have a you
230,scam,youtube,you for how may I you yes you for how may I you how are you I 'm because I I have a I have a I can you do me a and out if I was for a I for that can you me the the me I can that you have for and the is you have what do you you to the you to your or you to with the that I can that you have for you have been what do you it 's your of did you did you and the from me have I been yes yes yes yes yes yes I can the no can you me that are you that you have not because I do n't I do n't do a with my and this is for and I do n't that
13,scam,youtube,this is from to you that your of for will to and you have been of from your if you to and a to with our or up to you this is from to you that your of for will to and you have been of from your if you to and a to with our or up to you you for with how may you a that a for but do n't doing that
294,nonscam,harpervalley,this is my is how can you my is would to a and what is the the is what is the the is and that was can you the for me it 's and what me what is the the the of the is a and we will your to is can you with no that 's be it for you for have a
390,nonscam,harpervalley,this is my is how can you my is would to an and what would you like for your and what would you like for your a a okay your has been for at a is can you with no that 's all for you you for and you have a
190,scam,youtube,for the this is how can you there might have been a and to to from yes you 're to the of me how can you it 's a no me how can you it like a an that an and but it 's to but but do n't did n't did n't an and do n't in madam we are for the to you would you me out with the on it it and is the when was the you your do n't had an 've my 's before but never myself 'm not 'm not at the no you 're in of your no
182,scam,youtube,'m how are you 'm a you be a that you 're me you are with a you are our and the are to be that 's why you the what 'm is do n't do n't do n't you to me if you do n't to with the do in the of your 'll you how you can yourself from the from the you will not be and if in any by you are you will the of that so could you that a to you 'm that in the of your the from your you will not be for the and if in any we you from your we 'll you back the which you you for you for the
21,scam,youtube,for how to you there my is and of your to me but I was so I 'm what 's the can I have a and my is alright we to you about the of your I 've of it so how would that be the of which you are to is
356,nonscam,harpervalley,this is my is how can you my is brown a 'd be to you with that what is your my is that is that or the and the and a has been to your is can you with no you that was all you for have a
134,scam,youtube,you for to this is how may you had a to this a with my can you me a so can up your before you and your it 's be a a am on it as you can in my a has been worth of for an shall we it did n't no to you but this has your like your your your and your so it like you you about it like me because did n't it 'm do n't what you 're about this is for it 's but what 'm you is as you can there is a 'm not you
112,scam,youtube,you for my is I 'm she that I should you me I you while we have a from for are you okay you like you like you might have a no no I 'm you a of a do you to the or you have an with your I but not that I that 's in to it what you to do is that of all you to be in of your the 's oh it 's I 've of that before that 's a on for and below that do you yeah to you the it 's a of and
464,nonscam,harpervalley,this is my is how can you my is to my can you me with that which would you to will will to my your is okay it you you 're is there can you with no that 's all for you you for have a you you
454,nonscam,harpervalley,this is my is how can you my is would to between my what is the the is a and what is the 'd it from my and to my and has been from your to your is can you with no it like you should be you for have a
199,scam,youtube,you for with this is how can you me uh can can to who like the it 'd be the uh like we we are from the and me what so that can you with what did you you were with did n't that we are from the the the can you me okay all you are with the how can you to to an it what through for and all for which is can you can you your can you your or the so that can on my all you for the uh like can in my of all you not as a who your from and so the was on your but the and it has been so that is the you have been for from what 's is that is the you have the because we have you the
302,nonscam,harpervalley,this is my is how can you my is would to a and what is the and what is the and what is the it is a and a and we will your to is there can you with no that will be all you you for you have a you
253,nonscam,harpervalley,this is my is how can you my is would to a and what is the the is and what is the the is what is the the of the is we will your to you is can you with no that 's it you for have a you
303,nonscam,harpervalley,this is my is how can you uh would to a if could my is and what is the uh the is and that 's and a and what is the is and that 's in and the is and what is the for and we will your to is can you with no you that 's it for you for have a yourself bye
374,nonscam,harpervalley,this is my is how can you my is would to my your and what is your my is and is can do to you that 'll be all okay your has been to your is can do to you no that 'll be it you you have a you
412,nonscam,harpervalley,this is my is how can you my is and was what are the the are thirty a to oh and that 's every of the through that is is that is any that 's is can you with no no no you 've been you you have a you
120,scam,youtube,you for the this is how can I you it that you 're or you 're out of yes I 'm to like our has down like our wo n't be to you any that is the to the we have to you the if we are not to like we are not to you any for me this what do I to do I do I to a on my do I to to my and out what to do or what do I do I would have to your like of all as our 's are on your as those are no for your
470,nonscam,harpervalley,this is my is how can you my is 'd to an would be to you with that what of the would you like for your and what would you like for your can you the was that or a that your has been for at is that can you with no you that was you for have a
195,scam,youtube,yeah can you me yeah can you me all 'm okay can you it 's to you to to in to an what was that all can you me a you to me your your is n't through can what you 're can you me ma'am is it you can me is it like what you 're before it like a because it was it was a a me what 's your off like a of wo n't up your what 's to be the of the but no was through my on the and a from norton a what do you by like was n't this do n't this me can you me the so can in my
227,scam,youtube,you for this is how may I you I to with about a with my you 're with from my is could you me what were you doing on your when when you this it 's I 'm about my oh could you out that for me what do you on the so I can you it I the on the and could you it a ago they I it I the for my the the and all the and I on to for because I was to up on on the and me I was to excuse me all I uh I was to up about and I this this is your
179,scam,youtube,but you me and a we have you the about the do you you have a for your and do you so that is why you are the to your because in we are not to you any because our has been and we are of with all the that is why we have to back their because you all any to us to the you how you have a do you that not me in my how you are to back a on a I what was with with my at I to me with my and on the so will you the on this
9,scam,youtube,to of our will be with you as they can you 're through to at the could I you to who I 'm through to my is and how may I you not what 's on but I a that some has been from my or is it to be from my ok not a at all
123,scam,youtube,you for this from how can I you I a to you I have a from I to of what did you um it 's for I I had that out I my why am I having to for it thank you I to and could you me your any or the do you have it 's you and may I have your and it 's and your so you so you that you have the I some that it would be a but it and I I out are you you do not have any in your no in I my is there in your who must have this on this
100,scam,youtube,for my is how can I you I have a on my it 's me that I have is this your or is it a it 's a it all this is your so what I 'm to do is I 'm to you some I will and it out and we 'll we 'll the yeah on the on the and of the you can a which is a like a can you that the I do the can you all I to and
479,nonscam,harpervalley,this is my is how can you my is williams would to between my 'd be to you with that and what is the from my to my what is the the is could you that did you that was the is have from your to your is can you with no that 's it you you for have a
154,scam,youtube,you for with the how may you had a from this it to for my what you to do do you your or do you to it no my did n't was it all no what your firewall and the has and your to be so that is the we will you to you do you to or do you to it because within and a your will be from your for the are you in of your so we will you the 'm in of my
127,scam,youtube,you for my is how can I I yeah yes uh there 's a some of on my I to it it 's for and had me your and me your I 'm for a and me how you from your and in to you out on this of all we to you to the and after that we will your and after that we will all that and to to you okay uh that 's do do this on and me which are you from it 's or it 's a to the
175,scam,youtube,"you for this is how may you yes you your was what your your about the being 'll you do n't na do n't na the 'm not what what it is you 're to if you do n't 'll 'll each and you have an in your the and the so we are you from the you to the the or you to the do n't to be for the , be in of a so we can to the you be in of a me 'm 'm in of it was doing a of and before that 'd to that 'm to no and the we can am you 're about my that 's my so you are the the of all and"
245,nonscam,harpervalley,this is my is how can you my is would to between my what is the the is what is the from my what is the to my and has been from your to your is can you with no that 'll be it you yep you for have a you
275,nonscam,harpervalley,this is my is how can you my is would to in between my what is the the is and what is the is what is the and has been from your to your you is can you with that is it thank you for have a you
128,scam,youtube,your has been with I a about uh an for $ I to and that and can you me with that the as I can there is a for which is $ did you any from your no and when was your into I as I can this has in from is from who can this my he 's from I 'm have you to
426,nonscam,harpervalley,this is my is how can you uh my is and would to between my okay what is the the is to be and and what is the of and what is the it would be from my to my a and has been from your to your is can you with no that 'll be all for you 've been you for and you have a you
99,scam,youtube,I 'm for my is I 'm I 'm I 'm about an that we for but each and is not so we are you a on because you the are so we ca n't a our 's why not we will you the okay we will your and we will you the where are you by the it 's it 's I for to do this I 'm I 'm in of the
50,scam,youtube,you for my this is how can I you ? to have you me my on my can you do that ? will you out with that before any may have your and ? All you and your ? you and in the with the
65,scam,youtube,my is and 'm from the how are you doing what is there are these they 're having their a of being with your and with your and we to the of this the of this is your do you what for or what it is no the is which is with your which is with your and the the of would be all how do that how we can that we
176,scam,youtube,this is in for the of your as you are a will be from your if you to or the or us at our the your about with my uh yes like he was having a for your before but to some over the that in to the for your you have been for and that is the like our you up to you all of this about you will be of it could you that like what are you you 're that 'm being yeah you are being of in to the for your the for your is the like you have been for this and that is why our you up to you all of this so you will be of it do n't do n't to for on my you me to this okay if you 're to this that you will be your to you
153,scam,youtube,this is how can you 'm about my you 're down or okay you you you to okay are you in of your is your on me what do you on the my at the at the which do you on my a yes yes that that beside the do you to to of to in to you have to
309,nonscam,harpervalley,this is my is how can you my is would to a okay what is the the is what is the the is it and what is the the of the is and is can you with no you that was it okay have a
234,scam,youtube,you for this is how can I you it is is there is in there I you yeah is how can I you I 'm is is there is how can I you you have us our to some can you me to is like a with another so how can I you we he had been to me about a and all I 'll you of all can you me that your okay what 's that and you but do you any like on your uh he was he was me about a I do n't I 'm you that what an is can you me that what do you on it is it he had me and is it all to do the and the that what do you you have to both the at the it
214,scam,youtube,for with this is how can I you uh you your is is me there you were with from to you I to and up on an I about a for for you any about the all no I 'll and you in that if you at the you will there is a or yeah me up the and you can you me the it it oh all okay your 's yeah you are me a oh I you the it 's is can you that 's that 's that 's what it is me it it in this is what we 're at
97,scam,youtube,I 'm for this is who is this my is you to my about a where is she she 's at and she me to of it when I and I where are you are you at your I 'm at the I 'm at the I 'm at the this which you 're like it 's a or it 's which it 's a on it no and how you to by I yeah after the at the do you there 's the where you and it the at the
459,nonscam,harpervalley,this is my is how can you my is would to a what is the that you to the is and what is the the is that was is that and what is the okay we will your to is can you with that 's be it you you for and have a you
456,nonscam,harpervalley,this is my is how can you my is would to a what is the uh the is what is the the is that 's in and the is what is the the of the is we will your to is can you with no that should be it you you for have a
261,nonscam,harpervalley,this is my is david how can you my is brown would to an brown can me the what would you like to in me if we 're we have that and what that we have that is can do for you no you you have a for you you
483,nonscam,harpervalley,this is my is how can you there my is to between my what is the is and what is the from my and what is the uh to my has been from your to your is can you with you for your you for have a you
265,nonscam,harpervalley,this is my is how can you my is would to my can you with that and what is your my is and a has been to your is can you with no that 's all that with and you you for have a you
355,nonscam,harpervalley,this is my is how can you my is a what is your my is can you that that 's a has been to your is can you with that 's na do it you you for have a
156,scam,youtube,I this about that is it 's me for like or like that I 'm I never having such a what is on who 's from my my because you have our in your and this is that 's the my and you this to you like you to this or it because if you the so my you every but I do n't having having this so who this on my I do n't because you 're and our and I do n't who is
178,scam,youtube,you for your is to our this may be or while we your you for this is how may you what you your was my is yeah that 's to you could you me over to you do n't which would be in the like or so you 're into the for the all to who who are you for do you have a do n't it that my is to for a how is that for do you an over there how is the for did with or is this an do n't to and this out you can you me with your yeah it that my can in my because your is to it will on if you do not
343,nonscam,harpervalley,this is my is how can you my is would to a what is the the is and what is the the is can you the for me and what is the the of the is a and is can you with no that 's it you you for have a
117,scam,youtube,is There how can I you it 's it 's I 'm oh she me that she a with you with to an it like it like was without our or that was to and we to yeah yes I that are you of the to how to you and I am I 'm at I 'm at in of the all the that that to okay it 's do me yeah is
429,nonscam,harpervalley,this is my is how can you my is 'd to a you would to a okay can you with that what 's the it 's is it 's and their is and that 's in and what 's the it 's 'm is and what 's the you the is is can do to you that 's all you have a you you
252,nonscam,harpervalley,this is my is how can you my is would to a and what is the the is and what is the the is and what is the the of the is uhm we will your of to is there can you with no that 'll be it you okay you for have a you
273,nonscam,harpervalley,this is my is how can you my is would to an can do that for you and what would you like to in 'm what would you like to in for we do and what would you like to in a you all up is can you with thank you no that 's all you have a you
307,nonscam,harpervalley,this is my is how can you my is brown would to my 's that for you and what is the my is can you that for me at that should be to your is can do for you no that was it thank you okay you for you have a you
266,nonscam,harpervalley,this is my is how can you my is and would to an you would to what would you like for your and what would you like for your 'd to have that at you would your to be at is that your has been for at is can you with no that 'll be all for you you for have a yourself bye
311,nonscam,harpervalley,this is my is how can you my is would to a uh what is the of the that you to the is and what is the the is oh and what is the that you to the of the is okay we will your to this is can you with no you have a
243,nonscam,harpervalley,you for valley my is how can you my 's would to my 'm can you that would to my your okay can you with that what is your my is your in your has been to your is can you with no that 'll be it you you for have a
215,scam,youtube,you for this is how can I you I to with who can me with a a no with that can you me what you were doing on the you that what was that what he was doing what was doing on that you that I was to out how to a with oh can you me it 's your or it 's your all can you the for me what did you I it of it it was so I had to off the a you that to this is been all I you can you me can you the I had to the to that I that can you the so I can and it out each and from my
435,nonscam,harpervalley,this is my is how can you my is brown would to a what 's the the is what 's the the is and the is what is the a and we will your to is can you with no you that was all you for have a
246,nonscam,harpervalley,this is my is how can you my is would to an can you with that uh what would you like for your and what would you like for your 'm your for at is that can you with no you that 'll be oh you 're you for and have a you
484,nonscam,harpervalley,this is my is how can you my is will to have a to my a what is your so my is the is and the is and the is can you that yes it 's no have and a has been to your is can you with no that 's all for you you for have a you
278,nonscam,harpervalley,this is my is how can you my is and my can you me a 'm to that for you which would you like to your or your my so to have my 've your it 'll be to you is there can you with 'm can you what you 've your is that can you with that 's all that 's all was the the is any how that it should be to you we it out between and from when we it out okay do your you you for have a you
160,scam,youtube,this is about that have to another not a you were to of my like of your do you did you yeah that 's did n't her what 's her no what to be the that had a on my he about so what okay can you me out with your and your so that can into the that why did you that like what 's your so your do you have a
67,scam,youtube,"you for you are to how may I you where are you from I 'm from my is but what are you from there 's no there 's no by the of we have a in but what are you from you 're not no no , I 'm in I 'm in"
22,scam,youtube,while we you to of our from the yes I 'm from the how can I you uh how 's it I had a for the for and I 'll be we do n't at yeah I do I do okay I 'm to your to you and am I to it to you you all 's your and the
357,nonscam,harpervalley,this is my is how can you my is brown would to a what is the okay what is the uh the is have that 's you have it okay what is the and that 's it 's okay we will your to is can you with no you 've been that 's all you for have a you
217,scam,youtube,for to how may I you I 'm because you me a and I was n't to you in you 're you 're am this because of your has been and you are to and if you do n't to you have to the because it 's an so we are on a like you are to the or you to with the what do you 'm did you there 's against me and I 'm no it 's been it with the without this to this is not to you so we are on a like you to your or you to with the we will you out in both what do you do me how how do I you no no we will you if you to we will your if you to the you will be if you to you your to you
438,nonscam,harpervalley,this is my is how can you my is would to a what is the is what is the the is can you the what is the the is uh and we will your to is can you with you that was it thank you for have a
143,scam,youtube,this is how may you had a from this or to this what what 's on with my we are you from and the is that we are you this because we have been that some from ohio they are your and to which you is that any of your are your from do n't have any in do of do n't in but do n't she would do that and when was the you into your oh it 's been a do n't into it do n't
211,scam,youtube,yeah can you me yes a to you I can you to you to you I a a a about an that you had for me I do that you have a with and you do about the which you from our for your the is but is another I do have a I never all I 'm you I this as this is an okay for your for this of your you have to what but if you are not to this I 'm you 're me I have to for if you yes if you are to that because it 's if you 're they will this and what they will do they will you that is for of your but if you are not to it you can do you can out the on your and you can this
281,nonscam,harpervalley,oh this is my is how can you my is would to between my and what is the the is and what is the from my and the is to my my have might have like an but you has been from your to your you is can you with no that was it okay thank you for valley we your and you have a and you
382,nonscam,harpervalley,this is my is how can you my is would to a what is the the is what is the the is what was the what is the the of the is and we will your to is can you with no that was it thank you for have a
363,nonscam,harpervalley,this is my is how can you 'm and would to a and what is the and what is the and the is and to a and a and is the alrighty we will your to is there can you with no that 's all you for have a you you
451,nonscam,harpervalley,this is my is how can you my is 'd to a can you what you would to a what is the the is and what is their the is the is and the is and what is the the of the is we will your to is can you with no it like that 's all for you for have a
148,scam,youtube,this is from how may you it 's of about my you do n't to the you to it of did n't you are my why is it not a if you to that we will you out are you in of your for the am in of my why is it you have to on your on your so it does n't can you me what can you on your my up your on the of the do you there is a where you can in and in there
334,nonscam,harpervalley,this is my is how can you my is my can you me a which or would you like to my 've your is can you with me that 's all that do you have any have any how it will to you for your you 're is there can you with no that 's it you for have a
409,nonscam,harpervalley,this is my is how can you my is my can you me a you your my we can your me that for you okay have and a would be at to to your and is can you with no that was all you you for valley and you have a you
306,nonscam,harpervalley,this is my is how can you uh my is and would to an what would you like for your would it to be and what would you like for your uh your been for at is you would with no that 'll be it for me for you you for have a yourself bye
419,nonscam,harpervalley,this is my is how can you my is a what is your and you can out can you that for me a has been to your is can you with no that was it it you for have a you
351,nonscam,harpervalley,this is my is how can you my is would to a what is the the is that is but there 's no and that in and what is the is and that 's out 'm can you that the and what is the the of the is so we have your to and is can you with that 's all you for have a you
323,nonscam,harpervalley,this is my is how can you my is would to a oh can you with that what is the the is electric it 's like but without the and what is the the is and what is the the of the is a and okay we will your to is there can you with no that 's it okay you for have a you
450,nonscam,harpervalley,this is my is how can you my is a what is your my is can you the yeah it 's a has been to your is can you with no you for have a
196,scam,youtube,for with the my is how may you there how are you 'm doing how are you uh so 'm to out what what 's on with a it for nor and it your been and your has been so did n't do n't that that and there might be of a are you with this with this me you it is for your of your what is that and you have been is an for your no what is it like an like an it is a that you from and and it it like your from all of and okay it does n't you it that you when you the is it to have that your is n't it is up to you you have it uh we have it and an of
383,nonscam,harpervalley,this is my is how can you my is a can you me the my is that you 'd to to my is um you can out and it 's okay a will be to your is can you with you that was it okay thank you for and have a you
168,scam,youtube,her and this is to you that there is a under your you have to to to the of if in you do n't and your is not to us the will be under your and you will your is to us on the you 'll be to the you for in a you 're with how can you 'm from how can you you
229,scam,youtube,you for to with an your will be for and you you for this is how can I you I 'm because I have a with my yeah you have a from I an from and and is it for the what 's the so of all I 'd to you ma'am uh in to you with that what we have to do we have to you to our all I 'm you of that but how do I the what do I do what do I do I 'll you me a
262,nonscam,harpervalley,this is valley my is how can you my is my can you me a can you with that which so will you to your but which would you like to my okay have you a and you should be to it in to is there can you with that 'll be all you you for have a
146,scam,youtube,'m about my you a this is and we are you from the how are you doing 'm doing how are you doing you like you 're out of are you 'm you like you 're 'm for the is the is about your okay like did you that you a to our for the of your do n't no and that 's why was do n't about it it it was you a of and the is that like some is on and our 's has been and we are no to you the that 's the your all you me the from do you how to your no that 's what 'm you like of all we to those
151,scam,youtube,you for how may I you I 'm a this is abnout your which has and that 's why your has been you to it or you to that no to it okay not okay not at all if you to that and the what you to do you to the so can you how to that and we are to the so of all in to that you to up this on your and after that your is your is on do are you in of your
413,nonscam,harpervalley,this is my is how can you my is would to between my what is the ninety what is the from my what is the my has been from your to your is can you with no that 's all with thank you you for have a you as bye
270,nonscam,harpervalley,me this is my is how can you my is brown would to between my what is the the is what is the it 's from my and what is the to my has been from your to your is can you with no you that was it thank you for have a
322,nonscam,harpervalley,this is my is how can you my is would to my what is your my is that is okay your has been to your you is can you with no that was all with you for your okay you for have a you
158,scam,youtube,and you for you 're to how can I you I had a from this I 'm the I you were to out we your that is so I 'm why I 'm I do n't having any all no I 'll that out for you for a could you me with your that you have with yeah so it 's you with me
305,nonscam,harpervalley,this is my is how can you my is would to a can you with that what is the the is and what is the the is and what is the the of the is so we will your to is there can you with that was to be it for you for have a
138,scam,youtube,you for this is how can I you I a that I for and I never this you that the the yes all can you me the which you have on that me this all all what I 'm to do I 'm to you the this and once we are that I will you to the they were not to it to you any of can you do can you to the and it on to me this you can to any of what what do you on your
386,nonscam,harpervalley,this is my is how can you my is would to a okay what is the and what 's the can you the for me and what is the the of the is and and we will your to is there can you with that 's all you for have a
164,scam,youtube,me your so that I can your yeah my is yeah for and I 'll your thank you have your in of me the we are to you is to you that a has been against your for and has been a out for your so who your who my I I the I 'm are you for a did you me 'm a did you are you you for a yes my is I for I for the I 'm I when and has a on your we out under
377,nonscam,harpervalley,this is my is how can you my is brown would to a what is the the is what is the the is what is the the is we will your to is can you with no that was be it you for have a
73,scam,youtube,I was that I have a on my I I will and that for you may I what you were to do at that when you this a I was off of okay you were from and your up may I the of your what of you have this
353,nonscam,harpervalley,this is my is how can you my is would to between my could you that would to between my what is the and what is the it 's from my to my from to and is can you with no that 's all for you you
95,scam,youtube,for to the this is how are you doing I have an in this I 'm being and I 'm not I why that on you for um you the against the for the and where did you this in your or in your and I it on I it on my for a me it in my and you did not for this of not I do n't what at is me you about is a for the okay it 's like
116,scam,youtube,this is I 'm of the from how from me you what we can that you did not this is to the below and by you are to the all or some of these may be or without a what are the there 's it
460,nonscam,harpervalley,this is my is how can you my is a so we will a what is your my is can you that it and your has through and is can you with no there 's you for have a you you
218,scam,youtube,you 're to how can I you there I 'm to if I can have some with a it 's a can you me what the are you on your what it it that I have a and that to the has been for and that your us that it has been the with the and it and what you were doing at that of when you okay what you were doing at that of when you this I was I was on the because I was up I to up a a of up a and out and it no me and you some of you to and it are you for that yes I you to have a on the on the do you the which is having on it where is that are you on the
191,scam,youtube,you for they 'm you 'm because a from your it 've been with but it it that have a for about about do n't what the this is but do n't this is might have been for or but under with my and was me to for it do n't if you can all could be a that if you 've been like you might have the to your to do n't do n't do n't my my my 'm not do n't if it do n't it was a to and because it that a of do n't to a do n't to a or
25,scam,youtube,We have some in your that has to an so that 's why we you do you about that me your your is this is a and we have that you have n't the that 's I have n't do we have do we have any or that we can be to you an
63,scam,youtube,this is you from am the how are you doing oh 'm you all you had a with of our to your all could you me what like can you me what an that that was being for that the which has been that was an you did n't that do n't if had it on my or not did but to it in this what would be to do would be our that they can up the so that you can
56,scam,youtube,you for my is how may I you ? how are you ? I 'm for me how are you doing ? I 'm doing . so how how can I you ? a about a a in our and that there is a of an which is of from do you from ? oh no do n't if you have n't this what am na do will you to your you to
202,scam,youtube,you for how can you to me with a 've been having you me what you 're having yeah was to and on and when you it it me to a that my had been from the the it has your on it all so it 's a or it 's a it 's a or it 's a it is what it is no it 's a it 's the with the it 's a all can you on your on the of your there will be a a with the in it can be to that where on the of your there will be a with the in it it you have to that along with the as in at the the on my or what are you about no on your on your there will be a a with the in it i it on your there will be a you have to that along with the
174,scam,youtube,this is may you a from this we a to you about this to you about the of your that 's what it was that 's what it was that is we you up to you what you to do do you to that of your with the of or you to that did you do to it or do to it yeah would it or it what you to do 'm for your so can for them in of that what you to do do you to that or you to it would oh what you 're what you 're would would to it whatever it is you are in of your this are you no do a of and with yourself and be in of your me you 're in of your you 're in of your
461,nonscam,harpervalley,this is my is how can you my is would to my okay what is your my is okay your has been to your is can you with you no that will be all for you for have a you you
425,nonscam,harpervalley,this is my is how can you would to between my okay 'm by the my is okay you you to from my to my what is the and this is from your to your okay 've the and from your to your is can you with no you you for have a you
288,nonscam,harpervalley,this is my is how can you my is would to my between my what is the a and what is the me what is the what is the to a and has been from your to your is can you with no that 's it thank you you for have a you
126,scam,youtube,you for my is I 'm if you could me I an from your to I 'm being for and I to I do n't why I 've this I have no but I do n't to be for I have n't of all you that uh you 're the for the of your uh your we are you your firewall and like this is is the the has do you to it or you to it no I have n't this so I would to I no about that I to you to the and to in the are you to your or I am it 's of all I 'm you the on your you to be a up it so we can out and that so we can that the can will be what do you
81,scam,youtube,you for how may you I have a on my it to my has been for and can you it out for me what on your it to this this or is for for your it your has been to be with a there 's a it 's a in the I do n't what it 's all no can you me out your for the yeah my is my is
398,nonscam,harpervalley,this is my is how can you my is would to between my can you with that what is the what is the the is what is the of the my what is the my has been from your to your is can you with no that 's na do it you for have a you
477,nonscam,harpervalley,this is my is how can you can you that my is linda how can you would to between my what is the the is what 's the from my to my has been from your to your is can you with no that 'll be all for you for have a
320,nonscam,harpervalley,this is my is how can you my is would to between my what is the the is and and what is the of the from my and what is the uh to my and has been from your to your is can you with that 's all you for have a
210,scam,youtube,the this is how may I you my I your what 's on do you have your is it at your we have a so the for your has he 's about a and he 's about our the with the the yeah yes okay what 's with it the there was a which you were to which is you have to to and the do you that or you to the and your oh I 's the we 'd the if you the back I would you to to your you will be a from us that is the and the you have to the from there me whenever you 're there in of your I 'll be you the
70,scam,youtube,for my is how can I this up on me I an about a I did n't I to on this up on me it 's all I 'm you can with me you I a that that I have a on my for an for and I did not that I do n't be we 're na to that you it okay can you me when you this I the
328,nonscam,harpervalley,this is my is how can you my is would to my 'd be to you your and what is your so that 's your has been to your you you 're is there can you with no that 's it you for and have a you
238,scam,youtube,you for how may I you I to to the who it would be that the like the the I 'm the of the who are like I I do n't what it would be me you yes uh this is you This is a team the and you to us because you to the or you to yeah to you you you I what I was an on my and can I 'm to what 's on with with all this me you uh you a for your a a on that of you a with us and that is to be over on 's and for your you are to that you so you you with us because I you that 's why you with the and in that it that in that it that if you to it you can to with uh the do you to it or you to it what do you
433,nonscam,harpervalley,this is my is how can you my is and a a what 's your okay it 's be a can you the that will be that for you a will be to your is can you with okay you for have a
259,nonscam,harpervalley,this is my is how can you my is would to between my what is the the is and what is the from my to my what is the my and has been from your to your is can you with that 's na do it you you for you have a
378,nonscam,harpervalley,you for valley my is how can you my is would to between my okay can you with that what is the the is and what is the what which are you from 'd to from my to my has been from your to your is can you with no that 's all with you you have a you for you
11,scam,youtube,there I a from this what is this do you uh can I have your that 's my you have the and I can we were to you that 's you 're to and I 'm from how are you doing of all I all my were all in I I did n't I have a with no we do n't to about the
310,nonscam,harpervalley,this is my is how can you my is brown would to some between my 's that for you and what is the that 's na be a and a and and what is the 'd to that from my that will be a from your into your is can you with no that 's na be all for you for you have a have a
463,nonscam,harpervalley,this is my is how can you my is would to a would be to you with that what is the the is and what is the the is can you the did you and what is the the of the is and and has been to is there can you with no you for have a
131,scam,youtube,how are you doing yes is this the yes this is there was with my was okay all be me it from my okay all what can on my that there was an has under these and it was to in the of it to be a will you did you the from did n't to what are you about it it me you that it that it 's a which has under your and is to your without your and about it in that can you me that did you your to no from you who 's to your or your
404,nonscam,harpervalley,this is from how can you my is would to between my okay can you with that and how are we na what of what is it or you na from my to your to my that is there can you with 'm is there can you with no you have a you
366,nonscam,harpervalley,this is my is how can you are you there my is how can my is and what can we do for you yes a and what is your can you that for me and is can you with for you for have a you
395,nonscam,harpervalley,this is my is how can you my is brown a and what is your my is a a has been to your is can you with that will be it you you for have a
203,scam,youtube,can you me how may you was a a on my was to all do for that may what were you doing at the when you this on the was on it 's a it 's a where it do n't have to encyclopedias all of the about it are and I to and to for which you this for like for 've all of those on this all of the above all that you wo n't do any with the until we and it for you because if you do any it might be a you to up by up the on the to is that a you have or a you have it it is all what you have to do you to at the on the down there would be a a can you that where and where where was it on on the on the on the on the down there would be a can you that
129,scam,youtube,yes how can you may to this how can you like we 're you from the we are some we are some in your so we are you can you me that like do you have any from another like because the some have a of 's no do n't from any like did you your or your with my no no of your like your or any no is it the do you that 's why we are you what
469,nonscam,harpervalley,this is my is how can you my is would to between my what is the the is and what is the it 's from my and what is the it 's to my has been from your to your is can you with no that 's all for you you for have a you
481,nonscam,harpervalley,this is my is how can you my is would to a and what is the uh the is and what is the um the is in 'm 'm can you that no it 's 'm was should 've you on for a what is can you that and what is the the of the is and we will your to is there can you with no that was all you you for have a
91,scam,youtube,you for how may I you I have an from that I to your I to that you a or a has its for since the has been has it for at are you to with the or you to it it I I I 'll never
77,scam,youtube,you for you 're to how may I you I have a on my that that my is for all if you do n't can you that for me so that I can that yes I 'm over at the it to this is for and for the if has been to be with the is at and on of that there 's a that I 'm for the
60,scam,youtube,hi you for this is how can I you ? was on with this because had a and he had me a and he like his and he did n't me do you have the and the on your do can you are you to me all me to 'll be me me and you you have a on your did but my off and it and it 's but 'm that have a or and 'd to
405,nonscam,harpervalley,this is my is how can you my is 'd to a the is what is the that 's and the is a and could you that and what is the a and that 'll be all for we will your to is there could you with that 's all you for have a
232,scam,youtube,you for this is how can I you uh I to with a who can me with an that I 'm about or I it 's not an are you to it 's a are you to or you are to your I are you to or you are to your oh I 'm to I you am I to your I was no I 'm not no no no no I I I 'm because it that I for and I do n't it so you are to that me your for the me out with your okay you that what we to you the you is what you I it 's me a me you up you
296,nonscam,harpervalley,this is my is how can you my is a can you to a what is your my is o is that okay a has been to your and you should be to it in to is there can you with that 's it thank you you for have a
55,scam,youtube,you for my is how can I you ? uh yes had some of that was but do n't what of you have in your could you to us am my I ca n't it to you I 'm my . if you can not it me how can I you with that ? do n't you for am from but without having any from your how can
455,nonscam,harpervalley,this is uh my is how can you my is and my to if you can me a in the can do that was this a or a a have on its is can do for you no that 's all you for and have a you
370,nonscam,harpervalley,this is my is how can you my is would to a and what is the the is yes you and what is the the is that 's out and the and what is the the of the is a and okay we will your to you 're is there that can you with no that was you for have a you thank you
358,nonscam,harpervalley,this is my is how can you my is would to between my what is the the is and what is the from my and what is the to my your has been from your to your is can you with no that 'll be it you you for and have a you
248,nonscam,harpervalley,this is my is how can you my is would to between my what is the the is and what is the from my to my from your to your have from your to your is can you with should be it you you for have a you
194,scam,youtube,you for you 're with how can you 'm 'm in to a of a that 'm that on my my do n't do n't what it is but but was the and it that to my had been okay not a we have to your and can you me what was the you were doing on a when you the was to some me about a for pro and was to their can you me another they 're like did you on any of or any of to their to their but this not a this can be an of like in this can be an of so we 'll be your be all
297,nonscam,harpervalley,this is my is how can you my is and a 'd be to you with that and what is your my is that 's a and that 's in and the is up until can you that 'm it 's a has been to your is can you with no that 'll be all you you for have a you
170,scam,youtube,my is how can I you an from you about my was it do n't do n't to the to that you to all the and why you to it because of the this is a we will the and for that we have to the from your okay I 'm could you up a it 's a to what you 'm you in to we have to the from your is that with you that 's are you in of the do up a your is up on you 're about the the or like the or what do you
92,scam,youtube,you for how can I you I an and a of have been your in you have not this this as you can there is an of I can you it was n't my I would n't and with a but as you can the is from your did you your and with no I have no to I have no to
167,scam,youtube,you for and how can I you you me you me ma'am you must have an you yeah so that 's the your has been to the and the we had and it 's and your is to did you my can you can you a my is that your or your that 's my and what 's your can you it out okay I have your in of me that was and to I 'm to the can you it with your
159,scam,youtube,of all me myself my is with the am from the of and how are you doing yes uh the and the of this it to you it to you that there has been a there has been a against your for the and it 's a it 's the do you have any or any who can you inside the and your your is what 'm to do 'm to out the to you so you will the and the that what is this all about and what is on under your
17,scam,youtube,how can you a from this 'm not what 's is it the have an no you 're a we for the for you what my and have n't been my is it you can with of so what could be the that you on any like at the are you
389,nonscam,harpervalley,this is my is how can you my is to between my what is the it is a and a and and what is the from my from your and what is the to my okay a and has been from your to your is can you with you not thank you for have a
94,scam,youtube,I an and had an to it it 's me that I have on a and it was and I 'm not I 'm why I 'm this do you do not have an I have an some while you this can I have your and so that I can the for you my is is I 'll and that that why you this if you did n't this the for a I 'll be do n't my
271,nonscam,harpervalley,this is my is how can you my is and my can you me a you your uh my 'm did n't that can you the of the it is a 'm about that have your is can you with no that is it thank you okay you for have a you
32,scam,youtube,you for for the you for my is how can I you 've a with my it was it was about a and and it to have some and 'm not what it if you can okay if it you are that you have in your is that I a about a and I was to and it did a and it 's some is that you can with
188,scam,youtube,you for you 're with how may you how 's this is this is 'm about an that may uh what it uh it by we have your and it 's your being but do n't this did n't this there 's been some of there 's a am with it 's we 're with there must be an that would be a would you me that on the on the it me a 'm na it okay you can over that it 's an for it 's a of your 's that 's what 'm that 's what 'm are you are you not the
69,scam,youtube,I 'm the in I do n't do over the if you do n't do it over the why did you on this why did you on this because it 's me to on the I to what it this is a I will and on it I 'll you I 'll do some and you thank you you will na the I 'm you I will and on it and you
414,nonscam,harpervalley,this is my is how can you my is would to between my what is the the is and what is the from my and what is the to my and has been from your to your is can you with that 's you you for have a
315,nonscam,harpervalley,this is my is how can you my is would to between my what is the the is can you that and what is the it 's from my and what is the to my has been from the to your is can do for you no that 's that 's all for you
418,nonscam,harpervalley,this is my is how can you my is would to my okay what is your my is > your has been to your uh the that that was all you is can you with no that was all you you for have a you
437,nonscam,harpervalley,this is my is how can you my is and would to an what would you like for your if you can can you the that you would for your what would you like for your a if that 's your has been for at a is can you with that 'll be you for have a you as bye
324,nonscam,harpervalley,this is my is how can you my is would to a uh what is the the is electric the is and what is the what is the can you that the of the is and 'm can you the and what is the and uh we will your to is there can you with no you you for have a
361,nonscam,harpervalley,this is my is how can you my is brown would to a okay what is the the is what is the the is could you the that is okay what is the the of the is we will your to okay you is can you with no that is all you for have a you you
407,nonscam,harpervalley,this is my is how can you my is would to my what is your my is can you the pardon me my is your has been to your is can you with no you you for have a
239,scam,youtube,am I with this is how are you yes how are you you I 'm this is this is where you have and this is for your your and this has been for I 'll this for and what 's your ma'am It Is it 's this I you were about a for a and I was to all could you a for for am I to you and is your by or I 'm my what 's what 's your on by and if you will it it is okay you were that you are not to from as you 're not to do it over the of all could you me with the for the as the of your I have a a a is is it a or is it is it in
249,nonscam,harpervalley,this is my is how can you my is 'm your up what do you with to an what would you like for your okay what would you like for your okay your has been for at is can you with no you you for have a you you
449,nonscam,harpervalley,this is my is how can you my is and a 'm could you that a and what is your it 's were is mhm and the is could you that it 's a has been to your is can you with that 's all you you for have a you
260,nonscam,harpervalley,this is my is how can you uh my is would to my what is your uh the is can you can you your it 's you that your has been to your is can you with that 'll do it you for have a you you
318,nonscam,harpervalley,this is my is how can you my is would to a okay what is the the is and what is the the is and what is the the of the is and thank you have that is can you with that 's all you have a you for have a
472,nonscam,harpervalley,this is my is how can you my is would to a a what is the is and what is the can you the you and what is the the of the is we will your of to is there can you with no that 'll be all you you for have a
250,nonscam,harpervalley,this is my is how can you my is would to a okay you a what is the the is it 's and it 's 'll it for you there 's no after the it 's what is the okay and what is the the is what is the the of the is and and so we will your is can you with no that 'll be all you for have a
368,nonscam,harpervalley,this is my is how can you my is a what is your my is and the is can you the it 's can you the it 's and the and the is your has been to your is can you with no that 's all for you you for have a you
467,nonscam,harpervalley,this is my is how can you my is would to my what is your my is it was your has been to your is can you with no that was it for you you for and have a you
233,scam,youtube,you for this is how can I you we a I I there my and I were we 're our and we a from you that there was on with there 's like some of that you 're doing is that some of if I may this is we have you on it about how it was to if I like that me that 's we are from and do you you a to our its a and you a from our and you 've some on your and you us for that do you that when was it it would have been I in . Oh I do n't that my ca n't what he had for
193,scam,youtube,can you me yeah can a can with the my is this is the of how can you oh the is this who to to to my yes yes yes the do you to with that you to it and your to you oh oh do n't it do n't what it is to be this could have been like might have it might be the but can you me the me for it it you to up your do what do you me to do you to your and up your oh okay can do that can do that all
72,scam,youtube,you for my is how can I you I had and you were na me back I 'm not if you had yet my is I you I was and I was na you so I was to my I did n't the when did you the about these it was overnight and could you me the that you have in the that I was being for a and I did n't that
458,nonscam,harpervalley,this is my is david how can you my is my can you me a can your yeah my have your you should it with to is can do to you no that 'll do it that was it for you the unk 'm to that you it it was a if ca n't do for you 'll you you have a you
222,scam,youtube,you for how can I you I 'm about an an a for a some of uh that I do n't I do n't have a and what was the that has been um it was for a monochrome in did you any you your like your or your not not that I of in have you in any of your I I have n't been for but I do n't I did n't though do you have and with you of all it down my to be okay all why are you me your though I do n't in any as we can under your some a from
319,nonscam,harpervalley,this is have her my is how can you my is would to a okay what is the the is and what is the is and and what is the it 's the is and uh we will your to is can you with no that was be it for you for have a
423,nonscam,harpervalley,this is my is how can you my is will between my what is the the is a and could you the would to from my to my can you me the that you would to uh the is a and have from your to is can you with no it 's all for you
136,scam,youtube,you for how are you doing 'm doing how are you had a about with my yes there has been a for an and this is a do you the no do not did n't a you for us that you have not the me you when we to and the we out like there are some from who are to your and they are these under your
83,scam,youtube,you for this is how may I you I have a on my that my 's been to all do n't we are to you out we can that to your with the of your so that 's the you this it on your which is the of so you to some to your and the of your on that and it over there like a
6,scam,youtube,this is a from with a on your us on and for your and your is as there is a to be against your before the is for and you the of you can the on you or your of to us back the at is this is from and the to my is
79,scam,youtube,you for how may I you I 'm because I have a a for it 's being we our for and for us to be on my this is not this is the is does n't me what would you me to do with this I to and my if I 'm being all what we will be doing we will be and the for you up your on your so it is and you to
111,scam,youtube,you for this is how may I you um this is this is my for me to with you the we our for for and is for the that I 'm at I this it so we can like into your in I you do n't in no no I do n't in that 's am I na my you 're to your but we have to your because they they you any we 're na that to you but we have to them and we have to out like how how they your all up the any to in the in their
237,scam,youtube,my is how may I you I a from you all what they you it like I 'm a me you the which you have that was a from the because to some we are no in the so we will not to the onto your to and we have to that to you whatever you for your you do how you for your or I have to you I 'm not if I or not a a on I I was another all you for your you which you you will to it all what we will do we will you how you will it all what you have to do so you are me a as I you before we are out yeah we are out the to we have to that to you as I what you have to do you have to up a which will be by the itself
62,scam,youtube,you for how can you a a or that but have n't as can that you did n't like or like no did you did you to no will you out of this your you 'll me am will each and what to on can you me like have you any to like your any or any
375,nonscam,harpervalley,this is my is how can you my is would to a can you with that what is the okay and what is the the is and what is the the of the is so we will your to is can you with no you for have a
122,scam,youtube,like you was the to your which is that 's what it was and they that there was without my I 'd to that if I can like you to this that 's me do can you me like did you out your there is any of like not that I can you can it out I did n't you did n't no I do n't I I do n't for this any of on there me it like I do n't any I for
379,nonscam,harpervalley,this is my is how can you my is would to a and what is the and what is the and what is the a and alright we will your to is can you with no that 's all and you for you have a
82,scam,youtube,you for this how can I you has been for and for the your has us that has been with has been for and for the I not an at that I you can the alert am I 'm all I 've to you I 'm a and there n't no in that I 'll be no I can you what is the of that that the which you are on that
365,nonscam,harpervalley,this is my is how can you my is is would to my what is your my is can you your for me it 's your has been to your is can you with no that was be it for you for have a you
327,nonscam,harpervalley,this is my is and how can you my is 'd to between my and what is the the 's be a and and what is the it 's be from my to my and you your was your yep and has been from your to your is can you with no that 'll be it you for
354,nonscam,harpervalley,this is my is how can you my is and would to an what would you like for your on me at my have to to the would be a how at a would that be at okay your has been for are thirty a is can you with no that 's all you for have a you
31,scam,youtube,you for whom you 've a with my my and 'm if you can with it can you with that what 's the you 're with your 've an that have the in the if you can that 's can you would to do you have a from this have a but do n't the on it and you you do n't your on your no no
269,nonscam,harpervalley,this is my is how can you my is my is a to have it to my uh what is your yes my is and is not the and the is like the and is and what is the okay a has been to your is can you with no you 've me with that for you you for have a
119,scam,youtube,you for you 're to how may I you I I 've been having with my when I to The it can not be what 's your my is thank you in your me you to the I you 're me from an I it 's a me you by up the they 're the what do I do there where in there it and I do n't to a I to my I do n't to a
384,nonscam,harpervalley,this is my is how can you yes my is and a what is your that 's in that 's okay you have down your and you 'll be a in your within to is there can you with no that 's you you for have a you you
198,scam,youtube,'m this is how can you a from this about an yes we are you from the and this is about the which are not can you me like are you in of the you 're 'm can be in of the what 's with we had a on the from which you 're the of the on your not so it that you might be the if you do not and the this is the we are you and and the to is it for you to be in of the it 's my 've been my all all it 's not all the like of the are not but there might be a like all your might this is the we are you
333,nonscam,harpervalley,this is my is how can you uh my is 'd to a and what is the and what is the can you the 'm what can you the and what is the we will your to is there can you with no that 's all you you for have a
474,nonscam,harpervalley,this is my is how can you my is brown would to a and what is the um the is and what is the the is and the is and what is the the of the is is can you with we will your to no that 's all for you have a you for have a
166,scam,youtube,you for your we would like to you to a for a thank you for her 's and how can I you is this and and I 've a on my can I have your I can and what 's the mr can you your for me and what 's your and your but how do I your and I 'm not to you I 'm from and or not if you do n't I up the and the to you okay my you 're to me yeah no do n't me
338,nonscam,harpervalley,this is my is how can you my is would to a and what is the the is what is the the is what what is the and the 's and what is the the of the is and okay is can you with no you for have a
466,nonscam,harpervalley,this is my is how can you my is and would to a what is the the is what is the the is in oregon can you the please the is what is the the of the is a and we will your the you is can you with that 's all you for have a
442,nonscam,harpervalley,this is my is how can you my is would to a okay you to a what is the is okay and what is the a v a y 'm can you the it is the is what is the it is okay we will your to is can you with that is it thank you you 're you for have a
268,nonscam,harpervalley,this is from how can you my is would to an and what would you like for me to 'm when did you you that can you that and what would you like to in m is can you with no that 'll be all you you you have a you
84,scam,youtube,you for how can I I 'm having a with my I was in my and a and I had to you because my has been because when you were on over you on or any that 's why they in your so what do I do I I have to you which you have to that I can to out what in your and you how we 're na it and how
424,nonscam,harpervalley,this is my is how can you my is 'd to between my and what is the the is and what is the from my to my 've from your to your is can you that 's all for you you 're you for and you have a you you
80,scam,youtube,you for how can I you I an with an for and I 'm why you were because I do n't what is what is a is the that has to your for what yeah you to to your so I can you to and you to the I 'm na you how to do it okay I that do as you are having a Windows do me a and to on that like you have to on that like you have a we
206,scam,youtube,you for the of my is how can I you how are you I 'm how about you I 'm doing I 'm doing a of a on I 'm to I I my I my and if I 'm I do n't what to do with myself I I a the and I 'm with all this on my and I I I I 'm if that was the I that it like I an from you that I 'm being for do you have any or any or any so that I can it up on my on me is any your you 've a on in the that 's is there any you could no that 's not the the is those are my to that 's the you 're it
221,scam,youtube,you for this is this is how may you I an from your the I do n't what the of the is can you me the it it 's to you 're to is in can you you are to do you have an oh the is and with the for this 's oh it to of in for which is n't that 's a that 's a that 's a for that you can up a of you they they 'll their and every but I did n't this I did n't I did n't this but that 's no at who would this I 'm for me I can that an
331,nonscam,harpervalley,this is my is how can you my is and would to a what is the the is what is the it is what is the it is and we will your to is there can you with that was it thank you for have a you
219,scam,youtube,oh yes this from how can I you and yes you your was for me I could n't you me you me you me oh I you have the from our for of the for your how did you that are you because uh we a from this and I you are of the you have you have you in our okay I for a nevermind yes that 's what would you to do that 's why was you that 's why I was what do you to do do you to it or do you to it I I 'm not what the is but I that I I that the is you to it no no no no no no no I do n't you to it on I to to the which I is have you it uh I to the is what I 'm I 'd to another okay you to the you the yes do you to out the you to be on the so I can you out be on the at this okay I can do that your
201,scam,youtube,this is how can I you I a about you down did on or about my having a from you is that you 've about that we are to be down to this as per the has been that we can not the at this of so we are to be out of the who have our with them we are to and their for their which you have with this as we are not to our at this of we are not when we can as you the so you 're that the the is down your your like because we are over the we are for the we 're for you as you 're in the of we 're for us in and the our is and to the to our
88,scam,youtube,you for my is how can I you I and an that was in my I 'm me that I have a a for a I do n't why we 're for this I do n't what is so it is for your do about it we were by that our with you would to it yes that is as it as the is I would to you to be in of your so that I 'm
78,scam,youtube,you for with how can I you I have a on my that my 's been for and for no I will you me and you some of the which you have to I can and your to our so I could the and I will you why you are of on the at on the on the of your do you there is a you the on the do you the or
247,nonscam,harpervalley,this is my is how can you my is would to between my what is the is the is and what is the it 's from my and what is the has been from your to your is can you with you for have a uh to my no so that 's all for you
428,nonscam,harpervalley,this is my is how can you my is would to a can you with that what is the the is what is the the is what is the the of the is okay we will your to is can you with no that 'll be it you you for have a you
360,nonscam,harpervalley,this is my is how can you my is 'd to a oh can you with that what is the the is and what is the the is that 's and what is the the of the is a can you yeah a and so we will your to is can you with no that 'll be all you you for you have a
48,scam,youtube,to . my 's how can I you ? my is 've and it 's a of that to but ca n't ca n't them without do n't like a or ? Yes and that 's the why you the for the to all the . In a in to the about this could you me if you have the for ? No I I 've it I have n't it . You it ?
321,nonscam,harpervalley,this is my is how can you my is would to a what is the what is the the what is the the of the is we will your to is can you with you no that 'll be it you for have a you
192,scam,youtube,for this is how may you uh can you 'm to you to to from the the are you to the oh thank you can you out with that was on for a okay 've a a and do n't do n't 'm not what did was was was to up for and this was at my to out if there 's to be if the is to on because out that my are to for and did n't them this because them never you do n't about that so was on the or whatever to in the to it to if it was to up and the there 's this that my is that 's when and 'd you do not do not about that that do not off your to your before we that can you with that
362,nonscam,harpervalley,this is my is how can you my is 'd to my what is your my is could you that yes my is your has been to your is can you with no that will be all you for have a you you
223,scam,youtube,you for how can I you 'm about my and it has a on the that I before and I was to out of it but I do n't how not a I 'll you out with that can you me the which you are is that a or the or what I it 's a about or do but we I it at no it was I I do n't if it is but there was another I have the I have the at the in the in the in your you can a like you can like to can you that where can you to the you on the on your I I where the is I I 'm can you the at the can you the at the where at the of your at the you can plus can you that
443,nonscam,harpervalley,this is my is how can you would to a my is what is the the is what is the the is and the is what is the the of the is we will your to is there can you with no that 's all you for have a you
308,nonscam,harpervalley,this is this is my is how can you my is would to between my what is the the is and and what is the the the the for my and what is the my and has been from your to your is can you with no that was it thank you you for have a you
465,nonscam,harpervalley,this is my is how can you my is would to a a okay what is the of your the is it 's and and the the is 'm 'm on 'm what okay you oregon yes and what is the you would to the of the the of the is and is can with no
410,nonscam,harpervalley,this is my is how can you my is brown would to between my what is the the is and and what is the and what is the have and has been from your to your is can you with no that 's all with you for your you for have a you
436,nonscam,harpervalley,this is my is how can you my is and would to an 'd be to do that for you me up your and you to an what would you uh to that on okay and what what would be for you in the you 'll be an your uh your and and is that can you with no that 's all for you for your you have a you
181,scam,youtube,you for how can I you I you me about is that you a yes the was in to a of you had and for a for your and and it was for that you the 'm 'm could you that could you that was you had and a of and you had a of for your and your uh we are not being to anymore it 's been but as per the we have to you back the
161,scam,youtube,do you have any who can you inside the no do n't can you do that for me me about your but it 's my to you these are and by that 's to that 's that 's of all would to a of and to down some about your that to me all 'm na a of and a your are you there 've 've a of and a though down my my is
183,scam,youtube,I to to the yeah this is how may I you what is you my is do you for I a an I from about about my being can you me the or the it 's and what is the and will in the can over there it 's a for your as you me you you this that it 's to you
399,nonscam,harpervalley,this is my is how can you my is would to a and what is the the is and the the is and and what is the the is okay we will your to is there can you with no that was to be it you for have a
130,scam,youtube,you for how are you doing 'm doing how are you 'm you and you have an for your did down the so you your you to your did n't had no do n't to it so what to do my to and your and you your will and your will be because we have that on hold the did not through and for this is the you 're this all are you in of your 'm not at my but have do to to it could you and on your so can you the
388,nonscam,harpervalley,this is my is how can you my is would to between my what is the the is and what is the from my and what is the to my has been from your to your is can you with no that 'll be it you you for have a you
118,scam,youtube,my is and I 'm the on this there 's a that was on my and I did not that I it it 's it 's me do you to this to a on me you about this me you what is the whenever you to into it all we to this is the which was
448,nonscam,harpervalley,this is my is how can you my is a can you with that what is your my is and is out in can you your for me a has been to your is can you with no that 's all for you for your you for you have a you
475,nonscam,harpervalley,this is my is how can you my is and would to an 'm to an for you and what would you like for your and what would you like for your uh alright you are for at is can you with no that will be it for you you for have a yourself bye
152,scam,youtube,you for how can you 'm a about my this is for the this is for the of your so you to the or you to it no do n't to it did n't was for it did n't you no do n't to it did n't was for it not a you have to up a on your 'm to you a on the is your on this what do to not a can you have a on your at the and do you or there are
300,nonscam,harpervalley,you for valley my is how can you my is would to a what is the the is what is the the is what is the the of the is and a of a and to is can you with no you you for have a
46,scam,youtube,you for you 're with how can I you ? I of these that on my that had to my and that it was a and it 's your has us that is has been with a and and since how have you been all these on your ? It and I to and it
220,scam,youtube,you for this is how can I you I 'm for how can I you could you me to the for which for the uh you are with I 'm a from how can I you so I I have your on because there 's a I do n't I do n't it 's to it 's to when when I was at this I was and I I I and I at my because I had I a there was a on my to me about the and I into the it was like a when I when I to the I I was this it was a about what was it oh it was about I 'm to out it 's about and I I in there and it it 's that I I 've because the 's
102,scam,youtube,I 'm for me my is my had to you about a that we to she she me to from I can I can this you you have to do you have to my okay my is oh your is down my is up your so that I 'm na you to your and I 'm to you this okay you have to you have to in it 's me to to it 's me to to and it 's me to I a or I 'm to you the you have to in
137,scam,youtube,you for how are you doing 'm doing how are you had a about with my yes there has been a for an and this is a do you the no do not did n't a you for us that you have not the me you when we to and the we out like there are some from who are to your and they are these under your which with and that is the so we have
473,nonscam,harpervalley,this is oh my is how can you my is down my can you me a about that 'll your so you did it 's yes my that and out to you be that some within to is there can do for that was it thank you okay you have a you for
415,nonscam,harpervalley,this is my is how can you my is and would to how 're you doing michael doing would to some between my which how yes from my to my and the is that 's that 'll do it for and you have a you
133,scam,youtube,is this yes this is my is how are you doing 'm doing how are you 'm so can you me what can do for you had a about with my can you me whether you to the or whether you me to what that was the max did n't an we that the of this is to you that we have some on your that is your and with the of your we are the so that is the we you up so we can to you about each and and as you are as you are our since a so this is our to to you about it but did n't in no we are uh to that
