pair_id,label,source,original_id,conversation_length_words,length_difference_words,text
1,nonscam,technical_support_json,technical_support_1,113,5,"Hi, my webcam not working and I have no idea what to do. Hello! I'm sorry to hear that. Let's fix this together. When did webcam not working start? Since this morning. It was fine yesterday. I see. As a first step — have you tried unplugging and reconnecting the device? I tried that, didn't work at all. Okay. Please navigate to Settings and check the device drivers. My device model is HP Pavilion 15. Hope that helps. Yes, please install the update and restart once complete. Fixed! I can't believe it was that simple. Excellent! Glad we got that sorted. Is there anything else I can help with? Nothing else, thanks again!"
1,scam,youtube_scambait,72,118,5,thank you for calling amazon my name is how can i help you hi i had called earlier and you were gonna call me back i'm not sure if you had yet my name is i called you earlier i was driving and i was gonna call you back so i was just calling back to get my um make sure i didn't get charged the 8 99 when did you receive the notification about these charges uh it was sometime overnight overnight yeah and could you please tell me the details that you have received in the overnight um just that i was being charged 8 99 99 for a laptop and i didn't buy that laptop
2,nonscam,technical_support_json,technical_support_2,110,0,"Hi, my wifi keeps disconnecting and I have no idea what to do. Hello! I'm sorry to hear that. Let's fix this together. When did wifi keeps disconnecting start? It began yesterday morning. I haven't changed anything. Understood. First, let's try a full shutdown and restart. Did that help? Multiple restarts — still the same issue. Let's go further. Can you check for any pending system updates? Settings show version 3.1.2. Is that the latest? Perfect. I'll push a driver update remotely — give me a moment. Fixed! I can't believe it was that simple. Wonderful! Don't hesitate to contact us again if needed. All good! Really appreciate your help."
2,scam,youtube_scambait,22,110,0,please hold while we connect you to one of our agents from the fraud prevention team yes i'm from the fraud department team how can i help you today ah hi uh how's it going uh i had a transaction for the john lewis for 345 pounds and i'll be honest we don't even shop at john lewis uh yeah yeah i do i do okay i'm able to get your full name please sir okay nice to meet you sir and am i able to get it nice to meet you sir too thank you sir all right let's get your sort code please okay and the account number
3,nonscam,technical_support_json,technical_support_3,120,35,"Hey, I'm having a technical issue: external hard drive not recognized. Hello! I'm sorry to hear that. Let's fix this together. When did external hard drive not recognized start? It began yesterday morning. I haven't changed anything. Thank you. Can you try clearing the cache and restarting the application? Yes, still happening after the restart. Let me check from my end. Can you provide your device model? My device model is HP Pavilion 15. Hope that helps. Perfect. I'll push a driver update remotely — give me a moment. I followed the steps and everything is back to normal. Excellent! Glad we got that sorted. Is there anything else I can help with? No, that's everything. Thank you so much!"
3,scam,youtube_scambait,124,155,35,well thanks for getting connected to mcafee this is how may i help you hi it's how are you doing sweetie yes uh have a great day ma'am no how uh i'm fine thank you for your asking so are you be in front of your computer right now yes i just turned it on honey i got home from lunch five minutes ago and i'm now now logged into my computer right all right once you see the home screen please let me know okay okay um would you mind calling me mrs because i am married and i'm not comfortable with you calling me by my first name all right have you seen the home screen don't call me by my first name you know here to call me mrs please all right just close your google chrome and pull just close your email and pull up your google chrome miss okay it's
4,nonscam,technical_support_json,technical_support_4,113,2,"Hey, I'm having a technical issue: blue screen of death. Thanks for reaching out. I'll help you sort out blue screen of death. How long has this been happening? About a week ago. I thought it would fix itself but it didn't. I see. As a first step — have you tried unplugging and reconnecting the device? Yes, I restarted multiple times. Same problem. Alright. Let's try running the built-in diagnostic tool. Settings show version 3.1.2. Is that the latest? Yes, please install the update and restart once complete. It's working perfectly now. Thank you! Excellent! Glad we got that sorted. Is there anything else I can help with? Nothing else, thanks again!"
4,scam,youtube_scambait,242,115,2,thank you for calling support you're speaking to how can i help you um hello um i'm calling because i'm getting a message on my computer that says my computer's blocked for security reasons oh well ma'am your voice is breaking up could you please repeat that again okay on my screen in my browser there's a message it says windows defender security center access to this computer is blocked for security reasons and it says to contact microsoft support okay what is the last activity that you're running on that laptop um i was just trying to look up um stencils for for dresses um i'm going to try to pick up sewing okay
5,nonscam,technical_support_json,technical_support_5,127,33,"Hi there. I've been dealing with fan making loud noise for a while now. Thanks for reaching out. I'll help you sort out fan making loud noise. How long has this been happening? About a week ago. I thought it would fix itself but it didn't. Understood. First, let's try a full shutdown and restart. Did that help? Yes, I restarted multiple times. Same problem. Let's go further. Can you check for any pending system updates? My device model is HP Pavilion 15. Hope that helps. That driver error is the culprit. I'll guide you to reinstall it now. Update installed and restarted. It seems to be working now! Great news! Feel free to reach out if the issue returns. No, that's everything. Thank you so much!"
5,scam,youtube_scambait,103,160,33,thank you for getting the naked norton this is here how may i help you today hi my name is my wife uh had called and spoken to a today um with regard to an invoice all right so you want to cancel this subscription and get that even back right last time i used norton was in 2004 we haven't purchased a virus scanner um since then and i don't understand why we're still enrolled might be the internet era sir you got subscribed by mistake no issue for that we are going to cancel the subscription okay and whatever money has been charged you refund you get the refund as well okay great i appreciate that are you sitting in your computer right now yeah i have i have your the invoice open it's it's inside of chrome so i'm going to start the cancellation process open the chrome browser there's a cookies i gotta a accept cookies
6,nonscam,technical_support_json,technical_support_6,108,22,"Good morning. I'm really struggling because software won't install. Thanks for reaching out. I'll help you sort out software won't install. How long has this been happening? It began yesterday morning. I haven't changed anything. I see. As a first step — have you tried unplugging and reconnecting the device? Yes, still happening after the restart. Okay. Please navigate to Settings and check the device drivers. I ran the diagnostic and it says 'driver error detected'. Yes, please install the update and restart once complete. Fixed! I can't believe it was that simple. Great news! Feel free to reach out if the issue returns. Nothing else, thanks again!"
6,scam,youtube_scambait,88,130,22,thank you for calling customer support my name is how can i help you yes i just got home and noticed an email that was in my inbox i'm telling me that i have a seven almost seven hundred 693 93 a bill for a product called mcafee i don't understand why we're paying for this i don't even know what mcafee is okay so it is for your computer do know about it we were told by geek squad that our computer came with free antivirus called windows defender okay so you would like to cancel it yes please that price is almost as much as it as the computer is so i would like to request you to please be in front of your computer so that i'm
7,nonscam,technical_support_json,technical_support_7,105,0,"Good morning. I'm really struggling because printer not detected. Good day! I'm here to help. Let's start — when did you first notice printer not detected? This started after the last system update. Understood. First, let's try a full shutdown and restart. Did that help? Yes, still happening after the restart. Let's go further. Can you check for any pending system updates? My device model is HP Pavilion 15. Hope that helps. Yes, please install the update and restart once complete. I followed the steps and everything is back to normal. Wonderful! Don't hesitate to contact us again if needed. That's all. Thanks a lot!"
7,scam,youtube_scambait,75,105,0,thank you for calling customer support you are talking to how can i help you um hi um i have a message on my screen that says my computer is blocked for security reasons okay and is this happening for the first time on your computer or has it happened prior to this once i've never seen anything like it okay and what were you trying to do on the computer when you got this message links that i i came across one was on facebook and what i clicked on i got this warning i'm not sure what i clicked on to get it
8,nonscam,technical_support_json,technical_support_8,112,7,"I need support. Computer runs very slow and it's causing me a lot of stress. Thanks for reaching out. I'll help you sort out computer runs very slow. How long has this been happening? It began yesterday morning. I haven't changed anything. Thank you. Can you try clearing the cache and restarting the application? Done that already. No change. Alright. Let's try running the built-in diagnostic tool. My device model is HP Pavilion 15. Hope that helps. That driver error is the culprit. I'll guide you to reinstall it now. The driver reinstalled fine. Issue is gone! Great news! Feel free to reach out if the issue returns. Nothing else, thanks again!"
8,scam,youtube_scambait,17,119,7,hello hi how can i help you today sorry i got a mised call from this number i'm not really sure what's about is it the dentist i have an appointment next week no you're calling a national debt helpline we help people for the unsecured debt for free government program well you know what i um i lost my job six months ago and um i haven't been paying my bills so is it something you can help with yes of course so what could be the total debt level that you brought properly on any rough idea like five thousand ten thousand fifteen thousand at the moment uh seven thousand seven thousand pounds right um are you
9,nonscam,technical_support_json,technical_support_9,124,33,"I need support. Microphone not detected and it's causing me a lot of stress. Good day! I'm here to help. Let's start — when did you first notice microphone not detected? About a week ago. I thought it would fix itself but it didn't. Thank you. Can you try clearing the cache and restarting the application? Yes, still happening after the restart. Okay. Please navigate to Settings and check the device drivers. My device model is HP Pavilion 15. Hope that helps. That version is outdated. Let me send you the update link. Update installed and restarted. It seems to be working now! Excellent! Glad we got that sorted. Is there anything else I can help with? No, that's everything. Thank you so much!"
9,scam,youtube_scambait,64,157,33,thank you for calling amazon how can i help you yeah hi um i just received an email from you guys on an order that's actually was supposed to go to a different gentleman so can you please go to your email again i sent you a six digit code again my system got some problems so i'm just calling you from my colleague extension so go to your email and once again confirming the six digit code the code is all right and now go to the text message section of the cell phone and you'll see that link again okay you need to head on approve okay hold on all right sir so i'm having some issue i'm technical some technical issue with my system so what i'm going to i'm going to transfer your call to the senior supervisor on the floor he'll help you in much better way all right his name is
10,nonscam,technical_support_json,technical_support_10,101,1,"Hello, I need urgent help — webcam not working. Good day! I'm here to help. Let's start — when did you first notice webcam not working? About a week ago. I thought it would fix itself but it didn't. Got it. Have you tried restarting the device completely? Done that already. No change. Alright. Let's try running the built-in diagnostic tool. Settings show version 3.1.2. Is that the latest? That version is outdated. Let me send you the update link. Fixed! I can't believe it was that simple. Perfect. The problem is resolved. Have a great day! Nothing else, thanks again!"
10,scam,youtube_scambait,59,100,1,hello i'm calling you from billion medicine pharmacy how are you good can i uh place an order yes ma'am like what medication you take ma'am um i need the morning after pill sorry the morning after pill okay what is the name uh i think that's the name the morning after pill or the i pill you need i pill the morning after pill because i had sex last night i had sex last night okay and i don't want to have pregnant i don't want to get uh how many can i get yeah how much you want
11,nonscam,technical_support_json,technical_support_11,112,6,"Hi there. I've been dealing with webcam not working for a while now. Hello! I'm sorry to hear that. Let's fix this together. When did webcam not working start? Since this morning. It was fine yesterday. I see. As a first step — have you tried unplugging and reconnecting the device? Yes, still happening after the restart. Let's go further. Can you check for any pending system updates? I ran the diagnostic and it says 'driver error detected'. That version is outdated. Let me send you the update link. The driver reinstalled fine. Issue is gone! Wonderful! Don't hesitate to contact us again if needed. No, that's everything. Thank you so much!"
11,scam,youtube_scambait,48,118,6,welcome to technical support avanquest technical support my name's how can i help you hi my name is um i've downloaded one safe pc cleaner and it's identified a lot of files that i need to remove but i i can't i can't remove them without um i don't want like a license number or something yes and sir that's the reason why you need purchase the license for the onesafe pc cleaner to use all the features in such a case in order to get the detail about this license could you please tell me if you have the order id for purchase no i i've just downloaded it i haven't ordered it you just downloaded it
12,nonscam,technical_support_json,technical_support_12,114,0,"Hello, I need urgent help — keyboard keys not responding. Hello! I'm sorry to hear that. Let's fix this together. When did keyboard keys not responding start? Since this morning. It was fine yesterday. I see. As a first step — have you tried unplugging and reconnecting the device? Multiple restarts — still the same issue. Okay. Please navigate to Settings and check the device drivers. My device model is HP Pavilion 15. Hope that helps. That driver error is the culprit. I'll guide you to reinstall it now. The driver reinstalled fine. Issue is gone! Excellent! Glad we got that sorted. Is there anything else I can help with? Nothing else, thanks again!"
12,scam,youtube_scambait,6,114,0,hello this is a final warning from inland revenue with hmrc regarding a criminal prosecution on your name urgently call us back on three three zero zero zero one zero two and for your arrest and your warrant number is wc wc4589 as there is a legal case going to be filed against your name now before the case is sent for execution and you receive the legal course of notification you can call the hmrc on 02081 449696 i need you or your retained solicitor of record to call us back the issue at hand is extremely time sensitive this is officer from hm revenue and customs the hotline to my division is
13,nonscam,technical_support_json,technical_support_13,116,32,"Hi, my laptop battery not charging and I have no idea what to do. Hello! I'm sorry to hear that. Let's fix this together. When did laptop battery not charging start? This started after the last system update. I see. As a first step — have you tried unplugging and reconnecting the device? I tried that, didn't work at all. Let's go further. Can you check for any pending system updates? My device model is HP Pavilion 15. Hope that helps. Yes, please install the update and restart once complete. Update installed and restarted. It seems to be working now! Wonderful! Don't hesitate to contact us again if needed. No, that's everything. Thank you so much!"
13,scam,youtube_scambait,156,148,32,hello hello hi i received this email about northern lifelock subscription that is expiring today it's asking me for 249 looks like or something like that i'm i never remember having such a subscription what is going on here who's taking money from my account uh my company sir because uh uh you have our company security software in your computer and this is auto renewal services that's the reason my company charge uses and sending you this email to inform you like you want to continue this services or cancel it because if you continue the services so my company charge you every month but i don't remember having having this subscription so who made this subscription on my behalf i don't know sir because uh you're and somebody just using our company website and register online form so i don't know exactly who is person activated
14,nonscam,technical_support_json,technical_support_14,115,2,"Hi there. I've been dealing with printer not detected for a while now. Good day! I'm here to help. Let's start — when did you first notice printer not detected? About a week ago. I thought it would fix itself but it didn't. Understood. First, let's try a full shutdown and restart. Did that help? Yes, still happening after the restart. Alright. Let's try running the built-in diagnostic tool. My device model is HP Pavilion 15. Hope that helps. Perfect. I'll push a driver update remotely — give me a moment. I followed the steps and everything is back to normal. Wonderful! Don't hesitate to contact us again if needed. That's all. Thanks a lot!"
14,scam,youtube_scambait,69,117,2,i'm the senior technician here in microsoft windows support ma'am i don't do anything over the phone ma'am if you don't do it anything over the phone why did you call on this number then why did you call on this number because it's telling me to call on the number so i wanted to see what it says ma'am this is a microsoft windows support i will go ahead and work on it yeah okay okay well i'll call you back i'll do some research and call you back thank you ma'am you will gonna face the consequences then i'm telling you i will go ahead and work on it yeah okay and call you back
15,nonscam,technical_support_json,technical_support_15,114,4,"I need support. Computer shuts down randomly and it's causing me a lot of stress. Good day! I'm here to help. Let's start — when did you first notice computer shuts down randomly? It started two days ago, completely out of nowhere. Understood. First, let's try a full shutdown and restart. Did that help? I tried that, didn't work at all. Let's go further. Can you check for any pending system updates? I ran the diagnostic and it says 'driver error detected'. Yes, please install the update and restart once complete. Fixed! I can't believe it was that simple. Great news! Feel free to reach out if the issue returns. Nothing else, thanks again!"
15,scam,youtube_scambait,5,118,4,the criminal case registered under your name for tax fraud and tax division and there is also a warrant out for your arrest now there's a warrant out for my arrest this is a recordable line sir i have to play this recording in the courthouse so we don't need any interruption in this call sorry this is going to get played in court yeah the recording is going to be playing the couch house we found autumn's calculation of 1693 pounds outstanding under your name so at this point of time you have only two options your first option is to go to court and fight the case in case if you found guilty you have to
16,nonscam,technical_support_json,technical_support_16,111,21,"Hi, my wifi keeps disconnecting and I have no idea what to do. Hello! I'm sorry to hear that. Let's fix this together. When did wifi keeps disconnecting start? It began yesterday morning. I haven't changed anything. Got it. Have you tried restarting the device completely? Yes, I restarted multiple times. Same problem. Let me check from my end. Can you provide your device model? There's a pending update. Should I install it now? Perfect. I'll push a driver update remotely — give me a moment. I followed the steps and everything is back to normal. Wonderful! Don't hesitate to contact us again if needed. All good! Really appreciate your help."
16,scam,youtube_scambait,81,132,21,thank you for calling support how may help you hi um i have a strange message on my screen it says access to my device has been blocked for security reasons and can you just read it out for me what exactly see on your computer screen right now well it says windows defender security warning access to this scammer this or uh computer is blocked for security reasons block for your computer sorry it says your computer has been reported to be infected with a trojan spyware says there's a scanner it's a scanner in the upper left hand corner i don't know what it's scanning all right no problem can you just help me out your name for the customer security purpose yeah my name is my last name is
17,nonscam,technical_support_json,technical_support_17,107,1,"I need support. Microphone not detected and it's causing me a lot of stress. Good day! I'm here to help. Let's start — when did you first notice microphone not detected? It began yesterday morning. I haven't changed anything. Thank you. Can you try clearing the cache and restarting the application? Done that already. No change. Okay. Please navigate to Settings and check the device drivers. There's a pending update. Should I install it now? Yes, please install the update and restart once complete. It's working perfectly now. Thank you! Perfect. The problem is resolved. Have a great day! Nope, I'm good now. Great support, thank you!"
17,scam,youtube_scambait,107,106,1,thank you for calling support this is how can i help here hi it's i said i would call you when i got home okay okay so just give me one minute please may i have your name please uh originally spoke with oh yes i do remember that yes there's a 780 macbook i wasn't ordered on my amazon yes yes yes thank you so much for calling back so uh could you please uh get your computer again where are you located we're in california wow i love california oh you do i used to live in illinois i'm in salt lake city utah
18,nonscam,technical_support_json,technical_support_18,105,1,"Hi there. I've been dealing with laptop battery not charging for a while now. Hello! I'm sorry to hear that. Let's fix this together. When did laptop battery not charging start? Since this morning. It was fine yesterday. Got it. Have you tried restarting the device completely? Yes, I restarted multiple times. Same problem. Alright. Let's try running the built-in diagnostic tool. I ran the diagnostic and it says 'driver error detected'. Yes, please install the update and restart once complete. The driver reinstalled fine. Issue is gone! Great news! Feel free to reach out if the issue returns. All good! Really appreciate your help."
18,scam,youtube_scambait,10,104,1,hello yes sir this is what yeah this is engineer again can you hear me sir yes uh from microsoft yes is your computer is on yes it is now what you need to do you need to look at your computer keyboard right yes on your keyboard extremely left bottom corner do you see the ctrl key the control key yes what is this noise coming from your side like it is windy or something hold on let me clear the line just hold the line all right now what do you believe you can hear me clearly uh yes i can now
19,nonscam,technical_support_json,technical_support_19,108,27,"Good morning. I'm really struggling because printer not detected. Hi! That sounds frustrating. Can you tell me more about when printer not detected began? This started after the last system update. Thank you. Can you try clearing the cache and restarting the application? I tried that, didn't work at all. Let's go further. Can you check for any pending system updates? I checked and the drivers seem outdated. Yes, please install the update and restart once complete. Update installed and restarted. It seems to be working now! Excellent! Glad we got that sorted. Is there anything else I can help with? No, that's everything. Thank you so much!"
19,scam,youtube_scambait,183,135,27,hi i need to speak to the norton department please yeah ma'am this is norton how may i help you sorry what is you name my name is okay do you work for norton yes norton antivirus support okay i got a call uh an email sorry i think from someone named about about my norton subscription being auto renewed okay can you tell me the auto id number or the invoice number um hello it's okay and what is the amount 368 okay ma'am just hold one moment and i will check in the system okay alright yeah i can see over there it's a norton subscription for your pc protection so uh as you told me you you order this subscription say that again it's hard to hear you yeah i just say
20,nonscam,technical_support_json,technical_support_20,106,0,"Good morning. I'm really struggling because printer not detected. Good day! I'm here to help. Let's start — when did you first notice printer not detected? It happened after I restarted my computer. Understood. First, let's try a full shutdown and restart. Did that help? Done that already. No change. Let's go further. Can you check for any pending system updates? My device model is HP Pavilion 15. Hope that helps. That version is outdated. Let me send you the update link. Update installed and restarted. It seems to be working now! Wonderful! Don't hesitate to contact us again if needed. That's all. Thanks a lot!"
20,scam,youtube_scambait,76,106,0,thank you for reaching tech support this is how may i help you today hi um i have a message on my screen that says my access to the computer's blockfor security reasons it's all right you don't need to worry about that ma'am well it says my facebook login and my banking has been data is at risk so i am worried it seems like there is a bridge on your network which means it's an attempt of hacking with a second place when you click on an unknown website all right they can just it wasn't unknown it was on facebook it was on
21,nonscam,technical_support_json,technical_support_21,111,24,"Good morning. I'm really struggling because software won't install. Good day! I'm here to help. Let's start — when did you first notice software won't install? It began yesterday morning. I haven't changed anything. Understood. First, let's try a full shutdown and restart. Did that help? Yes, still happening after the restart. Okay. Please navigate to Settings and check the device drivers. There's a pending update. Should I install it now? Yes, please install the update and restart once complete. I followed the steps and everything is back to normal. Excellent! Glad we got that sorted. Is there anything else I can help with? No, that's everything. Thank you so much!"
21,scam,youtube_scambait,153,135,24,calling this is how can i help you yeah i'm going about my refund i said you're closing down or something okay you okay huh you want you want to cancel right yes okay are you in front of your computer side is your computer on yes okay so tell me what do you see on the computer my computer screen okay look at the very bottom left hand corner at the very bottom left corner which icon do you see on my computer screen i see a windows start key yes yes yes right beside that right beside that right beside the windows start key do you see type here to search type here to search yes of course uh huh type here to search in type here to search you have to type
22,nonscam,technical_support_json,technical_support_22,107,0,"I need support. Keyboard keys not responding and it's causing me a lot of stress. Hi! That sounds frustrating. Can you tell me more about when keyboard keys not responding began? It started two days ago, completely out of nowhere. Got it. Have you tried restarting the device completely? I tried that, didn't work at all. Let's go further. Can you check for any pending system updates? Settings show version 3.1.2. Is that the latest? Yes, please install the update and restart once complete. The driver reinstalled fine. Issue is gone! Wonderful! Don't hesitate to contact us again if needed. No, that's everything. Thank you so much!"
22,scam,youtube_scambait,55,107,0,thank you for calling apple my name is how can i help you uh yes i um had some kind of message that i was getting charged but i don't even use apple what kind of message you have in your phone could you please try to explain us i am using my roommate phone now so i can't read it to you right now i'm sorry my phones ma'am if you cannot read it me then how can i help you with that well don't you work for apple ma'am i am from apple but without having any confirmation from your end how can i check
23,nonscam,technical_support_json,technical_support_23,121,35,I need support. External hard drive not recognized and it's causing me a lot of stress. Hello! I'm sorry to hear that. Let's fix this together. When did external hard drive not recognized start? About a week ago. I thought it would fix itself but it didn't. Got it. Have you tried restarting the device completely? Done that already. No change. Let me check from my end. Can you provide your device model? I ran the diagnostic and it says 'driver error detected'. Perfect. I'll push a driver update remotely — give me a moment. I followed the steps and everything is back to normal. Great news! Feel free to reach out if the issue returns. That's all. Thanks a lot!
23,scam,youtube_scambait,115,156,35,thank you for calling this is hi i'm responding to a text message that i got about a auto renewal for norton lifelock i haven't used norton in many years so i guess i'm subscribed still uh it seems so sir because uh they know that's the only case when you receive those messages okay well so did you you try to subscribe to our northern lifelock security no i mean that's what's confusing me i i i never have and i'm getting charged 599 i can't think of how the charge would have come about i mean i have windows 10 and it comes with its own antivirus okay that's actually an inbuilt security itself for windows you're telling me that you didn't make the charge and you don't use norton also uh so have you ever shared the access to your personal information to your email address and your billing informations with someone else
24,nonscam,technical_support_json,technical_support_24,112,7,"Hi there. I've been dealing with printer not detected for a while now. Thanks for reaching out. I'll help you sort out printer not detected. How long has this been happening? It happened after I restarted my computer. I see. As a first step — have you tried unplugging and reconnecting the device? Yes, I restarted multiple times. Same problem. Let's go further. Can you check for any pending system updates? I checked and the drivers seem outdated. Yes, please install the update and restart once complete. Update installed and restarted. It seems to be working now! Great news! Feel free to reach out if the issue returns. Nothing else, thanks again!"
24,scam,youtube_scambait,31,119,7,hello thank you for calling support whom i helped you hello yes i've got a problem with my uh email my gmail and i'm wondering if you can help with it definitely i can help you with that problem what's the exact problem you're facing with your gmail so i've got an ipad here that i already have the in the ipad if you can help that's definitely i can help you so here i would like to know do you have a computer as well apart from this ipad i have a laptop as well yes but i i don't need the mail on it and uh you you don't use your emails on your laptop no no
25,nonscam,technical_support_json,technical_support_25,110,0,"Hey, I'm having a technical issue: printer not detected. Hello! I'm sorry to hear that. Let's fix this together. When did printer not detected start? It began yesterday morning. I haven't changed anything. I see. As a first step — have you tried unplugging and reconnecting the device? Yes, still happening after the restart. Okay. Please navigate to Settings and check the device drivers. I checked and the drivers seem outdated. That driver error is the culprit. I'll guide you to reinstall it now. Fixed! I can't believe it was that simple. Excellent! Glad we got that sorted. Is there anything else I can help with? Nothing else, thanks again!"
25,scam,youtube_scambait,92,110,0,thank you for calling customer support how can i help you yes i got an email and text earlier today saying a purchase of 1160 have been made using your debit card in case you have not done this transaction please call this number so as you can see there is an order purchase of bitcoins i can definitely tell you it wasn't my order i wouldn't and touched bitcoin with a 10 foot pole um but as you can see the authorization is coming from your side did you ever share your email and password with anyone else no i have no need to i have no desire to
26,nonscam,technical_support_json,technical_support_26,115,7,"Hi there. I've been dealing with computer shuts down randomly for a while now. Hello! I'm sorry to hear that. Let's fix this together. When did computer shuts down randomly start? It began yesterday morning. I haven't changed anything. I see. As a first step — have you tried unplugging and reconnecting the device? Yes, I restarted multiple times. Same problem. Let's go further. Can you check for any pending system updates? Settings show version 3.1.2. Is that the latest? Perfect. I'll push a driver update remotely — give me a moment. I followed the steps and everything is back to normal. Perfect. The problem is resolved. Have a great day! Nothing else, thanks again!"
26,scam,youtube_scambait,70,122,7,thanks for calling support my name is how can i help uh yeah this rude guy just hung up on me i got an email about a purchase i didn't make i tried to just call on this rude guy hung up on me it's all right miss i'm online you can share with me thank you um so i got a email that says that i have a pre authorization on my card for an oil pump for 954 45 and i definitely did not order that i understand miss don't be worried we're gonna try to cancel that charge you got it okay can you please let me know when you get this charge i got the email last night
27,nonscam,technical_support_json,technical_support_27,104,5,"Hey, I'm having a technical issue: microphone not detected. Hi! That sounds frustrating. Can you tell me more about when microphone not detected began? Since this morning. It was fine yesterday. I see. As a first step — have you tried unplugging and reconnecting the device? Multiple restarts — still the same issue. Alright. Let's try running the built-in diagnostic tool. I ran the diagnostic and it says 'driver error detected'. Yes, please install the update and restart once complete. Update installed and restarted. It seems to be working now! Wonderful! Don't hesitate to contact us again if needed. That's all. Thanks a lot!"
27,scam,youtube_scambait,44,99,5,thank you for calling support this is mac how may i help you yes my computer's beeping it says someone signed on to my computer and it's it's a suspicious activity and i could get an infection from it i am really sorry to hear that ma'am can i ask you what exactly you was doing when you got that kind of a message or an alert ma'am all i did was put in american heart association all i did was put in typed in americanheartassociation org to print my i'm a nurse and i took a cpr class
28,nonscam,technical_support_json,technical_support_28,109,0,"Hey, I'm having a technical issue: wifi keeps disconnecting. Hi! That sounds frustrating. Can you tell me more about when wifi keeps disconnecting began? Since this morning. It was fine yesterday. I see. As a first step — have you tried unplugging and reconnecting the device? I tried that, didn't work at all. Alright. Let's try running the built-in diagnostic tool. Settings show version 3.1.2. Is that the latest? That version is outdated. Let me send you the update link. Fixed! I can't believe it was that simple. Excellent! Glad we got that sorted. Is there anything else I can help with? No, that's everything. Thank you so much!"
28,scam,youtube_scambait,57,109,0,thanks for calling geek squad this is how may i help you hello um i got some kind of message a few days ago about a charge from geek squad or best buy or something like that can you help me a few days ago yeah or today i don't know i guess i was earlier today i've been drunk for like three days so i don't really know what what day it is what you need to do you just need to be in front of your computer so that i can connect you with the cancellation department so are you in front of your computer right now
29,nonscam,technical_support_json,technical_support_29,111,20,"Hi there. I've been dealing with computer shuts down randomly for a while now. Hi! That sounds frustrating. Can you tell me more about when computer shuts down randomly began? About a week ago. I thought it would fix itself but it didn't. Got it. Have you tried restarting the device completely? Yes, still happening after the restart. Okay. Please navigate to Settings and check the device drivers. I checked and the drivers seem outdated. Perfect. I'll push a driver update remotely — give me a moment. Update installed and restarted. It seems to be working now! Perfect. The problem is resolved. Have a great day! That's all. Thanks a lot!"
29,scam,youtube_scambait,139,131,20,yeah i had a message calls number about my amazon account yes sir did you order iphone 11 pro from your amazon account and this is a verification call so do you confirm this order or no i haven't ordered anything what are you talking about i'm talking about your amazon so you haven't done it you did not order iphone 11 pro yeah that's what i'm trying to tell you is i don't know what you're talking about tell me tell me what's going on as i told you did not order iphone 11 pro from your amazon account it means this is unauthorized on that correct step yeah i didn't authorize anything i didn't order anything okay so can you just go ahead and turn on your computer first
30,nonscam,technical_support_json,technical_support_30,108,11,"Hey, I'm having a technical issue: computer shuts down randomly. Hi! That sounds frustrating. Can you tell me more about when computer shuts down randomly began? Since this morning. It was fine yesterday. Understood. First, let's try a full shutdown and restart. Did that help? Yes, I restarted multiple times. Same problem. Let me check from my end. Can you provide your device model? Settings show version 3.1.2. Is that the latest? That version is outdated. Let me send you the update link. Fixed! I can't believe it was that simple. Great news! Feel free to reach out if the issue returns. All good! Really appreciate your help."
30,scam,youtube_scambait,54,97,11,yeah thanks for calling amazon refund department this is how are you doing today hi i had a voicemail saying i was going to get charged for something can you help me with that alright so as i can see there is some fraud activities are going into your amazon account so can you tell me like are you in front of your computer or laptop right now uh yes sir i'm at my computer alright ma'am so just use that computer i will assist you over the phone how we are going to cancel the order
31,nonscam,technical_support_json,technical_support_31,113,12,"Hello, I need urgent help — Bluetooth not pairing. Good day! I'm here to help. Let's start — when did you first notice Bluetooth not pairing? It started two days ago, completely out of nowhere. Understood. First, let's try a full shutdown and restart. Did that help? Yes, still happening after the restart. Alright. Let's try running the built-in diagnostic tool. My device model is HP Pavilion 15. Hope that helps. That driver error is the culprit. I'll guide you to reinstall it now. The driver reinstalled fine. Issue is gone! Excellent! Glad we got that sorted. Is there anything else I can help with? Nope, I'm good now. Great support, thank you!"
31,scam,youtube_scambait,94,125,12,yes um i got an email and had an invoice attached to it it's telling me that i have something on order a dell inspiron laptop and it was 598 and i'm not quite sure i'm understanding why i'm getting this do you do not have an amazon account i have an amazon account so obviously maybe some issue happen while you receive this email can i have your first and last name ma'am so that i can check the details for you yes my first name is last name is i'll just go ahead and check that that why you received this email if you didn't use this okay hold the line for a minute i'll be back don't mind my silence okay t
32,nonscam,technical_support_json,technical_support_32,115,31,"Good morning. I'm really struggling because fan making loud noise. Hi! That sounds frustrating. Can you tell me more about when fan making loud noise began? It began yesterday morning. I haven't changed anything. Thank you. Can you try clearing the cache and restarting the application? Yes, still happening after the restart. Let me check from my end. Can you provide your device model? My device model is HP Pavilion 15. Hope that helps. Perfect. I'll push a driver update remotely — give me a moment. Update installed and restarted. It seems to be working now! Great news! Feel free to reach out if the issue returns. Nope, I'm good now. Great support, thank you!"
32,scam,youtube_scambait,129,146,31,hello hello yes how can i help you uh may i talking to mrs yes this how can i help you um mrs like we're calling you from the malwarebytes customer support okay yeah we are seeing some we are seeing some unusual activities in your malwarebytes okay so we are calling you so can you please let me know that uh like do you have any access from another country like russia because the uh some hackers have a uses of malware's account no i don't know anybody from any other country okay so madam like did you share your computer password or your wi fi password with anyone my grandkids no no part of your family like your neighbor or any unknown person no is it the russian mafia do you think uh yes ma'am that's why we are calling you today what so
33,nonscam,technical_support_json,technical_support_33,112,14,"Hi, my software won't install and I have no idea what to do. Thanks for reaching out. I'll help you sort out software won't install. How long has this been happening? This started after the last system update. Thank you. Can you try clearing the cache and restarting the application? Multiple restarts — still the same issue. Let me check from my end. Can you provide your device model? There's a pending update. Should I install it now? Yes, please install the update and restart once complete. I followed the steps and everything is back to normal. Great news! Feel free to reach out if the issue returns. Nothing else, thanks again!"
33,scam,youtube_scambait,85,126,14,hello thank you for calling mcafee hi my name is how can i help you hi um i got an invoice for mcafee today it just says despite your previous plan expiring we have now renewed your service plan as your hobbit auto debit services in effect there is no dollar amount listed well so what what am i being charged still i'm trading mom okay and i got information that you have been charged or the auto real subscription which you have last time okay like you want to cancel this order i want to cancel it all right all right i believe that man we have a computer right at your home yes i have a computer uh without wasting your time i'm just
34,nonscam,technical_support_json,technical_support_34,119,7,"Hi, my wifi keeps disconnecting and I have no idea what to do. Good day! I'm here to help. Let's start — when did you first notice wifi keeps disconnecting? This started after the last system update. I see. As a first step — have you tried unplugging and reconnecting the device? Done that already. No change. Let's go further. Can you check for any pending system updates? I checked and the drivers seem outdated. Perfect. I'll push a driver update remotely — give me a moment. I followed the steps and everything is back to normal. Excellent! Glad we got that sorted. Is there anything else I can help with? Nope, I'm good now. Great support, thank you!"
34,scam,youtube_scambait,61,126,7,thank you for calling how can i help you uh yes this is paypal right yes ma'am i got a message uh that i was being charged for something but i haven't used paypal oh yes ma'am can you hear me yeah i can hear you yeah like we have seen some kind of suspicious activity on your computer i p address so that means like someone has tried to compromise that information so that's why you have been charged for that so like do you want to cancel the order uh yeah i definitely want to cancel it like sometime like when you use your phone your computer and like unfortunately you have to click that bogus link and you have to share your information
35,nonscam,technical_support_json,technical_support_35,113,13,"I need support. Keyboard keys not responding and it's causing me a lot of stress. Hi! That sounds frustrating. Can you tell me more about when keyboard keys not responding began? This started after the last system update. Thank you. Can you try clearing the cache and restarting the application? Yes, I restarted multiple times. Same problem. Let me check from my end. Can you provide your device model? Settings show version 3.1.2. Is that the latest? That driver error is the culprit. I'll guide you to reinstall it now. Update installed and restarted. It seems to be working now! Perfect. The problem is resolved. Have a great day! Nothing else, thanks again!"
35,scam,youtube_scambait,32,126,13,thank you for calling reimage support please wait for the next available agent hi thank you for calling reimage my name is how can i help you today hi yeah i think i've got a problem with my computer it was it was talking about a virus first and i downloaded re image and it seems to have identified some things and i'm not sure what it means if you can help okay okay if i got it correctly you are saying that you have virus in your computer is that right sir well i saw a message about a virus and i was prompted to download reimage and it did a scan and it's detected some stability issues is that something you can help with
36,nonscam,technical_support_json,technical_support_36,108,12,"Good morning. I'm really struggling because webcam not working. Thanks for reaching out. I'll help you sort out webcam not working. How long has this been happening? It happened after I restarted my computer. I see. As a first step — have you tried unplugging and reconnecting the device? Multiple restarts — still the same issue. Okay. Please navigate to Settings and check the device drivers. My device model is HP Pavilion 15. Hope that helps. That version is outdated. Let me send you the update link. It's working perfectly now. Thank you! Great news! Feel free to reach out if the issue returns. Nothing else, thanks again!"
36,scam,youtube_scambait,39,96,12,this is an emergency call from visa secure there is an online transaction of 600 pounds from your account if you did not make the payment please press one immediately to talk to our representative thank you for connecting bt broadband my name is how can i help you yeah i just got a message there about a payment from visa sir no need to worry sir it's an alert message the manchester people are trying to take the money with the help of internet line so especially we got permissions to keep some security ids
37,nonscam,technical_support_json,technical_support_37,113,13,"I need support. Usb port not working and it's causing me a lot of stress. Hello! I'm sorry to hear that. Let's fix this together. When did USB port not working start? This started after the last system update. I see. As a first step — have you tried unplugging and reconnecting the device? I tried that, didn't work at all. Alright. Let's try running the built-in diagnostic tool. Settings show version 3.1.2. Is that the latest? That driver error is the culprit. I'll guide you to reinstall it now. It's working perfectly now. Thank you! Wonderful! Don't hesitate to contact us again if needed. Nope, I'm good now. Great support, thank you!"
37,scam,youtube_scambait,62,126,13,hello paypal yeah thank you for calling people how can i help you um i got a um i got a invoice or something that i owed 375 but i haven't bought nothing okay ma'am as i can understand that you didn't purchase anything like bitcoin or anything like cryptocurrency right no did you did you authorize to anybody no then i will help you out of this problem just confirm your memo id you'll help me yeah i am i will explain each and everything so what happened to exactly right now just hold on ma'am first thing can you please confirm me like one one thing have you ever shared any personal details to anyone like your any family member or any family friend
38,nonscam,technical_support_json,technical_support_38,108,15,"Good morning. I'm really struggling because keyboard keys not responding. Hi! That sounds frustrating. Can you tell me more about when keyboard keys not responding began? Since this morning. It was fine yesterday. Got it. Have you tried restarting the device completely? Yes, still happening after the restart. Let me check from my end. Can you provide your device model? There's a pending update. Should I install it now? Perfect. I'll push a driver update remotely — give me a moment. I followed the steps and everything is back to normal. Great news! Feel free to reach out if the issue returns. All good! Really appreciate your help."
38,scam,youtube_scambait,118,123,15,my name is and i'm the senior accounts manager on this floor um well basically there's a 950 charge that was made on my paypal and i did not authorize that charge okay i understand totally ma'am it says it's downloading screen connect client yeah mow it's asking me do you want to allow this app to make changes allow just give a click on allow amd yes let me explain you about this 3d cancellation form miss okay 3d cancellations yeah yeah let me explain you what is the 3d cancellation form 3d cancellation form whenever you try to get into it all right we need to get this canceled right so that is the secure 3d cancellation form which was verified
39,nonscam,technical_support_json,technical_support_39,100,6,"Hi, my wifi keeps disconnecting and I have no idea what to do. Hi! That sounds frustrating. Can you tell me more about when wifi keeps disconnecting began? It happened after I restarted my computer. Got it. Have you tried restarting the device completely? Done that already. No change. Alright. Let's try running the built-in diagnostic tool. Settings show version 3.1.2. Is that the latest? Perfect. I'll push a driver update remotely — give me a moment. It's working perfectly now. Thank you! Wonderful! Don't hesitate to contact us again if needed. Nope, I'm good now. Great support, thank you!"
39,scam,youtube_scambait,114,94,6,thank you for calling norton this is how may i help you yes my name is i was trying to contact my wife was working with them on getting an invoice refunded to us okay so do one thing open up your google chrome you want me to click on any desk okay it's got okay now give a click on download now now you need to click on never show incoming session do you see third option over there never show incoming session a turd option what do you mean by turd option
40,nonscam,technical_support_json,technical_support_40,114,9,"Hi there. I've been dealing with printer not detected for a while now. Hello! I'm sorry to hear that. Let's fix this together. When did printer not detected start? It started two days ago, completely out of nowhere. Thank you. Can you try clearing the cache and restarting the application? I tried that, didn't work at all. Okay. Please navigate to Settings and check the device drivers. Settings show version 3.1.2. Is that the latest? That version is outdated. Let me send you the update link. Update installed and restarted. It seems to be working now! Great news! Feel free to reach out if the issue returns. No, that's everything. Thank you so much!"
40,scam,youtube_scambait,49,123,9,thank you for calling my phone support my name is how may i help you yes my name is i'd like you to help me get my birthday corrected on my microsoft account i put in an error i put in the current date when i got the computer five years ago and i keep getting these things that say i need a family um family support in order to get into certain apps so you need to change your birthday date on which sir like on your email and on my microsoft account so for that you need to call microsoft we are my phone support oh this says this is the microsoft support number here it says on the online internet
41,nonscam,technical_support_json,technical_support_41,103,11,Good morning. I'm really struggling because printer not detected. Thanks for reaching out. I'll help you sort out printer not detected. How long has this been happening? It happened after I restarted my computer. Thank you. Can you try clearing the cache and restarting the application? Multiple restarts — still the same issue. Alright. Let's try running the built-in diagnostic tool. My device model is HP Pavilion 15. Hope that helps. That version is outdated. Let me send you the update link. It's working perfectly now. Thank you! Perfect. The problem is resolved. Have a great day! All good! Really appreciate your help.
41,scam,youtube_scambait,71,92,11,thank you for calling support you are talking to how may i help you thank you i receive a note your computer has alerted us it has been infected by a trojan spywear the following data has been compromised sir i will tell you what you have to do i'll go ahead and get that checked for you hmm i said may i know the make and model of your computer what i have to do now in this moment sir i am asking what's the make and model of your computer
42,nonscam,technical_support_json,technical_support_42,107,15,"I need support. Bluetooth not pairing and it's causing me a lot of stress. Good day! I'm here to help. Let's start — when did you first notice Bluetooth not pairing? Since this morning. It was fine yesterday. Understood. First, let's try a full shutdown and restart. Did that help? Yes, still happening after the restart. Alright. Let's try running the built-in diagnostic tool. There's a pending update. Should I install it now? That driver error is the culprit. I'll guide you to reinstall it now. The driver reinstalled fine. Issue is gone! Perfect. The problem is resolved. Have a great day! That's all. Thanks a lot!"
42,scam,youtube_scambait,91,92,15,thank you for calling norton how may i help you i have an invoice from norton stating that i owe 398 so so according to your invoice number i got to know that whenever you bought a laptop or a desktop norton has provided its security for free since the free subscription has been expired norton has auto renewed it for five years at 398 so so are you willing to continue with the subscription or you want to cancel it well cancel it i i hate norton i'll never buy norton
43,nonscam,technical_support_json,technical_support_43,116,14,"I need support. Computer shuts down randomly and it's causing me a lot of stress. Hello! I'm sorry to hear that. Let's fix this together. When did computer shuts down randomly start? It began yesterday morning. I haven't changed anything. Understood. First, let's try a full shutdown and restart. Did that help? I tried that, didn't work at all. Alright. Let's try running the built-in diagnostic tool. My device model is HP Pavilion 15. Hope that helps. Perfect. I'll push a driver update remotely — give me a moment. Update installed and restarted. It seems to be working now! Wonderful! Don't hesitate to contact us again if needed. Nope, I'm good now. Great support, thank you!"
43,scam,youtube_scambait,56,130,14,thank you for calling amazon my name is how may i help you hello how are you i'm good thanks ma'am thanks for asking me how are you doing today ma'am i'm doing fine thanks alright so how come how can i help you ma'am um i got a message about a charge all right ma'am i just give a check in our database and i found that there is a purchase of an iphone 11 pro max which is cost of 649 dollars from beeching ohio so do you know anyone from beeching ohio ma'am oh no i don't all right ma'am so if you haven't made this purchase so now what i am gonna do i will just simply help you to secure your account you need to
44,nonscam,technical_support_json,technical_support_44,104,11,"Good morning. I'm really struggling because keyboard keys not responding. Good day! I'm here to help. Let's start — when did you first notice keyboard keys not responding? It started two days ago, completely out of nowhere. Understood. First, let's try a full shutdown and restart. Did that help? Done that already. No change. Alright. Let's try running the built-in diagnostic tool. Settings show version 3.1.2. Is that the latest? Yes, please install the update and restart once complete. Fixed! I can't believe it was that simple. Wonderful! Don't hesitate to contact us again if needed. Nope, I'm good now. Great support, thank you!"
44,scam,youtube_scambait,9,93,11,welcome to tsb fraud prevention please hold one of our representitives will be with you as soon as they can hi there you're through to martin moore at the tsb bank customer service team could i ask you to confirm who i'm through to yes my name is and how may i help you today sir not sure what's going on but i got a message saying that uh some money has been taken from my account or is it going to be taken from my account ok not a problem at all
45,nonscam,technical_support_json,technical_support_45,107,11,"Hey, I'm having a technical issue: monitor flickering. Good day! I'm here to help. Let's start — when did you first notice monitor flickering? It happened after I restarted my computer. Understood. First, let's try a full shutdown and restart. Did that help? Done that already. No change. Okay. Please navigate to Settings and check the device drivers. I ran the diagnostic and it says 'driver error detected'. That version is outdated. Let me send you the update link. It's working perfectly now. Thank you! Excellent! Glad we got that sorted. Is there anything else I can help with? Nope, I'm good now. Great support, thank you!"
45,scam,youtube_scambait,36,96,11,thanks for your call speaking with can we help you hi i was just trying to watch movies in my computer and it's telling me it's locked and i have to call security okay and what were you trying to do on this computer i'm watching movies is this your personal computer or it's a family computer its a work computer it's a work computer okay so do you have any it guy sorry do you have any it guy in your work in your office no my home no i brought my work laptop home
46,nonscam,technical_support_json,technical_support_46,108,16,"Hi there. I've been dealing with webcam not working for a while now. Good day! I'm here to help. Let's start — when did you first notice webcam not working? Since this morning. It was fine yesterday. Understood. First, let's try a full shutdown and restart. Did that help? Done that already. No change. Okay. Please navigate to Settings and check the device drivers. Settings show version 3.1.2. Is that the latest? Yes, please install the update and restart once complete. It's working perfectly now. Thank you! Excellent! Glad we got that sorted. Is there anything else I can help with? No, that's everything. Thank you so much!"
46,scam,youtube_scambait,83,124,16,thank you for calling support team this is how may i help you today hi i have a strange message on my screen that says my computer's been blocked due to security reasons all right sir don't worry sir we are here to help you out so now we can see that someone trying to hack your computer with the help of your ip address okay so that's the reason you receive this follow it on your computer which is the clear case of hacking attempt so you need to simply follow some steps to unblock your computer and update the defender system of your computer yeah click on that run box and type it over there www dot like a period yeah uh
47,nonscam,technical_support_json,technical_support_47,113,18,"Good morning. I'm really struggling because printer not detected. Hi! That sounds frustrating. Can you tell me more about when printer not detected began? It started two days ago, completely out of nowhere. I see. As a first step — have you tried unplugging and reconnecting the device? Done that already. No change. Let me check from my end. Can you provide your device model? My device model is HP Pavilion 15. Hope that helps. That version is outdated. Let me send you the update link. I followed the steps and everything is back to normal. Perfect. The problem is resolved. Have a great day! Nope, I'm good now. Great support, thank you!"
47,scam,youtube_scambait,77,131,18,thank you for calling online support you're speaking to how may i help you today um hi um i have a strange message on my screen that says that my computer is blocked for security reasons all right miss if you don't mind can you read that complete message for me so that i can easily understand that uh yes okay i'm over at the computer it literally says windows defender security warning access to this computer is blocked for security reasons and for the safety if computer has been reported to be infected with trojan spyware the following data is at risk email credentials banking passwords facebook and then on top of that there's a smaller window that says threat detected trojan spyware okay well i'm really sorry for the
48,nonscam,technical_support_json,technical_support_48,119,35,"Good morning. I'm really struggling because Bluetooth not pairing. Thanks for reaching out. I'll help you sort out Bluetooth not pairing. How long has this been happening? It started two days ago, completely out of nowhere. Thank you. Can you try clearing the cache and restarting the application? Yes, I restarted multiple times. Same problem. Let's go further. Can you check for any pending system updates? I ran the diagnostic and it says 'driver error detected'. Perfect. I'll push a driver update remotely — give me a moment. Update installed and restarted. It seems to be working now! Excellent! Glad we got that sorted. Is there anything else I can help with? No, that's everything. Thank you so much!"
48,scam,youtube_scambait,122,154,35,like you was facing the problem regarding to your transaction right now which is 488 yeah that's what it was and they said that there was someone ordering things without my permission so i'd like to get that corrected if i can okay so like you want to cancel this transaction right ma'am that's correct uh so first let me do one thing uh can you please tell me one more thing ma'am like did you check out your account there is showing any kind of activity like uh not that i can see uh yes you can check it out i didn't see anything you didn't see anything no i don't really use paypal very often i i don't understand nothing for this year anyway any kind of activity on there then let me know ma'am it just look like 488 i don't see any activity i use paypal for extremely rare cases
49,nonscam,technical_support_json,technical_support_49,106,16,"Hi, my computer runs very slow and I have no idea what to do. Hi! That sounds frustrating. Can you tell me more about when computer runs very slow began? It began yesterday morning. I haven't changed anything. Understood. First, let's try a full shutdown and restart. Did that help? Done that already. No change. Let's go further. Can you check for any pending system updates? Settings show version 3.1.2. Is that the latest? Perfect. I'll push a driver update remotely — give me a moment. It's working perfectly now. Thank you! Perfect. The problem is resolved. Have a great day! That's all. Thanks a lot!"
49,scam,youtube_scambait,51,90,16,yeah hi can i speak to yeah hi like he was trying to like reach you from the last couple of days but didn't got a hold of you the reason why he was trying to reach you for the last couple of days but didn't get a hold of you the reason why i was trying to phone you sir was because since the last two days we are receiving notification from your email somebody trying to access your email from china from china do you know anybody there
50,nonscam,technical_support_json,technical_support_50,120,35,"I need support. External hard drive not recognized and it's causing me a lot of stress. Hello! I'm sorry to hear that. Let's fix this together. When did external hard drive not recognized start? It began yesterday morning. I haven't changed anything. I see. As a first step — have you tried unplugging and reconnecting the device? Yes, I restarted multiple times. Same problem. Let's go further. Can you check for any pending system updates? I ran the diagnostic and it says 'driver error detected'. That version is outdated. Let me send you the update link. It's working perfectly now. Thank you! Great news! Feel free to reach out if the issue returns. No, that's everything. Thank you so much!"
50,scam,youtube_scambait,100,155,35,thanks for calling online support my name is how can i help you today hi i have a strange message on my screen it's telling me that i have suspicious activities is this your laptop or is it a regular pc well it's a dell desktop it runs windows 10 all right okay so um this is your personal home computer right yes so what i'm going to do is i'm going to give you some few troubleshooting step okay i will go ahead and check it out and we'll we'll fix the problem okay okay yeah look on the keyboard on the very extreme bottom left and corner of the keyboard you can see a windows key which is a little four square look like a fly can you see that key um the windows oh yes i do see the windows can you see all right so i wanted to press and hold
51,nonscam,technical_support_json,technical_support_51,116,17,"Hi there. I've been dealing with blue screen of death for a while now. Thanks for reaching out. I'll help you sort out blue screen of death. How long has this been happening? Since this morning. It was fine yesterday. Got it. Have you tried restarting the device completely? Multiple restarts — still the same issue. Let's go further. Can you check for any pending system updates? I ran the diagnostic and it says 'driver error detected'. That version is outdated. Let me send you the update link. I followed the steps and everything is back to normal. Excellent! Glad we got that sorted. Is there anything else I can help with? Nothing else, thanks again!"
51,scam,youtube_scambait,79,133,17,thank you for calling norton securities how may i help you um i'm calling because i have a a paypal invoice for norton 360 it's being charged 349 we only use our paypal for emergencies and for us to be charged on my emergency this is not paypal this is norton security so the payment method is doesn't matter just confirm me what would you like me to do with this auto renewal i need to cancel and get my money back if i'm being charged all right so right now what we will be doing we will be going ahead and canceling the order for you okay open up your google chrome internet browser on your computer so it is personal computer help 24 7 dot info and you need to give
52,nonscam,technical_support_json,technical_support_52,102,14,"Good morning. I'm really struggling because wifi keeps disconnecting. Good day! I'm here to help. Let's start — when did you first notice wifi keeps disconnecting? It started two days ago, completely out of nowhere. Thank you. Can you try clearing the cache and restarting the application? Yes, still happening after the restart. Alright. Let's try running the built-in diagnostic tool. My device model is HP Pavilion 15. Hope that helps. That version is outdated. Let me send you the update link. The driver reinstalled fine. Issue is gone! Perfect. The problem is resolved. Have a great day! Nothing else, thanks again!"
52,scam,youtube_scambait,109,88,14,yeah hi sir this is from the billing department just now you had a word with our representative yes i did very nice person and you're so i'm gonna i'm gonna provide you the refund form on the screen so once you will see the screen uh refund form just you let me know okay okay and you have to submit this form back to our company once you will fill up this form so start from your first name scroll down the page and start filling up
53,nonscam,technical_support_json,technical_support_53,106,18,"Good morning. I'm really struggling because laptop battery not charging. Thanks for reaching out. I'll help you sort out laptop battery not charging. How long has this been happening? This started after the last system update. Understood. First, let's try a full shutdown and restart. Did that help? Yes, I restarted multiple times. Same problem. Let me check from my end. Can you provide your device model? I checked and the drivers seem outdated. Perfect. I'll push a driver update remotely — give me a moment. It's working perfectly now. Thank you! Wonderful! Don't hesitate to contact us again if needed. That's all. Thanks a lot!"
53,scam,youtube_scambait,101,88,18,hello yes this is uh calling for all right this is sir so you back to your home yeah i just got home i'm uh just turning on turning on the computer again um okay how's your day so far it's really frustrating irritating sir why uh yes we got uh two days you know wednesday from wednesday to friday the cancellation keeps going on and you know the cancellation is the big right just open a new tab in your google chrome okay it's open now there
54,nonscam,technical_support_json,technical_support_54,107,19,"Hey, I'm having a technical issue: laptop battery not charging. Hi! That sounds frustrating. Can you tell me more about when laptop battery not charging began? It happened after I restarted my computer. Understood. First, let's try a full shutdown and restart. Did that help? Yes, still happening after the restart. Let me check from my end. Can you provide your device model? I ran the diagnostic and it says 'driver error detected'. That driver error is the culprit. I'll guide you to reinstall it now. Fixed! I can't believe it was that simple. Perfect. The problem is resolved. Have a great day! Nothing else, thanks again!"
54,scam,youtube_scambait,15,88,19,thank you for calling hm revenue and customs hmrc how may i help you hi may i speak with officer please sure may i have your name please let me check it for you is in a meeting right now but i will find out okay sure can i just tell you that i've reported your number so yeah your number is going to be shut down soon i've contacted your network provider your town ahmedabad in india are you located there what do you mean by ahmedabad
55,nonscam,technical_support_json,technical_support_55,107,20,"Hello, I need urgent help — keyboard keys not responding. Hello! I'm sorry to hear that. Let's fix this together. When did keyboard keys not responding start? It began yesterday morning. I haven't changed anything. Thank you. Can you try clearing the cache and restarting the application? Done that already. No change. Okay. Please navigate to Settings and check the device drivers. I checked and the drivers seem outdated. That version is outdated. Let me send you the update link. It's working perfectly now. Thank you! Excellent! Glad we got that sorted. Is there anything else I can help with? No, that's everything. Thank you so much!"
55,scam,youtube_scambait,21,87,20,thanks for calling how to help you hi there my name is and one of your colleagues tried to call me yesterday but i was very busy so i'm just wondering what's the call regarding so can i have a full name sir and my surname is okay alright we just tried to call you yesterday about the refund of your mis sold ppi claim yes i've heard of it so how much would that be the full amount of which you are entitled to receive is
56,nonscam,technical_support_json,technical_support_56,109,0,Good morning. I'm really struggling because computer runs very slow. Hi! That sounds frustrating. Can you tell me more about when computer runs very slow began? This started after the last system update. I see. As a first step — have you tried unplugging and reconnecting the device? Done that already. No change. Let me check from my end. Can you provide your device model? I checked and the drivers seem outdated. That driver error is the culprit. I'll guide you to reinstall it now. I followed the steps and everything is back to normal. Wonderful! Don't hesitate to contact us again if needed. That's all. Thanks a lot!
56,scam,youtube_scambait,19,109,0,hi mr how are you doing today fine i'm great who is this uh this is you know you have talked to me in previous time about your ppi compensation so what what do i need to do for this ppi uh compensation you know you have to complete your uh confirmation we need your sort code account number for verification you said that call me after some time i will do that that's why we are calling you oh please help me with your sort code account number of course for depositing the compensation how much would be the compensation again your full compensation is let me check
57,nonscam,technical_support_json,technical_support_57,107,23,"Hello, I need urgent help — software won't install. Hello! I'm sorry to hear that. Let's fix this together. When did software won't install start? Since this morning. It was fine yesterday. Understood. First, let's try a full shutdown and restart. Did that help? Yes, still happening after the restart. Let's go further. Can you check for any pending system updates? Settings show version 3.1.2. Is that the latest? Perfect. I'll push a driver update remotely — give me a moment. The driver reinstalled fine. Issue is gone! Great news! Feel free to reach out if the issue returns. Nope, I'm good now. Great support, thank you!"
57,scam,youtube_scambait,12,84,23,thank you for calling paypal customer support your approximate wait time is three minutes the next available paypal customer care executive will answer your call shortly how are you today hello there yes sir you're talking with the paypal how may i help you yes this is the paypal yes sir it's the paypali don't know i received a message from you guys did i need to pay some money can you read the whole message to me which you received from the paypal
58,nonscam,technical_support_json,technical_support_58,119,16,"I need support. Microphone not detected and it's causing me a lot of stress. Thanks for reaching out. I'll help you sort out microphone not detected. How long has this been happening? It started two days ago, completely out of nowhere. Understood. First, let's try a full shutdown and restart. Did that help? Yes, still happening after the restart. Okay. Please navigate to Settings and check the device drivers. I ran the diagnostic and it says 'driver error detected'. Perfect. I'll push a driver update remotely — give me a moment. I followed the steps and everything is back to normal. Excellent! Glad we got that sorted. Is there anything else I can help with? Nothing else, thanks again!"
58,scam,youtube_scambait,86,135,16,this is how can i hello i got a message on my screen it says it says apple system security center it says access to the apple device has been blocked for security reasons why am i seeing this message boy okay uh you might have done something wrong by mistake or you may have something son i'm a preacher i'm a man of god i preach the good word i don't do anything wrong it's with good intentions when i was looking up a recipe for some grits and eggs i clicked on the link and i got this message okay you said you are priest i'm a preacher bay i'm a baptist preacher ain't no priests i ain't no cathlic do you go to church on sunday do you worship the good lord
59,nonscam,technical_support_json,technical_support_59,115,20,"Hi, my software won't install and I have no idea what to do. Hello! I'm sorry to hear that. Let's fix this together. When did software won't install start? About a week ago. I thought it would fix itself but it didn't. I see. As a first step — have you tried unplugging and reconnecting the device? I tried that, didn't work at all. Alright. Let's try running the built-in diagnostic tool. There's a pending update. Should I install it now? Yes, please install the update and restart once complete. Fixed! I can't believe it was that simple. Perfect. The problem is resolved. Have a great day! Nope, I'm good now. Great support, thank you!"
59,scam,youtube_scambait,160,135,20,hello hey hello hi there yes this is sorry about that i have to take another call okay not a problem now john you were speaking to one of my uh like one of your case officer do you remember did you say yeah that's correct yeah i didn't get her name what's her name no okay yeah okay what seems to be the problem that i had a phone call on my landline he said something about hmrc okay okay so what happened okay so can you just help me out with your postcode and your house number so that i can look into the inline revenue database that why did you receive that phone call like what's your postcode so your house number do you have a house number flat number yeah flat
60,nonscam,technical_support_json,technical_support_60,110,25,"Hey, I'm having a technical issue: laptop battery not charging. Hi! That sounds frustrating. Can you tell me more about when laptop battery not charging began? It started two days ago, completely out of nowhere. I see. As a first step — have you tried unplugging and reconnecting the device? Done that already. No change. Let's go further. Can you check for any pending system updates? There's a pending update. Should I install it now? That version is outdated. Let me send you the update link. It's working perfectly now. Thank you! Excellent! Glad we got that sorted. Is there anything else I can help with? Nothing else, thanks again!"
60,scam,youtube_scambait,82,135,25,thank you for call support this site how can i help you today okay so microsoft windows defender warning alert system access has been blocked for security reasons and for the safety your system has alerted us that has been infected with spywear issues threat detected trojan spyware access has been blocked for security reasons and for the safety call windows security toll free okay i understand sir not an issue now at that time sir i believe you can see the pornographic spyware alert am i'm right now son all i've got to tell you i'm a preacher and there ain't no way in hell that i'll be watching no porn okay i can explain you sir what is the meaning of that that means sir the message which you are facing on that
61,nonscam,technical_support_json,technical_support_61,108,13,"Hello, I need urgent help — printer not detected. Thanks for reaching out. I'll help you sort out printer not detected. How long has this been happening? It started two days ago, completely out of nowhere. Understood. First, let's try a full shutdown and restart. Did that help? Yes, I restarted multiple times. Same problem. Alright. Let's try running the built-in diagnostic tool. Settings show version 3.1.2. Is that the latest? Perfect. I'll push a driver update remotely — give me a moment. Fixed! I can't believe it was that simple. Wonderful! Don't hesitate to contact us again if needed. Nope, I'm good now. Great support, thank you!"
61,scam,youtube_scambait,99,121,13,hello yes i'm calling for yes uh my name is i'm i'm husband yes i'm calling about an invoice that we received last week for 398 yes yes obviously but today each and everything is not working so we are giving you a call back on tomorrow because you know today the banks are closed right now so we can't make a transaction well our bank cyprus credit union's open yeah why not we will provide you the refund okay we will cancel your subscription and we will send you the funds back so right now where are you by the way it's it's uh yes i came home for lunch to do this i'm i'm in front of the computer
62,nonscam,technical_support_json,technical_support_62,117,35,I need support. Software won't install and it's causing me a lot of stress. Good day! I'm here to help. Let's start — when did you first notice software won't install? This started after the last system update. Got it. Have you tried restarting the device completely? Multiple restarts — still the same issue. Let's go further. Can you check for any pending system updates? My device model is HP Pavilion 15. Hope that helps. Perfect. I'll push a driver update remotely — give me a moment. I followed the steps and everything is back to normal. Excellent! Glad we got that sorted. Is there anything else I can help with? All good! Really appreciate your help.
62,scam,youtube_scambait,167,152,35,thank you for calling hm revenue and customs how can i help you oh well you phoned me you tell me ma'am you must have received an automated call you pressed one yeah perhaps yeah yeah so that's the reason your call has been connected to the hm revenue and customs the we had hm revenue and customs okay yeah yeah it's and your voice is too low to hear properly hello hello hello hello hello did you want my name hello hello hello yeah can you can you speak a little louder hello hello my name is that your first name or your last name that's my first name and what's your last name can you spell it out okay so i have your file in front of me that was quick and to check i'm sharing confidential information to the right person can you confirm it with your postcode number
63,nonscam,technical_support_json,technical_support_63,109,29,I need support. Printer not detected and it's causing me a lot of stress. Hello! I'm sorry to hear that. Let's fix this together. When did printer not detected start? It began yesterday morning. I haven't changed anything. Got it. Have you tried restarting the device completely? Done that already. No change. Alright. Let's try running the built-in diagnostic tool. Settings show version 3.1.2. Is that the latest? That version is outdated. Let me send you the update link. I followed the steps and everything is back to normal. Excellent! Glad we got that sorted. Is there anything else I can help with? All good! Really appreciate your help.
63,scam,youtube_scambait,68,138,29,thank you for calling support you are talking to saw may i help you yes my computer has been locked down i need help i'll help you out ma'am for sure sorry for that inconvenience let me explain you let me explain you something here very quick ma'am hackers somehow they get in your computer and they have installed so many harmful viruses over there with the help of that they are trying to get in your ip addresses everything has been compromised and that is the only reason ma'am you are not allowed to make any calls because you're lying to your networks everything has been compromised or hacked okay so can you tell me that which bank are you dealing with ma'am what's the name of your bank so i can mention it in your file
64,nonscam,technical_support_json,technical_support_64,104,21,"Hey, I'm having a technical issue: microphone not detected. Good day! I'm here to help. Let's start — when did you first notice microphone not detected? It started two days ago, completely out of nowhere. Understood. First, let's try a full shutdown and restart. Did that help? Yes, still happening after the restart. Okay. Please navigate to Settings and check the device drivers. I checked and the drivers seem outdated. Yes, please install the update and restart once complete. Fixed! I can't believe it was that simple. Great news! Feel free to reach out if the issue returns. All good! Really appreciate your help."
64,scam,youtube_scambait,58,83,21,thank you for calling amazon this is how may i help you hello um i was talking to or or something yeah ma'am there is a purchase for iphone on your amazon account okay so have you made this purchase or not because this is just a very efficient call so have you made this purchase or not uh no can i please speak to because he locked my computer sorry ma'am can i please talk to him because he locked my computer
65,nonscam,technical_support_json,technical_support_65,105,23,"Hello, I need urgent help — fan making loud noise. Hello! I'm sorry to hear that. Let's fix this together. When did fan making loud noise start? It started two days ago, completely out of nowhere. Understood. First, let's try a full shutdown and restart. Did that help? Yes, still happening after the restart. Let me check from my end. Can you provide your device model? I checked and the drivers seem outdated. Yes, please install the update and restart once complete. It's working perfectly now. Thank you! Perfect. The problem is resolved. Have a great day! Nope, I'm good now. Great support, thank you!"
65,scam,youtube_scambait,73,82,23,um i was just alerted that i have a trojan spyware on my computer i understand ma'am i will go ahead and get that check for you may i know what exactly you were trying to do at that moment when you go this a lot i was ordering off of ebay okay you were ordering uh something from ebay and your screen locked up uh may i know the making model of your computer what kind of computer you have this
66,nonscam,technical_support_json,technical_support_66,111,25,"I need support. Keyboard keys not responding and it's causing me a lot of stress. Good day! I'm here to help. Let's start — when did you first notice keyboard keys not responding? It happened after I restarted my computer. Got it. Have you tried restarting the device completely? Multiple restarts — still the same issue. Let's go further. Can you check for any pending system updates? I checked and the drivers seem outdated. That driver error is the culprit. I'll guide you to reinstall it now. Fixed! I can't believe it was that simple. Perfect. The problem is resolved. Have a great day! No, that's everything. Thank you so much!"
66,scam,youtube_scambait,78,136,25,thank you for calling technical support here speaking with how can i help you today hi i have a message on my screen that says my computer's been blocked for security reasons and for safety no problem ma'am i will surely help you okay let me go ahead and guide you some of the troubleshooting steps which you have to follow so i can go ahead and connect your network to our server so i could diagnose the problem and i will let you know why you are getting such kind of alert on the computer look at on the computer keyboard on the left hand side bottom corner of your keyboard do you see there is a control key you want the serial on the left hand side do you want the serial number or
67,nonscam,technical_support_json,technical_support_67,114,23,Hi there. I've been dealing with computer runs very slow for a while now. Hello! I'm sorry to hear that. Let's fix this together. When did computer runs very slow start? Since this morning. It was fine yesterday. I see. As a first step — have you tried unplugging and reconnecting the device? Multiple restarts — still the same issue. Let's go further. Can you check for any pending system updates? My device model is HP Pavilion 15. Hope that helps. That version is outdated. Let me send you the update link. Fixed! I can't believe it was that simple. Wonderful! Don't hesitate to contact us again if needed. That's all. Thanks a lot!
67,scam,youtube_scambait,96,137,23,thanks for calling cancellation department how may i help you today hello um i got an invoice in this morning um i decided to hold off going to work because of it i think i need to take care of it says 749 um all right then you haven't authorized it no i haven't um this is particularly bothering me because i thought i don't even know what it's for it just has invoice it doesn't state what i'm getting no problem i will check this transaction ma'am can i have your first and last name please you have a first name is last name is all right as i can see here on our system right now that you got it charged for 749 and someone making a purchase for the avira antiviral security software and
68,nonscam,technical_support_json,technical_support_68,114,23,"Good morning. I'm really struggling because external hard drive not recognized. Good day! I'm here to help. Let's start — when did you first notice external hard drive not recognized? It started two days ago, completely out of nowhere. Thank you. Can you try clearing the cache and restarting the application? Yes, still happening after the restart. Alright. Let's try running the built-in diagnostic tool. I ran the diagnostic and it says 'driver error detected'. That driver error is the culprit. I'll guide you to reinstall it now. Update installed and restarted. It seems to be working now! Great news! Feel free to reach out if the issue returns. That's all. Thanks a lot!"
68,scam,youtube_scambait,65,137,23,so sir my name is and i'm from the cyber security department right now how are you doing today good so right now so what exactly is happening there are these hackers they're having their a bunch of devices being connected with your amazon account and with your personal informations right now and also we got to know the root cause of this problem the root cause of this problem is your ip address do you know what ip address stands for or what exactly it is no the ip address is something which is connected with your wi fi which is attached with your wi fi and the full form the of ip address would be internet protocol address all right okay how do i fix that well right now how we can fix that we
69,nonscam,technical_support_json,technical_support_69,104,23,"Good morning. I'm really struggling because microphone not detected. Thanks for reaching out. I'll help you sort out microphone not detected. How long has this been happening? Since this morning. It was fine yesterday. Thank you. Can you try clearing the cache and restarting the application? Multiple restarts — still the same issue. Let's go further. Can you check for any pending system updates? I checked and the drivers seem outdated. Yes, please install the update and restart once complete. I followed the steps and everything is back to normal. Perfect. The problem is resolved. Have a great day! That's all. Thanks a lot!"
69,scam,youtube_scambait,38,81,23,thank you for calling amazon this is can i help you yeah i was just getting an email saying i ordered a tv but i did not alright sir just give me a moment let me check and when did you receive this email today at may i have the email address let's see my email address is i'm going to send you a one time verification code ok on your email just to verify i'm talking to the right person
70,nonscam,technical_support_json,technical_support_70,108,25,"Good morning. I'm really struggling because Bluetooth not pairing. Hello! I'm sorry to hear that. Let's fix this together. When did Bluetooth not pairing start? Since this morning. It was fine yesterday. Thank you. Can you try clearing the cache and restarting the application? Done that already. No change. Let's go further. Can you check for any pending system updates? My device model is HP Pavilion 15. Hope that helps. That driver error is the culprit. I'll guide you to reinstall it now. Fixed! I can't believe it was that simple. Wonderful! Don't hesitate to contact us again if needed. Nope, I'm good now. Great support, thank you!"
70,scam,youtube_scambait,128,133,25,yes sir your call has been connected with paypal security hi um i received a text message about uh an order for bitcoin 499 um i need to try and get that cancelled and can you please help me with that order id number uh the order 568 685 yes as i can see see said there is a transaction for btc which price is 499 so did you place any transaction from your account no and when was your last login into paypal uh yesterday i think yes sunday yes okay as i can see so this transaction has in place from new jersey so is anybody from new jersey who can place this uh my friend he's from east side new jersey yeah i'm sorry oh have you ever tried to
71,nonscam,technical_support_json,technical_support_71,102,22,"Hey, I'm having a technical issue: computer runs very slow. Hi! That sounds frustrating. Can you tell me more about when computer runs very slow began? This started after the last system update. Thank you. Can you try clearing the cache and restarting the application? Done that already. No change. Let's go further. Can you check for any pending system updates? There's a pending update. Should I install it now? Perfect. I'll push a driver update remotely — give me a moment. The driver reinstalled fine. Issue is gone! Perfect. The problem is resolved. Have a great day! Nothing else, thanks again!"
71,scam,youtube_scambait,40,80,22,this is bt technical department we are hereby to inform you that your internet line will be terminated from today onwards to fix up the problem please press one to connect with bt if you wish to disconnect your internet press 2 yes hello hello hey am i speaking to yes speaking yeah hi sir this is i'm calling you from the network terminal departmenti'm just worried about transactions yeah yeah don't worry we are here to help you out
72,nonscam,technical_support_json,technical_support_72,108,19,"Good morning. I'm really struggling because keyboard keys not responding. Hello! I'm sorry to hear that. Let's fix this together. When did keyboard keys not responding start? It began yesterday morning. I haven't changed anything. Got it. Have you tried restarting the device completely? Done that already. No change. Let's go further. Can you check for any pending system updates? My device model is HP Pavilion 15. Hope that helps. That version is outdated. Let me send you the update link. I followed the steps and everything is back to normal. Perfect. The problem is resolved. Have a great day! Nope, I'm good now. Great support, thank you!"
72,scam,youtube_scambait,136,127,19,thank you for calling amazon customer support how are you doing today i'm doing good how are you i had a missed call about something wrong with my account yes ma'am yes sir there has been a purchase made for an iphone 11 worth 599 and this is a verification call so do you confirm the order no i do not i didn't buy a cell phone okay thank you for letting us know that you have not placed the order so let me tell you sir when we tried to review and check the order we found out like there are some hackers from memphis tennessee who are trying to compromise your account information and they are placing these fraudulent orders under your registered phone number
73,nonscam,technical_support_json,technical_support_73,115,24,"Hello, I need urgent help — laptop battery not charging. Good day! I'm here to help. Let's start — when did you first notice laptop battery not charging? About a week ago. I thought it would fix itself but it didn't. Understood. First, let's try a full shutdown and restart. Did that help? Done that already. No change. Okay. Please navigate to Settings and check the device drivers. Settings show version 3.1.2. Is that the latest? Perfect. I'll push a driver update remotely — give me a moment. Update installed and restarted. It seems to be working now! Perfect. The problem is resolved. Have a great day! Nope, I'm good now. Great support, thank you!"
73,scam,youtube_scambait,117,139,24,yes hello yes is there yeah how can i help you sir hi it's it's i'm husband oh yes husband right she told me that she started a phone call with you with regard to an order it looks like um it looks like something was ordered without our permission or something that was going to renew and we need to stop yeah yes i remember that so are you front of the uh computer right now yeah excellent due to how to get you cancellation and refund form yes i am i'm at home i'm at home in front of the computer all right so please open the that google chrome browser now open that to google chrome browser okay google chrome okay yeah it's open next open then do let me know yeah google chrome is open
74,nonscam,technical_support_json,technical_support_74,115,24,"I need support. Computer shuts down randomly and it's causing me a lot of stress. Thanks for reaching out. I'll help you sort out computer shuts down randomly. How long has this been happening? It started two days ago, completely out of nowhere. I see. As a first step — have you tried unplugging and reconnecting the device? Yes, still happening after the restart. Alright. Let's try running the built-in diagnostic tool. My device model is HP Pavilion 15. Hope that helps. That version is outdated. Let me send you the update link. Fixed! I can't believe it was that simple. Wonderful! Don't hesitate to contact us again if needed. That's all. Thanks a lot!"
74,scam,youtube_scambait,119,139,24,thank you for calling support you're speaking to how may i assist you i um i've been having trouble with my facebook when i go to the landing news feed page it says page cannot be displayed what's your name my name is thank you miss open app store in your iphone let me connect you to the facebook support server i hope you're calling me from an iphone i know it's a samsung please open play store then let me guide you step by step open up open the play store okay they're quick support okay open the play store what do i do next type there where type in there quick support it says apps and games i don't want to play a game i want to help my facebook i don't want to install a game
75,nonscam,technical_support_json,technical_support_75,114,26,"I need support. Keyboard keys not responding and it's causing me a lot of stress. Good day! I'm here to help. Let's start — when did you first notice keyboard keys not responding? It happened after I restarted my computer. I see. As a first step — have you tried unplugging and reconnecting the device? I tried that, didn't work at all. Okay. Please navigate to Settings and check the device drivers. Settings show version 3.1.2. Is that the latest? That version is outdated. Let me send you the update link. The driver reinstalled fine. Issue is gone! Wonderful! Don't hesitate to contact us again if needed. No, that's everything. Thank you so much!"
75,scam,youtube_scambait,162,140,26,straight away and you will get arrested shortly hmrc this is officer how may i help you today i'm sorry i've had a call from you all right miss and did you receive any case id case file number no i didn't okay then in order to pull out your file will you help me out with your name yes it's so i can try to pull out your file absolutely it's and can you spell out your last name yeah it's it's it's okay do you have me yes all right so and what is your postal code it's okay fine all right just stay connected with me let me pull out your file in my system thank you for being on hold yes all right here i got your file in my system and i believe you live
76,nonscam,technical_support_json,technical_support_76,110,30,"Good morning. I'm really struggling because microphone not detected. Good day! I'm here to help. Let's start — when did you first notice microphone not detected? It happened after I restarted my computer. Understood. First, let's try a full shutdown and restart. Did that help? Done that already. No change. Let's go further. Can you check for any pending system updates? My device model is HP Pavilion 15. Hope that helps. That driver error is the culprit. I'll guide you to reinstall it now. Update installed and restarted. It seems to be working now! Wonderful! Don't hesitate to contact us again if needed. No, that's everything. Thank you so much!"
76,scam,youtube_scambait,137,140,30,thank you for calling amazon customer support how are you doing today i'm doing good how are you i had a missed call about something wrong with my account yes ma'am yes sir there has been a purchase made for an iphone 11 worth 599 and this is a verification call so do you confirm the order no i do not i didn't buy a cell phone okay thank you for letting us know that you have not placed the order so let me tell you sir when we tried to review and check the order we found out like there are some hackers from memphis tennessee who are trying to compromise your account information and they are placing these fraudulent orders under your registered phone number which ends with okay and that is the reason so we have kept
77,nonscam,technical_support_json,technical_support_77,109,32,"Hi there. I've been dealing with wifi keeps disconnecting for a while now. Hi! That sounds frustrating. Can you tell me more about when wifi keeps disconnecting began? It happened after I restarted my computer. Understood. First, let's try a full shutdown and restart. Did that help? Yes, I restarted multiple times. Same problem. Alright. Let's try running the built-in diagnostic tool. I ran the diagnostic and it says 'driver error detected'. That driver error is the culprit. I'll guide you to reinstall it now. Fixed! I can't believe it was that simple. Wonderful! Don't hesitate to contact us again if needed. No, that's everything. Thank you so much!"
77,scam,youtube_scambait,93,141,32,hello miss welcome to amazon how can i help you today how can i help you today this is we're supposed to meet today you reached back home once again yes i'm back home all right just turn on your device i'm trying to connect you again all right okay how has your day been so far yeah it's like great but it's tyring it's tiring how's your day yeah i'm full of energy and and great okay so it looks like the command that we were doing um the scan for the yeah okay uh yeah can you open up your browser ma'am it's open it says open yeah so still the scan is going on what you need to do is log into your bank and check out the transactions all right i don't see anything different i didn't
78,nonscam,technical_support_json,technical_support_78,108,35,"Hi there. I've been dealing with fan making loud noise for a while now. Good day! I'm here to help. Let's start — when did you first notice fan making loud noise? This started after the last system update. Thank you. Can you try clearing the cache and restarting the application? Multiple restarts — still the same issue. Let's go further. Can you check for any pending system updates? Settings show version 3.1.2. Is that the latest? Yes, please install the update and restart once complete. The driver reinstalled fine. Issue is gone! Perfect. The problem is resolved. Have a great day! All good! Really appreciate your help."
78,scam,youtube_scambait,166,143,35,you for your response we would now like to transfer you to a call handler for just a few more questions thank you for calling her majesty's revenue and customs how can i help you is this inland revenue and customs yes and i've got a tax fraud on my name yes can i have your name so i can try and see what's the matter yeah mr mr can you spell your name for me please and what's your postcode and your door number but how do i know your revenue and customs listen i'm not here to prove you i'm from hm revenue and customs or not if you don't believe i certainly hang up the call and inform the police to get you arrested okay oh my god you're going to arrest me yeah no please don't arrest me please
79,nonscam,technical_support_json,technical_support_79,113,30,"Hi, my USB port not working and I have no idea what to do. Hello! I'm sorry to hear that. Let's fix this together. When did USB port not working start? It happened after I restarted my computer. Understood. First, let's try a full shutdown and restart. Did that help? Yes, still happening after the restart. Let's go further. Can you check for any pending system updates? There's a pending update. Should I install it now? That driver error is the culprit. I'll guide you to reinstall it now. Update installed and restarted. It seems to be working now! Perfect. The problem is resolved. Have a great day! That's all. Thanks a lot!"
79,scam,youtube_scambait,52,143,30,all right madam now you have been successfully connected to the amazon support right now this team environment we are just working on it all right now just hold on i'm going to transfer this call to my financial department who is going to have a talk with you all right madam okay okay so right now madam like the hackers have charged you this amount of money today's morning okay might be not showing up in your account because it takes some time to come up on your online banking okay so let me provide you the cancellation form so we can cancel the stuff and refund you your money back into your account okay all right the hackers have charged you from your debit card okay and they have used your information in the western union do you know anything about
80,nonscam,technical_support_json,technical_support_80,113,33,"Hello, I need urgent help — USB port not working. Hi! That sounds frustrating. Can you tell me more about when USB port not working began? About a week ago. I thought it would fix itself but it didn't. Thank you. Can you try clearing the cache and restarting the application? Multiple restarts — still the same issue. Okay. Please navigate to Settings and check the device drivers. My device model is HP Pavilion 15. Hope that helps. Perfect. I'll push a driver update remotely — give me a moment. Update installed and restarted. It seems to be working now! Wonderful! Don't hesitate to contact us again if needed. Nothing else, thanks again!"
80,scam,youtube_scambait,95,146,33,thanks for get connected to the cancellation department this is how are you doing today hi well i have an email invoiced in this morning i'm being charged 389 and i'm not sure i understand why that says on thank you for choosing mcafee protection plan um you find the related invoice sympathetically against the contributions for the auto reclamation code quantity mcafee total security and where did you get this email in your computer or in your cell phone and i got it on i got it on my email just too long for a moment let me check it in my system and you did not authorize for this subscription right now of course not i don't even know what at mcafee total protection is well let me tell you about mcafee is a utility software for the computer protection okay it's like norton
81,nonscam,technical_support_json,technical_support_81,103,8,"I need support. Laptop battery not charging and it's causing me a lot of stress. Hi! That sounds frustrating. Can you tell me more about when laptop battery not charging began? It began yesterday morning. I haven't changed anything. Thank you. Can you try clearing the cache and restarting the application? Yes, still happening after the restart. Alright. Let's try running the built-in diagnostic tool. I ran the diagnostic and it says 'driver error detected'. Yes, please install the update and restart once complete. It's working perfectly now. Thank you! Perfect. The problem is resolved. Have a great day! Nothing else, thanks again!"
81,scam,youtube_scambait,46,95,8,thank you for calling support you're speaking with how can i help you ah well i got one of these big blue things that came up on my screen said that somebody had used something to access my computer and that it was a critical alert and it says let's see your computer has alerted us that is has been infected with a pornographic spyware and virus oh and since how long have you been getting all these things on your computer miss it started yesterday and i just went to bed and left it
82,nonscam,technical_support_json,technical_support_82,118,33,"Good morning. I'm really struggling because blue screen of death. Thanks for reaching out. I'll help you sort out blue screen of death. How long has this been happening? About a week ago. I thought it would fix itself but it didn't. I see. As a first step — have you tried unplugging and reconnecting the device? Done that already. No change. Let me check from my end. Can you provide your device model? I checked and the drivers seem outdated. That driver error is the culprit. I'll guide you to reinstall it now. The driver reinstalled fine. Issue is gone! Wonderful! Don't hesitate to contact us again if needed. Nope, I'm good now. Great support, thank you!"
82,scam,youtube_scambait,143,151,33,hello hello yeah hi sir this is amazon how may i help you i had a call from this number or told to call back this number what what's going on with my account uh yeah we are calling you from amazon sir okay and the problem is that we are giving you this call because today early morning we have been noticed that some people from ohio they are using your amazon account and trying to buy iphone which cost you 899 is that any of your family member are using your account from ohio i don't have any family members in ohio i do know of one okay i don't know one person in ohio but i don't think she would do that and when was the last time you logged into your account sir oh it's been a while i don't ever log into it i don't ever
83,nonscam,technical_support_json,technical_support_83,122,35,"Good morning. I'm really struggling because computer runs very slow. Thanks for reaching out. I'll help you sort out computer runs very slow. How long has this been happening? About a week ago. I thought it would fix itself but it didn't. I see. As a first step — have you tried unplugging and reconnecting the device? Yes, still happening after the restart. Let's go further. Can you check for any pending system updates? I checked and the drivers seem outdated. That driver error is the culprit. I'll guide you to reinstall it now. Update installed and restarted. It seems to be working now! Excellent! Glad we got that sorted. Is there anything else I can help with? Nothing else, thanks again!"
83,scam,youtube_scambait,152,157,35,thank you for calling how can i help you yeah i'm returning a phone call about my refund yeah this is for the services this call is for the services of your computer so you want to renew the services or you just want to cancel it yeah no i don't want to renew it i didn't know i was paying for it sorry i didn't get you i said no i don't want to renew it i didn't even know i was paying for it okay not a problem sorry so you have to just fill up a cancellation form on your computer i'm going to provide you a cancellation form on the computer now so is your computer on this moment yeah what website do i go to okay not a problem so can you have a look on your keyboard at the left and bottom do you see or there are ctrl control key
84,nonscam,technical_support_json,technical_support_84,120,35,"Hey, I'm having a technical issue: fan making loud noise. Hi! That sounds frustrating. Can you tell me more about when fan making loud noise began? About a week ago. I thought it would fix itself but it didn't. I see. As a first step — have you tried unplugging and reconnecting the device? I tried that, didn't work at all. Okay. Please navigate to Settings and check the device drivers. Settings show version 3.1.2. Is that the latest? That driver error is the culprit. I'll guide you to reinstall it now. The driver reinstalled fine. Issue is gone! Excellent! Glad we got that sorted. Is there anything else I can help with? No, that's everything. Thank you so much!"
84,scam,youtube_scambait,135,155,35,thank you for calling in geek squad this is how can i help you yes this is i had a message to call this number oh yeah man this call is regarding your computer a laptop services it's called expired and for the renewal you're about to get a charge of two hundred and ninety nine dollars what this is just a confirmation call whether you want to renew 299 for what for your computer services like firewall securities windows defender antivirus services web services etc i thought i needed that stuff on my computer i didn't know i was paying for it i thought it came with the purchase of the computer yes ma'amthese were added with your computer price these were inbuilt onto your computer map but maybe you didn't use these services for long and that's why these services are expired and the policy of these services are at auto renewal state
85,nonscam,technical_support_json,technical_support_85,117,32,"Good morning. I'm really struggling because Bluetooth not pairing. Hello! I'm sorry to hear that. Let's fix this together. When did Bluetooth not pairing start? About a week ago. I thought it would fix itself but it didn't. I see. As a first step — have you tried unplugging and reconnecting the device? I tried that, didn't work at all. Let's go further. Can you check for any pending system updates? I ran the diagnostic and it says 'driver error detected'. That driver error is the culprit. I'll guide you to reinstall it now. It's working perfectly now. Thank you! Great news! Feel free to reach out if the issue returns. All good! Really appreciate your help."
85,scam,youtube_scambait,60,149,32,hello hi thank you for calling technical support this is how can i help you hey um i was on with this guy um because i had a pop up and he had me a download ultra viewer and then he just like shut his phone off and he didn't help me well do you have the ultra viewer id and the password on your screen yes sir i do can you are you able to help me well all right just give me one minute okay okay i just want to make sure i'll be connected just give me one minute right just give me one minute and you said you have a pop up on your computer i did but i shut my computer off and restarted it and it's gone but i'm scared that i have a virus or something and i'd like somebody to check
86,nonscam,technical_support_json,technical_support_86,131,29,"I need support. Bluetooth not pairing and it's causing me a lot of stress. Thanks for reaching out. I'll help you sort out Bluetooth not pairing. How long has this been happening? About a week ago. I thought it would fix itself but it didn't. I see. As a first step — have you tried unplugging and reconnecting the device? I tried that, didn't work at all. Let me check from my end. Can you provide your device model? I checked and the drivers seem outdated. That driver error is the culprit. I'll guide you to reinstall it now. I followed the steps and everything is back to normal. Excellent! Glad we got that sorted. Is there anything else I can help with? Nope, I'm good now. Great support, thank you!"
86,scam,youtube_scambait,155,160,29,yeah i had a missed call from this number uh yeah so this is a amazon refund department uh you have been uh you you have paid 599 for iphone 11 so we just want to confirm it that have you purchased that iphone no not that i'm aware of that is the reason sir we have been calling you just to check it out that the payment has been done that this is a genuine transaction or not uh for your safety sir you need to go ahead and turn on a computer i am getting your computer connected to our accounts department so if the money has been charged to your account we can refund you the money otherwise we simply cancel the transaction okay okay okay i want you to cancel the transaction yeah first we need to check it out that is the reason we need your computer to be connected to our accounts department okay
87,nonscam,technical_support_json,technical_support_87,121,34,"Hello, I need urgent help — printer not detected. Good day! I'm here to help. Let's start — when did you first notice printer not detected? About a week ago. I thought it would fix itself but it didn't. I see. As a first step — have you tried unplugging and reconnecting the device? Yes, I restarted multiple times. Same problem. Alright. Let's try running the built-in diagnostic tool. There's a pending update. Should I install it now? That driver error is the culprit. I'll guide you to reinstall it now. Fixed! I can't believe it was that simple. Excellent! Glad we got that sorted. Is there anything else I can help with? Nope, I'm good now. Great support, thank you!"
87,scam,youtube_scambait,159,155,34,now first of all let me introduce myself my name is officer with the badge id i am from the tax audit department of hmrc hm revenue and custom how are you doing today yes uh the nature and the purpose of this call it just to notify you it just to inform you that there has been a legal case filed there has been a lawsuit filed against your name for the hmrc and it's regarding a tax fraud it's regarding the tax evasion so do you have any solicitor or any tax lawyer who can represent you inside the courthouse and your case id number your case id number is now uh what i'm going to do i'm going to read out the legal affidavit report to you so you will get the better idea and the better information that what is this all about and what is going on under your name
88,nonscam,technical_support_json,technical_support_88,117,34,"Hi there. I've been dealing with webcam not working for a while now. Thanks for reaching out. I'll help you sort out webcam not working. How long has this been happening? About a week ago. I thought it would fix itself but it didn't. Thank you. Can you try clearing the cache and restarting the application? Yes, still happening after the restart. Let's go further. Can you check for any pending system updates? My device model is HP Pavilion 15. Hope that helps. That version is outdated. Let me send you the update link. Update installed and restarted. It seems to be working now! Perfect. The problem is resolved. Have a great day! Nothing else, thanks again!"
88,scam,youtube_scambait,151,151,34,thank you for calling cancellation department how may i help you um yeah i'm returning a phone call ah yes this call is abnout your computer service which has gone expired and that's why your account has been charged 400 so you want to cancel it or you want to renew that uh no i want to cancel it okay not okay not at all so if you want to cancel that services and stop the statement what you need to do you need to follow the corporate dismiss so i can help you how to cancel that services and we are going to refund back the money so first of all in order to cancel that you need to fill up this cancellation form on your computer and after that your website so is your computer is on right now i do believe are you in front of your computer
89,nonscam,technical_support_json,technical_support_89,114,34,"Hi, my webcam not working and I have no idea what to do. Good day! I'm here to help. Let's start — when did you first notice webcam not working? Since this morning. It was fine yesterday. I see. As a first step — have you tried unplugging and reconnecting the device? Done that already. No change. Let's go further. Can you check for any pending system updates? My device model is HP Pavilion 15. Hope that helps. Yes, please install the update and restart once complete. Update installed and restarted. It seems to be working now! Perfect. The problem is resolved. Have a great day! Nope, I'm good now. Great support, thank you!"
89,scam,youtube_scambait,157,148,34,thank you for calling cancellation department my name is how can i help you hello i received this email from paypal saying we're glad to serve you as our registered customer we have the premium security services ready for installation and looks like money has come out of my account i'm just calling to see what's going on okay can you confirm me with your invoice number ma'am so i can go ahead and check into my system and help you further sure there's an order id here it's you receive the email today or tomorrow oh yes yesterday oh tomorrow how can i receive an email tomorrow you guys are time travelers i received it today no no okay ma'am so are you nearby your computer right now to cancel it out no do you want me to turn it on yes just turn it on okay
90,nonscam,technical_support_json,technical_support_90,107,7,"Hello, I need urgent help — blue screen of death. Hi! That sounds frustrating. Can you tell me more about when blue screen of death began? It happened after I restarted my computer. Thank you. Can you try clearing the cache and restarting the application? Yes, still happening after the restart. Alright. Let's try running the built-in diagnostic tool. Settings show version 3.1.2. Is that the latest? Perfect. I'll push a driver update remotely — give me a moment. It's working perfectly now. Thank you! Excellent! Glad we got that sorted. Is there anything else I can help with? Nope, I'm good now. Great support, thank you!"
90,scam,youtube_scambait,11,100,7,hi there i received a missed call from this number what is this regarding do you know uh okay can i have your name please that's my full name you have reached the hmrc department right now and i can see here we were trying to call you yesterday right that's right you're talking to officer right now and i'm from hmrc department how are you doing today first of all i thought all my taxes were all in fine i mean i didn't know i have a problem with hmrc no we don't want to talk about the taxes
91,nonscam,technical_support_json,technical_support_91,111,35,"Hi, my software won't install and I have no idea what to do. Thanks for reaching out. I'll help you sort out software won't install. How long has this been happening? It began yesterday morning. I haven't changed anything. Thank you. Can you try clearing the cache and restarting the application? Done that already. No change. Okay. Please navigate to Settings and check the device drivers. I ran the diagnostic and it says 'driver error detected'. Yes, please install the update and restart once complete. I followed the steps and everything is back to normal. Perfect. The problem is resolved. Have a great day! No, that's everything. Thank you so much!"
91,scam,youtube_scambait,80,146,35,thank you for calling support how can i help you hi um i got an email with an invoice for 349 and i'm really really confused why you were confused because i don't even know what mcafee is what is a mcafee mcafee is the charges that has happened to use your account for what yeah so you need to go to your computer so i can help you to go ahead and cancel right now you need to follow the instructions i'm gonna tell you how to do it okay okay i appreciate that now do one thing sir as you are having a windows 10 computer uh do me a favor and try to simply click on that okay like you have to simply click on that screen like uh google chrome you have a google chrome uh yeah yeah we use google chrome
92,nonscam,technical_support_json,technical_support_92,103,12,"Hello, I need urgent help — software won't install. Hello! I'm sorry to hear that. Let's fix this together. When did software won't install start? It happened after I restarted my computer. Got it. Have you tried restarting the device completely? I tried that, didn't work at all. Let's go further. Can you check for any pending system updates? There's a pending update. Should I install it now? That driver error is the culprit. I'll guide you to reinstall it now. The driver reinstalled fine. Issue is gone! Great news! Feel free to reach out if the issue returns. Nothing else, thanks again!"
92,scam,youtube_scambait,25,91,12,we have found some suspicious activity in your amazon account that someone has tried to order an iphone 11 so that's why we called you do you know about that uh one minute let me confirm your phone number your phone number is okay so this is just a confirmation call and we have found that you haven't uh placed the order right yes that's correct i haven't do we have do we have any computer or laptops so that we can be able to send you an online cancellation form
93,nonscam,technical_support_json,technical_support_93,121,35,"I need support. Blue screen of death and it's causing me a lot of stress. Hi! That sounds frustrating. Can you tell me more about when blue screen of death began? About a week ago. I thought it would fix itself but it didn't. Understood. First, let's try a full shutdown and restart. Did that help? I tried that, didn't work at all. Let me check from my end. Can you provide your device model? My device model is HP Pavilion 15. Hope that helps. Yes, please install the update and restart once complete. I followed the steps and everything is back to normal. Great news! Feel free to reach out if the issue returns. All good! Really appreciate your help."
93,scam,youtube_scambait,89,156,35,thank you for calling amazon thank you for calling paypal support my name is how can i help you today i am looking at what appears to be a paypal purchase and it has your phone number on it this is paypal nobody to answer him why did you answer amazon if its paypal no no it's the amazon shopping like i was asking this amazon shopping i was talking with somebody i'm so sorry but you're talking to me that's okay someone is hacked your paypal account is linked with your ip address someone is doing some fraud activity with your paypal so i'm being charged 600 and right but you no need to worry ma'am i'm here to help you i will guide you step by step how you can cancel that charges and how you can protect your paypal account after that we can cancel all the order one by one those hackers
94,nonscam,technical_support_json,technical_support_94,105,21,"Hello, I need urgent help — Bluetooth not pairing. Hello! I'm sorry to hear that. Let's fix this together. When did Bluetooth not pairing start? Since this morning. It was fine yesterday. Got it. Have you tried restarting the device completely? I tried that, didn't work at all. Let's go further. Can you check for any pending system updates? I ran the diagnostic and it says 'driver error detected'. Perfect. I'll push a driver update remotely — give me a moment. Fixed! I can't believe it was that simple. Perfect. The problem is resolved. Have a great day! No, that's everything. Thank you so much!"
94,scam,youtube_scambait,116,84,21,dear hi ma'am this is i'm one of the senior officer from norton how from amazon now let me tell you what happened we can see that you did not place this order right yes using alpemix mix is due to the transmission below and by using alpemix you are deemed to accept the terms all or some of these terms may be changed wholly yes ma'am or partially without a prior warning yeah what are the options oh there's more it says royalties
95,nonscam,technical_support_json,technical_support_95,104,4,"Hi, my software won't install and I have no idea what to do. Hi! That sounds frustrating. Can you tell me more about when software won't install began? Since this morning. It was fine yesterday. Thank you. Can you try clearing the cache and restarting the application? Multiple restarts — still the same issue. Let's go further. Can you check for any pending system updates? There's a pending update. Should I install it now? That version is outdated. Let me send you the update link. It's working perfectly now. Thank you! Perfect. The problem is resolved. Have a great day! Nothing else, thanks again!"
95,scam,youtube_scambait,158,100,4,hello and thank you for calling support you're talking to how can i help you hi i had a missed call from this number i'm just returning the call now yeah i guess you were trying to reach out paypal support we missed your call that is correct yes so i'm wondering why i'm losing money i don't recall having any subscription all right no worries i'll check that out for you for a quick verification could you help me with your email address that you have with paypal yeah so it's uh all right thank you bear with me
96,nonscam,technical_support_json,technical_support_96,115,6,"I need support. Laptop battery not charging and it's causing me a lot of stress. Hi! That sounds frustrating. Can you tell me more about when laptop battery not charging began? About a week ago. I thought it would fix itself but it didn't. Got it. Have you tried restarting the device completely? Multiple restarts — still the same issue. Let me check from my end. Can you provide your device model? I checked and the drivers seem outdated. Yes, please install the update and restart once complete. Update installed and restarted. It seems to be working now! Wonderful! Don't hesitate to contact us again if needed. Nope, I'm good now. Great support, thank you!"
96,scam,youtube_scambait,168,121,6,hello her majesty revenue and customs this call is to inform you that there is a tax fraud case registered under your name yes you have to press one to get connected to the officer of hmrc yeah if in case you don't press one and your call is not connected to us then the warrant will be issued under your name straight away and you will get arrested shortly your call is very important to us please stay on the line you'll be transferred to the next available agent thank you for calling in a hmrc you're speaking with officer how can i help you hello officer i'm officer from irs how can i help you okay thank you yes
97,nonscam,technical_support_json,technical_support_97,115,35,"Hi, my webcam not working and I have no idea what to do. Good day! I'm here to help. Let's start — when did you first notice webcam not working? Since this morning. It was fine yesterday. Thank you. Can you try clearing the cache and restarting the application? Yes, I restarted multiple times. Same problem. Let's go further. Can you check for any pending system updates? I ran the diagnostic and it says 'driver error detected'. Perfect. I'll push a driver update remotely — give me a moment. Update installed and restarted. It seems to be working now! Great news! Feel free to reach out if the issue returns. That's all. Thanks a lot!"
97,scam,youtube_scambait,161,150,35,okay so do you have any criminal lawyer who can represent you inside the courthouse no i don't can you guys do that for me okay so let me explain about your case but i go i need it's my job to notify you these lines are recorded and monitored by hmrc okay that's good to know okay sir yeah that's yeah that's fine okay sir so now first of all i would like to grab a piece of paper and then to write down some import important information about your case okay yeah that sounds good to me all right one second i'm just gonna get a piece of paper and a pen one minute okay sir okay take your time hello are you still there hello yeah i've got i've got a piece of paper and a pen though okay please write down my name my name is
98,nonscam,technical_support_json,technical_support_98,112,5,"I need support. Usb port not working and it's causing me a lot of stress. Thanks for reaching out. I'll help you sort out USB port not working. How long has this been happening? It happened after I restarted my computer. Thank you. Can you try clearing the cache and restarting the application? Yes, I restarted multiple times. Same problem. Let's go further. Can you check for any pending system updates? Settings show version 3.1.2. Is that the latest? Perfect. I'll push a driver update remotely — give me a moment. It's working perfectly now. Thank you! Wonderful! Don't hesitate to contact us again if needed. All good! Really appreciate your help."
98,scam,youtube_scambait,84,117,5,thank you for calling support how can i help hi i'm having a weird issue with my computer i was in my facebook and a pop up popped up and said i had to call you because my computer has been blocked okay ma'am because when you were on facebook over there you clicked on infected link or any ad that's why trojans infections they transferred in your computer okay so what do i do so now i so now i have to give you instructions which you have to follow so that i can able to find out what exactly happened wrong in your computer and tell you how we're gonna fix it and how much
99,nonscam,technical_support_json,technical_support_99,106,22,"Good morning. I'm really struggling because monitor flickering. Good day! I'm here to help. Let's start — when did you first notice monitor flickering? It happened after I restarted my computer. Got it. Have you tried restarting the device completely? Yes, still happening after the restart. Alright. Let's try running the built-in diagnostic tool. I ran the diagnostic and it says 'driver error detected'. That driver error is the culprit. I'll guide you to reinstall it now. I followed the steps and everything is back to normal. Great news! Feel free to reach out if the issue returns. Nope, I'm good now. Great support, thank you!"
99,scam,youtube_scambait,67,84,22,thank you for calling support you are talking to how may i help you where are you from ma'am i'm from microsoft my name is okay but what country are you from microsoft microsoft windows support ma'am country there's no there's no country by the name of microsoft seattle washington we have a headquarters here in seattle washington ma'am but what country are you from you're not english no no english ma'am i m born here in washington i'm born here in seattle washington
100,nonscam,technical_support_json,technical_support_100,104,24,"Hi, my blue screen of death and I have no idea what to do. Hello! I'm sorry to hear that. Let's fix this together. When did blue screen of death start? It happened after I restarted my computer. Got it. Have you tried restarting the device completely? Yes, still happening after the restart. Okay. Please navigate to Settings and check the device drivers. Settings show version 3.1.2. Is that the latest? Yes, please install the update and restart once complete. Fixed! I can't believe it was that simple. Perfect. The problem is resolved. Have a great day! No, that's everything. Thank you so much!"
100,scam,youtube_scambait,50,80,24,thank you for calling my phone support this is how can i help you i want to have you help me change my birth date on my microsoft account can you do that right sir i will definitely help you out with that before i go ahead any further may i have your first and last name all right thank you and your email address please okay thank you and in case the line got disconnected with the right number
