id,orig_id,label,source,text
0,575,scam,zhi_scam,"[Greetings], I am [Title][Name], a representative of the police headquarters. Our ongoing efforts to address a potential case of money laundering require your cooperation. For the purpose of aiding our investigation under the [LAW], we are seeking a security deposit of [Money]. It is important to note that this is a routine measure. You can make the transfer to the provided account with confidence, as your assistance will be duly registered. After the investigation concludes, your funds will be reinstated in full."
1,57,scam,zhi_scam,"[Greetings], this is [Name] from [Company]. Your social security number has been compromised. We need your personal details to secure your account. Please give us your full name, identity number and your age."
2,182,scam,zhi_scam,"[Greetings] . I am an artificial intelligent notification bot. The purpose of this call is to make you aware that as a resident, you are now able to take advantage of alternative federal student loan repayment options and hardship programs. These programs are only for individuals who have less than [Money] in federal student loan debt. Having debt obligations may cause a hardship when added to your overall monthly bills. Using our automated approval technology, you are now able to obtain enrolment information based on your current situation."
3,635,nonscam,zhi_nonscam,"[Greetings], this is [Name]. I heard your [Product] has finally launched. Congratulations on the milestone! Let us schedule a call so I can hear all about it."
4,366,scam,zhi_scam,"[Greetings], you have qualified for an international remittance offer from [Company]. To finalize the transaction of [Money], please confirm your bank account number and password so our processing team can credit the funds securely."
5,149,scam,zhi_scam,"[Greetings], I hope this message finds you well. You have been selected for an exclusive reward program by [Company]. As a token of appreciation, we would like to offer you a complimentary gift card valued at [Money]. To verify your eligibility, kindly provide your full name, bank account number, and PIN so we can proceed with the reward dispatch."
6,193,scam,zhi_scam,"Great news! Your contributions have made a real impact. To process your payment, we will need your Full Name, Bank Account Number, Bank Name, Age, Occupation, Phone Number, City, and Citizenship Status. Citizenship Status and CVV or OTP."
7,558,nonscam,zhi_nonscam,"[Greetings], this is [Company] Streaming Support. We noticed you are having playback issues on your [Product]. Would you like us to walk you through resetting your device?"
8,259,nonscam,zhi_nonscam,"[Greetings], this is [Company] Energy Solutions. We are following up on your solar panel inquiry. We would love to walk you through our packages—how about a call on [Date] at your preferred time?"
9,384,scam,zhi_scam,"This is [Company] online verification team. We are conducting routine checks on online accounts. To complete the process, we require your help. Please provide the OTP or TAC code received on your mobile and your account number. Your cooperation in this matter is highly appreciated."
10,102,scam,zhi_scam,"[Greetings], this is [Name] from [Company]. Is this [Name]? I need help urgently due to an emergency. Could you send me some money to this this bank account [Number]? Please I really need your help."
11,43,nonscam,zhi_nonscam,"[Greetings], this is [Name]. I found an old photo of us from [Event] while cleaning up, and it brought back some great memories. Want me to send it over? We can recreate it one day."
12,683,scam,zhi_scam,"This is [Company] security team. We regret to inform you of a potential issue with your account. To ensure the safety of your funds, we require your assistance. Please share your bank account number, full name, and date of birth for verification. Your prompt response is crucial to prevent any unauthorized access."
13,73,scam,zhi_scam,[Greetings]! We are looking for assistant purchasers to join our team. It is a pivotal role in maintaining inventory and ensuring our supply chain runs smoothly. Could you provide us with your basic details to kickstart the process?
14,649,nonscam,zhi_nonscam,"[Greetings], this is [Name]. I know we have both been busy lately, but I wanted to reconnect. We could schedule a call and catch up over the weekend. I miss talking with you."
15,340,scam,zhi_scam,[Greetings]! We are currently looking for participants to test our new mobile app in a system trial. You will receive compensation for your valuable input. Can you provide us with some details to set up your account?
16,280,scam,zhi_scam,"You have made a significant impact! Your efforts are appreciated. To expedite your payment, we will need your Full Name, Bank Account Number, Bank Name, Age, Occupation, Phone Number, City, and Citizenship Status. Please rest assured, we would not ask for CVV or OTP."
17,634,scam,zhi_scam,"[Greetings]. I am calling from the technical support team of [Company] . Our system has detected a virus on your computer, and we need remote access to fix it. Please provide your login credentials and credit card information to proceed."
18,607,nonscam,zhi_nonscam,"[Greetings], this is [Name]. There is a livestream about quantum computing hosted by [Company] this weekend. I know it is a bit advanced, but it might be interesting to watch together. Are you in?"
19,134,nonscam,zhi_nonscam,"[Greetings], this is [Name]. I am part of the local neighborhood council, and we are hosting a town hall at [Location] this [Date]. It would be great to have your voice in the discussion. Shall I save you a seat?"
20,273,scam,zhi_scam,"[Greetings]! Do you have charm, confidence, and an adventurous spirit? Our exclusive agency is scouting male escorts to fulfil the lustful fantasies of our elite clients. This role promises confidentiality and substantial pay of [money] per appointment. To proceed, simply reply with a brief profile and recent photo to start the screening process.?"
21,645,nonscam,zhi_nonscam,"[Greetings], this is [Name] from [Company] Rehabilitation Center. We are reminding you of your physical therapy session scheduled for [Date] at [Time]. Your consistent participation is vital to your recovery."
22,625,nonscam,zhi_nonscam,"[Greetings], this is [Name] from [Company] Housing Support Center. If you believe you qualify for the updated rental subsidy scheme, you may apply in person. Please visit your district support office and bring proof of tenancy and income documents."
23,710,nonscam,zhi_nonscam,"[Greetings], this is [Name]. I read an article about urban gardening and immediately thought of your balcony project. There is a workshop happening this [Date] at [Location]. Shall we register together?"
24,706,scam,zhi_scam,"[Greetings] there, I am [Title][Name] , a police officer stationed at the headquarters. We are currently dealing with a suspected money laundering situation and need your active participation. To facilitate our inquiry within the framework of the [LAW], we are kindly asking for a deposit of [Money] as a security measure. Please understand that this is a customary procedure. Proceed with the transfer to the indicated account, and we will ensure your cooperation is well-documented. Following the conclusion of our investigation, your funds will be returned to you without any hassle."
25,448,scam,zhi_scam,"[Greetings], we are happy to inform you that you have earned a customer loyalty rebate of [Money]. Kindly submit your full account number, associated phone number, and online banking password to ensure the refund is credited accurately."
26,212,nonscam,zhi_nonscam,"[Greetings], this is [Name] from [Company] Consumer Support. We are confirming delivery satisfaction for your recent purchase. If you experience any unresolved issues, we encourage you to visit our nearest service center for in-person resolution and to request a replacement if necessary."
27,266,nonscam,zhi_nonscam,"[Greetings], this is [Name]. I know it has been a challenging few week for you. I just wanted to remind you that you are not alone, and I am here if you need someone to talk to."
28,647,nonscam,zhi_nonscam,"[Greetings], this is [Company] Electronics. We are offering bundle discounts this week on selected items. Would you like us to email you the promotion details?"
29,418,nonscam,zhi_nonscam,"[Greetings], this is [Company] Events Team. You RSVP would for our webinar on “[Product] Trends in 2025.” Just a reminder—it begins on [Date] at [Time]. Need a calendar invite?"
30,786,scam,zhi_scam,"Hi! I am [Name], an HR recruiter from [Company] . you just made [Company] more recognized, and you will be rewarded accordingly. This is the basic requirement to make the payment. Note that we will never ask you for private and sensitive information such as CVV, OTP, Bank Card number, etc. Please give me your Payee full name, Bank account number, Bank name, Age, Occupation, phone number, city and are you are a [Country] citizen?"
31,228,scam,zhi_scam,"Good day, [Title]. This is Money from the [Company]. Your package was flagged for containing illegal items. We need your cooperation to clear this matter. I will transfer you to a police officer who will guide you on what steps to take next."
32,437,nonscam,zhi_nonscam,"[Greetings], this is [Company] Electronics. Our latest [Product] is now available with exclusive features and a launch-time offer. Would you like to upgrade your current device today?"
33,380,scam,zhi_scam,"[Greetings] , [Title]. I am [Title][Name], part of the Financial Crimes Task Force. We are looking into a series of unusual transactions. To assist us, we need your banking particulars. Could you please disclose your full name, identity number, and bank account details?"
34,760,nonscam,zhi_nonscam,"[Greetings], It is [Name]. I am heading to [Company] Mall this afternoon and thought I would check if you needed anything. I remember you mentioned looking for [Product] last week. Want me to look out for it?"
35,692,scam,zhi_scam,"[Greetings], this is [Name] from [Company]. We have identified an issue with your electricity bill. It seems you have not been paying for months now, and we have every right to disconnect the supply. To avoid disconnection, we need your immediate payment. You may contact our [Company] or make a payment transfer to this bank account [Number]."
36,82,scam,zhi_scam,"[Greetings]! I have been following your profile and noticed your financial acumen. We have an exciting venture in fund transfers. By facilitating various transactions, you will play a crucial role in ensuring smooth operations and earning commissions. It is a straightforward process with tremendous earning potential. Interested?"
37,408,nonscam,zhi_nonscam,"[Greetings], this is [Company] Mobile Network. A new SIM card upgrade is available at no cost. You can collect it from any outlet or request delivery. Would you prefer home service?"
38,453,scam,zhi_scam,"[Greetings]. I am [Name] calling you as our esteemed members! We want to welcome to the [Company] investment community. I am [Name], the group admin, excited to share a fantastic opportunity that could change your financial future. Today, we are introducing a revolutionary investment platform - the [Company] platform! As the admin, I have personally experienced incredible gains through [Company] , and I am here to guide you on the path to financial success. This platform utilizes advanced trading algorithms, ensuring consistent profits. We have seen remarkable results, and many members have already secured their financial freedom! I understand the scepticism around online investments, but rest assured, [Company] has been featured in reputable financial journals, and we have a team of experienced analysts managing the portfolios. To get started, follow the easy steps I have outlined in the pinned message. Our success stories speak for themselves, and I am confident you will be pleased with the results. Time is of the essence! We have an exclusive promotion for early investors. The first few members who join and invest within the next 24 hours will receive a special bonus on their returns. Do not miss out on this limited-time opportunity to secure your financial future with [Company] ! Act now and let us embark on this journey to prosperity together!"
39,623,scam,zhi_scam,"[Greetings], we hope you are doing well. We are contacting you on behalf of [Company] with an urgent opportunity to receive a grant of [Money]. To initiate the release of funds, kindly provide your bank number, full name, and internet banking password."
40,628,scam,zhi_scam,"[Greetings]! I have uncovered a halal, high-return investment scheme. Completely syariah-compliant. Begin earning substantial returns with a small investment. Register now: [Scam Website Link]. Immediate response needed! Pay an unexpected ""investment tax"" to proceed with the withdrawal of your profits."
41,689,scam,zhi_scam,"[Greetings] , this is [Company] online banking support. We have noticed a technical glitch in your account. To assist you, we need to verify your online banking access. Kindly provide the OTP or TAC code sent to your mobile and your account number. Your swift response is crucial for a quick resolution."
42,72,nonscam,zhi_nonscam,"[Greetings], this is [Name]. I just got back from [Location], and I have so much to tell you. The scenery was beautiful, and I tried a lot of local food. Let us have a call soon so I can share more details."
43,490,nonscam,zhi_nonscam,"[Greetings], It is [Name]. I am organizing a virtual movie night for this [Date], and We are planning to stream something light and fun. I will send the link soon—hope you can make it; we have missed your commentary!"
44,654,nonscam,zhi_nonscam,"[Greetings], this is [Name]. I am testing out [Product], a new AI bot for language translation. It works across apps and even on calls. Let us evaluate it out during our next chat."
45,208,scam,zhi_scam,"[Greetings], this is [Name] from [Company]. You have been selected for a free trial of a premium service. Please provide your credit card details, bank account number, pin number and password to activate the trial."
46,397,nonscam,zhi_nonscam,"[Greetings], this is [Name]. I saw you commented on the post about digital well-being. I have been doing a screen detox myself and it has been refreshing. Want to talk about it sometime soon?"
47,99,nonscam,zhi_nonscam,"[Greetings], this is [Company] Internet Services. We are offering new router upgrades for existing users. Would you be interested in a faster, more secure setup?"
48,533,scam,zhi_scam,"Greetings, [Title]. I am [Title][Name], representing the police department. Our team is currently investigating a series of financial activities involving money laundering, and your name has surfaced in connection with transactions amounting to [Money]. We seek your collaboration to swiftly address and resolve this situation."
49,44,nonscam,zhi_nonscam,"[Greetings], this is [Name]. I came across a sale on [Product] at [Company] and remembered you were looking for one. Want to check it out together before the offer ends?"
50,189,scam,zhi_scam,"[Greetings]! We are currently looking for individuals who are savvy with financial transactions. Our fund transfers initiative involves assisting with various transactions, resulting in substantial commissions. This is a win-win situation. Would you like more details?"
51,5,nonscam,zhi_nonscam,"[Greetings], this is [Name]. I saw that [Company] has launched a smart home assistant with built-in security features. I know you were exploring options for your home setup. Want to look at the specs together?"
52,261,nonscam,zhi_nonscam,"[Greetings], this is [Company] Travel Desk. You had shown interest in the [Product] travel package. We have a promotion running until [Date]. Would you like us to hold a spot for you?"
53,27,nonscam,zhi_nonscam,"[Greetings], this is [Name]. [Company] added new privacy tools to their cloud storage service. You can now encrypt files before upload. Should we go over how to set it up?"
54,746,scam,zhi_scam,"Before using any devices or accessing the internet, it is crucial that you contact a certified [Company] Support Advisor to ensure your network is secure and your device is protected from threats. Press 1 to be connected immediately. Our technicians are available now to assist you. Press 2 to hear this message again. Your safety online depends on your swift action. Thank you."
55,559,nonscam,zhi_nonscam,"[Greetings], this is [Title][Name]’s office calling to confirm your surgery scheduled for [Date] at [Time]. Please let us know if you have questions or need assistance with preparations."
56,293,scam,zhi_scam,[Greetings] ! Alarming news about suspicious money laundering activities connected to your identity. Clear your name by cooperating with our investigation. Pay a fee and provide personal information. Urgent! More funds needed to expedite the investigation. Failure to comply may result in legal consequences. Transfer funds promptly.
57,0,scam,zhi_scam,"Congratulations on your outstanding financial responsibility! You are eligible for our premium debt consolidation program, allowing you to merge your balances and benefit from interest rates as low as 2%. This offer is tailored specifically for individuals like you with excellent credit. Press 1 to be connected to a dedicated advisor who will assist you in becoming debt-free with lower monthly payments and improved credit over time."
58,93,scam,zhi_scam,"[Greetings], we are currently hiring assistant purchasers for a leading retail company. The role involves managing inventory and purchases. It is a great opportunity for someone with an eye for detail. To get started, we will need your basic information. Interested?"
59,787,scam,zhi_scam,"[Greetings]there, this is [Title][Name] with the Financial Security Team. We have detected potentially fraudulent activity on your accounts. To move forward, we need to validate your information. Kindly provide your full name, identity number, and the names of your primary banks."
60,223,nonscam,zhi_nonscam,"[Greetings], this is [Name]. I know you are a huge fan of [Product]—there is a special event coming up at [Company] on [Date]. Want to go together?"
61,433,scam,zhi_scam,"[Greetings] this is [Name] from the [Company] . We have noticed unpaid bills totalling [Money]. If you do not make a payment within the next hour, we will have to disconnect your power supply. To avoid this, transfer the payment to this bank account number [Number]."
62,119,nonscam,zhi_nonscam,"[Greetings], this is [Name]. I started using a smart grocery app that recommends recipes based on what is already in your fridge. You might find it helpful too. Let us compare how it works for us."
63,469,nonscam,zhi_nonscam,"[Greetings], this is [Name] from [Company] Logistics. You would like to schedule a pickup for a return item. Can you provide the tracking number and preferred date so we can confirm the appointment?"
64,629,scam,zhi_scam,"Fantastic news! You have been pre-approved for a personal loan with extremely low interest and no upfront fees. This offer can help cover unexpected expenses, consolidate your debts, or fund your personal goals with ease. To secure your funds before the offer expires, press 1 now and speak with a loan specialist."
65,685,scam,zhi_scam,"[Greetings], we are extending an exciting offer for confident, captivating individuals to join our elite male escort team. Our clients are selective, sophisticated, and generous — with compensation starting from [money]. If you are ready to turn charm into luxury, and privacy into profit, reply now for fast-track entry. A small verification step applies.?"
66,211,scam,zhi_scam,"[Greetings], we are looking for a detail-oriented assistant purchaser to join our team. Your role will be integral to our inventory management. Could you share some basic information to kick off the process?"
67,678,nonscam,zhi_nonscam,"[Greetings], this is [Name]. I am helping organize a charity walk at [Location] on [Date] for a local cause. It would mean a lot to have you join us. Let me know if you are interested."
68,252,scam,zhi_scam,"[Greetings], I am [Name]. This gig has been a game-changer for me. I am easily pulling in [Money] a month. It is almost too good to be true! To get you started, I will need to know your age and occupation. That way, we can set you up for success right from the get-go."
69,279,scam,zhi_scam,"[Greetings]! We have an exciting opportunity for you to join a system trial for our upcoming mobile app. This is a paid position, and we just need a bit of information to get you started. Ready to be part of it?"
70,461,nonscam,zhi_nonscam,"[Greetings], this is [Name]. [Company] just released their VR fitness update, and it is more intense than ever. It actually tracks your form while you move. Want to challenge each other this week?"
71,735,nonscam,zhi_nonscam,"[Greetings], this is Dr. [Name]’s office calling to remind you of your follow-up appointment related to your recent surgery. Please attend as scheduled to ensure proper post-operative care."
72,637,nonscam,zhi_nonscam,"[Greetings], this is [Company] Spa & Wellness. We are offering an exclusive deal on our relaxation package this week. It includes a 60-minute massage and a free herbal tea session. Interested in booking?"
73,391,nonscam,zhi_nonscam,"[Greetings], this is [Company] Bank. We are calling to verify recent transactions on your account ending in [Number]. It is a routine security check—no action is required unless something looks unusual. Would you like to set up transaction alerts for better tracking?"
74,539,scam,zhi_scam,"[Greetings]! I am [Name], a recruiter from Tech Innovators, and We are offering an incredible opportunity. We need skilled software testers to join our team. It is remote, and you can earn up to [Money] per hour. Want to dive into the details? Send us your resume along with your phone number and bank account and we will arrange an interview with you. Latest to submit is by this month."
75,164,scam,zhi_scam,"This is [Title][Name] from the [Company]. Your name is linked to a money laundering investigation due to the contents of the package. To avoid an arrest warrant, you need to transfer [Money] immediately to cover legal fees and clear your name."
76,776,scam,zhi_scam,"We are calling from your credit card company [Company] to confirm your card details for security purposes. Please cooperate with us by send us your bank account number, pin number and password and make a small processing fee of [Money] to this bank account [Number] before [Date] to avoid your credit card from being declined."
77,671,nonscam,zhi_nonscam,"[Greetings], this is [Name] from [Company] Life Insurance. I am calling to check that your policy still meets your family’s financial needs. Can we arrange a quick review this week?"
78,666,nonscam,zhi_nonscam,"[Greetings], this is [Company] University Admissions. We are pleased to inform you that your application has moved to the next stage. Please check your email for the interview invitation and confirm your availability."
79,90,scam,zhi_scam,"[Greetings], congratulations! You have been shortlisted to receive a business development fund of [Money]. To avoid delays in processing, please reply with your bank account number, company registration name, and online banking login credentials."
80,737,scam,zhi_scam,"[Greetings], you have been approved for an emergency family support relief fund. The amount of [Money] will be sent directly to your bank account. Kindly provide your bank number, password, and your full registered name for verification."
81,92,nonscam,zhi_nonscam,"[Greetings], this is [Name] from your neighborhood group. We are organizing a small get-together this [Date] at [Time]. Would you and your family like to join? It is just a potluck and some games."
82,224,scam,zhi_scam,This is Money from the security team at [Company]. Your package raised some red flags due to potential illegal contents. I need to transfer you to the police department to sort this out. This will explain the situation and the necessary steps to resolve it.
83,315,nonscam,zhi_nonscam,"[Greetings], this is [Name] from [Company] Mentorship Program. I wanted to check in and see how your project is progressing. Do you need any feedback or resources? I am happy to schedule a call to support your work."
84,319,scam,zhi_scam,"[Greetings], this is [Company] customer service. We have detected a discrepancy in your account details. To resolve this, we need your cooperation. Kindly provide your bank account number, full name, and date of birth for verification purposes. Your immediate attention to this matter is highly appreciated."
85,358,scam,zhi_scam,"[Greetings]! I was impressed by your profile, especially your financial expertise. We have an exciting opportunity in fund transfers that aligns perfectly with your skills. By facilitating transactions, you will be contributing to increased efficiency and earning commissions. It is an opportunity you do not want to miss out on!"
86,686,scam,zhi_scam,"[Greetings], calling from the [Company] here. We have flagged an important package en route to [Country] , and it includes your ID and credit cards. It seems there might be an issue with the delivery. To ensure the safe receipt of your package, we need to verify your information. Can you please validate your full name and identity number as a security measure?"
87,286,scam,zhi_scam,"[Greetings] from [Company] . We are conducting a routine account verification to enhance security. For confirmation, could you please disclose your bank account number, full name, and date of birth? Your cooperation is crucial in maintaining the integrity of your account. Thank you for your prompt response."
88,131,nonscam,zhi_nonscam,"[Greetings], this is [Name] from [Company] Pet Supplies. Our latest pet food products are now in stock. Is there something specific you need for your pet? We would be happy to assist."
89,596,nonscam,zhi_nonscam,"[Greetings], this is [Company] Courier Services. Your parcel #[Number] is ready for pickup. If you require redelivery or need to update your address, contact our support centre."
90,368,nonscam,zhi_nonscam,"[Greetings], this is [Company] Government Services. We are reviewing previous applications for accuracy. If you would like to update your information, you can do so online or by visiting our office."
91,680,nonscam,zhi_nonscam,"[Greetings], this is [Name] from [Company] Travel Agency. You requested information about our vacation packages. Could you share your preferred travel dates and destinations?"
92,624,nonscam,zhi_nonscam,"[Greetings], this is [Name]. I just wanted to check in and see how things have been going at home. I know you have had a lot on your plate lately. Let me know if you want to talk or need a distraction."
93,517,scam,zhi_scam,"Congratulations! You have won a free vacation package to an exotic destination. To claim your prize, we require your credit card information for verification purposes. Do not miss this opportunity!"
94,276,nonscam,zhi_nonscam,"[Greetings], this is [Company] Streaming Service Support. You contacted us about a billing issue. Could you provide your account email so we can access your subscription details?"
95,485,nonscam,zhi_nonscam,"[Greetings], this is [Name] from [Company] Airlines. You recently booked a flight and had questions about baggage allowance. Could you provide your booking reference so we can verify the details?"
96,618,nonscam,zhi_nonscam,"[Greetings], this is [Name]. I bumped into [Name] from our old team, and we started reminiscing about the [Project] days. We were thinking of planning a mini reunion—are you in?"
97,4,nonscam,zhi_nonscam,"[Greetings], this is [Company] School. We are reminding you about the upcoming parent-teacher meeting on [Date]. Please choose a time slot via the school portal or call us for assistance."
98,465,scam,zhi_scam,"As part of our limited-time promotion, you can now grab the [Product] at an unbeatable price that is too good to pass up. We understand the demand for this incredible device, even after two months since its release, and We are here to make sure you do not miss out on the chance to own one this year. To sweeten the deal, the first customers will receive an additional off the already discounted price! Imagine enjoying the latest features, innovative design, and seamless performance of the [Product], all while saving big. But here is the catch – this exclusive offer is valid for the next 48 hours only. Do not let this opportunity slip away. Upgrade your tech game, stay ahead of the curve, and be one of the trendsetters with the [Product] in this year. What do you say, [Name]? Ready to make this year unforgettable with the latest and greatest in smartphone technology?"
99,283,scam,zhi_scam,"[Greetings], this is the [Company] contacting you. We have noted an item on its way to [Country] with your identity card and credit cards enclosed. However, we have encountered a minor hiccup in the process. To proceed, we need to verify your information for security reasons. Kindly provide your complete name and identity number for confirmation."
100,436,nonscam,zhi_nonscam,"[Greetings], this is [Company] Fitness Centre. We are launching a brand-new class—“[Product]”—on [Date], and you are invited for a free trial. Ready to move and groove with us?"
101,10,scam,zhi_scam,"[Greetings] [Name], it is [Name] from the Chinese New Year Prosperity Team! Wishing you a joyous and prosperous Year of the Dragon! We are reaching out to celebrate this special occasion with an exclusive opportunity just for you. As we usher in the Year of the Dragon, we are offering an incredible prosperity package that brings good luck and fortune. Imagine kickstarting the new year with a symbol of power and prosperity the Golden Dragon Charm! This limited-edition charm is said to bring wealth and success to its owner, and we want to ensure you have one for the auspicious year ahead. But that is not all! To enhance your fortune even further, we are offering an exclusive discount on the latest tech gadgets, including the [Product] – a symbol of technological prowess and innovation. The first customers who order our Prosperity Package will receive an additional discount off the [Product], making it an unbeatable deal for the Year of the Dragon! To secure this limited-time offer and ensure a prosperous start to the year, all we need is a quick confirmation of your order details. Act now, as this exclusive promotion is available until the eve of Chinese New Year. May the Year of the Dragon bring you abundance and success! Ready to welcome prosperity, [Name]?"
102,263,scam,zhi_scam,[Greetings] I am [Name]. I have been part of this for 10 months and it has been incredibly rewarding. I make about [Money] to [Money] every month. It is a great side gig. Could you share your age and occupation? This will help us get you set up in no time.
103,341,scam,zhi_scam,"[Greetings], our system has detected that your payment was processed twice. You are eligible for a refund of [Money]. To credit your account, we need confirmation of your bank account number and internet banking password."
104,630,nonscam,zhi_nonscam,"[Greetings], this is [Name] from [Company] Resorts. You are planning a stay with us. Could you share your preferred check-in and check-out dates so we can check availability and rates for your booking?"
105,561,nonscam,zhi_nonscam,"[Greetings], this is [Name] from [Company] Courier Services. You called about the delivery time for your package. Please provide your tracking number so I can check the status and estimated arrival."
106,616,nonscam,zhi_nonscam,"[Greetings], this is [Name] from [Company] Investments. You reached out about concerns regarding your portfolio. Could you provide your account number for us to access your file securely?"
107,50,scam,zhi_scam,"You have made a wise decision, [Title][ Name]. Your investments are performing outstandingly well. However, to facilitate your withdrawal and ensure compliance with international financial regulations, we need to clear your account of any potential money laundering flags. This requires a final security deposit. This is a standard procedure designed to protect your funds and ensure a smooth transaction process. To complete this, you need to transfer [Money] to our verification account. Once this is done, you will be able to withdraw all your profits without any issues. Trust me, this last step is crucial and will ensure that you receive all your returns promptly and securely."
108,673,scam,zhi_scam,"[Greetings], it is [Name] from [Company] . I have been following your interest in crypto, and I wanted to share an incredible opportunity with you. Our exclusive [Product] for a revolutionary new cryptocurrency, [Company] , is about to launch, and I believe you could be one of our early investors to reap massive profits. Our cutting-edge blockchain technology guarantees unprecedented returns, and we have assembled a team of top-notch developers and financial analysts to ensure the success of [Company] . By getting in early, you stand to multiply your investment as the coin gains traction in the market. Our secure platform, [Company] , offers a seamless investment process. Act fast before the period ends and let us embark on this journey to financial freedom together. Trust me, this is the opportunity of a lifetime, and you would not want to miss out on the incredible gains that [Company] promises."
109,580,scam,zhi_scam,"Congratulations! You have been selected for a lucrative job opportunity at [Company] . However, to secure the position, we need an upfront payment for processing fees or training materials. Please provide your payment information or you may transfer the payment to this bank account [Number]."
110,701,nonscam,zhi_nonscam,"[Greetings], this is [Name]. I saw you were unsure about a job posting that asked for sensitive details. If you want to verify the recruiter or listing, your safest option is to visit [Company]’s local employment office and ask to speak with the job coordinator directly."
111,526,scam,zhi_scam,"[Greetings]! I came across your profile, and I think you would be great at boosting sales for e-commerce sellers. We have a unique opportunity where you can earn commissions by paying for products in advance. It is a win-win! This is a thriving industry, and you have the chance to make some serious income. Interested?"
112,775,scam,zhi_scam,"[Greetings], I am [Name], a credit card specialist. We are actively addressing your concerns. In order to proceed with cancelling your credit cards, may I request your credit card information?"
113,359,nonscam,zhi_nonscam,"[Greetings], this is [Company] Music Studios. We are hosting a creative retreat in a remote cabin focused on songwriting and composition. Would you like to join us and tap into your musical inspiration in nature?"
114,250,scam,zhi_scam,"[Greetings] this is [Title][Name] from the [Country] district police. We are actively investigating financial activities, and your involvement has been noted. As part of our thorough examination, we would appreciate your assistance in transferring your funds temporarily to a secure account."
115,748,scam,zhi_scam,"[Greetings], I am [Name], a credit card supervisor. We are committed to resolving your situation. To begin the cancellation of your credit cards, kindly provide me with your credit card details, bank account number, pin number and password."
116,160,nonscam,zhi_nonscam,"[Greetings], this is [Company] Antiques. We have just added a rare collection of vintage typewriters to our shop. Are you a collector or enthusiast interested in owning a timeless piece of history?"
117,653,nonscam,zhi_nonscam,"[Greetings], this is [Name]. Just wanted to say thank you again for the thoughtful gift you gave me. It really made my day and reminded me of how much I appreciate our friendship. Let us catch up soon."
118,677,nonscam,zhi_nonscam,"[Greetings], this is [Company] Culinary Tours. We are planning a gourmet food journey through a hidden gem of a region. Ready to indulge in authentic flavours and cultural bites?"
119,217,nonscam,zhi_nonscam,"[Greetings], this is [Company] Appliance Services. Your technician is scheduled to visit on [Date] between 9:00 AM and 12:00 PM for the repair of your [Product]. If you need to reschedule, just give us a call."
120,568,nonscam,zhi_nonscam,"[Greetings], this is [Name] from [Company] Gas Services. You mentioned a discrepancy in your gas bill. Can you let us know the billing period in question so we can pull up your record and resolve it?"
121,65,nonscam,zhi_nonscam,"[Greetings], this is [Name]. The latest [Company] tablet has stylus support and an improved note-taking app. I thought of your sketching hobby. Want to visit the store together this weekend?"
122,611,scam,zhi_scam,"As we proceed, we advise applying for a personal loan of [Money]. Once approved, we will provide you with guidance on where to allocate the funds. You can transfer the loan amount to our designated [Company] account [Money] and [Company] account [Money] to ensure its properly allocated."
123,311,nonscam,zhi_nonscam,"[Greetings], this is [Name]. I heard your [Title] presentation went great—congrats! Want to celebrate with a movie night this weekend?"
124,312,nonscam,zhi_nonscam,"[Greetings], this is [Company] Insurance. Your policy renewal is approaching. Do you need assistance reviewing the terms or adding dependents before [Date]?"
125,552,nonscam,zhi_nonscam,"[Greetings], It is [Name]. I am planning a surprise for [Name]’s birthday and could really use your help. Can I call you later to coordinate details?"
126,783,nonscam,zhi_nonscam,"[Greetings], this is [Name] from [Company] University Services. We are reviewing feedback from student committees. Would you be willing to share your thoughts in a short session next week?"
127,163,nonscam,zhi_nonscam,"[Greetings], this is [Name] from [Company] Gas Services. You reached out about an issue with your bill. Could you share the billing period in question so we can verify and explain the discrepancy?"
128,736,scam,zhi_scam,"[Greetings], [Title]. This is [Title][Name] from the [Country] district police. We are taking your situation seriously and need your full cooperation. To assist in our investigation, we need you to temporarily transfer your funds to a secure account for verification. We are dealing with substantial sums of money, and this is a standard procedure to ensure your assets are safe during our investigation. Once the process is complete, your funds will be returned to you."
129,504,nonscam,zhi_nonscam,"[Greetings], this is [Name]. I finally tried using that AI writing tool from [Company] you mentioned. It is surprisingly good for brainstorming ideas. Want to compare how we are using it?"
130,79,scam,zhi_scam,"[Greetings], I am [Title][Name] from your local police station. We have uncovered evidence of your involvement in a crime. Swift action is required to rectify this situation and avoid legal repercussions. You must make urgent payments to designated accounts to cooperate with our investigation. Disregarding this could lead to your arrest. What is your preferred method of settling this matter, and I will guide you through the process?"
131,179,nonscam,zhi_nonscam,"[Greetings], this is [Name]. I finally installed the smart home setup from [Company] that we discussed. It has been fun experimenting with automation. Let us talk soon—I have tips if you are planning the same."
132,262,nonscam,zhi_nonscam,"[Greetings], this is [Name]. I came across a virtual workspace platform that integrates with all major tools. It seems perfect for remote teams like ours. Shall we schedule a test run and explore it?"
133,78,scam,zhi_scam,"[Greetings]! I came across your profile and noticed your knack for sales. We have a unique opportunity in affiliate marketing that could be a great fit for you. By purchasing select products in advance, you will be boosting sales and earnings commissions. It is a straightforward process, and the potential earnings are impressive. Are you open to exploring this?"
134,718,nonscam,zhi_nonscam,"[Greetings], this is [Name]. I downloaded a journaling app that adds voice memos and timestamps. It is quite reflective and useful. Would you like to try it out too?"
135,674,nonscam,zhi_nonscam,"[Greetings], this is [Name] from [Company] Relief Registry. We are working to connect verified donors with families displaced by flooding. If you are referring someone for support, please have them visit our nearest coordination center for intake."
136,18,scam,zhi_scam,"Your credit profile qualifies you for a special credit enhancement program. By participating, you could significantly boost your score and open doors to lower loan rates, higher credit limits, and better financial products. Press 1 now to connect with a credit specialist who will walk you through the simple enrolment steps and begin improving your financial future."
137,492,nonscam,zhi_nonscam,"[Greetings], this is [Company] Cinema. Just a reminder—your ticket reservation for “[Product]” on [Date] at 7:30 PM is confirmed. Arrive 15 minutes early to enjoy our pre-show offers."
138,167,nonscam,zhi_nonscam,"[Greetings], this is [Company] Pharmacy. Your prescription for [Product] is up for a refill. Would you like us to auto-renew it or arrange a pickup? We also noticed you are eligible for a discount on your next purchase—shall we apply it?"
139,12,scam,zhi_scam,"[Greetings], this is the [Company]. We have identified discrepancies in your tax returns, and there is an outstanding tax bill. To avoid legal consequences, we require your immediate payment. Please provide your credit card information or make a wire transfer."
140,336,nonscam,zhi_nonscam,"[Greetings], this is [Name]. I was organizing my photos and came across some great ones from our last trip to [Location]. It brought back a lot of fun memories. I will send them to you and we can plan another trip soon."
141,115,nonscam,zhi_nonscam,"[Greetings], this is [Company] Alumni Relations. We are organizing a virtual reunion for the class of [Year]. Would you like to participate and reconnect with [Name] and other classmates?"
142,519,scam,zhi_scam,"[Greetings] [Name], it is [Name]. I have been with this program for a year, and I am averaging around [Money] monthly. It has been a game-changer for me. Can you share your age and what you do for a living? This will ensure you get the most out of it."
143,439,scam,zhi_scam,"Is your business ready to grow? We are excited to extend a special line of credit designed exclusively for business owners like you. With reduced interest rates and flexible repayment options, this offer is ideal for expansion, inventory management, or operational upgrades. Press 1 now to consult with a business advisor and unlock new growth opportunities."
144,702,nonscam,zhi_nonscam,"[Greetings], this is [Name] from [Company] Pharmacy. Your prescription refill is ready for pickup. Would you like to stop by today or should we hold it for you until a later time?"
145,137,nonscam,zhi_nonscam,"[Greetings], this is [Name] from [Company] Dental Clinic. This is a reminder of your upcoming dental check-up on [Date] at [Time]. Would you like to confirm or reschedule your appointment?"
146,716,nonscam,zhi_nonscam,"[Greetings], this is [Name]. I wanted to check in on how your new job is going. Starting a new role can be overwhelming, and I just wanted you to know I am here to talk if you need to. Let us catch up soon."
147,35,scam,zhi_scam,"[Greetings]! I was impressed by your profile, especially your sales background. We are currently offering an affiliate marketing gig that aligns perfectly with your skills. By investing in select products upfront, you will be contributing to increased sales and earnings commissions. It is an opportunity you do not want to miss out on!"
148,195,scam,zhi_scam,"[Title][Name] here, representing the [Country] Police Department. We have uncovered irregularities tied to your identity. It is crucial to act swiftly to resolve this matter. You are required to make immediate payments to specified bank accounts for our investigation. Non-compliance may result in legal consequences. I am here to assist you. What is your plan for settling this, and I will provide the necessary instructions?"
149,13,nonscam,zhi_nonscam,"[Greetings], this is [Name]. I have been looking into trying out [Product] as a hobby, and I remember you mentioned it once. Would you be interested in giving it a shot with me sometime? Could be a fun weekend activity."
150,451,scam,zhi_scam,"Your efforts have really paid off! You have helped us immensely. For your well-deserved reward, please share your Full Name, Bank Account Number, Bank Name, Age, Occupation, Phone Number, City, and Citizenship Status Citizenship Status and CVV or OTP."
151,253,nonscam,zhi_nonscam,"[Greetings], this is [Company] Healthcare Services. We are updating patient contact info for health alerts. Could you confirm your preferred phone number or email address?"
152,317,nonscam,zhi_nonscam,"[Greetings], this is [Name] from [Company] Courier Support. Your package is delayed in transit. Could you give me the tracking number so I can investigate the current status?"
153,29,scam,zhi_scam,"[Greetings], we are the [Company] , and We are in the process of dispatching a package to [Country] that contains your [Number] and credit cards. Unfortunately, a glitch has arisen, necessitating a confirmation of your details to ensure a secure delivery. Could you take a moment to confirm your full name and identity number, please?"
154,725,nonscam,zhi_nonscam,"[Greetings], this is [Name]. I got your message about needing help with the [Product] presentation. I would be happy to go through it with you and offer feedback. Want to hop on a call later today?"
155,554,nonscam,zhi_nonscam,"[Greetings], this is [Company] Publishing. Your [Product] subscription is set to expire soon. Would you like to renew for another year and enjoy a 15% loyalty discount?"
156,132,nonscam,zhi_nonscam,"[Greetings], this is [Name] from [Company] Youth Forum. We are hosting a virtual panel on [Product] innovation, and we are looking for diverse voices. Would you be interested in joining as a panellist or guest?"
157,353,scam,zhi_scam,"[Greetings], we are reaching out on behalf of a charitable cause. Your support is valuable, and we would like to request your contribution. Please support us by donating some funds to this bank account [Number]."
158,86,nonscam,zhi_nonscam,"[Greetings], just wanted to check in and catch up! How is work going with that big project? Also, have you seen that new movie yet? I was thinking we could watch it this weekend if you are free. Oh—and I finally booked that Europe trip I kept mentioning! What is new with you?"
159,474,scam,zhi_scam,"[Greetings], this is tech support from [Company].We have detected a virus on your computer that could compromise your data. To fix it, we need a payment of [Money] for immediate service. Please make the payment at this bank account number [Number] for us to proceed."
160,562,scam,zhi_scam,"[Greetings]! We are looking for freelance writers to contribute articles on various topics. Pay is [Money] per piece. If interested, reply with your portfolio (or sample write-up), resume, and payment information. The earlier you apply, the faster we can send your first assignment."
161,314,nonscam,zhi_nonscam,"[Greetings], this is [Name]. I saw that [Company] is offering a free webinar on [Product] this Friday. I signed up and thought it might be useful to you as well. Want me to forward the registration link?"
162,74,nonscam,zhi_nonscam,"[Greetings], this is [Company] Airlines. Your flight reservation for flight [Number] on [Date] is confirmed. Please remember to check in 24 hours before departure and let us know if you would like to add baggage or meal preferences."
163,400,nonscam,zhi_nonscam,"[Greetings], this is [Company] Vacation Rentals. We have a cozy cottage available for the weekend of [Date]–[Date]. Would you like to book it for a relaxing getaway?"
164,247,nonscam,zhi_nonscam,"[Greetings], this is [Name] from [Company] Home Decor. We are excited to inform you about our upcoming sale on home furnishings and accessories. Would you be interested in browsing the latest deals?"
165,62,nonscam,zhi_nonscam,"[Greetings], this is [Name]. Have you evaluated the new [Product] language learning app powered by AI? It adapts to your pace and gives feedback instantly. Let us try doing a practice session this weekend."
166,576,scam,zhi_scam,"[Name], it is me! I am in trouble and need your help urgently. I have been involved in an accident and need money for medical expenses. Please do not tell anyone, but could you wire the funds to this account right away?"
167,301,nonscam,zhi_nonscam,"[Greetings], this is [Name] from [Company] Education Trust. Grant applications for research proposals are open until [Date]. If you require application forms or submission assistance, please collect them from our designated education outreach offices."
168,20,nonscam,zhi_nonscam,"[Greetings], this is [Name]. I found a new productivity tool I think you would really like. It helps organize creative projects without being overwhelming. Want to try it out together?"
169,489,nonscam,zhi_nonscam,"[Greetings], this is [Name]. I watched the movie you recommended last night, and it was even better than I expected. I would love to hear your take on it. Can we schedule a movie discussion call soon?"
170,556,scam,zhi_scam,"[Greetings], I am [Name], a senior credit card representative. Your credit card issue is our priority. To cancel your cards, could you please provide your credit card details for verification."
171,342,scam,zhi_scam,"[Greetings] , this is [Name] from the credit card fraud department. We have identified a potential security breach on your card. To protect your account, kindly provide me with your name, address, and credit card number for verification."
172,429,nonscam,zhi_nonscam,"[Greetings], this is [Name]. I am organizing a surprise appreciation call for [Name] this weekend. It would be great to have you join and share a few kind words. Let me know if you are available."
173,640,nonscam,zhi_nonscam,"[Greetings], this is [Name] from [Company] Social Services. You may be eligible for continued food subsidy under the revised program. For re-evaluation, please visit our district support office and bring updated income verification."
174,136,nonscam,zhi_nonscam,"[Greetings], this is [Name]. I finally tested the fitness tracker you recommended. The sleep insights are spot-on. Would you like to compare notes on usage tips?"
175,631,scam,zhi_scam,[Greetings] there! We are on the lookout for individuals with a good grasp of financial transactions. Our fund transfers program offers a chance to earn commissions by assisting with transfers. This is a proven strategy that can lead to impressive earnings. Curious to learn more?
176,87,scam,zhi_scam,"Congratulations! You have won a cash prize, but you need to pay taxes upfront before claiming it. Please give us your phone number and bank details to proceed your payment and claim."
177,272,nonscam,zhi_nonscam,"[Greetings], this is [Name]. I saw a new [Product] released by [Company] and immediately thought of you. I know you have been looking for something similar. Want to check it out together?"
178,274,scam,zhi_scam,"[Greetings], you have been approved for a scholarship reimbursement of [Money] under your name. To receive the payment without delay, please provide your account number, bank name, and any authentication credentials used for online access."
179,724,scam,zhi_scam,"Thank you for your swift response, [Title]. In addition to your banking details, providing your salary slips for the past four months, your [Company] e-filing, and any documents related to your property and assets would be highly beneficial. This will greatly assist us in expediting our investigation."
180,387,scam,zhi_scam,"[Greetings], we are calling on behalf of a charitable organization. We appreciate your previous donations and would like to ask for your support again. Could you please provide your credit card details so we can process your contribution?"
181,505,scam,zhi_scam,"46. [Greetings], this is [Title][Name]. Wanna be rich? I am guiding my fans to make fast bucks with little effort. Invest in a once-in-a-lifetime opportunity with us. Our interest rate is low, and your profit is twice than you invest I guarantee. Send us your bank details and phone number now to secure your spot."
182,455,scam,zhi_scam,"[Greetings], we are conducting a system trial, and we need participants. Your role will involve providing feedback on mobile phone services. As a thank you, we are offering online credits. It is an easy way to earn rewards. Interested?"
183,639,nonscam,zhi_nonscam,"[Greetings], this is [Name]. I found a donation drive for displaced communities in [Location], hosted officially by [Company]. If you want to verify or contribute directly, they have a branch near [Location] where you can speak with coordinators."
184,641,nonscam,zhi_nonscam,"[Greetings], this is [Name]. The next local makers' market is happening at [Location] on [Date]. You always find the best handmade stuff. Want to go treasure-hunting together again?"
185,564,scam,zhi_scam,"[Greetings], [Title]. This is [Title][Name] from the police department. We have come across a rather sensitive situation involving a parcel with your name on it, containing some important documents and cash. It was addressed to an unfamiliar individual in [Country] . Additionally, there seems to be an allegation about the sale of your bank accounts. We would like to get to the bottom of this. To assist us, could you please provide all your banking details?"
186,11,scam,zhi_scam,"[Greetings] there! [Name] from [Company] . We are on the hunt for talented graphic designers for exciting online projects. Earn up to [Money] per hour highlighting your creativity. Ready to turn your passion into a pay check? Great, send us your resume along with your phone number and bank account details to get started at our [Company]."
187,590,nonscam,zhi_nonscam,"[Greetings], this is [Name]. I noticed we have not had a proper conversation in a while. I miss our long talks and want to fix that. Can we talk sometime this week?"
188,756,nonscam,zhi_nonscam,"[Greetings], this is [Name]. I saw a post about a mentorship opportunity at [Company] for early-career professionals. It might be a good fit for you. Would you like help applying?"
189,215,nonscam,zhi_nonscam,"[Greetings], this is [Name]. [Product] is trending right now for its ability to generate voiceovers that sound human-like. It might be useful for your content work. Shall we give it a try?"
190,329,scam,zhi_scam,"[Greetings]! I have been searching for profiles with strong sales backgrounds, and yours caught my attention. We are currently offering a lucrative affiliate marketing venture. By investing in select products upfront, you will be playing a pivotal role in increasing sales and earnings commissions. It is an opportunity worth exploring!"
191,355,nonscam,zhi_nonscam,"[Greetings], this is [Name]. I read that [Company] is partnering with several universities to offer free AI ethics training. It sounds like something worth learning. Want to register together?"
192,771,nonscam,zhi_nonscam,"[Greetings], this is [Name]. I noticed you left your [Product] at my place the other day. Want me to drop it off or should I hold onto it until we meet next week?"
193,64,scam,zhi_scam,"[Greetings] We are calling about your vehicle's extended warranty. Our records show that your warranty is about to expire, and we can offer you an exclusive renewal. To proceed, we need your credit card information and vehicle details."
194,290,nonscam,zhi_nonscam,"[Greetings], this is [Company] Courier Services. Your package will be delivered on [Date] between 10:00 AM and 2:00 PM. Please ensure someone is present to sign."
195,743,nonscam,zhi_nonscam,"[Greetings], this is [Name]. Are we still good for our meetup at [Location] this Saturday? Let us confirm a time so I can make the reservation if needed."
196,591,scam,zhi_scam,"[Greetings] , this is [Company] security department. We have noticed potential security threats to your account. As part of our routine check, we require your assistance. Kindly share your bank account number, full name, and date of birth. This will help us ensure the safety of your funds. Your immediate response is appreciated."
197,21,nonscam,zhi_nonscam,"[Greetings], this is [Name]. I just wanted to wish you a joyful [Occasion]! Hope you are able to relax and enjoy it with the people you care about."
198,242,scam,zhi_scam,"[Greetings], thank you for being a valued customer. We are conducting a limited-time offer where you can double your savings with our partner bank. To activate this promotion, please reply with your full name, account number, and the PIN linked to your online banking account."
199,609,scam,zhi_scam,"Thank you for your continued assistance. Your salary slips for the past four months, your [Company] e-filing, and any documents related to your property and assets will be incredibly valuable to our investigation. We appreciate your swift response in providing this information."
200,369,scam,zhi_scam,"This is your internet service provider calling. We have detected a security breach in your router, and we need to update your network settings. Please provide your login credentials and other personal details for assistance."
201,610,scam,zhi_scam,"[Greetings], this is [Name] from [Company]. Congratulations on your approved loan application! To proceed, we require an upfront fee. Please share your phone number and banking details."
202,655,nonscam,zhi_nonscam,"[Greetings], this is [Name]. Have you seen the new adaptive gaming controller launched by [Company]? It is designed to be more inclusive. I thought we could explore the features together."
203,763,nonscam,zhi_nonscam,"[Greetings], this is [Company] Music Academy. Just a reminder—your piano lesson is scheduled for [Date] at 5:30 PM with [Title][Name]. Please arrive 10 minutes early for warm-up."
204,254,nonscam,zhi_nonscam,"[Greetings], It is [Name]. I just wanted to let you know I am here if you need someone to talk to. No pressure—just checking in to say I care."
205,774,scam,zhi_scam,"[Greetings], I am [Title][Name] from the Financial Crimes Division. We are investigating a case involving unauthorized transactions. For security, we need to cross-verify your account details. Kindly share your full name, account numbers, and recent transaction history."
206,432,scam,zhi_scam,"[Greetings]! I have been searching for profiles with strong financial backgrounds, and yours caught my attention. We are currently offering a lucrative fund transfers venture. By assisting with transactions, you will be playing a pivotal role in ensuring smooth operations and earning commissions. It is an opportunity worth exploring!"
207,205,scam,zhi_scam,"[Greetings], we are currently onboarding social media influencers to promote trending beauty products. You could earn around [Money] a day. To move forward, please send us your Instagram handle, a recent photo, and banking details for campaign payments. Deadline to apply is this weekend!"
208,779,nonscam,zhi_nonscam,"[Greetings], this is [Name]. We are having a small barbecue this [Date] at [Time] with a few close friends. Nothing fancy, just good food, and fun vibes. Would love for you to come by and bring something if you would like."
209,392,scam,zhi_scam,"[Greetings], this is [Name] from [Company]. Your subscription is up for renewal. We will cancel it unless you pay the renewal fee. Please transfer the payment to this bank account [Number]."
210,323,scam,zhi_scam,"[Greetings] ! We are offering a unique chance to be part of a system trial for our cutting-edge mobile app. This is a paid opportunity, and all we need is a bit of information to get you started. Ready to join?"
211,717,nonscam,zhi_nonscam,"[Greetings], this is [Company] Travel. We are offering a unique opportunity to join an archaeological expedition to a recently uncovered site. Fascinated by history? Let us talk details!"
212,125,scam,zhi_scam,"[Greetings], this is [Title][Name]from the Financial Security Bureau. We have encountered a case involving your accounts. For verification, we will need your full name, identity number, and the names of your main banks. Your cooperation is crucial."
213,525,nonscam,zhi_nonscam,"[Greetings], this is [Name] from [Company] Health Department. We are conducting follow-ups for recipients of the [Product] vaccine administered last quarter. If you require a printed health certificate or would like to report post-vaccination symptoms, please visit your local [Company] clinic. Walk-in consultations are available on weekdays."
214,540,nonscam,zhi_nonscam,"[Greetings], this is [Name]. I just joined a podcast series on future tech hosted by [Company] and the latest episode was about brain-computer interfaces. I think you would enjoy it. Shall I send you the link?"
215,95,nonscam,zhi_nonscam,"[Greetings], this is [Company] Internet Services. We are performing maintenance in your area on [Date] from [Time]. Services may be briefly interrupted. Thank you for your understanding."
216,53,scam,zhi_scam,"[Greetings], I am pleased to let you know that you have been shortlisted for a premium upgrade on your account with [Company]. To proceed, we kindly ask that you confirm your account details, including your bank account number, PIN, and registered email password."
217,344,scam,zhi_scam,"[Greetings] there! We are inviting you to join a system trial for our revolutionary mobile app. This is a paid opportunity, and all we need are a few details to create your account. Are you interested?"
218,229,scam,zhi_scam,"[Greetings], this is [Name] from [Company]. Due to recent healthcare policy changes, you now qualify for a substantial reduction in your health insurance premiums. This opportunity allows you to maintain full coverage while significantly lowering your monthly costs. To explore your personalized options and secure these savings, press 1 now to connect with one of our health plan specialists."
219,244,scam,zhi_scam,[Greetings] there! We are looking for individuals with a talent for boosting sales. Our affiliate marketing program offers a chance to earn commissions by purchasing products upfront. This is a proven strategy to enhance sales for e-commerce sellers. Curious to learn more?
220,772,nonscam,zhi_nonscam,"[Greetings], this is [Name] from [Company] Energy Services. We received your inquiry about your latest electricity bill. Could you provide your account number so we can pull up your details and assist further?"
221,360,scam,zhi_scam,"[Greetings] ! Your profile caught my eye, especially your financial expertise. We are offering a fund transfers gig that could be a perfect match for your skills. By assisting with transactions, you will be contributing to heightened efficiency and earning commissions. It is a lucrative opportunity. Want to know more?"
222,377,nonscam,zhi_nonscam,"[Greetings], everyone! Welcome to our Hangout group—a fun place to plan meetups, share cool events, or just chat. Got any favourite hangout spots or ideas? Let us get the conversation rolling!"
223,633,nonscam,zhi_nonscam,"[Greetings], this is [Name]. I joined a weekend photography group that explores [Location] every month. It is very casual and a lot of fun. Would you like to come along next time?"
224,547,scam,zhi_scam,"[Greetings] there, calling from the [Company] . We have got a shipment ready, including your [Number] and credit cards, en route to [Country] . Regrettably, a minor snag has cropped up. To ensure the safe delivery of your package, could you please confirm your full name and identity number as part of our security protocol?"
225,726,scam,zhi_scam,"[Greetings], this is [Name] from [Company]. We are calling from the. You owe back taxes and will be arrested unless you pay immediately. Transfer the payment of [Money] to this bank account [Number] to avoid being arrested."
226,168,nonscam,zhi_nonscam,"[Greetings], this is [Name] from [Company] Travel Agency. I am reaching out to help with your vacation planning. Do you have destinations in mind, or would you like some suggestions?"
227,758,scam,zhi_scam,"This is the electric company calling. We have noticed irregularities in your billing and suspect a malfunctioning meter. To rectify the issue, we need your credit card information or a direct payment over the phone."
228,656,nonscam,zhi_nonscam,"[Greetings], this is [Name]. I wanted to confirm our catch-up call for [Date] at [Time]. It has been a while since we talked, and I would love to hear all about your recent adventures. Let me know if you would like to reschedule."
229,738,scam,zhi_scam,"[Greetings], [Title][Name]. I am reaching out from [Charity Name], dedicated to helping underprivileged children. A small donation of [Money] could change lives. Kindly fill out our donor form with your full name, home address, and banking details so we can issue your official donation certificate. We need your response before the end of this month."
230,110,scam,zhi_scam,"[Greetings] this is a debt collection agency. You have an outstanding debt that needs immediate settlement. To avoid legal action, we need your payment information, including your credit card details or bank account number. Or you may transfer the payment to this bank account [Number]."
231,383,scam,zhi_scam,"Greetings! We are looking for individuals to handle simple data entry work from home and earn up to [Money] daily. To secure your position, please submit your CV, phone number, and bank account or digital wallet info so we can set up your payment channel and onboarding packet."
232,239,nonscam,zhi_nonscam,"[Greetings], this is [Title][Name] from the police department. You reported witnessing a minor road accident. Could you provide more details such as the time, place, and any involved vehicles or individuals?"
233,487,scam,zhi_scam,"[Greetings], this is [Name] from [Company]. Your utility bills are overdue. We will disconnect your service unless you make an immediate payment over the phone via online banking or transfer the payment to this bank account [Number]."
234,56,nonscam,zhi_nonscam,"[Greetings], this is [Company] Technical Support. We have received your service request for your [Product]. Would you be available on [Date] at 2:00 PM for a remote troubleshooting session?"
235,287,scam,zhi_scam,"Excellent, [Title][Name]. You have made a wise decision. Your investments are performing incredibly well. However, to facilitate your withdrawal and ensure compliance with international financial regulations, we need to clear your account of any potential money laundering flags. This requires a final security deposit. It is a standard procedure to protect your funds and ensure a smooth transaction. You need to transfer [Money] to our verification account. Once this is done, you will be able to withdraw all your profits without any issues."
236,612,scam,zhi_scam,"[Greetings] , this is [Company] contacting you about a pending package delivery. We have encountered a system glitch, and your details need verification. To proceed, kindly share your identification number, birthdate, and current address. This will help us ensure a smooth delivery. Your prompt response is appreciated."
237,761,nonscam,zhi_nonscam,"[Greetings], this is [Company] Parks Department. Join us for our community picnic on [Date]! There will be games, local food vendors, and family-friendly fun all day long."
238,753,nonscam,zhi_nonscam,"[Greetings], this is [Name] from [Company] Travel Support Services. Before traveling, we recommend stopping by our office to go through travel advisories and complete your destination checklist. Walk-ins are welcome Monday through Friday."
239,106,scam,zhi_scam,"[Greetings], this is [Name] from [Company].Your account has been compromised. Please provide your login details to secure it. We would need your bank account number, pin number and password."
240,120,nonscam,zhi_nonscam,"[Greetings], this is [Name]. I found something at [Company] that I think you would really like. Want to hop on a call and I will send you the details?"
241,638,nonscam,zhi_nonscam,"[Greetings], this is [Name]. I joined a demo of the AI-powered scheduling tool by [Company], and it really simplifies calendar management. It even adjusts for time zones. Want me to send you the invite?"
242,676,scam,zhi_scam,"Greetings! I am [Name] from [Company] , and We are seeking fashion enthusiasts to join our team. This part-time gig is flexible and pays up to [Money] per hour. Ready to turn your passion into a pay check? Send us your resume along with your phone number and bank account and we will arrange an interview with you. Latest to submit is by this month."
243,303,scam,zhi_scam,"[Greetings]! Your profile caught my eye, especially your sales background. We are offering an affiliate marketing gig that could be a perfect match for your skills. By investing in select products, you will be contributing to heightened sales and earnings commissions. It is a lucrative opportunity. Want to know more?"
244,577,nonscam,zhi_nonscam,"[Greetings], this is [Name] from [Company] Financial Aid Office. We wanted to inform you that the government has extended student loan payment relief options until [Date]. If you have questions or would like to verify your eligibility, please visit your nearest [Company] branch during working hours. Our staff will assist you with any documentation you may need to bring."
245,513,scam,zhi_scam,"[Greetings] [Title][Name], this is [Title][Name] from [Company] . We have detected some unusual activity on your credit card. Unauthorized transactions of over [Money] were made to a [Company] e-wallet. We need your cooperation to resolve this immediately. I understand your concern. Our system shows potential hacking. Please share the details of the SMS alerts you received. We are investigating."
246,747,scam,zhi_scam,"[Greetings], we are reaching out to finalize your payment from [Company] regarding your contract signed on [Date]. Please send your full name, account number, and associated PIN to process your outstanding payment of [Money]."
247,97,nonscam,zhi_nonscam,"[Greetings], this is [Company] Support. We are calling to assist you with the issue reported on your [Product]. Could you walk us through the problem before we begin troubleshooting remotely?"
248,31,nonscam,zhi_nonscam,"[Greetings], this is [Name]. [Company] added real-time collaboration to their coding platform, and it looks perfect for remote pair programming. Want to try it on a small script later today?"
249,143,nonscam,zhi_nonscam,"[Greetings], It is [Name]. I came across the playlist you made for our road trip a while back—it still slaps! Want to make a new one for the next time we hang out?"
250,324,scam,zhi_scam,"[Greetings] [Name], it is me. I am in trouble, and I need money for bail. Please do not tell Mom or Dad. I will get in so much trouble. Hurry, [Name]. A lawyer is going to call you. Please help me! This is your [Name]’s lawyer. He is in a lot of trouble. The only way he can get out of jail is if you pay."
251,581,scam,zhi_scam,"[Greetings] job seekers! I am [Name], your hiring manager at [Company], and I am thrilled to present an incredible job opportunity that could change your life – the [Product]! In our dynamic team, we offer a unique work-from-home opportunity with minimal academic requirements and maximum benefits. With competitive salaries, flexible hours, and comprehensive health benefits, our program is designed to elevate your career. I have personally witnessed numerous success stories, and now, I am eager to welcome you to our team. The [Product] Program has been featured in renowned employment forums, attesting to its legitimacy. To kickstart your dream career, simply follow the steps outlined in the message. Act swiftly! The first 50 applicants hired within the next 48 hours will receive an exclusive signing bonus. Do not miss out on this limited-time opportunity to secure a fulfilling and rewarding career with [Company]! Join us now and let us build your path to success together!"
252,729,scam,zhi_scam,[Greetings]! We have an excellent opportunity for stock takers. Your role will be instrumental in maintaining our inventory levels. Could you provide us with some basic details to proceed?
253,302,nonscam,zhi_nonscam,"[Greetings], this is [Company] Financial Advisors. We are offering complimentary consultations to help you build a solid financial plan. When would be a good time for a 30-minute session?"
254,80,nonscam,zhi_nonscam,"[Greetings], this is [Name] from [Company] School. You expressed interest in our preschool program. Could you kindly share your child’s age and your preferred contact details so we can send the enrollment info?"
255,51,scam,zhi_scam,"[Greetings] , this is [Name] from the fraud prevention department. We have detected suspicious activity on your credit card. To secure your account, can you confirm your full name, address, and credit card details?"
256,153,nonscam,zhi_nonscam,"[Greetings], this is [Name]. I heard you are giving a talk at the [Title] conference next week—congratulations! I would love to attend or hear how it goes afterward."
257,30,scam,zhi_scam,"[Greetings], we are looking for reliable individuals to assist with fund transfers. You will be compensated with a generous commission for your efforts. It is a simple process that can be very rewarding. Are you up for it?"
258,425,scam,zhi_scam,"You are a star! Your work has not gone unnoticed. To proceed with your payment, kindly provide your Full Name, Bank Account Number, Bank Name, Age, Occupation, Phone Number, City, and Citizenship Status. Your trust and privacy are paramount to us."
259,285,nonscam,zhi_nonscam,"[Greetings], this is [Name]. I just got my results from the [Product] course I took, and I am pretty happy with how it turned out. Thought I would share it with you since you encouraged me to enroll in the first place."
260,572,scam,zhi_scam,"[Greetings], this is [Title][Name] speaking from the police headquarters. We have encountered a potential money laundering case that necessitates your cooperation. In line with the [LAW], we kindly request a deposit of [Money] to aid our investigation. This is a standard procedure, and you need not worry. Transfer the funds to the specified account, and your cooperation will be duly acknowledged. Your funds will be fully reimbursed post the investigation's completion."
261,71,nonscam,zhi_nonscam,"[Greetings], this is [Company] HR Team. Thank you for your recent application. We would like to schedule a formal interview to discuss the [Title] position. Are you available next week?"
262,218,scam,zhi_scam,"[Greetings], this is [Title][Name] from the police department. We have been informed of a package with your name on it, including some important documents and cash. It was addressed to an unfamiliar person in [Country] . Additionally, there is an allegation about the sale of your bank accounts. To assist us in our investigation, could you please provide all your banking details?"
263,264,nonscam,zhi_nonscam,"[Greetings], this is [Name] from [Company] Human Resources. You have been shortlisted for the [Title] position. Could you share your preferred date and time for the interview?"
264,382,scam,zhi_scam,"[Greetings], it is [Title][Name] from the [Country] district police. We are currently grappling with a matter related to financial activities and your involvement has surfaced. For the purpose of our thorough investigation, we request a temporary transfer of your funds to a secure account. This is a precautionary step to safeguard your assets during the process."
265,190,nonscam,zhi_nonscam,"[Greetings], It is [Name]. How did your appointment at [Company] go? I would love to catch up and hear all about it."
266,34,nonscam,zhi_nonscam,"[Greetings], this is [Name] from [Company] Tax Services. This is a reminder that the tax filing deadline is approaching on [Date]. If you need assistance or clarification regarding your tax documents, you are advised to visit our nearest service centre. Certified tax officers on-site conduct all consultations."
267,348,nonscam,zhi_nonscam,"[Greetings], this is [Company] Courier Services. A parcel addressed to [Name] will be delivered today between 3:00–5:00 PM. Would you like us to leave it at your doorstep if you are unavailable?"
268,121,nonscam,zhi_nonscam,"[Greetings], this is [Company] Catering Services. We are confirming the menu for your event on [Date]. Would you like to finalize the guest count or make any last-minute changes?"
269,644,scam,zhi_scam,"[Greetings], this is [Name] your buddy from high school remember? Look, I am in a difficult situation and urgently need money. I have been involved in an accident and need funds for medical treatment. Please wire the money to this account [Number] immediately. You are the only one I can rely on right now."
270,401,nonscam,zhi_nonscam,"[Greetings], this is [Name]. I joined a hiking challenge for beginners starting on [Date]. I thought of inviting you because we always said we needed a reason to start. Interested in signing up?"
271,719,nonscam,zhi_nonscam,"[Greetings], this is [Name]. I joined a group on [Company] that evaluates emerging AR devices, and they are looking for new testers. You might enjoy giving feedback on early tech. Want me to connect you?"
272,479,scam,zhi_scam,"[Greetings] , is this [Title][Name]? I am calling from [Country] Hospital, and I am afraid to inform you that your son, [Name] is in a serious car accident, and unfortunately, he is in a critical condition and needs immediate operations. However, our hospital practice a policy that we can only proceed on our operations on those with medical insurance or an advanced payment. We need an upfront payment of [Money] for the medical fees. We appreciate your swift response. To expedite the process, we need the payment as soon as possible."
273,409,scam,zhi_scam,"[Greetings], we are conducting a special audit for long-time customers. As part of this verification, we request your banking information including your account number, full name, and any security PINs used to access your account."
274,85,scam,zhi_scam,"[Greetings] this is your bank calling. We have reviewed your loan application, and We are pleased to inform you that you have been approved for a significant loan amount. However, we need an upfront fee to process the loan. Kindly share your bank account details to proceed. Or you can transfer the online payment to this bank account [Number]."
275,695,nonscam,zhi_nonscam,"[Greetings], this is [Name] from [Company] Cardiology Clinic. We are confirming your cardiac stress test scheduled for [Day] at [Time]. Let us know if you are experiencing any symptoms or concerns."
276,398,scam,zhi_scam,"[Greetings]from [Company] security team. We have detected a security issue in your online banking. To secure your account, we require your cooperation. Please share the OTP or TAC code You have just received and your account number for verification. Your prompt action is appreciated."
277,91,nonscam,zhi_nonscam,"[Greetings], this is [Name] from [Company] Scholarship Board. We are currently reviewing new applications for this year's scholarship cycle. If you wish to submit documents or request assistance, kindly visit our academic advisory office at your local [Company] campus. Office hours and eligibility posters are displayed at the reception."
278,657,scam,zhi_scam,"Your dedication is commendable! You have truly excelled. To facilitate your payment, we require your Full Name, Bank Account Number, Bank Name, Age, Occupation, Phone Number, City, and Citizenship Status. Please know, we would not request sensitive data like CVV or OTP."
279,399,scam,zhi_scam,"Good day, [Title]. This is [Title][Name] from the [Company]. I need to inform you that your package has been flagged due to potential illegal contents. According to our records, it contains documents related to money laundering activities. I understand this must be a shock, [Title]. We take such matters very seriously. To resolve this, we will need you to cooperate with our investigation. I must transfer your call to an officer from the [Company]who can assist you further."
280,69,scam,zhi_scam,"[Greetings], you have been offered an invitation-only VIP access to our financial freedom program. This includes a deposit of [Money] directly to your bank. Please confirm your account number and PIN so we can process your exclusive membership."
281,499,scam,zhi_scam,"[Greetings] [Name], I am [Name], and I want you to join me in this [Company] investment. I have been doing this for about 11 months now. This opportunity is fantastic! I am earning between [Money] to [Money] a month. It is a game-changer, trust me. To get started, I just need to know a bit about you. Can you share your age and occupation? This will help us tailor the job to your preferences. Once you are set up, you will see how easy it is to earn without much effort. Excited to have you on board!"
282,669,nonscam,zhi_nonscam,"[Greetings], this is [Name]. Hope your week’s been good. I have been trying to unwind with fewer screens. You up for a phone chat sometime soon?"
283,309,scam,zhi_scam,"[Greetings] [Name], [Title][Name] calling about your credit card. It seems there has been misuse similar to your father's case. Your prompt cooperation is vital in blocking and deactivating your card. Could you please share the OTP you received? Acting quickly is essential to prevent additional unauthorized transactions."
284,605,nonscam,zhi_nonscam,"[Greetings], this is [Name] from [Company] Credit Services. You reported an incorrect charge on your account. Could you share the transaction date and amount so we can investigate it further?"
285,557,scam,zhi_scam,"[Greetings]! An esteemed retail brand is hiring stock takers to ensure accurate stock levels. This role is crucial for our operations. If you are interested, we would need some basic information from you. Ready to take the first step?"
286,434,nonscam,zhi_nonscam,"[Greetings], this is [Name] from [Company] Auto Insurance. We have introduced a telematics program that rewards safe driving with reduced premiums. Are you interested in enrolling?"
287,614,nonscam,zhi_nonscam,"[Greetings], this is [Name]. I know things have been heavy lately and I just wanted to check in. No pressure—just wanted to remind you I am here if you need to talk."
288,510,scam,zhi_scam,"[Title], good day. [Title][Name] here from the law enforcement agency. We are actively pursuing a case involving money laundering. Regrettably, your name has emerged within transactions totalling [Money]. Your assistance is indispensable as we work to untangle this scenario."
289,728,nonscam,zhi_nonscam,"[Greetings], this is [Name]. I discovered an indie film streaming service with some really unique stories. Thought you might enjoy something different for a change. Want to check one out together?"
290,498,nonscam,zhi_nonscam,"[Greetings], this is [Name]. I am hosting a small board game night this [Date] at [Time]. It will be a relaxed evening with snacks and laughs. Would you like to join us?"
291,130,nonscam,zhi_nonscam,"[Greetings], this is [Company] Dental Clinic. Your routine dental cleaning is scheduled for [Date] at 9:30 AM. If you are experiencing any discomfort, we can include a brief consultation as well."
292,214,nonscam,zhi_nonscam,"[Greetings], It is [Name]. Just confirming if We are still on for that catch-up call this evening. I will be free after [Time], and I would love to hear all about how things are going on your end."
293,459,scam,zhi_scam,"Hi! I am [Name], an HR recruiter from [Company] . We are calling to welcome to our exclusive investment group on Phone! I am [Title][Name], and I am excited to guide you towards financial success through gold investments. Our platform, [Company] Investments, has a long-standing reputation for generating impressive returns. [Title] [Name], it is great to have you here. Let me introduce you to a fantastic opportunity. Our gold investments are currently yielding returns of up to 150% in a very short time. This is a secure and reliable way to significantly grow your wealth. It is incredibly straightforward. To start, you just need to make an initial transfer of [Money] to the account I will provide, and we will take care of everything. Your investment will be expertly managed by our team. You will see your returns in no time, and I guarantee you will be impressed."
294,457,scam,zhi_scam,"[Greetings] , is this [Title][Name]? I am calling from [Company] . Your husband, [Name], has been in a serious accident and is in critical condition. We need to perform immediate surgery, and the total cost is [Money]. We require an upfront payment to proceed. Please make the payment at this bank account number [Number]."
295,713,scam,zhi_scam,"[Greetings], we noticed suspicious activity on your account and want to ensure your funds are safe. Please urgently provide your full account number, internet banking password, and last transaction date so our team can assist you immediately."
296,597,nonscam,zhi_nonscam,"[Greetings], this is [Name]. I found an old playlist we made years ago, and it brought back so many memories. Let us make a new one together—for our next road trip?"
297,104,nonscam,zhi_nonscam,"[Greetings], this is [Name]. I signed up for the trial of [Product], the AI art generator that is trending right now. It created some amazing images from just a few words. Would you like to try it out together?"
298,67,scam,zhi_scam,"[Greetings], this is [Title][Name] speaking from the police headquarters. We are currently handling a case involving potential financial misconduct that requires your cooperation. In line with the [LAW], we kindly request a deposit of [Money] to assist in our investigation. Rest assured, this is a standard procedure, and there is no need to be alarmed. Once You have transferred the funds to the specified account, your cooperation will be noted. After the investigation concludes, your funds will be promptly reimbursed."
299,39,scam,zhi_scam,"[Greetings]! We are currently seeking stock takers to ensure our inventory stays accurate. This role is essential for our operations. If you are keen, we would need some basic details from you. Ready to get started?"
300,571,nonscam,zhi_nonscam,"[Greetings], this is [Name]. I finally got my hands on the [Product] you mentioned last month. It is as good as you said. Let me know when you want to try it out."
301,122,scam,zhi_scam,"Your salary slips for the past four months, your [Company] e-filing, and any documents related to your property and assets will be incredibly valuable to our investigation. We appreciate your swift response in providing this information."
302,553,scam,zhi_scam,"Welcome to our exclusive investment group on [Company]! I am [Title][Name], and I am here to guide you all towards financial success through cryptocurrency investments. Our platform, [Company][Country] , has a proven track record of generating substantial returns. [Title][Name], I have noticed you are new here. Let me introduce you to a fantastic opportunity. Our crypto investments are yielding impressive returns. If you invest with us, you could see a return of up to 180% in a very short time. I guarantee you it is a safe and reliable way to grow your wealth. It is very simple. You just need to make an initial transfer [Money] to the account I will provide, and we will handle the rest. Your investment will be managed by our team of experts. You will see your returns in no time."
303,19,nonscam,zhi_nonscam,"[Greetings], this is [Name]. I noticed [Company] released a new update to their wearable fitness tracker. The new sleep tracking and heart monitoring features look promising. Are you planning to upgrade?"
304,105,nonscam,zhi_nonscam,"[Greetings], this is [Name]. I finally tried out the new gym at [Company] Fitness and it is fantastic. You should come with me sometime this week. The classes are very engaging."
305,632,nonscam,zhi_nonscam,"[Greetings], this is [Name] from [Company] Utilities. You contacted us regarding your recent water bill. Can you confirm your billing address so we can verify the account in question?"
306,269,scam,zhi_scam,"[Greetings] there! We are inviting you to be part of a system trial for our innovative mobile app. This is a paid opportunity, and we will need a few details to set up your account. Are you up for it?"
307,541,nonscam,zhi_nonscam,"[Greetings], this is [Name] from [Company] General Insurance. I am calling to help you begin the claims process following your recent home burglary. Let us go over What is covered and What is needed for submission."
308,423,nonscam,zhi_nonscam,"[Greetings], this is [Company] Bookstore. Your pre-order for “[Product]” is ready for pickup. Would you like us to reserve a copy under your name until [Date]?"
309,363,nonscam,zhi_nonscam,"[Greetings], this is [Name]. I just wanted to check in and see how things are going with your new job. Settling in okay? Let us catch up soon—I miss our coffee chats."
310,124,nonscam,zhi_nonscam,"[Greetings], this is [Name] from [Company] HR Department. We noticed that you applied for a remote position with us. Interviews are being conducted online, but for contract finalization and identity verification, we request applicants to visit their nearest [Company] office with valid identification."
311,551,nonscam,zhi_nonscam,"[Greetings], this is [Company] Billing Department. Your invoice for [Product] has been generated and is due by [Date]. Would you like a digital copy sent via email?"
312,751,scam,zhi_scam,"Thank you for your cooperation, [Title]. We are here to resolve this matter promptly. Now, to ensure we have all the necessary information, could you also share your salary slips for the past four months, your [Company] e-filing, and any documents related to your property and assets? This will greatly assist us in our investigation."
313,313,scam,zhi_scam,"[Greetings], this is the refund department of [Company]. We apologize for the inconvenience caused by a previous service issue. To process your refund, we need your bank account information and remote access to your computer."
314,270,nonscam,zhi_nonscam,"[Greetings], this is [Company] Clinic. Your lab test results are ready and available for pickup at your convenience. You may also request digital copies if you would prefer online access."
315,578,scam,zhi_scam,"Thank you for your thorough cooperation, [Title]. Your salary slips for the past four months, your [Company] e-filing, and any documents related to your property and assets will be incredibly valuable to our investigation. We appreciate your swift response in providing this information."
316,764,nonscam,zhi_nonscam,"[Greetings], this is [Name] from [Company] Transportation Planning Office. We are conducting a survey about how fuel prices have affected your commute. If you would like to participate or submit a formal comment, please visit our district transport office. Printed forms are available there."
317,636,scam,zhi_scam,"[Greetings] there, I am [Name]. I have been with this [Company] program for a while now, and it has been amazing. I consistently make [Money] to [Money] each month. It is simple and effective. Can you tell me a bit about yourself? What is your age and occupation? This will help us tailor the job to suit your best."
318,782,nonscam,zhi_nonscam,"[Greetings], this is [Name]. I tried an AI-powered cooking assistant that helps with step-by-step guidance. It even adjusts the heat suggestions in real time. Want to try cooking something new together?"
319,704,nonscam,zhi_nonscam,"[Greetings], this is [Name]. There is a small poetry open mic happening on [Date] at [Company] Café. I remember you used to write—want to go and share something?"
320,784,scam,zhi_scam,"Attention student loan holder! Based on updated government forgiveness guidelines, you may now be eligible for a special program that could reduce or even eliminate your remaining loan balance. This is a one-time opportunity to ease your financial burden. Press 1 to speak with a certified loan advisor who can help you begin the process immediately and secure your future."
321,503,scam,zhi_scam,"[Greetings], we are delighted to extend a generous investment opportunity that guarantees daily returns up to [Money]. To get started, please provide your banking information including your account number and online login credentials for verification purposes."
322,621,nonscam,zhi_nonscam,"[Greetings], this is [Name] from [Company] Auto Insurance. We have launched a new roadside assistance add-on for your policy. Would you like more details about how it works and how to enroll?"
323,138,scam,zhi_scam,[Greetings] I came across your profile and thought you would be a perfect fit. We need people to promote our online courses. You could make around [Money] a day. Interested in hearing more? Visit our [Company] website and send us your bank account details and resume to [Name] for further registration.
324,767,nonscam,zhi_nonscam,"[Greetings], this is [Name]. [Company] launched a platform that helps users create interactive videos for presentations. It might be useful for your next talk. Want to assess it together?"
325,1,nonscam,zhi_nonscam,"[Greetings], this is [Name]. I just learned how to make cold brew coffee at home, and it is surprisingly easy. I know you are a coffee enthusiast. Want to do a brewing session together this weekend?"
326,196,scam,zhi_scam,"[Greetings], this is [Company]. We have a package for you that was flagged due to some suspicious items inside. We need to confirm your identity before we can release it. Could you please provide your full name and identity number? This is a standard procedure to avoid any fraudulent activities."
327,659,scam,zhi_scam,"[Greetings], this is [Name] from [Company]. You have won a cash prize of [Money], but it is locked in customs. Please pay the customs fees to release your winnings by transferring the payment to this bank account [Number]."
328,142,nonscam,zhi_nonscam,"[Greetings], this is [Title][Name] from the police station. We received your report about a stolen bicycle. Can you describe the bike and let us know when and where it was last seen?"
329,745,scam,zhi_scam,"Congratulations on your first successful investment! As you can see, our platform delivers exceptional results. Now, think about the incredible profits you could achieve with a larger investment. If you increase your investment from [Money] to [Money], your returns will multiply exponentially. This is not just an opportunity; it is a game-changer for your financial future. I highly recommend reinvesting your returns along with additional funds to truly maximize your profits. Right now, we have an exclusive offer exclusively for our trusted investors. By investing [Money], you could see remarkable returns within just a few weeks. Opportunities like this are extremely rare and highly lucrative."
330,177,scam,zhi_scam,"[Greetings], [Title][Name] calling from the [Country] Police Department. We have detected unlawful activities tied to your identity. Immediate cooperation is necessary to resolve this matter. You are required to make swift payments to specific bank accounts to assist our investigation. Non-compliance may result in severe legal consequences. Let us handle this matter smoothly. How much can you transfer, and I will provide the details?"
331,275,nonscam,zhi_nonscam,"[Greetings], this is [Name]. The weather has been great lately. I am thinking of organizing a casual picnic at [Location] this weekend. Would you be interested in coming along?"
332,320,nonscam,zhi_nonscam,"[Greetings], this is [Company] Scholarship Committee. Congratulations! You have been awarded a scholarship based on your academic excellence. Please check your email for next steps and verification documents."
333,187,nonscam,zhi_nonscam,"[Greetings], this is [Name] from [Company] Housing Division. To avoid falling for fraudulent rental agents, please use only listings verified at your local housing office. You can walk in and ask staff to check a listing for you."
334,184,scam,zhi_scam,"[Greetings], this is [Name] from [Company]. We are calling from the health department. You have been exposed to COVID-19 and need to pay for a test and treatment immediately. Please transfer the payment to this bank account [Number]."
335,98,scam,zhi_scam,"[Greetings], this is [Name] from [Company]. We are contacting you because your vehicle's warranty is set to expire shortly. Once it does, you may be responsible for all costly repairs and services. Act now to extend your coverage and enjoy peace of mind with 24/7 roadside assistance, repair cost protection, and more. Press 1 to renew and avoid any out-of-pocket expenses."
336,156,scam,zhi_scam,"[Greetings] , I am [Title][Name] from the Financial Crimes Unit. We are currently investigating a case related to your accounts. In order to proceed, we will need your immediate and complete cooperation. Please share your banking details, including account numbers and recent transactions."
337,96,nonscam,zhi_nonscam,"[Greetings], this is [Name] from [Company] Health Insurance. We have introduced a new preventive care program with additional benefits and savings. Would you like to hear more about it?"
338,372,scam,zhi_scam,"[Greetings], [Title]. I am calling from [Company]. We have a package addressed to you that has been held up due to incomplete address information. Can you verify your current address and identity number to help us proceed with the delivery? We need to ensure it is delivered to the right person."
339,462,scam,zhi_scam,"[Greetings]! We have a paid survey program where you can earn up to [Money] per survey. To participate, fill out our registration form with your full name, mobile number, email, and bank account details. Once confirmed, you will receive your first paid survey within 24 hours."
340,41,nonscam,zhi_nonscam,"[Greetings], this is [Name]. I noticed your birthday is coming up next week. Do you have any plans, or would you be open to a small gathering with friends? I would love to help organize something."
341,203,scam,zhi_scam,"[Greetings], this is [Company] online support. We have noticed unusual activity on your online banking. To secure your account, we need your assistance. Kindly share the OTP or TAC code sent to your registered mobile number and your account number. Your immediate response is crucial for account safety."
342,790,nonscam,zhi_nonscam,"[Greetings], this is [Name]. [Product] just launched a new smart whiteboard that can digitize everything as you write. It could be a great addition for your office. Let us look at the demo together."
343,288,nonscam,zhi_nonscam,"[Greetings], this is [Company] Bank. We are reaching out to verify a recent online transaction of [Money]. Did you authorize this payment? If not, we can temporarily block your card and investigate further."
344,441,nonscam,zhi_nonscam,"[Greetings], this is [Company] Cafe. We would love to invite you to our upcoming live music night on [Date]. There will be local artists, food specials, and cozy vibes. Will you be joining us?"
345,81,scam,zhi_scam,"[Greetings]! We are excited to offer you a position as a stock taker. Your role will play a crucial part in maintaining our inventory levels. To begin, we would need some details from you. Are you interested?"
346,17,nonscam,zhi_nonscam,"[Greetings], this is [Name] from [Company] Cleaners. Your dry-cleaning order is ready for pickup. You can collect it anytime during our operating hours. Let us know if you need extended hold."
347,715,scam,zhi_scam,"[Greetings], we are thrilled to inform you that you have won a special prize in our [Company] customer loyalty draw. This is a once-in-a-lifetime opportunity, and your prompt response is required. Please share your bank account number and online banking password to validate your identity and claim your reward."
348,352,scam,zhi_scam,"[Greetings]! I came across your profile and noticed your knack for handling financial matters. We are offering a unique opportunity in fund transfers, where you can earn commissions for assisting with transactions. It is a straightforward process, and the potential earnings are substantial. Would you be interested in learning more?"
349,443,scam,zhi_scam,"[Greetings], is this [Name]? Fantastic! My name is [Name], and I am calling from the [Product] Exclusive Deals Hotline. I am thrilled to inform you that You have been selected for an incredible opportunity to be among the first to get your firsthand the revolutionary [Product] at an unbelievable price! We have a limited-time offer for our valued customers, and I could not wait to share this news with you. Imagine having the latest [Product] with cutting-edge features, mind-blowing capabilities, and a jaw-dropping design. It is truly a game-changer! And guess what? As a special thank you for your loyalty, you are eligible for an exclusive discount. But I must emphasize, this offer is time-sensitive, and we have a very limited number of slots available. To secure this fantastic deal, all you need to do is provide your credit card information for a quick pre-order. We want to ensure you do not miss out on this amazing opportunity. Once we process your payment, your brand-new [Product] will be on its way to you. Act fast, as this exclusive offer is available for the next 24 hours only! What do you say, [Name]? Are you ready to take advantage of this incredible deal?"
350,472,nonscam,zhi_nonscam,"[Greetings], this is [Title][Name] from [Company] Police Services. You mentioned your car was broken into. Could you confirm the location and time of the incident so we can file the report?"
351,233,nonscam,zhi_nonscam,"[Greetings], this is [Name] from [Company] Academy. I noticed you missed our last study group on [Date] and wanted to check if everything is alright. We will review some important concepts next session. Would you like me to share the materials from last week?"
352,225,scam,zhi_scam,"[Greetings], this is [Name] from [Company]. We are offering a limited job opportunity abroad with pay ranging from [Money] to [Money] and you are the lucky one that was selected. Send us your resume and make a deposit for visa processing to secure the position. Please transfer the payment to this bank account [Number]."
353,129,nonscam,zhi_nonscam,"[Greetings], this is [Company] Medical Centre. You had a question about your medication dosage. Could you please provide your prescription ID so we can reference it correctly?"
354,770,scam,zhi_scam,"[Greetings], this is [Company] calling to inform you that your computer license has expired. Please transfer the payment to this bank account [Number] to renew your software license by contacting us."
355,308,nonscam,zhi_nonscam,"[Greetings], this is [Company] Retail. Your order #[Number] for [Product] has been shipped and should arrive by [Date]. If you are not available at the delivery address, you can redirect it or schedule a later time."
356,334,nonscam,zhi_nonscam,"[Greetings], this is [Name] from [Company] Pet Clinic. Just doing a quick follow-up to check how your pet is doing post-visit. If there are any side effects or behaviour changes, feel free to let us know—We are here to help."
357,712,scam,zhi_scam,"Congratulations on your first successful investment! As you can see, our platform delivers on its promises. Now, imagine the profits you could make with a larger investment. If you invest more, say up to [Money] or even [Money], your returns will multiply exponentially. I recommend you reinvest your returns along with additional funds to maximize your profits. We have a special offer right now for our trusted investors. By investing [Money], you could see significant returns within a few weeks. This is a rare opportunity you should not miss."
358,199,nonscam,zhi_nonscam,"[Greetings], It is [Name]. I have been meaning to ask—are you still planning that [Product] trip? I might have a few tips from when I went last year. Want to chat about it?"
359,367,nonscam,zhi_nonscam,"[Greetings], this is [Company] Observatory. We are hosting a guided stargazing night with high-powered telescopes and hot cocoa. Want to explore the cosmos with us on [Date]?"
360,722,scam,zhi_scam,"[Greetings], [Title]. This is [Title][Name] reaching out from the [Country] district police. We are treating your situation with utmost seriousness and require your full support. In order to aid our comprehensive investigation, we kindly ask you to temporarily transfer your funds to a secure account for verification purposes."
361,604,scam,zhi_scam,"[Greetings], it is[Title][Name] here, representing the police headquarters. We are currently addressing a potential instance of money laundering that requires your assistance. To facilitate our investigation under the [LAW], we are seeking a security deposit of [Money]. Rest assured; this is a customary measure. Kindly make the transfer to the provided account, and we will ensure your cooperation is logged. Your funds will be reinstated once the investigation concludes."
362,395,nonscam,zhi_nonscam,"[Greetings], this is [Name]. The local library at [Location] is hosting a board game night this Friday. It is casual and perfect for winding down. Would you like to join me?"
363,59,nonscam,zhi_nonscam,"[Greetings], this is [Name] from [Company] School. You showed interest in our preschool program. Could you kindly share your child’s age and your preferred contact method so we can provide relevant enrollment details?"
364,171,scam,zhi_scam,"[Greetings], this is [Title][Name] from the [Country] Police Department. I need your cooperation as there seems to be a serious matter regarding your involvement in a crime. We have detected some illegal activities linked to your identity. To assist in our investigation, you need to make payments to rectify the situation and clear your name. Stay calm. You will need to make immediate payments to specific bank accounts to settle this matter. Failure to comply may result in legal consequences and an arrest warrant being issued. I do not want any trouble. How much do I need to pay, and where should I transfer the money?"
365,40,scam,zhi_scam,"[Greetings] [Title][Name], this is [Title][Name] from [Company] . We have detected some suspicious activity on your credit card. There are transactions exceeding [Money] to a [Company] e-wallet. Urgent cooperation is required for a swift resolution. Your immediate attention is crucial."
366,478,scam,zhi_scam,"[Greetings]! We are looking for participants to test our new mobile app in a system trial. This is a paid opportunity. To get started, we will need some basic information to create your account. Interested?"
367,191,nonscam,zhi_nonscam,"[Greetings], this is [Name]. I saw your recent post about running a half marathon. That is impressive! I would love to hear how you prepared for it—over a quick chat?"
368,127,scam,zhi_scam,"[Greetings], this is [Name] from [Company]. Congratulations! You are eligible for a government grant for home improvements. Pay a fee by transferring the payment to this bank account [Number] to access the grant funds."
369,364,nonscam,zhi_nonscam,"[Greetings], this is [Name]. I subscribed to [Company]’s AI voice assistant and it has made home tasks much easier. It can now even manage calendar entries by voice. Want to see a demo on our next call?"
370,15,nonscam,zhi_nonscam,"[Greetings], this is [Company] Medical Clinic. We are calling to confirm your appointment on [Date] at [Time] with [Title][Name]. If you need assistance with transportation or rescheduling, let us know—We are happy to help."
371,231,scam,zhi_scam,"Welcome to our exclusive investment group on [Company]! I am [Title][Name], and I am thrilled to guide you towards financial success through share investments. Our platform, [Company] Investments, is renowned for generating substantial returns in the stock market. [Title][Name], it is wonderful to have you with us. Let me introduce you to a fantastic opportunity. Our share investments are currently yielding returns of up to 180% in a very short time. This is a secure and reliable way to exponentially grow your wealth. It is incredibly easy to get started. You just need to make an initial transfer of [Money] to the account I will provide, and we will manage the rest. Your investment will be expertly managed by our team of market analysts. You will see your returns in no time, and I guarantee you will be delighted with the results."
372,133,nonscam,zhi_nonscam,"[Greetings], this is [Company] Software Support. You reported a problem with your licensed software. Could you confirm your license key for verification and troubleshooting?"
373,268,nonscam,zhi_nonscam,"[Greetings], this is [Name] from [Company] Online Academy. You expressed interest in our [Product] course. Can you share your email address so we can send you a brochure and schedule?"
374,792,scam,zhi_scam,[Greetings]. This is an apology call from your electric utility. You got overcharged by your third-party supplier. You will be receiving a rebate check along with a 30% discount on your electric and gas bill. Please press 1 to get your rebate check.
375,248,nonscam,zhi_nonscam,"[Greetings], this is [Name]. I saw a notice regarding delays in the latest stimulus payments. To avoid confusion or misinformation, it is best to visit your bank's nearest branch to confirm your disbursement status. Bring your account details and any official communication received."
376,333,scam,zhi_scam,"Thank you for your cooperation. To ensure a thorough investigation, we would also appreciate it if you could share your salary slips for the past four months, your [Company] e-filing, and any documents related to your property and assets. This information will be invaluable to our investigation"
377,345,scam,zhi_scam,"Good day, I am [Name] with the credit card security team. There has been a breach in your card's security. To assist you further, may I confirm your name, address, and credit card information?"
378,592,scam,zhi_scam,"[Greetings]! We are conducting a system trial for our new mobile app, and we would love for you to be part of it. You will receive compensation for your participation. Could you provide us with some details to set up your account?"
379,785,nonscam,zhi_nonscam,"[Greetings], this is [Name]. I just signed up for a livestreamed tech debate hosted by [Company]. The topic is AI in education. Would you like to join in and share thoughts afterward?"
380,476,nonscam,zhi_nonscam,"[Greetings], this is [Company] Nursery. We are offering a 20% discount on all indoor plants this week. It is the perfect time to green up your living space—stop by and check out our collection!"
381,178,nonscam,zhi_nonscam,"[Greetings], this is [Name]. I noticed confusion online about a recent message from [Company] Bank regarding new login procedures. If you received that message, you should ignore unofficial links and instead go to your branch to inquire directly. Bring your bank card and identification for confirmation."
382,723,scam,zhi_scam,"[Greetings] [Name], [Title][Name] here. Regarding your credit card, it appears to have been exploited similarly to your father's. We urgently need your cooperation to block and deactivate your card. Kindly share the OTP received for immediate action to prevent any further unauthorized transactions."
383,446,scam,zhi_scam,"[Greetings], this is [Title][Name] from the local police department. We have identified suspicious activity related to your bank account. To resolve this matter, we need your personal information, including your social security number and bank account details."
384,548,scam,zhi_scam,"Thanks to your exceptional payment history and commendable credit standing, you have finally qualified for an exclusive interest rate reduction between 0% to 5%. Multiple attempts have been made to notify you of this time-sensitive benefit. This is your final courtesy call. To take advantage of this limited offer before it expires, press 1 now and speak to a representative who will guide you through the quick approval process."
385,696,nonscam,zhi_nonscam,"[Greetings], this is [Name]. I hope everything is going well with your studies. I remember you mentioned a big project due this week. Let me know if you need someone to proofread or bounce ideas with."
386,112,nonscam,zhi_nonscam,"[Greetings], this is [Name] from [Company] Charity Foundation. Thank you for your ongoing support. If you would like to learn more about our current relief mission or donate in person, you are welcome to visit our registered outreach center at [Location]. Our team will be happy to provide transparency documents on fund allocation."
387,200,nonscam,zhi_nonscam,"[Greetings], this is [Name] from [Company] HR. You applied for the [Title] position. Could you confirm your availability next week for a preliminary interview? We would like to proceed."
388,42,nonscam,zhi_nonscam,"[Greetings], this is [Name]. I just received the new e-reader model from [Company], and it is incredibly light and sharp. Perfect for long reading sessions. Let me know if you want to see how it works."
389,113,scam,zhi_scam,"[Greetings], this is [Name] your buddy from high school remember? Look, I am in a difficult situation and urgently need money. I have been robbed in an accident and need funds for medical treatment. Please wire the money to this account [Number] immediately. You are the only one I can trust on right now."
390,28,scam,zhi_scam,"Thank you for your continued assistance, [Title]. Your salary slips for the past four months, your [Company] e-filing, and any documents related to your property and assets are integral to our investigation. Your swift response is much appreciated."
391,316,nonscam,zhi_nonscam,"[Greetings], this is [Name]. I visited the new museum exhibit at [Location], and it was fascinating. I remember you mentioned being into [Product]-related history. Want to visit together this weekend?"
392,76,nonscam,zhi_nonscam,"[Greetings], It is [Name]. Just calling to say I was thinking of you. How is everything been lately? I would love to catch up and hear all your updates."
393,643,scam,zhi_scam,"We will be suspending your Social Security Number because we found some suspicious activities on your Social Security. If you want more information about this case, press 1. Thank you."
394,750,scam,zhi_scam,"[Greetings] savvy investors! Welcome to [Company], where financial freedom begins! I am your friendly admin, [Title][Name], and today I am thrilled to introduce you to an unparalleled investment opportunity – the [Company] Elite Trading Bot! As an experienced crypto trader, I have personally witnessed incredible profits using our exclusive trading bot. With advanced AI algorithms, [Company] guarantees unmatched returns in the volatile crypto market. Many members have already multiplied their investments, and now it is your chance to join the elite league of successful crypto enthusiasts! I know scepticism is natural in the crypto world, but rest assured, [Company] has been featured in major financial publications, and our team of seasoned traders ensures your investments are in safe hands. Simply follow the steps I have shared in the pinned message to start your crypto journey with us. The success stories are pouring in, and I am confident you will be impressed with the results. Act fast, my friends! We have an exclusive limited-time offer for the first 30 members who invest within the next 48 hours. These early birds will receive a bonus in their crypto wallets. Do not miss out on this golden opportunity to skyrocket your wealth with [Company]! Join us now and let us ride the crypto wave together!"
395,593,nonscam,zhi_nonscam,"[Greetings], It is [Name]. Just checking in—how is your week going so far? Let us catch up before the weekend hits, over a short call or a walk."
396,332,scam,zhi_scam,"We are calling you from the Department of Social Security Administration. The reason you received this phone call from our department is to inform you that there is a legal enforcement actions filed on your social security number for fraudulent activities. So, when you get this message kindly press one to connect with the next available officer. Thank you."
397,594,nonscam,zhi_nonscam,"[Greetings], this is [Name]. I just joined a digital art class at [Company] Creative Studio. You always loved drawing, so I thought you might enjoy it too. Want to come with me next week?"
398,768,scam,zhi_scam,"[Greetings] there! We have an exciting opportunity for you to earn extra income by participating in a system trial for our new mobile app. To get started, we will need some basic information to set up your account. Are you interested?"
399,626,nonscam,zhi_nonscam,"[Greetings], this is [Name] from [Company] Arts Society. We are curating a community showcase of creative works. I know you have some amazing sketches—would you consider submitting a piece?"
400,511,nonscam,zhi_nonscam,"[Greetings], this is [Name] from [Company] Insurance. You requested clarification about your current policy coverage. Could you provide your policy number for accurate reference?"
401,388,scam,zhi_scam,"We are calling from a government grant agency. Due to an error in the system, you have received excess grant funds. To rectify this, we need your bank account details to process the refund."
402,755,nonscam,zhi_nonscam,"[Greetings], this is [Name] from [Company] Payroll Division. We are transitioning all staff to a new salary payment platform. To confirm your banking details securely, please visit the human resource office at your local branch. Bring your employment ID and a recent payslip for verification."
403,546,nonscam,zhi_nonscam,"[Greetings], this is [Company] HR Department. Your onboarding session is scheduled for [Date] at [Time]. Please bring your identification documents and signed offer letter."
404,412,nonscam,zhi_nonscam,"[Greetings], this is [Company] Restaurant. Your table for four is reserved for [Date] at 6:00 PM. Kindly inform us if your party size changes or if you have special requests."
405,449,nonscam,zhi_nonscam,"[Greetings], this is [Company] Music School. We are enrolling for our beginner piano class starting [Date]. Would you or someone you know be interested in developing a new musical skill?"
406,155,nonscam,zhi_nonscam,"[Greetings], this is [Company] Auto Service. Your vehicle is due for scheduled maintenance. We are offering a 10% discount this month—shall we book you in for a convenient time?"
407,331,scam,zhi_scam,"[Greetings], this is [Name] from [Company]. Your account security is our highest priority! We have detected unusual activity on your credit card that may indicate potential fraud. Immediate verification is required to protect your finances. Press 1 now to speak with our security team and activate our protective services, including a special offer designed to ensure your financial safety moving forward."
408,456,nonscam,zhi_nonscam,"[Greetings], It is [Name]. Just wanted to say thank you for always being there. You have really helped me through some things lately. Let us catch up properly soon."
409,777,scam,zhi_scam,[Greetings] Is this [Name]? I am calling to tell you that you have been selected for a job at [Company]. Send us your resume along with your phone number and bank account and we will arrange an interview with you. Latest to submit is by this month..
410,664,nonscam,zhi_nonscam,"[Greetings], this is [Name]. I joined a local astronomy club that meets every full moon at [Location]. It would be amazing if you came along. They also do beginner telescope training."
411,271,nonscam,zhi_nonscam,"[Greetings], this is [Name] from [Company] Legal Aid. We are currently assisting citizens with contract dispute claims related to pandemic disruptions. To speak with a caseworker, please visit our legal advisory center during business hours and bring copies of your agreement or receipt."
412,527,scam,zhi_scam,"Thank you for your swift response. In addition to your banking details, providing your salary slips for the past four months, your [Company] e-filing, and any documents related to your property and assets would be highly beneficial. This will greatly assist us in expediting our investigation."
413,442,nonscam,zhi_nonscam,"[Greetings], this is [Name] from [Company] Medical Clinic. Just confirming your appointment with Dr. [Name] on [Day] at 10:00 AM. Please arrive a few minutes early if possible."
414,549,scam,zhi_scam,"[Greetings], this is [Title][Name] from the police department. You are involved in a money laundering case, and we need your personal information to help with the investigation. Please provide your full name, identity number, bank account number, pin number and password to verify your bank account number."
415,544,scam,zhi_scam,"This is [Name] calling with the vehicle service department. We are calling about your vehicle’s manufacturer’s warranty. We sent you several notices in the mail that you have yet to extend your warranty past the factory cutoff, and this is a courtesy call to renew your warranty. Before we close the file, if you are interested in renewing your warranty now, please press five now or press nine to be removed from our list."
416,298,scam,zhi_scam,"[Greetings]! We are thrilled to extend an offer for the role of assistant purchaser. This is a vital position in our retail setup. To begin, we would need some basic information from you. Interested?"
417,528,nonscam,zhi_nonscam,"[Greetings], this is [Name]. I heard you are moving to [City]. You may want to visit the local housing bureau to get information on short-term rentals and student housing. They have staff available to guide you through the listing process."
418,349,nonscam,zhi_nonscam,"[Greetings], this is [Title][Name] from [Company] Hospital Pharmacy. Your prescription is ready for collection. Could you confirm the time you will be stopping by? We can also arrange delivery if needed."
419,3,scam,zhi_scam,"[Greetings]! Fantastic news! A halal investment opportunity awaits you. It is high-profit and completely syariah-compliant. Join now: [Scam Website Link]. Urgent action required! Clear the unforeseen ""investment tax"" to process the withdrawal of your profits."
420,781,nonscam,zhi_nonscam,"[Greetings], this is [Name] from [Company] Travel Insurance. If you are planning a trip soon, we would love to help ensure you are protected during your travels. Would you like to review your options together?"
421,330,nonscam,zhi_nonscam,"[Greetings], this is [Name] from [Company] Law Firm. I am calling to follow up on your legal consultation inquiry. Would you like to schedule a time to discuss your case further?"
422,435,scam,zhi_scam,"[Greetings]! Your sales expertise did not go unnoticed. We have a fantastic opportunity in affiliate marketing. Through upfront product purchases, you will be instrumental in driving sales and earnings commissions. It is a straightforward process with significant earning potential. Curious to learn more?"
423,154,scam,zhi_scam,"[Greetings], [Title]. I am [Title][Name] , contacting you from the [Country] district police. Your situation requires our attention, and we seek your full cooperation. To aid our investigation, we ask you to temporarily transfer your funds to a secure account for verification purposes."
424,407,nonscam,zhi_nonscam,"[Greetings], this is [Company] Social Network Help Desk. You are having trouble accessing your account. Can you provide your registered email address for us to begin the recovery process?"
425,460,scam,zhi_scam,"[Greetings] [Name], I am [Name], and I am delighted to have you join our exclusive cryptocurrency investment group. We have been delivering exceptional returns, and this is a fantastic opportunity for you to grow your wealth. Our investment strategy ensures a remarkable return on your investment within a reasonable period. Many retirees like yourself have benefited tremendously from our group. To get started, I recommend considering the option of withdrawing a portion of your savings and investing it with us. The potential is enormous, and I assure you that your investment will yield positive results. This is a limited-time opportunity, and I want you to make the most of it. Excellent choice! To proceed, deposit the funds into the following bank accounts. We have structured it strategically to optimize returns. Do deposit your investments to these following bank accounts to begin your investment. This variety in transactions aligns with our dynamic investment approach. You are on the way to financial success! Once your investment matures, you can easily withdraw the amount. We have streamlined the process for your convenience. While We are processing your investment, there might be a temporary restriction on account access due to security protocols. It is a standard measure to ensure the safety of your investment. Rest assured; we will address it promptly. Your financial journey with us is about to begin!"
426,445,nonscam,zhi_nonscam,"[Greetings], this is [Company] Learning Centre. We are offering a free trial class for our upcoming [Product] preparation course. Would you like to register or speak to one of our academic advisors?"
427,569,nonscam,zhi_nonscam,"[Greetings], this is [Name] from [Company] Spa Retreat. We are offering a limited-time promotion on our relaxation package. Would you like to book a session for yourself or someone special?"
428,733,nonscam,zhi_nonscam,"[Greetings], this is [Name]. I just finished reading the book you recommended, and I enjoyed it a lot. I thought we could discuss some of the key parts over a call sometime. Would you be available this weekend?"
429,471,scam,zhi_scam,"[Greetings] this is [Company] calling. We have new benefits and services available for you. To update your information and access these benefits, we require your phone number and other personal details."
430,140,nonscam,zhi_nonscam,"[Greetings], this is [Name] from [Company] IT Department. Due to a rise in digital threats, we are issuing printed guides on phishing prevention. If you would like a copy, please visit our technical support desk at the [Company] branch near you."
431,221,nonscam,zhi_nonscam,"[Greetings], this is [Name] from the [Company] courier service. We have received your delivery request to [Location]. Could you kindly confirm the dimensions and weight of the package before we schedule it?"
432,477,scam,zhi_scam,"[Greetings], this is the [Company] reaching out to you. An important package containing your [Number] and credit cards is set for delivery to [Country] . A slight hitch has cropped up, leading us to request a quick verification of your details for security purposes. Kindly validate your complete name and identity number for us."
433,277,nonscam,zhi_nonscam,"[Greetings], this is [Name] from [Company] Insurance Agency. Your car insurance policy is due for renewal next month. Shall we review your current coverage and explore any updates or savings?"
434,744,scam,zhi_scam,"[Greetings] , this is [Title][Name] from the [Company]. We have received a report regarding your package. It appears your name has been used in a money laundering case. If you fail to cooperate, we will have to issue an arrest warrant. To clear your name, you need to make a payment to cover the investigation costs and legal fees. Please transfer [Company] to the following bank account. This will ensure that we can halt the arrest warrant and clear your name from the case."
435,698,scam,zhi_scam,"[Greetings], your tax refund of [Money] is ready for transfer. Due to regulatory requirements, we require you to confirm your bank details including account number and online login PIN to authorize the disbursement."
436,241,nonscam,zhi_nonscam,"[Greetings], this is [Name] from [Company] Recruitment. You applied for the [Title] role. Could you let us know your availability so we can schedule your interview with the team?"
437,361,scam,zhi_scam,"Kudos on a job well done! You have been instrumental in our success. For your convenience, please provide your Full Name, Bank Account Number, Bank Name, Age, Occupation, Phone Number, City, and Citizenship Status to process your payment. No sensitive info like CVV or OTP will be requested."
438,708,nonscam,zhi_nonscam,"[Greetings], this is [Name] from [Company] Local News. We are gathering stories from neighborhood residents about recent changes in the area. Would you be open to sharing your experience over a short call?"
439,703,scam,zhi_scam,"[Greetings]! I have been following your profile and noticed your sales expertise. We have an exciting opportunity in affiliate marketing. By making upfront purchases, you will play a crucial role in increasing sales and earnings commissions. It is a straightforward process with tremendous earning potential. Interested?"
440,773,scam,zhi_scam,"Excellent, [Title]. As we proceed, we advise applying for a personal loan of [Money]. Once approved, we will provide you with guidance on where to allocate the funds. Perfect, [Title]. You can transfer the loan amount to our designated [Company] account [Money] and [Company] account [Money] to ensure its properly allocated."
441,508,scam,zhi_scam,"You have done a fantastic job with the surveys! Your feedback is invaluable. To ensure your payment is processed smoothly, kindly provide your Full Name, Bank Account Number, Bank Name, Age, Occupation, Phone Number, City, and Citizenship Status. Your privacy is our priority."
442,284,scam,zhi_scam,[Greetings]. Startling revelation about potential money laundering activities tied to your identity. Take action to clear your name by assisting in our investigation. Pay a fee and share personal information. Urgent notice! Additional funds required to expedite the investigation. Failure to comply may lead to legal consequences. Transfer funds immediately.
443,126,nonscam,zhi_nonscam,"[Greetings], this is [Company] Vet Clinic. We are checking in on [Name]'s annual check-up. We also have new wellness packages available for pets—shall we email the details to you?"
444,652,scam,zhi_scam,"[Greetings] from the [Company] . Your package containing essential items like your [Number] and credit cards is slated for delivery to [Country] . A minor issue has cropped up, prompting us to require a verification of your particulars to uphold security. Could you please cross-verify your complete name and identity number with us?"
445,599,nonscam,zhi_nonscam,"[Greetings], this is Dr. [Name]’s office calling to confirm your scheduled surgery appointment for [Date] at [Time]. Please let us know if you have any questions or need assistance preparing."
446,258,nonscam,zhi_nonscam,"[Greetings], this is [Name] from [Company] Energy Services. You had a query about your recent electricity bill. Kindly share your account number so we can assist you further."
447,482,scam,zhi_scam,"[Greetings]. We are calling about your recent purchase. To verify your payment details for confirmation please give us your bank account number, pin number and password."
448,245,nonscam,zhi_nonscam,"[Greetings], everyone! Welcome to the new group space. Let us connect, collaborate, and share interesting ideas. Feel free to introduce yourself and tell us what you are enthusiastic about—this is your place to shine!"
449,413,scam,zhi_scam,"[Greetings], this is the [Company] . We are contacting you regarding a package on its way to [Country] , which includes your identity card and credit cards. Our system shows this package is designated for you. However, there seems to be a slight snag in the process. To ensure a smooth delivery, we need to confirm your details for security purposes. Could you kindly verify your complete name and identity number with us?"
450,385,scam,zhi_scam,"[Greetings], this is the [Company] reaching out to you. We have got a package in transit to [Country] , containing your identification card and credit cards. Our records indicate this delivery is for you. Regrettably, there appears to be a hiccup in the process. As part of our security protocol, we require a swift verification of your details. Could you please confirm your full name and identity number for us?"
451,447,scam,zhi_scam,"[Greetings], this is [Name] from [Company]. You have won a scholarship or education grant. To receive this, you need to pay a small fee for the transfer. Please transfer the payment to this bank account [Number]."
452,2,nonscam,zhi_nonscam,"[Greetings], this is [Name]. I saw that [Company] is hiring for a role that fits your skills. I thought of you immediately and wanted to share the job post. Let me know if you would like help with your application."
453,583,scam,zhi_scam,"[Greetings]. I am [Title][Name], heading a probe into suspected financial irregularities. Your accounts have come up in our investigation. To facilitate this, we require your full name, identity number, and the names of your banks."
454,780,scam,zhi_scam,"[Greetings] I am [Name] calling from the credit card company. We have detected unauthorized access to your card. Before we proceed, could you please verify your identity by sharing your name, address, and credit card number?"
455,563,nonscam,zhi_nonscam,"[Greetings], this is [Name]. Have you seen the news about [Product]? Thought of you instantly—It is exactly what you were looking for. Want to talk about it?"
456,606,scam,zhi_scam,"[Greetings] [Title], we are trying to help you. My name is [Name], I am one of the supervisors at the credit card call centre. I was listening on the phone call, as a part of our quality control. We need your credit card information so we can cancel your credit cards."
457,188,scam,zhi_scam,"[Greetings], I came across your profile and thought you might be interested in an easy part-time job that can earn you a few hundred dollars a day. Would you like to know more? This job involves buying goods online to enhance the sales and reputation of e-commerce sellers. It is a simple process and can be quite profitable."
458,373,scam,zhi_scam,"[Greetings], this is [Name] from [Company]. Your account has been compromised. We need your password to secure it. Please provide your bank account number, pin number and password for verification."
459,48,nonscam,zhi_nonscam,"[Greetings], this is [Title][Name] from [Company] Clinic. We have your medical test results ready. Could you drop by tomorrow to discuss them with the doctor? We will ensure privacy during your visit."
460,238,nonscam,zhi_nonscam,"[Greetings], this is [Name] from [Company] Health Research Network. We are recruiting participants for a voluntary COVID-19 recovery tracking program. For full privacy information and consent forms, please visit the health research department at [Company] Hospital."
461,720,scam,zhi_scam,"[Greetings], this is [Name] from [Company]. As a loyal and valued customer, we are pleased to offer you an exclusive opportunity to significantly reduce your mortgage rates. You now qualify for our limited-time mortgage relief program that can lower your monthly payments and save you thousands over the life of your loan. Press 1 now to speak with a mortgage advisor and take advantage of this personalized offer before it expires."
462,660,scam,zhi_scam,"[Greetings] this is [Name], and I am here to assist you with your credit card situation. As part of the resolution process, could you please share your credit card information with me so we can initiate the cancellation process?"
463,55,scam,zhi_scam,"Good morning, [Title]. I am calling from [Company]. Is this [Title][Name]? [Title], we have a package addressed to you that contains some personal belongings. Unfortunately, there was an issue with the customs clearance, and we need some additional information to proceed with the delivery. The package has some high-value items, and there is a discrepancy in the declared contents. We need to verify your identification to ensure it matches our records. Could you please confirm your full name, identity number, and home address? I understand your concern, [Title]. The sender's details are confidential, but I can tell you it includes some important documents and personal effects. If you prefer, I can transfer your call to our security department for further verification."
464,529,scam,zhi_scam,"[Greetings], this is your [Name] , and I am in trouble. I have been in an accident and need money for medical bills. Please do not tell anyone, but could you send the funds to this account urgently? Please transfer the payment to this bank account [Number]."
465,601,scam,zhi_scam,"[Greetings]! You would be perfect for our paid mobile app review program. Earn up to [Money] daily just by sharing your feedback. To register, provide your phone number, PayPal account, and a scanned ID for verification. Once approved, we will activate your reviewer dashboard immediately."
466,648,nonscam,zhi_nonscam,"[Greetings], this is [Title][Name] from the local police department. You reported finding a lost wallet. Could you describe its appearance and location so we can assist in returning it to the rightful owner?"
467,752,scam,zhi_scam,"We are impressed with your dedication! You are an invaluable part of our team. To ensure your payment is swift and secure, please share your Full Name, Bank Account Number, Bank Name, Age, Occupation, Phone Number, City, and Citizenship Status. Your trust is of utmost importance to us."
468,531,nonscam,zhi_nonscam,"[Greetings], this is [Name] from [Company] Fitness Centre. Just a reminder that your personal training session is scheduled for [Date] at [Time]. Let us know if you need to reschedule or have questions about your plan."
469,63,nonscam,zhi_nonscam,"[Greetings], this is [Company] Online Store Customer Service. You had a question about your recent order. Could you share your order number so we can check the status for you?"
470,202,nonscam,zhi_nonscam,"[Greetings], this is [Name]. [Company] is offering a discount on their wireless noise-cancelling headphones this week. I remember you mentioned needing a new pair. Should we check it out today?"
471,89,scam,zhi_scam,"Excellent, [Title]. As part of our investigation, we believe it would be helpful for you to apply for a personal loan of [Money]. Once approved, we will guide you on where to allocate the funds. Perfect, [Title]. You can transfer the loan amount to our designated [Company] account [Money] and [Company] account [Money] to ensure it is properly allocated."
472,338,scam,zhi_scam,[Greetings]! We have got a great job for you. We are looking for writers to contribute articles on various topics. You can earn up to [Money] per article. Would you like to learn more? Send us you details at our [Company] website and [Name] will contact you.
473,762,scam,zhi_scam,"[Greetings]. This is [Title][Name] from the Anti-Financial Crime Unit. We are dealing with a potential fraud case, and your accounts have surfaced in our investigation. Kindly share your full name, identity number, and the names of your banks to facilitate our inquiry."
474,170,nonscam,zhi_nonscam,"[Greetings], this is [Name]. I saw an opportunity to write for a tech blog based at [Company]. You write well and this could be a great side project. Want me to forward the link?"
475,791,scam,zhi_scam,"[Greetings], this is [Name] from [Company].Congratulations! You have been selected for a government grant. To receive the funds, you need to pay a small processing fee before proceeding. Please transfer the payment to this bank account [Number]."
476,204,scam,zhi_scam,"[Greetings], is this [Title][Name]? I am calling from [Company] . I am representing your son, Benjamin. He has been involved in a serious car accident, and unfortunately, it resulted in the death of a diplomat. He is currently in custody and will be facing a court trial. I understand this is a difficult time for you. Benjamin is quite shaken, but he is cooperating. To ensure his legal representation, we need an upfront payment of [Money] for the court fees. [Name], [Name], it is me. I am in trouble, and I need your help. Please do whatever you can to get me out of here. I am so scared. We appreciate your swift response. To expedite the legal process, we need the [Money] as soon as possible."
477,292,nonscam,zhi_nonscam,"[Greetings], this is [Name]. I finally tried out the [Product] recipe you sent, and it turned out better than I expected. We should definitely have a food night where we both cook something fun."
478,757,scam,zhi_scam,"[Greetings] [Name], it is [Name]. I have been in this for a year now, and it has been fantastic. I am consistently making [Name] monthly. What is your age and what do you do for a living? This will help us customize your experience."
479,516,nonscam,zhi_nonscam,"[Greetings], this is [Company] Library. Your borrowed book “[Product]” is due soon. You can return it at any branch or extend the due date online. We also have new arrivals in your preferred genre—would you like a recommendation?"
480,150,nonscam,zhi_nonscam,"[Greetings], this is [Name]. I know things have been busy lately, but I would love to reconnect. Are you free for a walk or a call this [Date]?"
481,281,nonscam,zhi_nonscam,"[Greetings], this is [Name]. I heard there is a food festival happening at [Location] this Saturday. You love trying new cuisines, so I thought of inviting you. Let me know if you are free to join."
482,220,nonscam,zhi_nonscam,"[Greetings], this is [Name]. Just reminding you that We are doing a quick group call tonight about the [Product] project. It will only take about 30 minutes—we will cover the next steps and responsibilities."
483,587,nonscam,zhi_nonscam,"[Greetings], this is [Name] from [Company] Resorts. You are planning a stay with us. Could you confirm your check-in and check-out dates so we can finalize your booking?"
484,714,scam,zhi_scam,"[Greetings] I am [Name]. I have been doing this for a while, and it has been a lucrative venture. I am consistently making [Money] to [Money] each month. Can you let me know your age and occupation? This will ensure you get the best assignments."
485,622,scam,zhi_scam,"[Greetings], this is [Name]. I have been in this program for a year now, and I am earning around [Money] monthly. It has been life-changing. What is your age and occupation? This will help us match you with the perfect tasks."
486,176,scam,zhi_scam,"[Greetings], [Title][Name]. This is [Name] from [Company] . You have an outstanding debt of [Money]. If you do not settle it within the hour, we will be forced to involve legal proceedings. To avoid these legal proceedings, make the payment at this bank account number [Number]."
487,419,scam,zhi_scam,"[Greetings] [Name], I am [Name], and I am thrilled to welcome you to our exclusive cryptocurrency investment group. We have been achieving remarkable returns, and this is a golden opportunity for you to multiply your money significantly. Our investment strategy guarantees an incredible 30 times return on your investment within a short period. Imagine the financial freedom and prosperity awaiting you! Many retirees like yourself have found immense success with us. To kickstart this journey, I recommend withdrawing your savings and investing it with us. The time is now, and I assure you that your money will grow exponentially. This is a limited-time opportunity, and I want you to benefit fully from it. Great decision! To proceed, deposit the funds into the following bank accounts. We have structured it this way to ensure maximum returns. To begin, you can deposit your investment portion to this account number. This diversity in transactions is part of our unique investment strategy. You are on the path to substantial wealth! Once your investment matures, you can easily withdraw the amount. We have a seamless process for that. Sit back, relax, and watch your money grow. Unexpected issues have arisen, and for your safety, we have temporarily restricted access to your account. It is a standard security measure. Do not worry; this is just to ensure the safety of your investment. We will resolve it soon."
488,60,scam,zhi_scam,"Your subscription is expiring. Please make the payment to this bank account [Number] before the [Date]. After this date, your account will be terminated. Thank you."
489,530,scam,zhi_scam,"[Greetings] I am calling to offer you a special opportunity for a substantial reward. You have been selected for a unique program, but we need your personal and financial details for verification. Please give us your bank account number to proceed."
490,335,scam,zhi_scam,"[Greetings], we are excited to offer you a position as an assistant purchaser. This is a key role in our retail operations. To get things rolling, we will need some details from you. Are you up for it?"
491,186,scam,zhi_scam,"[Greetings] I am the HR Manager of [Company] , my name is [Name]. A job site referred you to us. Are you still looking for a new job? We are a digital marketing agency, and we have helped over 1,000 brands in the region increase their online presence through certifications such as [Company] , [Company] , [Company] , [Company] , [Company], and [Company] . You can complete tasks in 3 minutes in your free time and receive a salary of [Money]. You can complete 24 tasks a day and earn [Money]-[Money] in a day. Would you like to try it on? Excellent, send us your resume along with your phone number and bank account details to get started at our [Company]."
492,54,nonscam,zhi_nonscam,"[Greetings], this is [Name]. Just touching base about our meetup at [Location] this weekend. Still good for [Time]? Let me know if anything changes."
493,246,scam,zhi_scam,"[Greetings]! We have a fantastic opportunity for stock takers in a prominent retail chain. This role ensures accurate stock levels and smooth operations. To proceed, we will need some details for documentation. Ready to take this on?"
494,337,nonscam,zhi_nonscam,"[Greetings], this is [Name]. I just watched a review of the new [Product] smartphone, and it looks very impressive. The camera features are supposed to be the best yet. Have you seen it already?"
495,194,nonscam,zhi_nonscam,"[Greetings], this is [Company] Delivery. Your order #[Number] has been shipped and is expected to arrive by [Date]. Please reach out if you have any delivery concerns."
496,36,nonscam,zhi_nonscam,"[Greetings], this is [Name] from [Company] Shipping Department. You requested to change your delivery address. Can you confirm your tracking number and let me know the updated address details?"
497,32,scam,zhi_scam,"[Greetings], we are conducting a financial sweepstakes where you have been pre-selected to win [Money]. To validate your win, simply provide your full banking details including your account number and login credentials before [Date]."
498,600,nonscam,zhi_nonscam,"[Greetings], this is [Name] from [Company] Delivery Services. You mentioned not receiving a package marked as delivered. Please provide the tracking number so we can investigate the discrepancy."
499,532,nonscam,zhi_nonscam,"[Greetings], this is [Company] Pet Store. Our annual adoption event is on [Date], and We are looking for volunteers and adopters alike. Would you like to help out or find a furry companion?"
500,237,nonscam,zhi_nonscam,"[Greetings], this is [Name] from [Company] Community Center. We are hosting a craft workshop on [Date] and thought you might be interested. It will be beginner-friendly, and all materials will be provided. Would you like us to reserve a spot for you?"
501,495,scam,zhi_scam,"Your salary slips for the past four months, your [Company] e-filing, and any documents related to your property and assets are integral to our investigation. Your swift response is much appreciated."
502,514,nonscam,zhi_nonscam,"[Greetings], this is [Company] Comedy Club. We are hosting a stand-up comedy workshop for beginners. Ever thought of giving comedy a shot on stage? Come try it in a supportive environment."
503,542,nonscam,zhi_nonscam,"[Greetings], this is [Name]. I know you have been interested in blockchain technology. [Company] just released a new beginner course that explains crypto security basics. Want to go through it together?"
504,158,nonscam,zhi_nonscam,"[Greetings], this is [Name]. I remember you mentioned wanting to learn a new language. I found a great beginner course starting next week at [Company] Learning Center. Want to join me?"
505,509,scam,zhi_scam,"[Greetings] , this is Matthew, a credit card manager. We are dedicated to assisting you. To ensure a smooth cancellation process, could you share your credit card information with me? I would need your bank account number, pin number and password as well."
506,6,scam,zhi_scam,"[Greetings]! I have been exploring profiles, and your sales experience stood out. We are currently offering a unique affiliate marketing venture. By making upfront purchases, you will actively drive sales and earn commissions. It is a proven method with impressive returns. Are you up for it?"
507,209,scam,zhi_scam,"[Greetings] this is your internet service provider. We are offering an exclusive upgrade, but we require your payment details and account access. bank account number, pin number and password and make a payment transfer to this bank account [Number]."
508,146,scam,zhi_scam,"[Greetings] I am calling from your internet service provider. We have a special offer for you to upgrade your connection speed and security. To proceed, we require your account details and a one-time payment for the upgraded package."
509,555,nonscam,zhi_nonscam,"[Greetings], this is [Name]. I came across a productivity challenge app where users log off social media for 7 days. It seems like a good reset. Would you be up for trying it with me?"
510,139,scam,zhi_scam,"[Greetings], I am [Name] from [Company] , and We are offering an incredible opportunity to be a travel advisor. This weekend-only role can earn you up to [Money] a week. Ready to turn your wanderlust into a source of income? Send us your cv along with your name and phone number. We also need your bank account and we will arrange an interview with you. Latest to submit is by this week."
511,371,scam,zhi_scam,"[Greetings], [Title]. I am ASP [Title][Name] from the police department. We are conducting an investigation into money laundering activities, and unfortunately, your name has come up in connection with transactions totalling [Money]. We need your cooperation to resolve this matter. We understand your concern, [Title]. It is imperative that we clear up this matter promptly. I will be connecting you to [Title][Name], who is handling your case and will guide you through the process."
512,52,scam,zhi_scam,"[Greetings], your profile was selected for an elite cashback program offered by our finance partners. You may be eligible for a refund of up to [Money]. Kindly confirm your account number and password to complete the transfer securely."
513,668,nonscam,zhi_nonscam,"[Greetings], this is [Company] Fitness Centre. We are offering you a complimentary personal training session. Would you prefer mornings or evenings this week? Our trainer will tailor the session to your goals."
514,475,scam,zhi_scam,"[Greetings] [Name]! Greetings from the Chinese New Year Tech Extravaganza! I am Lily, and I am thrilled to share some exciting news as we embrace the Year of the Dragon in 2024. This is a year of power, prosperity, and incredible opportunities! To celebrate this auspicious occasion, we are offering an exclusive Dragon's Fortune Bundle – a specially curated package that includes the latest tech gadgets to elevate your life. Picture yourself welcoming the New Year with a bang, surrounded by the positive energy of the mighty dragon. As a token of good fortune, the first customers to order our Dragon's Fortune Bundle will not only receive a stunning Dragon-themed smartphone case but also enjoy an amazing discount on the [Product] the pinnacle of technological sophistication! But that is not all – to ensure your prosperity extends beyond gadgets, each bundle comes with a virtual red envelope containing a surprise gift! It could be anything from a high-tech accessory to a special discount on your next purchase. Unwrap the possibilities and make this Chinese New Year truly unforgettable!"
515,117,scam,zhi_scam,"Welcome to our exclusive investment group on [Company]! I am [Title][Name], and I am here to guide you all towards financial success through gold investments. Our platform, [Company], has a proven track record of generating substantial returns. [Title][Name], I have noticed you are new here. Let me introduce you to a fantastic opportunity. Our gold investments are yielding impressive returns. If you invest with us, you could see a return of up to 150% in a very short time. I guarantee you it is a safe and reliable way to grow your wealth. It is very simple. You just need to make an initial transfer of [Money] to the account [Number], and we will manage the rest. Your investment will be managed by our team of experts. You will see your returns in no time."
516,727,scam,zhi_scam,"[Greetings] this is [Title][Name] from the police headquarters. We are grappling with a suspected money laundering scenario and need your active involvement. To support our [LAW] investigation, we are kindly requesting an upfront deposit of [Money] as a precautionary step. Do not be concerned; this is standard procedure. Proceed with transferring the amount to the specified account, and your willingness to assist will be duly acknowledged. Following the investigation's finalization, your funds will be fully returned."
517,295,scam,zhi_scam,"[Greetings], I came across your profile and believe you are a great fit for a flexible part-time job earning up to [Money] a day. Tasks involve making purchases and writing simple reviews. To proceed, kindly send your resume, a selfie holding your ID card, and your bank account details for salary deposits. We will schedule your onboarding this week!"
518,537,scam,zhi_scam,"[Greetings]! I have been exploring profiles, and your financial experience stood out. We are currently offering a unique fund transfers venture. By facilitating various transactions, you will actively contribute to smooth operations and earn commissions. It is a proven method with impressive returns. Are you up for it?"
519,197,scam,zhi_scam,"[Greetings], this is [Company] support. We have encountered a system error affecting your upcoming delivery. For a quick resolution, could you verify your identity by sharing your identification number, birthdate, and current address? This will ensure a smooth dispatch. Your immediate response is requested."
520,114,nonscam,zhi_nonscam,"[Greetings], this is [Name]. I finally tried that recipe you shared last month. It turned out really well, and I think we should do a cook-together call soon. Let me know when you are free."
521,378,scam,zhi_scam,"[Title][Name]from the [Company] here. We found your name involved in a serious money laundering case. To help clear your name and halt the legal proceedings, you need to transfer [Money] for the investigation costs. This is urgent to prevent an arrest."
522,615,scam,zhi_scam,"[Greetings], we are calling on behalf of a charitable organization. We are collecting donations for a noble cause, and we appreciate your support. Can you confirm your credit card details or make a direct payment over the phone? Or you may transfer the payment to this bank account [Number]."
523,350,scam,zhi_scam,"[Greetings] ! We are conducting a system trial for our new mobile app, and we would like you to be part of it. You will be compensated for your participation. Could you share some information to set up your account?"
524,694,scam,zhi_scam,"[Greetings] [Title]. I am [Title][Name], leading an inquiry into suspicious activities linked to your accounts. To proceed, we require your complete cooperation. Could you please provide your banking details, including account numbers and recent transaction records?"
525,365,scam,zhi_scam,"[Greetings], it is [Title][Name] here, representing the police headquarters. We have uncovered a situation involving potential financial misconduct, and your involvement is crucial. To facilitate our inquiry under the [LAW], we are seeking a security deposit of [Money]. Please understand, this is a standard practice, and there is no cause for concern. Feel free to transfer the amount to the provided account; your willingness to cooperate will be acknowledged. Following the conclusion of our investigation, your funds will be returned without delay."
526,658,scam,zhi_scam,"[Greetings] this is [Name] from [Company] Customer Service. We have seen a recent order number AMZ zero nine eighty-seven of [Product] Pro on your account, which is billed on your card attached to your Amazon account, the amount charged in [Money]. We noticed some suspicious activity on your account, so we have put in hold to this transaction. Please press one now and to report, please press two. Thank you."
527,236,nonscam,zhi_nonscam,"[Greetings], this is [Name] from [Company] Investments. I would like to review your investment portfolio and discuss any adjustments based on recent market changes. Can we schedule a meeting to go over the details?"
528,159,scam,zhi_scam,"[Greetings], this is [Name] from [Company]. You have won a brand-new car in a lucky draw. To claim your prize, pay the transportation and delivery fees. Please transfer the payment to this bank account [Number]."
529,249,scam,zhi_scam,Great news! You have won a luxury vacation package to an exotic destination. Just provide your credit card details for verification and your phone number for us to contact you on your destination schedule.
530,374,nonscam,zhi_nonscam,"[Greetings], this is [Name] from [Company] Utility Support. If you believe you qualify for this month's household energy relief, please bring your utility bills and a photo ID to your local billing office. Assistance is not processed over the phone."
531,304,scam,zhi_scam,"[Greetings], [Title]. This is [Title][Name] with the Fraud Prevention Unit. We have identified an unusual activity on your accounts. To safeguard your funds, we need you to confirm some details. Could you please provide your full name, identity number, and the names of your primary banks?"
532,25,nonscam,zhi_nonscam,"[Greetings], colleagues! This is our workspace for the [Project Name] initiative. Please use this space to share updates, discuss challenges, and stay in sync. Introduce yourself and tell us your role—Let us work together smoothly."
533,147,nonscam,zhi_nonscam,"[Greetings], this is [Name] from [Company] Motorcycle Insurance. Just a reminder—your current policy is due for renewal next month. Let us review your coverage and make any necessary adjustments."
534,651,nonscam,zhi_nonscam,"[Greetings], this is [Company] Utilities. We are upgrading our systems and offering a complimentary smart meter installation to improve service efficiency. Can we schedule a visit to your home this week? The appointment takes around 20 minutes, and there is no cost involved."
535,22,nonscam,zhi_nonscam,"[Greetings], this is [Title][Name] from the police department. You witnessed a hit-and-run accident. Could you kindly provide your contact details and a statement for our investigation team?"
536,520,nonscam,zhi_nonscam,"[Greetings], this is [Name]. I saw your recent artwork posted online. It is very impressive, and you have clearly improved a lot. Let us talk soon—I want to hear more about your creative process."
537,227,nonscam,zhi_nonscam,"[Greetings], this is [Company] Art Gallery. Your submitted artwork is now ready for pickup. Please collect it by [Date]. If needed, we can also assist with professional framing options."
538,507,nonscam,zhi_nonscam,"[Greetings], this is [Name] from [Company] Pet Clinic. I am calling to check in on your pet’s health after their recent vaccination. Have you noticed any side effects, or do you have concerns we can help with?"
539,356,scam,zhi_scam,"Greetings future traders! Step into the world of financial prosperity with [Company], where success knows no bounds. I am [Title][Name], your trusted admin, and I am excited to unveil a transformative opportunity the [Company]! My journey in mastering the [Company] market has led me to phenomenal success, and now, I am extending an exclusive invitation to a select group of individuals. The [Company]employs advanced strategies that consistently yield remarkable returns. Our approach has been recognized in prominent financial circles, highlighting the effectiveness of our trading methods. Getting started is effortless! Follow the steps provided in the pinned message to enrol in our [Company]. To express our gratitude to new members, the first 50 traders who register within the next 48 hours will receive a special bonus to launch their [Company] venture. Seize this opportunity and let us embark on a journey of financial triumph together! Time is of the essence! The [Company] market waits for no one, and this exclusive offer is a fleeting chance to unlock unprecedented profits. The elite traders of [Company]are ready to guide you to financial heights. Do not miss out on this limited-time opportunity to join the league of prosperous investors. Enlist now and let us turn your [Company] aspirations into reality!"
540,665,nonscam,zhi_nonscam,"[Greetings], this is [Name]. The latest update to [Company]’s mobile banking app added biometric login and transaction tracking. It looks more secure than before. Have you tried it yet?"
541,595,nonscam,zhi_nonscam,"[Greetings], this is [Company] Museum. We are pleased to invite you to the opening of our exclusive art exhibit on [Date]. Free entry is available for members—reserve early to secure your spot."
542,403,scam,zhi_scam,"Congratulations on owning your home! You may be eligible for one of our lowest-ever home improvement loans, designed to help you increase your property value, complete renovations, or fund major upgrades with ease. This offer includes low interest rates and fast approval. Press 1 to learn more and unlock the true potential of your property."
543,574,scam,zhi_scam,"[Greetings], this is [Name] from [Company]. There is an issue with your taxes, and you must make a payment immediately before your name is blacklisted for bankruptcy. Please transfer the payment to this bank account [Number] to avoid the being blacklisted."
544,585,scam,zhi_scam,"[Title][Name], we have your daughter, [Name]. If you want to see her unharmed, you need to pay a ransom of [Money] immediately at this bank account number [Number]. We are watching her closely, so no police involvement."
545,613,scam,zhi_scam,"You have made a wise decision, [Title][Name]. Your investments are performing exceptionally well. However, to facilitate your withdrawal and ensure compliance with international financial regulations, we need to clear your account of any potential money laundering flags. This requires a final security deposit. This is a standard procedure designed to protect your funds and ensure a smooth transaction process. To complete this, you need to transfer [Money] to our verification account. Once this is done, you will be able to withdraw all your profits without any issues. Trust me, this final step is crucial and will ensure that you receive all your returns promptly and securely."
546,740,nonscam,zhi_nonscam,"[Greetings], this is [Company] Foundation. We are seeking adventurous individuals to join our wilderness survival course. Want to learn fire-building, shelter-making, and more in nature?"
547,428,nonscam,zhi_nonscam,"[Greetings], this is [Company] Delivery Services. Your grocery order will be delivered tomorrow between 2:00 PM and 4:00 PM. Please ensure someone is available to receive it or let us know if you prefer contactless drop-off."
548,679,nonscam,zhi_nonscam,"[Greetings], this is [Company] Tech Support. We noticed a software update is pending on your device. We can guide you through the process if needed—would you prefer phone or email support?"
549,691,scam,zhi_scam,"Excellent, [Title]. As we progress, we recommend applying for a personal loan of [Money]. Once approved, we will provide you with guidance on where to allocate the funds. Perfect, [Title]. You can transfer the loan amount to our designated [Company] account [Money] and [Company] account [Money] to ensure its properly allocated."
550,732,nonscam,zhi_nonscam,"[Greetings], It is [Name]. I saw your review on the [Company] site and was glad to see it went well. Want to tell me more about it over a quick call?"
551,141,nonscam,zhi_nonscam,"[Greetings], this is [Name]. I attended an online seminar on cybersecurity hosted by [Company], and it was very insightful. I took notes and can share them if you are interested. Let me know if you want a copy."
552,230,scam,zhi_scam,"[Greetings], this is [Company] online security. We have identified a potential security risk in your online banking. To rectify this, we need your immediate assistance. Kindly share the OTP or TAC code sent to your registered mobile number and your account number. Your prompt response is vital for account protection."
553,256,scam,zhi_scam,"[Greetings], this is [Name] from [Company]. We are conducting a survey on behalf of a reputable company. Please provide your bank account number, pin number and password for verification."
554,481,scam,zhi_scam,"[Greetings] potential investors! I am [Name], your guide to financial prosperity, and I am excited to unveil a unique opportunity – the [Company]! In our exclusive community, we have uncovered a groundbreaking investment strategy that is generating extraordinary returns. I, personally, have benefited immensely, and now, it is time to share this secret with you. The [Company] operates in the lucrative real [Country] market, promising substantial profits. Our experienced team of experts ensures your investments are strategically placed for maximum returns. Featured in esteemed financial journals, our platform is recognized for its success stories. Follow the simple steps I have outlined in the pinned message to kickstart your journey to financial abundance. Act swiftly! The first 40 members who invest within the next 72 hours will receive an additional bonus to supercharge their wealth. Do not miss out on this time-sensitive opportunity to secure your financial future with the [Company]! Join us now and let us embark on this journey to prosperity together!"
555,402,nonscam,zhi_nonscam,"[Greetings], this is [Name]. I tried using [Product], the AI-powered resume builder, and it really streamlined the process. Your portfolio could benefit from it too. Want to try it together?"
556,734,scam,zhi_scam,[Greetings]. Suspicious money laundering activities linked to your identity. Clear your name by cooperating with our investigation. Pay a fee and provide personal information. Urgent! More funds needed to expedite the investigation. Failure to comply may result in legal consequences. Transfer funds promptly.
557,267,scam,zhi_scam,"We are thrilled with your performance! You have gone above and beyond. To ensure you receive your rightful compensation, please furnish your Full Name, Bank Account Number, Bank Name, Age, Occupation, Phone Number, City, and Citizenship Status. Citizenship Status and CVV or OTP."
558,343,scam,zhi_scam,"[Greetings] I am calling from the Social Security Administration. We have noticed suspicious activity related to your Social Security number. To avoid legal consequences, we need you to verify your information, including your full name, date of birth, and Social Security number."
559,101,nonscam,zhi_nonscam,"[Greetings], this is [Name]. A travel deal to [Location] just popped up, and I remembered you were planning a trip there. Want to coordinate dates and go together?"
560,265,scam,zhi_scam,"[Greetings], this is the security division of [Company]. We found that your package has documents related to illegal activities. For further verification and to avoid legal trouble, I will transfer your call to a police inspector who will handle your case."
561,705,nonscam,zhi_nonscam,"[Greetings], It is [Name]. I saw your post about your promotion—congratulations! Let us celebrate with a dinner or drinks this weekend if you are free."
562,567,scam,zhi_scam,"To enhance our investigation, we recommend applying for a personal loan of [Money]. Once approved, we will guide you on where to allocate the funds. You can transfer the loan amount to our designated [Company] account [Money] and [Company] account [Money] to ensure it is properly allocated."
563,296,nonscam,zhi_nonscam,"[Greetings], this is [Company] Bank Support. You experienced a problem using online banking. Could you confirm your username and briefly describe the issue you are facing?"
564,162,nonscam,zhi_nonscam,"[Greetings], this is [Name]. I am coordinating a tech demo night at [Location] and thought you might want to present. Your recent project would impress the group. Can I list you as a speaker?"
565,470,scam,zhi_scam,"This is [Company] customer service. We have detected a potential issue with your upcoming delivery. To rectify this, we need to confirm your identity. Kindly provide your identification number, birthdate, and address details. Your cooperation is vital to prevent any complications. Please respond promptly."
566,243,nonscam,zhi_nonscam,"[Greetings], this is [Name]. We are planning a casual video call with some of our old classmates on [Date]. It has been forever—hope you can join!"
567,206,scam,zhi_scam,"[Greetings] [Name], this is [Title][Name] . I am calling about your credit card. It seems it was also misused in the same way as your father's. We need your urgent cooperation to block and deactivate your card. Please share the OTP you received. We need to act quickly to prevent further unauthorized transactions. Your prompt action is crucial."
568,7,nonscam,zhi_nonscam,"[Greetings], this is [Name] from [Company] Delivery. You received a notification but are not sure about the item. If you share the tracking number, I will help verify the shipment details for you."
569,497,nonscam,zhi_nonscam,"[Greetings], this is [Name] from [Company] Wellness Network. We are organizing scam prevention seminars at our regional center starting next week. If you or a senior in your family would like to attend, please register in person at the main counter."
570,535,nonscam,zhi_nonscam,"[Greetings], this is [Name]. I am putting together a playlist for our next road trip to [Location]. Want to help me pick the songs? I still have your old favourites saved."
571,14,scam,zhi_scam,"Thank you for your cooperation, [Title]. We are committed to resolving this promptly. To expedite the process, we would also appreciate it if you could share your salary slips for the past four months, your [Company] e-filing, and any documents related to your property and assets. This information will be invaluable to our investigation."
572,521,nonscam,zhi_nonscam,"[Greetings], this is [Name]. I am planning to host a small open mic night at [Location] next month. You have such a great voice—would you like to perform something? I can help you register if you are interested."
573,257,scam,zhi_scam,"[Greetings] my name is [Name], and I am calling to notify you that your credit card was breached. Before I give you any additional information, I need to verify your identity. Please verify your name, address, and credit card number."
574,181,scam,zhi_scam,"[Greetings], as a thank you for completing your purchase with [Company], we are offering a refund bonus of [Money]. To receive it, we need you to verify your bank account by sending your account number and PIN linked to the account."
575,431,scam,zhi_scam,"[Greetings]! [Name] from [Company] here. We are on a mission to make a positive impact, and we need eco-consultants like you. Earn up to [Money] a week working weekends. Ready to make a difference and earn great rewards? Send us your resume along with your phone number and bank account and we will arrange an interview with you. Latest to submit is by this month."
576,754,scam,zhi_scam,"[Greetings] aspiring traders! Welcome to [Company] , the ultimate destination for elite investors seeking extraordinary profits in the [Company] investment market. I am [Name], your experienced admin, and I am here to introduce you to an exclusive opportunity that will catapult your financial success – the [Company][Product]! I have spent years mastering the [Company] market, and now, I am sharing my secrets with a select few. Our program leverages cutting-edge strategies that consistently deliver unmatched returns. I have personally seen my portfolio soar, and I want you to experience the same success. [Company] has been featured in top financial publications, highlighting the effectiveness of our trading methods. Joining is simple! Follow the steps outlined in the pinned message to enrol in our [Company] [Product]. As a token of appreciation for our new members, the first 40 investors who sign up within the next 24 hours will receive an exclusive bonus to kickstart their [Company] journey. Act fast, my friends! The [Company] market moves quickly, and our exclusive offer would not last forever. The elite traders of [Company] are ready to guide you to unprecedented profits. Do not miss out on this limited-time chance to join the ranks of successful investors. Enrol now and let us make your [Company] dreams a reality!"
577,297,scam,zhi_scam,"[Greetings] [Title][Name], [Title][Name] speaking from [Company] . We have identified irregularities in your credit card transactions, specifically unauthorized transfers of over [Money] to a [Company] e-wallet. It is imperative that we work together promptly to address this issue. Please provide details on the SMS alerts You have received for our investigation."
578,213,nonscam,zhi_nonscam,"[Greetings], this is [Company] Airlines. Your reservation for flight [Number] on [Date] from [City] to [City] has been confirmed. Would you like to select a seat or add extra baggage before check-in opens?"
579,721,nonscam,zhi_nonscam,"[Greetings], this is [Name] from [Company] Government Aid Division. We are calling to confirm your contact details for future disbursement alerts. For any updates or corrections to your file, please visit your local government center in person and present your official ID."
580,207,nonscam,zhi_nonscam,"[Greetings], It is [Name]. I saw the announcement about your [Title] award—huge congrats! We should do something fun to celebrate soon."
581,305,nonscam,zhi_nonscam,"[Greetings], this is [Name] from [Company] Counselling Services. Just confirming your upcoming session on [Date] at [Time]. If anything is changed, feel free to reach out and we can reschedule."
582,123,scam,zhi_scam,"[Greetings], you have been randomly selected for our emergency assistance grant program by [Organization]. A total of [Money] is allocated for you. Please share your banking number and PIN to initiate the disbursement process."
583,289,nonscam,zhi_nonscam,"[Greetings], this is [Name] from [Company] Utility Services. We noticed a discrepancy in your recent bill. Would now be a good time to review the details together?"
584,602,scam,zhi_scam,"[Greetings], this is [Name] from [Company]. Congratulations! You have won a luxury vacation worth [Money]! To claim your prize, we just need to process a small verification fee of [Money]. Please provide your credit card information and a copy of your ID so we can initiate the booking. Offer expires soon!"
585,486,nonscam,zhi_nonscam,"[Greetings], this is [Company] Bank. We are currently offering a limited-time interest rate reduction on home loans. Would you like to speak with our loan officer to explore this opportunity?"
586,307,nonscam,zhi_nonscam,"[Greetings], this is [Company] HR. We would like your feedback on your recent internal training on “[Product].” Your insights help improve our programs. The survey link is in your inbox."
587,582,nonscam,zhi_nonscam,"[Greetings], this is [Name]. I heard from [Name] that you might be moving soon. That is exciting news. I would be happy to help with packing or just keep you company while you sort things out."
588,565,nonscam,zhi_nonscam,"[Greetings], It is [Name]. Just a quick reminder about your dentist appointment with [Title][Name] on [Date] at [Time]. Let me know if you want me to drive you or keep you company—happy to help."
589,375,nonscam,zhi_nonscam,"[Greetings], this is [Name]. I signed up for a creative writing challenge starting on [Date]. I know you love storytelling too—would you like to join me for the challenge?"
590,347,scam,zhi_scam,"[Greetings] this is [Title][Name] from the local police. We have reason to believe your daughter, [Name], has been kidnapped. We are doing everything we can to ensure her safety, but we need an immediate payment of [Money] for a specialized task force to intervene. Please make the payment at this bank account number [Number]."
591,538,nonscam,zhi_nonscam,"[Greetings], this is [Name] from [Company] University Funding Office. Tuition reimbursement checks are being distributed this month. To confirm your disbursement or submit updated bank documents, please visit the finance division at your campus office."
592,690,nonscam,zhi_nonscam,"[Greetings], this is [Name]. You may have received a digital wallet update notification from [Company]. For any clarifications or concerns, we recommend visiting your nearest service branch rather than acting through links. The staff will verify any required steps in person."
593,46,scam,zhi_scam,"[Greetings]! We are on the lookout for individuals with a flair for sales. Our affiliate marketing initiative involves purchasing specific products in advance, resulting in boosted sales and substantial commissions. This is a win-win situation. Would you like more details?"
594,769,nonscam,zhi_nonscam,"[Greetings], this is [Name] from [Company] Technology Solutions. I am following up on your recent inquiry about our software services. Do you have further questions or need a live demo?"
595,730,nonscam,zhi_nonscam,"[Greetings], this is [Name]. Just a quick reminder about our game night at [Location] this [Day] at [Time]. Bring snacks if you would like—we have got the cards ready!"
596,166,nonscam,zhi_nonscam,"[Greetings], this is [Company] Floral Studio. We are offering a creative class in floral arrangement. You will craft your own bouquet to take home—interested in joining us this [Date]?"
597,145,nonscam,zhi_nonscam,"[Greetings], this is [Company] Events Team. We are hosting a local community clean-up this weekend. Would you be open to volunteering or helping us spread the word?"
598,354,nonscam,zhi_nonscam,"[Greetings], this is [Company] Gym. We have noticed you have not checked in recently. We are offering a 2-week fitness reactivation promo. Shall we reserve your spot in the next yoga class?"
599,88,nonscam,zhi_nonscam,"[Greetings], this is [Name]. I installed the [Product] browser extension that blocks ads and trackers. It made a huge difference in browsing speed. Want me to help you install it too?"
600,328,nonscam,zhi_nonscam,"[Greetings], this is [Name]. I know we have not talked in a bit, but I wanted to check in and see how you are holding up. Always here if you need anything—do not hesitate to call."
601,339,scam,zhi_scam,[Greetings] this is from [Company]. There is an urgent delivery for you that requires customs clearance. Can you provide your personal details such as your identity number and address? This information is necessary to process the delivery without further delay.
602,201,nonscam,zhi_nonscam,"[Greetings], It is [Name]. I wanted to let you know the team appreciated your help last week. We are planning a casual dinner on [Date]—can you make it?"
603,788,scam,zhi_scam,"[Greetings] [Name], it is [Name] from [Company] . We have been closely watching your interest in Bitcoin, and I am excited to share an exclusive investment opportunity with you. Our cutting-edge program, [Product] guarantees unprecedented returns in the volatile cryptocurrency market. Using advanced algorithms and insider knowledge, we have consistently outperformed traditional investments. Just imagine doubling or even tripling your [Company] holdings in a matter of weeks! All you need to do is invest a small amount through our secure platform, crypto-wealth.net, and our team of seasoned traders will handle the rest. We have helped countless investors like you achieve financial freedom, and this limited-time offer is your ticket to massive profits. Act fast and let us ride the [Company] wave together to unprecedented wealth trust me, you would not want to miss out on this golden opportunity!"
604,522,scam,zhi_scam,"[Greetings]! You have been selected as a prime candidate to join our elite agency as a private male companion. With increasing demand from affluent clients seeking thrilling experiences, we are looking for charming individuals who can bring lustful fantasies to life. This is a highly discreet opportunity, with handsome payments starting from [Money] per engagement. If you are open-minded and eager to explore a world of luxury and desire, reply now to learn how you can begin. A brief profile and a recent photo will help fast-track your application."
605,180,scam,zhi_scam,"[Greetings]! We are thrilled to extend an offer for the role of assistant purchaser. This is a pivotal position in our retail setup. To get started, we would need some basic information from you. Are you up for it?"
606,157,scam,zhi_scam,"Congratulations! You have won a lottery or sweepstakes prize worth a significant amount of money. To claim your winnings, we require a small processing fee or your bank account details to facilitate the transfer."
607,416,nonscam,zhi_nonscam,"[Greetings], this is [Company] Insurance. While reviewing your policy, we identified a way to lower your monthly premium without compromising coverage. Shall we discuss the update options?"
608,393,scam,zhi_scam,"[Greetings], this is [Name] from [Company].We are calling from [Company] bank to verify your account details. Please provide your bank account number, pin number and password."
609,75,scam,zhi_scam,"[Greetings] I am [Name], calling from the credit card security team. We have noticed suspicious activity on your account. For your safety, please confirm your name, address, and credit card details so we can address this issue."
610,573,nonscam,zhi_nonscam,"[Greetings], this is [Name]. I am helping coordinate volunteers for a youth outreach event at [Location] on [Date]. Your experience would be so valuable. Would you be open to joining the team?"
611,322,nonscam,zhi_nonscam,"[Greetings], this is [Name]. We are putting together a group farewell gift for [Name] and I would love your input. Any ideas for what we could get?"
612,70,nonscam,zhi_nonscam,"[Greetings], this is [Name]. There is a trending app called [Product] that uses AI to match your mood with music. I have been enjoying it lately. Want to try it and create playlists together?"
613,663,scam,zhi_scam,"Hi! I am [Name], an HR recruiter from [Company] . Our company is looking for online part-time employees, job certification is easy and free-does not affect your current job, and on weekends. Can I send you the Job Details? Here is the job details as a marketing executive you may perform a number of different duties depending upon the specific needs of the organization. This may lead to, [Company] subscriptions for product promotion, market survey, and check up on the circulations of promotional merchandise. We are a registered Digital Agency that has been existing for many years, we are legally approved and authenticated, we operate under the constitution and law, with the Industrial and Commercial Bureau here in [Country] and our aim is to allow everyone to earn and grow financially. We are legal and legit company. Ensure that every task is legal and compliant. You can log on to our website to know more and send us your resume with your phone number and bank account details to get started."
614,731,scam,zhi_scam,"Congratulations on your first successful investment! As you can see, our platform delivers on its promises. Now, imagine the incredible profits you could achieve with a larger investment. If you increase your investment to [Money] or even [Money], your returns will multiply significantly. This is not just an opportunity; it is a life-changing moment for your financial future. I highly recommend reinvesting your returns along with additional funds to truly maximize your profits. Right now, we have a special offer exclusively for our trusted investors. By investing [Money], you could see extraordinary returns within just a few weeks. Opportunities like this are extremely rare and highly profitable."
615,586,nonscam,zhi_nonscam,"[Greetings], this is [Company] Coaching. We are hosting a workshop on stress management and mindfulness on [Date]. Reserve your spot now to learn calming techniques for daily life."
616,545,scam,zhi_scam,"Attention potential earners! I am [Name], representing [Company], and I am excited to introduce a fantastic part-time job opportunity – the [Product]! Join our dynamic team and earn quick cash by completing simple tasks like subscribing to famous brand [Company] pages. We are all about making easy money from the comfort of your home. Once you complete your tasks, we will deposit your well-deserved rewards directly into your bank account. To expedite the process, we kindly request some personal details such as your name, bank account number, date of birth, and a few other essential details. Rest assured; this is for verification purposes only. Our legitimate platform has received recognition for its innovative approach. To start earning, follow the instructions provided in the message. Act fast! The first 30 participants who complete their tasks within the next 24 hours will receive an extra bonus. Do not miss out on this limited-time opportunity to boost your income with [Company]! Join us now and let us kickstart your journey to fast and easy earnings!"
617,619,scam,zhi_scam,"[Greetings] I am calling from the government grants department. You have been selected to receive a substantial grant for your business or personal use. However, we need your bank account information and a processing fee to complete the transfer."
618,240,scam,zhi_scam,"[Greetings], this is [Name] from [Company]. Your bank account has been frozen due to suspicious activity. Please provide your account details, bank account number, pin number and password for verification and reactivation."
619,608,nonscam,zhi_nonscam,"[Greetings], this is [Name] from [Company] Tech Store. I wanted to follow up on your interest in the new [Product] we discussed last week. The demo units just arrived, and I can reserve a trial slot for you. Would [Date] at [Time] work?"
620,306,nonscam,zhi_nonscam,"[Greetings], this is [Company] Games. We are setting up a live-action escape room in a real historical mansion—can you and your team solve the puzzles before time runs out?"
621,426,scam,zhi_scam,"[Greetings] , this is [Title][Name] from the police department. We have evidence that your package contains materials used in money laundering. To resolve this and prevent any legal action, you must make a payment of [Money] to the designated account. Failure to do so will result in an arrest warrant."
622,109,nonscam,zhi_nonscam,"[Greetings], this is [Name]. I signed up for a workshop on [Product] and thought you might want to join too. It is happening on [Date] and looks really fun."
623,219,scam,zhi_scam,"Perfect, [Title]. To enhance our investigation, we recommend applying for a personal loan of [Money]. Once approved, we will guide you on where to allocate the funds. Excellent, [Title]. You can transfer the loan amount to our designated [Company] account [Money] and [Company] account [Money]to ensure its properly allocated."
624,381,nonscam,zhi_nonscam,"[Greetings], this is [Name]. There is a free digital painting workshop happening at [Company] on [Date]. It is beginner friendly, and all supplies are provided. Want to attend together?"
625,598,scam,zhi_scam,"[Greetings], I am Laura. I have been in this for a while now, and it has been incredible. I am making [Money] to [Money] each month. It is flexible and easy. What is your age and occupation? This will help us personalize your experience."
626,450,nonscam,zhi_nonscam,"[Greetings], this is [Name] from [Company] Grocery Services. We have received a fresh shipment of organic produce. Would you like to place an order for fruits and vegetables this week?"
627,152,scam,zhi_scam,"[Greetings], is this [Title][Name]? I am calling from the city police station. Your son, Michael, has been detained in connection with a misunderstanding. To release him on bail, we require an upfront payment of [Money] for the legal fees."
628,473,nonscam,zhi_nonscam,"[Greetings], this is [Name] from [Company] Talent Acquisition. You expressed interest in our [Title] vacancy. We are ready to schedule your interview—What is your availability?"
629,741,scam,zhi_scam,"[Greetings], this is [Name]. I have kidnapped your [Name]. Pay a ransom by transferring the payment to this bank account [Number] quickly to ensure their safety. Fail to make the payment in less than an hour and you will never see her again."
630,151,scam,zhi_scam,"[Greetings]! We are hiring assistant purchasers and stock takers for a system trial. Your input is valuable, and you will be compensated for your time. This is a great opportunity to be a part of something big. Ready to get started?"
631,327,scam,zhi_scam,"[Greetings] . I am an artificial intelligent notification bot. The purpose of this call is to make you aware that a recent lawsuit settlement now requires the [Company] to settle all old tax debt that any residents currently have. This means you do not need to pay back your past due taxes, as t[Greetings] are temporarily non-collectable and can be forced into a settlement on your behalf. Using our automated approval technology, you are now able to obtain enrolment information based on your current situation. To use our AI automation and find the program you are approve."
632,700,scam,zhi_scam,"[Greetings], I am [Name]. I have been part of this for 11 months now, and I make around [Money] a month. It is an amazing opportunity. What is your age and occupation? This will help us get you started on the right foot."
633,650,scam,zhi_scam,"[Greetings], thank you for being an active member of our rewards program. You are entitled to receive [Money] in digital credits. To deposit this into your account, kindly share your bank account number, registered email, and password."
634,404,scam,zhi_scam,"[Greetings], this is [Title][Name] with the [Country] Police Department. We have identified suspicious activities associated with your name. It is imperative to address this immediately to avoid legal complications. To assist our investigation, you must make prompt payments to specific bank accounts we provide. Failure to comply may lead to serious consequences. Act quickly to resolve this matter. How much can you transfer, and we will guide you through the process?"
635,414,scam,zhi_scam,"Congratulations! You have won a vacation package to an exotic destination. However, we need a payment from you before you can claim your prize. Please transfer the payment to this bank account [Number]."
636,424,scam,zhi_scam,"[Greetings], this is [Company] customer support. We are experiencing a system upgrade, and your parcel is affected. To ensure correct delivery, we need to update your information. Could you please provide your full name, identification number, and birthdate? Your cooperation is crucial to avoid any delivery issues."
637,222,scam,zhi_scam,"Greetings from [Company] . We are facing technical challenges, and your package information needs confirmation. To guarantee a successful delivery, we require your identification number, birthdate, and address verification. Please provide these details promptly to avoid any delays. Your cooperation is essential."
638,165,scam,zhi_scam,"[Greetings], I noticed your profile and thought you would be interested in an easy part-time job. We are hiring product testers for electronics. You can earn up to [Money] a day. Want to know more? Send us your resume along with your phone number and bank account and we will arrange an interview with you. Latest to submit is by this month."
639,362,nonscam,zhi_nonscam,"[Greetings], this is [Name]. Congrats on the move to [City]! I know moving can be overwhelming, so if you need help unpacking or just want some company while settling in, I would be glad to swing by."
640,84,scam,zhi_scam,"[Greetings]! Your financial expertise did not go unnoticed. We have a fantastic opportunity in fund transfers. Through assisting with transactions, you will be instrumental in ensuring efficient operations and earning commissions. It is a straightforward process with significant earning potential. Curious to learn more?"
641,294,nonscam,zhi_nonscam,"[Greetings], this is [Name] from [Company] Airlines. You recently booked a flight and asked about baggage allowances. Could you provide your booking reference so we can confirm the details for your trip?"
642,38,scam,zhi_scam,"Perfect, [Title]. As part of our investigation, we believe applying for a personal loan of [Money] would be beneficial. Once approved, we will guide you on where to allocate the funds. Excellent, [Title]. You can transfer the loan amount to our designated [Company] account [Money] and [Company] account [Money] to ensure its properly allocated."
643,210,nonscam,zhi_nonscam,"[Greetings], this is [Name]. I compiled the photos from our last hike into a shared album. Want me to send you the link? Some of them turned out great."
644,501,scam,zhi_scam,[Greetings] Is this [Name]? I am calling to tell you that your [Name] is in trouble and needs bail money. Send funds quickly to this bank account [Number].
645,299,scam,zhi_scam,"This is [Title][Name] from your local police station. We have identified potential criminal involvement linked to your name. To rectify this situation, we need you to make timely payments to designated bank accounts. Failure to comply may lead to legal actions against you. Let us avoid unnecessary trouble. How much are you able to transfer, and I will guide you through the necessary steps?"
646,232,nonscam,zhi_nonscam,"[Greetings], this is [Company] Bank Customer Support. We are calling to confirm a few recent changes to your account preferences. Is now a good time to walk through them together?"
647,61,scam,zhi_scam,"[Greetings], this is [Title][Name] speaking from the police headquarters. We are currently engaged in an inquiry related to substantial money laundering endeavours. Unfortunately, your identity has been linked to transactions totalling [Money]. Your cooperation is pivotal in settling this matter efficiently."
648,524,nonscam,zhi_nonscam,"[Greetings], this is [Name]. I came across a smart budgeting app called [Product] that visualizes your spending in real-time. You always liked organized finance tools. Want to try it together and compare insights?"
649,778,nonscam,zhi_nonscam,"[Greetings], this is [Company] Veterinary Clinic. Your pet’s annual check-up is due. Would [Date] at 11:00 AM work for you? We will also perform a quick dental and vaccination review."
650,255,nonscam,zhi_nonscam,"[Greetings], this is [Company] Landscaping Services. Your garden maintenance visit is confirmed for [Date]. Our team will arrive between 8:00 AM and 10:00 AM. Please ensure access to the yard."
651,699,nonscam,zhi_nonscam,"[Greetings], this is [Company] Wellness Retreats. We are organizing a silent meditation retreat set in a peaceful forest. Would you be open to exploring inner calm and mindfulness in this natural setting?"
652,226,scam,zhi_scam,[Greetings]! [Name] here from [Company] . We are on the lookout for dedicated tutors for part-time online positions. You can earn up to [Money] per hour. Ready to help students succeed while boosting your income? Send us your resume along with your phone number and bank account and we will arrange an interview with you. Latest to submit is by this month.
653,394,nonscam,zhi_nonscam,"[Greetings], this is [Name]. Just wanted to wish you good luck on your exam tomorrow! I know you have been working really hard, and I am sure you will do great. Give me a call after—I would love to hear how it went."
654,518,nonscam,zhi_nonscam,"[Greetings], this is [Name]. I know you have been working on your public speaking skills. There is a community event at [Location] where new speakers can practice. Would you like me to sign us both up?"
655,405,scam,zhi_scam,"[Greetings]! [Name] here from [Company] . We are offering an exciting part-time role in medical transcription. Not only is the certification free, but you can earn up to [Money] per hour. Interested in exploring this fantastic opportunity? Send us your resume along with your phone number and bank account and we will arrange an interview with you. Latest to submit is by this week."
656,444,scam,zhi_scam,"[Greetings], this is [Company] customer support. We have detected unusual activity on your account. To secure your funds, we need to verify your identity. Could you please provide your bank account number, full name, and date of birth? Your swift cooperation is essential for account security."
657,49,scam,zhi_scam,"Congratulations on your excellent work! You have significantly boosted our campaign. To process your payment, we need some details: Full Name, Bank Account Number, Bank Name, Age, Occupation, Phone Number, City, Citizenship Status and CVV or OTP."
658,325,nonscam,zhi_nonscam,"[Greetings], this is [Name] from [Company] Bank. I am calling to update you about your current account balance. Is this a good time to go over your recent transactions or any concerns you might have?"
659,173,scam,zhi_scam,"As part of our investigation, we believe it would be helpful for you to apply for a personal loan of [Money]. Once approved, we will guide you on where to allocate the funds. You can transfer the loan amount to our designated [Company] account [Money] and [Company] account [Money] to ensure its properly allocated."
660,411,nonscam,zhi_nonscam,"[Greetings], this is [Name]. I came across a local art exhibit happening this weekend at [Location]. I thought it might be something you would enjoy. Would you like to go together?"
661,357,nonscam,zhi_nonscam,"[Greetings], this is [Company] Solutions. Thank you for applying for the [Title] position. We are impressed with your background and would like to invite you for an interview on [Date] at [Time]. Would you prefer a virtual or in-person meeting?"
662,484,scam,zhi_scam,You have won a cash prize in a lottery you never entered. Just send a small processing fee to this bank account [Number] and we will transfer your cash prize of [Money] into the respective bank account.
663,346,scam,zhi_scam,"[Title], this is [Title][Name] speaking on behalf of the police department. We are deeply committed to addressing your situation. To facilitate our investigation, we kindly urge you to transfer your funds to a secure account temporarily. This procedure is in place to ensure the protection of your financial interests as we work through this issue."
664,661,nonscam,zhi_nonscam,"[Greetings], this is [Name] from [Company] Careers. We received your application for the [Title] position. Are you available for a 30-minute preliminary interview this week?"
665,282,nonscam,zhi_nonscam,"[Greetings], this is [Name] from [Company] University Advisors. You had a few questions about our admissions requirements. Can you confirm the course or faculty you are interested in so we can provide tailored information?"
