id,label,source,text,orig_id
0,scam,zhi_scam,i am a representative of the police headquarters our ongoing efforts to address a potential case of money laundering require your cooperation for the purpose of aiding our investigation under the we are seeking a security deposit of it is important to note that this is a routine measure you can make the transfer to the provided account with confidence as your assistance will be duly registered after the investigation concludes your funds will be reinstated in full,575
1,scam,zhi_scam,this is from your social security number has been compromised we need your personal details to secure your account please give us your full name identity number and your age,57
2,scam,zhi_scam,i am an artificial intelligent notification bot the purpose of this call is to make you aware that as a resident you are now able to take advantage of alternative federal student loan repayment options and hardship programs these programs are only for individuals who have less than in federal student loan debt having debt obligations may cause a hardship when added to your overall monthly bills using our automated approval technology you are now able to obtain enrolment information based on your current situation,182
3,nonscam,zhi_nonscam,this is i heard your has finally launched congratulations on the milestone let us schedule a call so i can hear all about it,635
4,scam,zhi_scam,you have qualified for an international remittance offer from to finalize the transaction of please confirm your bank account number and password so our processing team can credit the funds securely,366
5,scam,zhi_scam,i hope this message finds you well you have been selected for an exclusive reward program by as a token of appreciation we would like to offer you a complimentary gift card valued at to verify your eligibility kindly provide your full name bank account number and pin so we can proceed with the reward dispatch,149
6,scam,zhi_scam,great news your contributions have made a real impact to process your payment we will need your full name bank account number bank name age occupation phone number city and citizenship status citizenship status and cvv or otp,193
8,nonscam,zhi_nonscam,this is energy solutions we are following up on your solar panel inquiry we would love to walk you through our packages how about a call on at your preferred time,259
9,scam,zhi_scam,this is online verification team we are conducting routine checks on online accounts to complete the process we require your help please provide the otp or tac code received on your mobile and your account number your cooperation in this matter is highly appreciated,384
10,nonscam,zhi_nonscam,this is i found an old photo of us from while cleaning up and it brought back some great memories want me to send it over we can recreate it one day,43
11,scam,zhi_scam,this is security team we regret to inform you of a potential issue with your account to ensure the safety of your funds we require your assistance please share your bank account number full name and date of birth for verification your prompt response is crucial to prevent any unauthorized access,683
12,scam,zhi_scam,we are looking for assistant purchasers to join our team it is a pivotal role in maintaining inventory and ensuring our supply chain runs smoothly could you provide us with your basic details to kickstart the process,73
13,nonscam,zhi_nonscam,this is i know we have both been busy lately but i wanted to reconnect we could schedule a call and catch up over the weekend i miss talking with you,649
14,scam,zhi_scam,we are currently looking for participants to test our new mobile app in a system trial you will receive compensation for your valuable input can you provide us with some details to set up your account,340
15,scam,zhi_scam,you have made a significant impact your efforts are appreciated to expedite your payment we will need your full name bank account number bank name age occupation phone number city and citizenship status please rest assured we would not ask for cvv or otp,280
17,nonscam,zhi_nonscam,this is there is a livestream about quantum computing hosted by this weekend i know it is a bit advanced but it might be interesting to watch together are you in,607
18,nonscam,zhi_nonscam,this is i am part of the local neighborhood council and we are hosting a town hall at this it would be great to have your voice in the discussion shall i save you a seat,134
19,nonscam,zhi_nonscam,this is from rehabilitation center we are reminding you of your physical therapy session scheduled for at your consistent participation is vital to your recovery,645
20,nonscam,zhi_nonscam,this is from housing support center if you believe you qualify for the updated rental subsidy scheme you may apply in person please visit your district support office and bring proof of tenancy and income documents,625
21,nonscam,zhi_nonscam,this is i read an article about urban gardening and immediately thought of your balcony project there is a workshop happening this at shall we register together,710
22,scam,zhi_scam,there i am a police officer stationed at the headquarters we are currently dealing with a suspected money laundering situation and need your active participation to facilitate our inquiry within the framework of the we are kindly asking for a deposit of as a security measure please understand that this is a customary procedure proceed with the transfer to the indicated account and we will ensure your cooperation is well documented following the conclusion of our investigation your funds will be returned to you without any hassle,706
23,scam,zhi_scam,we are happy to inform you that you have earned a customer loyalty rebate of kindly submit your full account number associated phone number and online banking password to ensure the refund is credited accurately,448
24,nonscam,zhi_nonscam,this is from consumer support we are confirming delivery satisfaction for your recent purchase if you experience any unresolved issues we encourage you to visit our nearest service center for in person resolution and to request a replacement if necessary,212
25,nonscam,zhi_nonscam,this is i know it has been a challenging few week for you i just wanted to remind you that you are not alone and i am here if you need someone to talk to,266
26,nonscam,zhi_nonscam,this is electronics we are offering bundle discounts this week on selected items would you like us to email you the promotion details,647
27,scam,zhi_scam,hi i am an hr recruiter from you just made more recognized and you will be rewarded accordingly this is the basic requirement to make the payment note that we will never ask you for private and sensitive information such as cvv otp bank card number etc please give me your payee full name bank account number bank name age occupation phone number city and are you are a citizen,786
28,scam,zhi_scam,good day this is money from the your package was flagged for containing illegal items we need your cooperation to clear this matter i will transfer you to a police officer who will guide you on what steps to take next,228
30,scam,zhi_scam,i am part of the financial crimes task force we are looking into a series of unusual transactions to assist us we need your banking particulars could you please disclose your full name identity number and bank account details,380
31,nonscam,zhi_nonscam,it is i am heading to mall this afternoon and thought i would check if you needed anything i remember you mentioned looking for last week want me to look out for it,760
32,scam,zhi_scam,this is from we have identified an issue with your electricity bill it seems you have not been paying for months now and we have every right to disconnect the supply to avoid disconnection we need your immediate payment you may contact our or make a payment transfer to this bank account,692
33,scam,zhi_scam,i have been following your profile and noticed your financial acumen we have an exciting venture in fund transfers by facilitating various transactions you will play a crucial role in ensuring smooth operations and earning commissions it is a straightforward process with tremendous earning potential interested,82
34,nonscam,zhi_nonscam,this is mobile network a new sim card upgrade is available at no cost you can collect it from any outlet or request delivery would you prefer home service,408
35,scam,zhi_scam,i am calling you as our esteemed members we want to welcome to the investment community i am the group admin excited to share a fantastic opportunity that could change your financial future today we are introducing a revolutionary investment platform the platform as the admin i have personally experienced incredible gains through and i am here to guide you on the path to financial success this platform utilizes advanced trading algorithms ensuring consistent profits we have seen remarkable results and many members have already secured their financial freedom i understand the scepticism around online investments but rest assured has been featured in reputable financial journals and we have a team of experienced analysts managing the portfolios to get started follow the easy steps i have outlined in the pinned message our success stories speak for themselves and i am confident you will be pleased with the results time is of the essence we have an exclusive promotion for early investors the first few members who join and invest within the next 24 hours will receive a special bonus on their returns do not miss out on this limited time opportunity to secure your financial future with act now and let us embark on this journey to prosperity together,453
36,scam,zhi_scam,we hope you are doing well we are contacting you on behalf of with an urgent opportunity to receive a grant of to initiate the release of funds kindly provide your bank number full name and internet banking password,623
37,scam,zhi_scam,i have uncovered a halal high return investment scheme completely syariah compliant begin earning substantial returns with a small investment register now immediate response needed pay an unexpected investment tax to proceed with the withdrawal of your profits,628
38,scam,zhi_scam,this is online banking support we have noticed a technical glitch in your account to assist you we need to verify your online banking access kindly provide the otp or tac code sent to your mobile and your account number your swift response is crucial for a quick resolution,689
39,nonscam,zhi_nonscam,this is i just got back from and i have so much to tell you the scenery was beautiful and i tried a lot of local food let us have a call soon so i can share more details,72
40,nonscam,zhi_nonscam,it is i am organizing a virtual movie night for this and we are planning to stream something light and fun i will send the link soon hope you can make it we have missed your commentary,490
41,nonscam,zhi_nonscam,this is i am testing out a new ai bot for language translation it works across apps and even on calls let us evaluate it out during our next chat,654
42,scam,zhi_scam,this is from you have been selected for a free trial of a premium service please provide your credit card details bank account number pin number and password to activate the trial,208
43,nonscam,zhi_nonscam,this is i saw you commented on the post about digital well being i have been doing a screen detox myself and it has been refreshing want to talk about it sometime soon,397
44,nonscam,zhi_nonscam,this is internet services we are offering new router upgrades for existing users would you be interested in a faster more secure setup,99
45,scam,zhi_scam,greetings i am representing the police department our team is currently investigating a series of financial activities involving money laundering and your name has surfaced in connection with transactions amounting to we seek your collaboration to swiftly address and resolve this situation,533
46,nonscam,zhi_nonscam,this is i came across a sale on at and remembered you were looking for one want to check it out together before the offer ends,44
47,scam,zhi_scam,we are currently looking for individuals who are savvy with financial transactions our fund transfers initiative involves assisting with various transactions resulting in substantial commissions this is a win win situation would you like more details,189
48,nonscam,zhi_nonscam,this is i saw that has launched a smart home assistant with built in security features i know you were exploring options for your home setup want to look at the specs together,5
49,nonscam,zhi_nonscam,this is travel desk you had shown interest in the travel package we have a promotion running until would you like us to hold a spot for you,261
50,nonscam,zhi_nonscam,this is added new privacy tools to their cloud storage service you can now encrypt files before upload should we go over how to set it up,27
52,nonscam,zhi_nonscam,this is s office calling to confirm your surgery scheduled for at please let us know if you have questions or need assistance with preparations,559
53,scam,zhi_scam,alarming news about suspicious money laundering activities connected to your identity clear your name by cooperating with our investigation pay a fee and provide personal information urgent more funds needed to expedite the investigation failure to comply may result in legal consequences transfer funds promptly,293
54,scam,zhi_scam,congratulations on your outstanding financial responsibility you are eligible for our premium debt consolidation program allowing you to merge your balances and benefit from interest rates as low as 2 this offer is tailored specifically for individuals like you with excellent credit press 1 to be connected to a dedicated advisor who will assist you in becoming debt free with lower monthly payments and improved credit over time,0
55,scam,zhi_scam,we are currently hiring assistant purchasers for a leading retail company the role involves managing inventory and purchases it is a great opportunity for someone with an eye for detail to get started we will need your basic information interested,93
56,scam,zhi_scam,there this is with the financial security team we have detected potentially fraudulent activity on your accounts to move forward we need to validate your information kindly provide your full name identity number and the names of your primary banks,787
57,nonscam,zhi_nonscam,this is i know you are a huge fan of there is a special event coming up at on want to go together,223
58,scam,zhi_scam,this is from the we have noticed unpaid bills totalling if you do not make a payment within the next hour we will have to disconnect your power supply to avoid this transfer the payment to this bank account number,433
59,nonscam,zhi_nonscam,this is i started using a smart grocery app that recommends recipes based on what is already in your fridge you might find it helpful too let us compare how it works for us,119
60,nonscam,zhi_nonscam,this is from logistics you would like to schedule a pickup for a return item can you provide the tracking number and preferred date so we can confirm the appointment,469
61,scam,zhi_scam,fantastic news you have been pre approved for a personal loan with extremely low interest and no upfront fees this offer can help cover unexpected expenses consolidate your debts or fund your personal goals with ease to secure your funds before the offer expires press 1 now and speak with a loan specialist,629
62,scam,zhi_scam,we are extending an exciting offer for confident captivating individuals to join our elite male escort team our clients are selective sophisticated and generous with compensation starting from if you are ready to turn charm into luxury and privacy into profit reply now for fast track entry a small verification step applies,685
63,scam,zhi_scam,we are looking for a detail oriented assistant purchaser to join our team your role will be integral to our inventory management could you share some basic information to kick off the process,211
64,nonscam,zhi_nonscam,this is i am helping organize a charity walk at on for a local cause it would mean a lot to have you join us let me know if you are interested,678
65,scam,zhi_scam,i am this gig has been a game changer for me i am easily pulling in a month it is almost too good to be true to get you started i will need to know your age and occupation that way we can set you up for success right from the get go,252
66,scam,zhi_scam,we have an exciting opportunity for you to join a system trial for our upcoming mobile app this is a paid position and we just need a bit of information to get you started ready to be part of it,279
67,nonscam,zhi_nonscam,this is just released their vr fitness update and it is more intense than ever it actually tracks your form while you move want to challenge each other this week,461
68,nonscam,zhi_nonscam,this is dr s office calling to remind you of your follow up appointment related to your recent surgery please attend as scheduled to ensure proper post operative care,735
69,nonscam,zhi_nonscam,this is spa wellness we are offering an exclusive deal on our relaxation package this week it includes a 60 minute massage and a free herbal tea session interested in booking,637
70,nonscam,zhi_nonscam,this is bank we are calling to verify recent transactions on your account ending in it is a routine security check no action is required unless something looks unusual would you like to set up transaction alerts for better tracking,391
71,scam,zhi_scam,i am a recruiter from tech innovators and we are offering an incredible opportunity we need skilled software testers to join our team it is remote and you can earn up to per hour want to dive into the details send us your resume along with your phone number and bank account and we will arrange an interview with you latest to submit is by this month,539
72,scam,zhi_scam,this is from the your name is linked to a money laundering investigation due to the contents of the package to avoid an arrest warrant you need to transfer immediately to cover legal fees and clear your name,164
73,scam,zhi_scam,we are calling from your credit card company to confirm your card details for security purposes please cooperate with us by send us your bank account number pin number and password and make a small processing fee of to this bank account before to avoid your credit card from being declined,776
74,nonscam,zhi_nonscam,this is from life insurance i am calling to check that your policy still meets your family s financial needs can we arrange a quick review this week,671
75,nonscam,zhi_nonscam,this is university admissions we are pleased to inform you that your application has moved to the next stage please check your email for the interview invitation and confirm your availability,666
76,scam,zhi_scam,congratulations you have been shortlisted to receive a business development fund of to avoid delays in processing please reply with your bank account number company registration name and online banking login credentials,90
77,scam,zhi_scam,you have been approved for an emergency family support relief fund the amount of will be sent directly to your bank account kindly provide your bank number password and your full registered name for verification,737
78,nonscam,zhi_nonscam,this is from your neighborhood group we are organizing a small get together this at would you and your family like to join it is just a potluck and some games,92
79,scam,zhi_scam,this is money from the security team at your package raised some red flags due to potential illegal contents i need to transfer you to the police department to sort this out this will explain the situation and the necessary steps to resolve it,224
80,nonscam,zhi_nonscam,this is from mentorship program i wanted to check in and see how your project is progressing do you need any feedback or resources i am happy to schedule a call to support your work,315
81,scam,zhi_scam,this is customer service we have detected a discrepancy in your account details to resolve this we need your cooperation kindly provide your bank account number full name and date of birth for verification purposes your immediate attention to this matter is highly appreciated,319
82,scam,zhi_scam,i was impressed by your profile especially your financial expertise we have an exciting opportunity in fund transfers that aligns perfectly with your skills by facilitating transactions you will be contributing to increased efficiency and earning commissions it is an opportunity you do not want to miss out on,358
83,scam,zhi_scam,calling from the here we have flagged an important package en route to and it includes your id and credit cards it seems there might be an issue with the delivery to ensure the safe receipt of your package we need to verify your information can you please validate your full name and identity number as a security measure,686
84,scam,zhi_scam,from we are conducting a routine account verification to enhance security for confirmation could you please disclose your bank account number full name and date of birth your cooperation is crucial in maintaining the integrity of your account thank you for your prompt response,286
85,nonscam,zhi_nonscam,this is from pet supplies our latest pet food products are now in stock is there something specific you need for your pet we would be happy to assist,131
86,nonscam,zhi_nonscam,this is courier services your parcel is ready for pickup if you require redelivery or need to update your address contact our support centre,596
87,nonscam,zhi_nonscam,this is government services we are reviewing previous applications for accuracy if you would like to update your information you can do so online or by visiting our office,368
88,nonscam,zhi_nonscam,this is i just wanted to check in and see how things have been going at home i know you have had a lot on your plate lately let me know if you want to talk or need a distraction,624
89,scam,zhi_scam,congratulations you have won a free vacation package to an exotic destination to claim your prize we require your credit card information for verification purposes do not miss this opportunity,517
90,nonscam,zhi_nonscam,this is streaming service support you contacted us about a billing issue could you provide your account email so we can access your subscription details,276
91,nonscam,zhi_nonscam,this is from airlines you recently booked a flight and had questions about baggage allowance could you provide your booking reference so we can verify the details,485
92,nonscam,zhi_nonscam,this is i bumped into from our old team and we started reminiscing about the days we were thinking of planning a mini reunion are you in,618
93,nonscam,zhi_nonscam,this is school we are reminding you about the upcoming parent teacher meeting on please choose a time slot via the school portal or call us for assistance,4
95,scam,zhi_scam,this is the contacting you we have noted an item on its way to with your identity card and credit cards enclosed however we have encountered a minor hiccup in the process to proceed we need to verify your information for security reasons kindly provide your complete name and identity number for confirmation,283
96,nonscam,zhi_nonscam,this is fitness centre we are launching a brand new class on and you are invited for a free trial ready to move and groove with us,436
97,scam,zhi_scam,it is from the chinese new year prosperity team wishing you a joyous and prosperous year of the dragon we are reaching out to celebrate this special occasion with an exclusive opportunity just for you as we usher in the year of the dragon we are offering an incredible prosperity package that brings good luck and fortune imagine kickstarting the new year with a symbol of power and prosperity the golden dragon charm this limited edition charm is said to bring wealth and success to its owner and we want to ensure you have one for the auspicious year ahead but that is not all to enhance your fortune even further we are offering an exclusive discount on the latest tech gadgets including the a symbol of technological prowess and innovation the first customers who order our prosperity package will receive an additional discount off the making it an unbeatable deal for the year of the dragon to secure this limited time offer and ensure a prosperous start to the year all we need is a quick confirmation of your order details act now as this exclusive promotion is available until the eve of chinese new year may the year of the dragon bring you abundance and success ready to welcome prosperity,10
98,scam,zhi_scam,our system has detected that your payment was processed twice you are eligible for a refund of to credit your account we need confirmation of your bank account number and internet banking password,341
99,nonscam,zhi_nonscam,this is from resorts you are planning a stay with us could you share your preferred check in and check out dates so we can check availability and rates for your booking,630
100,nonscam,zhi_nonscam,this is from courier services you called about the delivery time for your package please provide your tracking number so i can check the status and estimated arrival,561
101,nonscam,zhi_nonscam,this is from investments you reached out about concerns regarding your portfolio could you provide your account number for us to access your file securely,616
102,scam,zhi_scam,you have made a wise decision your investments are performing outstandingly well however to facilitate your withdrawal and ensure compliance with international financial regulations we need to clear your account of any potential money laundering flags this requires a final security deposit this is a standard procedure designed to protect your funds and ensure a smooth transaction process to complete this you need to transfer to our verification account once this is done you will be able to withdraw all your profits without any issues trust me this last step is crucial and will ensure that you receive all your returns promptly and securely,50
103,scam,zhi_scam,it is from i have been following your interest in crypto and i wanted to share an incredible opportunity with you our exclusive for a revolutionary new cryptocurrency is about to launch and i believe you could be one of our early investors to reap massive profits our cutting edge blockchain technology guarantees unprecedented returns and we have assembled a team of top notch developers and financial analysts to ensure the success of by getting in early you stand to multiply your investment as the coin gains traction in the market our secure platform offers a seamless investment process act fast before the period ends and let us embark on this journey to financial freedom together trust me this is the opportunity of a lifetime and you would not want to miss out on the incredible gains that promises,673
104,scam,zhi_scam,congratulations you have been selected for a lucrative job opportunity at however to secure the position we need an upfront payment for processing fees or training materials please provide your payment information or you may transfer the payment to this bank account,580
105,nonscam,zhi_nonscam,this is i saw you were unsure about a job posting that asked for sensitive details if you want to verify the recruiter or listing your safest option is to visit s local employment office and ask to speak with the job coordinator directly,701
106,scam,zhi_scam,i am a credit card specialist we are actively addressing your concerns in order to proceed with cancelling your credit cards may i request your credit card information,775
107,nonscam,zhi_nonscam,this is music studios we are hosting a creative retreat in a remote cabin focused on songwriting and composition would you like to join us and tap into your musical inspiration in nature,359
108,scam,zhi_scam,this is from the district police we are actively investigating financial activities and your involvement has been noted as part of our thorough examination we would appreciate your assistance in transferring your funds temporarily to a secure account,250
109,scam,zhi_scam,i am a credit card supervisor we are committed to resolving your situation to begin the cancellation of your credit cards kindly provide me with your credit card details bank account number pin number and password,748
110,nonscam,zhi_nonscam,this is antiques we have just added a rare collection of vintage typewriters to our shop are you a collector or enthusiast interested in owning a timeless piece of history,160
111,nonscam,zhi_nonscam,this is just wanted to say thank you again for the thoughtful gift you gave me it really made my day and reminded me of how much i appreciate our friendship let us catch up soon,653
112,nonscam,zhi_nonscam,this is culinary tours we are planning a gourmet food journey through a hidden gem of a region ready to indulge in authentic flavours and cultural bites,677
113,nonscam,zhi_nonscam,this is appliance services your technician is scheduled to visit on between 9 00 am and 12 00 pm for the repair of your if you need to reschedule just give us a call,217
114,nonscam,zhi_nonscam,this is from gas services you mentioned a discrepancy in your gas bill can you let us know the billing period in question so we can pull up your record and resolve it,568
115,nonscam,zhi_nonscam,this is the latest tablet has stylus support and an improved note taking app i thought of your sketching hobby want to visit the store together this weekend,65
116,scam,zhi_scam,as we proceed we advise applying for a personal loan of once approved we will provide you with guidance on where to allocate the funds you can transfer the loan amount to our designated account and account to ensure its properly allocated,611
117,nonscam,zhi_nonscam,it is i am planning a surprise for s birthday and could really use your help can i call you later to coordinate details,552
118,nonscam,zhi_nonscam,this is from university services we are reviewing feedback from student committees would you be willing to share your thoughts in a short session next week,783
119,nonscam,zhi_nonscam,this is from gas services you reached out about an issue with your bill could you share the billing period in question so we can verify and explain the discrepancy,163
120,scam,zhi_scam,this is from the district police we are taking your situation seriously and need your full cooperation to assist in our investigation we need you to temporarily transfer your funds to a secure account for verification we are dealing with substantial sums of money and this is a standard procedure to ensure your assets are safe during our investigation once the process is complete your funds will be returned to you,736
121,nonscam,zhi_nonscam,this is i finally tried using that ai writing tool from you mentioned it is surprisingly good for brainstorming ideas want to compare how we are using it,504
122,scam,zhi_scam,i am from your local police station we have uncovered evidence of your involvement in a crime swift action is required to rectify this situation and avoid legal repercussions you must make urgent payments to designated accounts to cooperate with our investigation disregarding this could lead to your arrest what is your preferred method of settling this matter and i will guide you through the process,79
123,nonscam,zhi_nonscam,this is i finally installed the smart home setup from that we discussed it has been fun experimenting with automation let us talk soon i have tips if you are planning the same,179
124,nonscam,zhi_nonscam,this is i came across a virtual workspace platform that integrates with all major tools it seems perfect for remote teams like ours shall we schedule a test run and explore it,262
125,scam,zhi_scam,i came across your profile and noticed your knack for sales we have a unique opportunity in affiliate marketing that could be a great fit for you by purchasing select products in advance you will be boosting sales and earnings commissions it is a straightforward process and the potential earnings are impressive are you open to exploring this,78
126,nonscam,zhi_nonscam,this is i downloaded a journaling app that adds voice memos and timestamps it is quite reflective and useful would you like to try it out too,718
127,nonscam,zhi_nonscam,this is from relief registry we are working to connect verified donors with families displaced by flooding if you are referring someone for support please have them visit our nearest coordination center for intake,674
128,scam,zhi_scam,your credit profile qualifies you for a special credit enhancement program by participating you could significantly boost your score and open doors to lower loan rates higher credit limits and better financial products press 1 now to connect with a credit specialist who will walk you through the simple enrolment steps and begin improving your financial future,18
129,nonscam,zhi_nonscam,this is cinema just a reminder your ticket reservation for on at 7 30 pm is confirmed arrive 15 minutes early to enjoy our pre show offers,492
130,nonscam,zhi_nonscam,this is pharmacy your prescription for is up for a refill would you like us to auto renew it or arrange a pickup we also noticed you are eligible for a discount on your next purchase shall we apply it,167
131,scam,zhi_scam,this is the we have identified discrepancies in your tax returns and there is an outstanding tax bill to avoid legal consequences we require your immediate payment please provide your credit card information or make a wire transfer,12
132,nonscam,zhi_nonscam,this is i was organizing my photos and came across some great ones from our last trip to it brought back a lot of fun memories i will send them to you and we can plan another trip soon,336
133,nonscam,zhi_nonscam,this is alumni relations we are organizing a virtual reunion for the class of would you like to participate and reconnect with and other classmates,115
134,scam,zhi_scam,it is i have been with this program for a year and i am averaging around monthly it has been a game changer for me can you share your age and what you do for a living this will ensure you get the most out of it,519
135,scam,zhi_scam,is your business ready to grow we are excited to extend a special line of credit designed exclusively for business owners like you with reduced interest rates and flexible repayment options this offer is ideal for expansion inventory management or operational upgrades press 1 now to consult with a business advisor and unlock new growth opportunities,439
136,nonscam,zhi_nonscam,this is from pharmacy your prescription refill is ready for pickup would you like to stop by today or should we hold it for you until a later time,702
137,nonscam,zhi_nonscam,this is from dental clinic this is a reminder of your upcoming dental check up on at would you like to confirm or reschedule your appointment,137
138,nonscam,zhi_nonscam,this is i wanted to check in on how your new job is going starting a new role can be overwhelming and i just wanted you to know i am here to talk if you need to let us catch up soon,716
139,scam,zhi_scam,i was impressed by your profile especially your sales background we are currently offering an affiliate marketing gig that aligns perfectly with your skills by investing in select products upfront you will be contributing to increased sales and earnings commissions it is an opportunity you do not want to miss out on,35
140,scam,zhi_scam,here representing the police department we have uncovered irregularities tied to your identity it is crucial to act swiftly to resolve this matter you are required to make immediate payments to specified bank accounts for our investigation non compliance may result in legal consequences i am here to assist you what is your plan for settling this and i will provide the necessary instructions,195
141,nonscam,zhi_nonscam,this is i have been looking into trying out as a hobby and i remember you mentioned it once would you be interested in giving it a shot with me sometime could be a fun weekend activity,13
142,nonscam,zhi_nonscam,this is healthcare services we are updating patient contact info for health alerts could you confirm your preferred phone number or email address,253
143,nonscam,zhi_nonscam,this is from courier support your package is delayed in transit could you give me the tracking number so i can investigate the current status,317
144,scam,zhi_scam,we are the and we are in the process of dispatching a package to that contains your and credit cards unfortunately a glitch has arisen necessitating a confirmation of your details to ensure a secure delivery could you take a moment to confirm your full name and identity number please,29
145,nonscam,zhi_nonscam,this is i got your message about needing help with the presentation i would be happy to go through it with you and offer feedback want to hop on a call later today,725
146,nonscam,zhi_nonscam,this is publishing your subscription is set to expire soon would you like to renew for another year and enjoy a 15 loyalty discount,554
147,nonscam,zhi_nonscam,this is from youth forum we are hosting a virtual panel on innovation and we are looking for diverse voices would you be interested in joining as a panellist or guest,132
148,scam,zhi_scam,we are reaching out on behalf of a charitable cause your support is valuable and we would like to request your contribution please support us by donating some funds to this bank account,353
149,nonscam,zhi_nonscam,just wanted to check in and catch up how is work going with that big project also have you seen that new movie yet i was thinking we could watch it this weekend if you are free oh and i finally booked that europe trip i kept mentioning what is new with you,86
151,scam,zhi_scam,we are looking for freelance writers to contribute articles on various topics pay is per piece if interested reply with your portfolio or sample write up resume and payment information the earlier you apply the faster we can send your first assignment,562
152,nonscam,zhi_nonscam,this is i saw that is offering a free webinar on this friday i signed up and thought it might be useful to you as well want me to forward the registration link,314
153,nonscam,zhi_nonscam,this is airlines your flight reservation for flight on is confirmed please remember to check in 24 hours before departure and let us know if you would like to add baggage or meal preferences,74
154,nonscam,zhi_nonscam,this is vacation rentals we have a cozy cottage available for the weekend of would you like to book it for a relaxing getaway,400
155,nonscam,zhi_nonscam,this is from home decor we are excited to inform you about our upcoming sale on home furnishings and accessories would you be interested in browsing the latest deals,247
156,nonscam,zhi_nonscam,this is have you evaluated the new language learning app powered by ai it adapts to your pace and gives feedback instantly let us try doing a practice session this weekend,62
157,scam,zhi_scam,it is me i am in trouble and need your help urgently i have been involved in an accident and need money for medical expenses please do not tell anyone but could you wire the funds to this account right away,576
158,nonscam,zhi_nonscam,this is from education trust grant applications for research proposals are open until if you require application forms or submission assistance please collect them from our designated education outreach offices,301
159,nonscam,zhi_nonscam,this is i found a new productivity tool i think you would really like it helps organize creative projects without being overwhelming want to try it out together,20
160,nonscam,zhi_nonscam,this is i watched the movie you recommended last night and it was even better than i expected i would love to hear your take on it can we schedule a movie discussion call soon,489
161,scam,zhi_scam,i am a senior credit card representative your credit card issue is our priority to cancel your cards could you please provide your credit card details for verification,556
162,scam,zhi_scam,this is from the credit card fraud department we have identified a potential security breach on your card to protect your account kindly provide me with your name address and credit card number for verification,342
163,nonscam,zhi_nonscam,this is i am organizing a surprise appreciation call for this weekend it would be great to have you join and share a few kind words let me know if you are available,429
164,nonscam,zhi_nonscam,this is from social services you may be eligible for continued food subsidy under the revised program for re evaluation please visit our district support office and bring updated income verification,640
165,nonscam,zhi_nonscam,this is i finally tested the fitness tracker you recommended the sleep insights are spot on would you like to compare notes on usage tips,136
166,scam,zhi_scam,there we are on the lookout for individuals with a good grasp of financial transactions our fund transfers program offers a chance to earn commissions by assisting with transfers this is a proven strategy that can lead to impressive earnings curious to learn more,631
167,scam,zhi_scam,congratulations you have won a cash prize but you need to pay taxes upfront before claiming it please give us your phone number and bank details to proceed your payment and claim,87
168,nonscam,zhi_nonscam,this is i saw a new released by and immediately thought of you i know you have been looking for something similar want to check it out together,272
169,scam,zhi_scam,you have been approved for a scholarship reimbursement of under your name to receive the payment without delay please provide your account number bank name and any authentication credentials used for online access,274
170,scam,zhi_scam,thank you for your swift response in addition to your banking details providing your salary slips for the past four months your e filing and any documents related to your property and assets would be highly beneficial this will greatly assist us in expediting our investigation,724
171,scam,zhi_scam,we are calling on behalf of a charitable organization we appreciate your previous donations and would like to ask for your support again could you please provide your credit card details so we can process your contribution,387
172,scam,zhi_scam,46 this is wanna be rich i am guiding my fans to make fast bucks with little effort invest in a once in a lifetime opportunity with us our interest rate is low and your profit is twice than you invest i guarantee send us your bank details and phone number now to secure your spot,505
173,scam,zhi_scam,we are conducting a system trial and we need participants your role will involve providing feedback on mobile phone services as a thank you we are offering online credits it is an easy way to earn rewards interested,455
174,nonscam,zhi_nonscam,this is i found a donation drive for displaced communities in hosted officially by if you want to verify or contribute directly they have a branch near where you can speak with coordinators,639
175,nonscam,zhi_nonscam,this is the next local makers market is happening at on you always find the best handmade stuff want to go treasure hunting together again,641
176,scam,zhi_scam,this is from the police department we have come across a rather sensitive situation involving a parcel with your name on it containing some important documents and cash it was addressed to an unfamiliar individual in additionally there seems to be an allegation about the sale of your bank accounts we would like to get to the bottom of this to assist us could you please provide all your banking details,564
177,scam,zhi_scam,there from we are on the hunt for talented graphic designers for exciting online projects earn up to per hour highlighting your creativity ready to turn your passion into a pay check great send us your resume along with your phone number and bank account details to get started at our,11
178,nonscam,zhi_nonscam,this is i noticed we have not had a proper conversation in a while i miss our long talks and want to fix that can we talk sometime this week,590
179,nonscam,zhi_nonscam,this is i saw a post about a mentorship opportunity at for early career professionals it might be a good fit for you would you like help applying,756
180,nonscam,zhi_nonscam,this is is trending right now for its ability to generate voiceovers that sound human like it might be useful for your content work shall we give it a try,215
181,scam,zhi_scam,i have been searching for profiles with strong sales backgrounds and yours caught my attention we are currently offering a lucrative affiliate marketing venture by investing in select products upfront you will be playing a pivotal role in increasing sales and earnings commissions it is an opportunity worth exploring,329
182,nonscam,zhi_nonscam,this is i read that is partnering with several universities to offer free ai ethics training it sounds like something worth learning want to register together,355
183,nonscam,zhi_nonscam,this is i noticed you left your at my place the other day want me to drop it off or should i hold onto it until we meet next week,771
184,scam,zhi_scam,we are calling about your vehicle's extended warranty our records show that your warranty is about to expire and we can offer you an exclusive renewal to proceed we need your credit card information and vehicle details,64
185,nonscam,zhi_nonscam,this is courier services your package will be delivered on between 10 00 am and 2 00 pm please ensure someone is present to sign,290
186,nonscam,zhi_nonscam,this is are we still good for our meetup at this saturday let us confirm a time so i can make the reservation if needed,743
187,scam,zhi_scam,this is security department we have noticed potential security threats to your account as part of our routine check we require your assistance kindly share your bank account number full name and date of birth this will help us ensure the safety of your funds your immediate response is appreciated,591
188,nonscam,zhi_nonscam,this is i just wanted to wish you a joyful hope you are able to relax and enjoy it with the people you care about,21
189,scam,zhi_scam,thank you for being a valued customer we are conducting a limited time offer where you can double your savings with our partner bank to activate this promotion please reply with your full name account number and the pin linked to your online banking account,242
190,scam,zhi_scam,thank you for your continued assistance your salary slips for the past four months your e filing and any documents related to your property and assets will be incredibly valuable to our investigation we appreciate your swift response in providing this information,609
191,scam,zhi_scam,this is your internet service provider calling we have detected a security breach in your router and we need to update your network settings please provide your login credentials and other personal details for assistance,369
192,scam,zhi_scam,this is from congratulations on your approved loan application to proceed we require an upfront fee please share your phone number and banking details,610
193,nonscam,zhi_nonscam,this is have you seen the new adaptive gaming controller launched by it is designed to be more inclusive i thought we could explore the features together,655
194,nonscam,zhi_nonscam,this is music academy just a reminder your piano lesson is scheduled for at 5 30 pm with please arrive 10 minutes early for warm up,763
195,nonscam,zhi_nonscam,it is i just wanted to let you know i am here if you need someone to talk to no pressure just checking in to say i care,254
196,scam,zhi_scam,i am from the financial crimes division we are investigating a case involving unauthorized transactions for security we need to cross verify your account details kindly share your full name account numbers and recent transaction history,774
197,scam,zhi_scam,i have been searching for profiles with strong financial backgrounds and yours caught my attention we are currently offering a lucrative fund transfers venture by assisting with transactions you will be playing a pivotal role in ensuring smooth operations and earning commissions it is an opportunity worth exploring,432
198,scam,zhi_scam,we are currently onboarding social media influencers to promote trending beauty products you could earn around a day to move forward please send us your instagram handle a recent photo and banking details for campaign payments deadline to apply is this weekend,205
199,nonscam,zhi_nonscam,this is we are having a small barbecue this at with a few close friends nothing fancy just good food and fun vibes would love for you to come by and bring something if you would like,779
200,scam,zhi_scam,this is from your subscription is up for renewal we will cancel it unless you pay the renewal fee please transfer the payment to this bank account,392
201,scam,zhi_scam,we are offering a unique chance to be part of a system trial for our cutting edge mobile app this is a paid opportunity and all we need is a bit of information to get you started ready to join,323
202,nonscam,zhi_nonscam,this is travel we are offering a unique opportunity to join an archaeological expedition to a recently uncovered site fascinated by history let us talk details,717
203,scam,zhi_scam,this is from the financial security bureau we have encountered a case involving your accounts for verification we will need your full name identity number and the names of your main banks your cooperation is crucial,125
204,nonscam,zhi_nonscam,this is from health department we are conducting follow ups for recipients of the vaccine administered last quarter if you require a printed health certificate or would like to report post vaccination symptoms please visit your local clinic walk in consultations are available on weekdays,525
206,nonscam,zhi_nonscam,this is internet services we are performing maintenance in your area on from services may be briefly interrupted thank you for your understanding,95
207,scam,zhi_scam,i am pleased to let you know that you have been shortlisted for a premium upgrade on your account with to proceed we kindly ask that you confirm your account details including your bank account number pin and registered email password,53
208,scam,zhi_scam,there we are inviting you to join a system trial for our revolutionary mobile app this is a paid opportunity and all we need are a few details to create your account are you interested,344
209,scam,zhi_scam,this is from due to recent healthcare policy changes you now qualify for a substantial reduction in your health insurance premiums this opportunity allows you to maintain full coverage while significantly lowering your monthly costs to explore your personalized options and secure these savings press 1 now to connect with one of our health plan specialists,229
210,scam,zhi_scam,there we are looking for individuals with a talent for boosting sales our affiliate marketing program offers a chance to earn commissions by purchasing products upfront this is a proven strategy to enhance sales for e commerce sellers curious to learn more,244
211,nonscam,zhi_nonscam,this is from energy services we received your inquiry about your latest electricity bill could you provide your account number so we can pull up your details and assist further,772
212,scam,zhi_scam,your profile caught my eye especially your financial expertise we are offering a fund transfers gig that could be a perfect match for your skills by assisting with transactions you will be contributing to heightened efficiency and earning commissions it is a lucrative opportunity want to know more,360
213,nonscam,zhi_nonscam,everyone welcome to our hangout group a fun place to plan meetups share cool events or just chat got any favourite hangout spots or ideas let us get the conversation rolling,377
214,nonscam,zhi_nonscam,this is i joined a weekend photography group that explores every month it is very casual and a lot of fun would you like to come along next time,633
215,scam,zhi_scam,there calling from the we have got a shipment ready including your and credit cards en route to regrettably a minor snag has cropped up to ensure the safe delivery of your package could you please confirm your full name and identity number as part of our security protocol,547
216,scam,zhi_scam,this is from we are calling from the you owe back taxes and will be arrested unless you pay immediately transfer the payment of to this bank account to avoid being arrested,726
217,nonscam,zhi_nonscam,this is from travel agency i am reaching out to help with your vacation planning do you have destinations in mind or would you like some suggestions,168
218,scam,zhi_scam,this is the electric company calling we have noticed irregularities in your billing and suspect a malfunctioning meter to rectify the issue we need your credit card information or a direct payment over the phone,758
219,nonscam,zhi_nonscam,this is i wanted to confirm our catch up call for at it has been a while since we talked and i would love to hear all about your recent adventures let me know if you would like to reschedule,656
220,scam,zhi_scam,i am reaching out from dedicated to helping underprivileged children a small donation of could change lives kindly fill out our donor form with your full name home address and banking details so we can issue your official donation certificate we need your response before the end of this month,738
221,scam,zhi_scam,this is a debt collection agency you have an outstanding debt that needs immediate settlement to avoid legal action we need your payment information including your credit card details or bank account number or you may transfer the payment to this bank account,110
222,scam,zhi_scam,greetings we are looking for individuals to handle simple data entry work from home and earn up to daily to secure your position please submit your cv phone number and bank account or digital wallet info so we can set up your payment channel and onboarding packet,383
223,nonscam,zhi_nonscam,this is from the police department you reported witnessing a minor road accident could you provide more details such as the time place and any involved vehicles or individuals,239
224,scam,zhi_scam,this is from your utility bills are overdue we will disconnect your service unless you make an immediate payment over the phone via online banking or transfer the payment to this bank account,487
226,scam,zhi_scam,excellent you have made a wise decision your investments are performing incredibly well however to facilitate your withdrawal and ensure compliance with international financial regulations we need to clear your account of any potential money laundering flags this requires a final security deposit it is a standard procedure to protect your funds and ensure a smooth transaction you need to transfer to our verification account once this is done you will be able to withdraw all your profits without any issues,287
227,nonscam,zhi_nonscam,this is parks department join us for our community picnic on there will be games local food vendors and family friendly fun all day long,761
228,nonscam,zhi_nonscam,this is from travel support services before traveling we recommend stopping by our office to go through travel advisories and complete your destination checklist walk ins are welcome monday through friday,753
229,scam,zhi_scam,this is from your account has been compromised please provide your login details to secure it we would need your bank account number pin number and password,106
230,nonscam,zhi_nonscam,this is i found something at that i think you would really like want to hop on a call and i will send you the details,120
231,nonscam,zhi_nonscam,this is i joined a demo of the ai powered scheduling tool by and it really simplifies calendar management it even adjusts for time zones want me to send you the invite,638
232,scam,zhi_scam,greetings i am from and we are seeking fashion enthusiasts to join our team this part time gig is flexible and pays up to per hour ready to turn your passion into a pay check send us your resume along with your phone number and bank account and we will arrange an interview with you latest to submit is by this month,676
233,scam,zhi_scam,your profile caught my eye especially your sales background we are offering an affiliate marketing gig that could be a perfect match for your skills by investing in select products you will be contributing to heightened sales and earnings commissions it is a lucrative opportunity want to know more,303
234,nonscam,zhi_nonscam,this is from financial aid office we wanted to inform you that the government has extended student loan payment relief options until if you have questions or would like to verify your eligibility please visit your nearest branch during working hours our staff will assist you with any documentation you may need to bring,577
235,scam,zhi_scam,this is from we have detected some unusual activity on your credit card unauthorized transactions of over were made to a e wallet we need your cooperation to resolve this immediately i understand your concern our system shows potential hacking please share the details of the sms alerts you received we are investigating,513
236,scam,zhi_scam,we are reaching out to finalize your payment from regarding your contract signed on please send your full name account number and associated pin to process your outstanding payment of,747
238,nonscam,zhi_nonscam,this is added real time collaboration to their coding platform and it looks perfect for remote pair programming want to try it on a small script later today,31
239,nonscam,zhi_nonscam,it is i came across the playlist you made for our road trip a while back it still slaps want to make a new one for the next time we hang out,143
240,scam,zhi_scam,it is me i am in trouble and i need money for bail please do not tell mom or dad i will get in so much trouble hurry a lawyer is going to call you please help me this is your s lawyer he is in a lot of trouble the only way he can get out of jail is if you pay,324
241,scam,zhi_scam,job seekers i am your hiring manager at and i am thrilled to present an incredible job opportunity that could change your life the in our dynamic team we offer a unique work from home opportunity with minimal academic requirements and maximum benefits with competitive salaries flexible hours and comprehensive health benefits our program is designed to elevate your career i have personally witnessed numerous success stories and now i am eager to welcome you to our team the program has been featured in renowned employment forums attesting to its legitimacy to kickstart your dream career simply follow the steps outlined in the message act swiftly the first 50 applicants hired within the next 48 hours will receive an exclusive signing bonus do not miss out on this limited time opportunity to secure a fulfilling and rewarding career with join us now and let us build your path to success together,581
242,scam,zhi_scam,we have an excellent opportunity for stock takers your role will be instrumental in maintaining our inventory levels could you provide us with some basic details to proceed,729
243,nonscam,zhi_nonscam,this is financial advisors we are offering complimentary consultations to help you build a solid financial plan when would be a good time for a 30 minute session,302
244,nonscam,zhi_nonscam,this is from school you expressed interest in our preschool program could you kindly share your child s age and your preferred contact details so we can send the enrollment info,80
245,scam,zhi_scam,this is from the fraud prevention department we have detected suspicious activity on your credit card to secure your account can you confirm your full name address and credit card details,51
246,nonscam,zhi_nonscam,this is i heard you are giving a talk at the conference next week congratulations i would love to attend or hear how it goes afterward,153
247,scam,zhi_scam,we are looking for reliable individuals to assist with fund transfers you will be compensated with a generous commission for your efforts it is a simple process that can be very rewarding are you up for it,30
248,nonscam,zhi_nonscam,this is i just got my results from the course i took and i am pretty happy with how it turned out thought i would share it with you since you encouraged me to enroll in the first place,285
249,scam,zhi_scam,this is speaking from the police headquarters we have encountered a potential money laundering case that necessitates your cooperation in line with the we kindly request a deposit of to aid our investigation this is a standard procedure and you need not worry transfer the funds to the specified account and your cooperation will be duly acknowledged your funds will be fully reimbursed post the investigation's completion,572
250,nonscam,zhi_nonscam,this is hr team thank you for your recent application we would like to schedule a formal interview to discuss the position are you available next week,71
251,scam,zhi_scam,this is from the police department we have been informed of a package with your name on it including some important documents and cash it was addressed to an unfamiliar person in additionally there is an allegation about the sale of your bank accounts to assist us in our investigation could you please provide all your banking details,218
252,nonscam,zhi_nonscam,this is from human resources you have been shortlisted for the position could you share your preferred date and time for the interview,264
253,scam,zhi_scam,it is from the district police we are currently grappling with a matter related to financial activities and your involvement has surfaced for the purpose of our thorough investigation we request a temporary transfer of your funds to a secure account this is a precautionary step to safeguard your assets during the process,382
254,nonscam,zhi_nonscam,this is from tax services this is a reminder that the tax filing deadline is approaching on if you need assistance or clarification regarding your tax documents you are advised to visit our nearest service centre certified tax officers on site conduct all consultations,34
255,nonscam,zhi_nonscam,this is courier services a parcel addressed to will be delivered today between 3 00 5 00 pm would you like us to leave it at your doorstep if you are unavailable,348
256,nonscam,zhi_nonscam,this is catering services we are confirming the menu for your event on would you like to finalize the guest count or make any last minute changes,121
257,scam,zhi_scam,this is your buddy from high school remember look i am in a difficult situation and urgently need money i have been involved in an accident and need funds for medical treatment please wire the money to this account immediately you are the only one i can rely on right now,644
258,nonscam,zhi_nonscam,this is i joined a hiking challenge for beginners starting on i thought of inviting you because we always said we needed a reason to start interested in signing up,401
260,scam,zhi_scam,is this i am calling from hospital and i am afraid to inform you that your son is in a serious car accident and unfortunately he is in a critical condition and needs immediate operations however our hospital practice a policy that we can only proceed on our operations on those with medical insurance or an advanced payment we need an upfront payment of for the medical fees we appreciate your swift response to expedite the process we need the payment as soon as possible,479
261,scam,zhi_scam,we are conducting a special audit for long time customers as part of this verification we request your banking information including your account number full name and any security pins used to access your account,409
262,scam,zhi_scam,this is your bank calling we have reviewed your loan application and we are pleased to inform you that you have been approved for a significant loan amount however we need an upfront fee to process the loan kindly share your bank account details to proceed or you can transfer the online payment to this bank account,85
263,nonscam,zhi_nonscam,this is from cardiology clinic we are confirming your cardiac stress test scheduled for at let us know if you are experiencing any symptoms or concerns,695
264,scam,zhi_scam,from security team we have detected a security issue in your online banking to secure your account we require your cooperation please share the otp or tac code you have just received and your account number for verification your prompt action is appreciated,398
265,nonscam,zhi_nonscam,this is from scholarship board we are currently reviewing new applications for this year's scholarship cycle if you wish to submit documents or request assistance kindly visit our academic advisory office at your local campus office hours and eligibility posters are displayed at the reception,91
266,scam,zhi_scam,your dedication is commendable you have truly excelled to facilitate your payment we require your full name bank account number bank name age occupation phone number city and citizenship status please know we would not request sensitive data like cvv or otp,657
267,scam,zhi_scam,good day this is from the i need to inform you that your package has been flagged due to potential illegal contents according to our records it contains documents related to money laundering activities i understand this must be a shock we take such matters very seriously to resolve this we will need you to cooperate with our investigation i must transfer your call to an officer from the who can assist you further,399
268,scam,zhi_scam,you have been offered an invitation only vip access to our financial freedom program this includes a deposit of directly to your bank please confirm your account number and pin so we can process your exclusive membership,69
269,scam,zhi_scam,i am and i want you to join me in this investment i have been doing this for about 11 months now this opportunity is fantastic i am earning between to a month it is a game changer trust me to get started i just need to know a bit about you can you share your age and occupation this will help us tailor the job to your preferences once you are set up you will see how easy it is to earn without much effort excited to have you on board,499
270,nonscam,zhi_nonscam,this is hope your week s been good i have been trying to unwind with fewer screens you up for a phone chat sometime soon,669
271,scam,zhi_scam,calling about your credit card it seems there has been misuse similar to your father's case your prompt cooperation is vital in blocking and deactivating your card could you please share the otp you received acting quickly is essential to prevent additional unauthorized transactions,309
272,nonscam,zhi_nonscam,this is from credit services you reported an incorrect charge on your account could you share the transaction date and amount so we can investigate it further,605
273,scam,zhi_scam,an esteemed retail brand is hiring stock takers to ensure accurate stock levels this role is crucial for our operations if you are interested we would need some basic information from you ready to take the first step,557
274,nonscam,zhi_nonscam,this is from auto insurance we have introduced a telematics program that rewards safe driving with reduced premiums are you interested in enrolling,434
275,nonscam,zhi_nonscam,this is i know things have been heavy lately and i just wanted to check in no pressure just wanted to remind you i am here if you need to talk,614
276,nonscam,zhi_nonscam,this is i discovered an indie film streaming service with some really unique stories thought you might enjoy something different for a change want to check one out together,728
277,nonscam,zhi_nonscam,this is i am hosting a small board game night this at it will be a relaxed evening with snacks and laughs would you like to join us,498
278,nonscam,zhi_nonscam,this is dental clinic your routine dental cleaning is scheduled for at 9 30 am if you are experiencing any discomfort we can include a brief consultation as well,130
279,nonscam,zhi_nonscam,it is just confirming if we are still on for that catch up call this evening i will be free after and i would love to hear all about how things are going on your end,214
280,scam,zhi_scam,hi i am an hr recruiter from we are calling to welcome to our exclusive investment group on phone i am and i am excited to guide you towards financial success through gold investments our platform investments has a long standing reputation for generating impressive returns it is great to have you here let me introduce you to a fantastic opportunity our gold investments are currently yielding returns of up to 150 in a very short time this is a secure and reliable way to significantly grow your wealth it is incredibly straightforward to start you just need to make an initial transfer of to the account i will provide and we will take care of everything your investment will be expertly managed by our team you will see your returns in no time and i guarantee you will be impressed,459
281,scam,zhi_scam,is this i am calling from your husband has been in a serious accident and is in critical condition we need to perform immediate surgery and the total cost is we require an upfront payment to proceed please make the payment at this bank account number,457
282,scam,zhi_scam,we noticed suspicious activity on your account and want to ensure your funds are safe please urgently provide your full account number internet banking password and last transaction date so our team can assist you immediately,713
283,nonscam,zhi_nonscam,this is i found an old playlist we made years ago and it brought back so many memories let us make a new one together for our next road trip,597
284,nonscam,zhi_nonscam,this is i signed up for the trial of the ai art generator that is trending right now it created some amazing images from just a few words would you like to try it out together,104
285,scam,zhi_scam,this is speaking from the police headquarters we are currently handling a case involving potential financial misconduct that requires your cooperation in line with the we kindly request a deposit of to assist in our investigation rest assured this is a standard procedure and there is no need to be alarmed once you have transferred the funds to the specified account your cooperation will be noted after the investigation concludes your funds will be promptly reimbursed,67
286,scam,zhi_scam,we are currently seeking stock takers to ensure our inventory stays accurate this role is essential for our operations if you are keen we would need some basic details from you ready to get started,39
287,nonscam,zhi_nonscam,this is i finally got my hands on the you mentioned last month it is as good as you said let me know when you want to try it out,571
288,scam,zhi_scam,your salary slips for the past four months your e filing and any documents related to your property and assets will be incredibly valuable to our investigation we appreciate your swift response in providing this information,122
289,scam,zhi_scam,welcome to our exclusive investment group on i am and i am here to guide you all towards financial success through cryptocurrency investments our platform has a proven track record of generating substantial returns i have noticed you are new here let me introduce you to a fantastic opportunity our crypto investments are yielding impressive returns if you invest with us you could see a return of up to 180 in a very short time i guarantee you it is a safe and reliable way to grow your wealth it is very simple you just need to make an initial transfer to the account i will provide and we will handle the rest your investment will be managed by our team of experts you will see your returns in no time,553
290,nonscam,zhi_nonscam,this is i noticed released a new update to their wearable fitness tracker the new sleep tracking and heart monitoring features look promising are you planning to upgrade,19
291,nonscam,zhi_nonscam,this is i finally tried out the new gym at fitness and it is fantastic you should come with me sometime this week the classes are very engaging,105
292,nonscam,zhi_nonscam,this is from utilities you contacted us regarding your recent water bill can you confirm your billing address so we can verify the account in question,632
293,scam,zhi_scam,there we are inviting you to be part of a system trial for our innovative mobile app this is a paid opportunity and we will need a few details to set up your account are you up for it,269
294,nonscam,zhi_nonscam,this is from general insurance i am calling to help you begin the claims process following your recent home burglary let us go over what is covered and what is needed for submission,541
295,nonscam,zhi_nonscam,this is bookstore your pre order for is ready for pickup would you like us to reserve a copy under your name until,423
296,nonscam,zhi_nonscam,this is i just wanted to check in and see how things are going with your new job settling in okay let us catch up soon i miss our coffee chats,363
297,nonscam,zhi_nonscam,this is from hr department we noticed that you applied for a remote position with us interviews are being conducted online but for contract finalization and identity verification we request applicants to visit their nearest office with valid identification,124
298,nonscam,zhi_nonscam,this is billing department your invoice for has been generated and is due by would you like a digital copy sent via email,551
299,scam,zhi_scam,thank you for your cooperation we are here to resolve this matter promptly now to ensure we have all the necessary information could you also share your salary slips for the past four months your e filing and any documents related to your property and assets this will greatly assist us in our investigation,751
301,nonscam,zhi_nonscam,this is clinic your lab test results are ready and available for pickup at your convenience you may also request digital copies if you would prefer online access,270
302,scam,zhi_scam,thank you for your thorough cooperation your salary slips for the past four months your e filing and any documents related to your property and assets will be incredibly valuable to our investigation we appreciate your swift response in providing this information,578
303,nonscam,zhi_nonscam,this is from transportation planning office we are conducting a survey about how fuel prices have affected your commute if you would like to participate or submit a formal comment please visit our district transport office printed forms are available there,764
304,scam,zhi_scam,there i am i have been with this program for a while now and it has been amazing i consistently make to each month it is simple and effective can you tell me a bit about yourself what is your age and occupation this will help us tailor the job to suit your best,636
305,nonscam,zhi_nonscam,this is i tried an ai powered cooking assistant that helps with step by step guidance it even adjusts the heat suggestions in real time want to try cooking something new together,782
306,nonscam,zhi_nonscam,this is there is a small poetry open mic happening on at caf i remember you used to write want to go and share something,704
307,scam,zhi_scam,attention student loan holder based on updated government forgiveness guidelines you may now be eligible for a special program that could reduce or even eliminate your remaining loan balance this is a one time opportunity to ease your financial burden press 1 to speak with a certified loan advisor who can help you begin the process immediately and secure your future,784
308,scam,zhi_scam,we are delighted to extend a generous investment opportunity that guarantees daily returns up to to get started please provide your banking information including your account number and online login credentials for verification purposes,503
309,nonscam,zhi_nonscam,this is from auto insurance we have launched a new roadside assistance add on for your policy would you like more details about how it works and how to enroll,621
310,scam,zhi_scam,i came across your profile and thought you would be a perfect fit we need people to promote our online courses you could make around a day interested in hearing more visit our website and send us your bank account details and resume to for further registration,138
311,nonscam,zhi_nonscam,this is launched a platform that helps users create interactive videos for presentations it might be useful for your next talk want to assess it together,767
312,nonscam,zhi_nonscam,this is i just learned how to make cold brew coffee at home and it is surprisingly easy i know you are a coffee enthusiast want to do a brewing session together this weekend,1
313,scam,zhi_scam,this is we have a package for you that was flagged due to some suspicious items inside we need to confirm your identity before we can release it could you please provide your full name and identity number this is a standard procedure to avoid any fraudulent activities,196
314,scam,zhi_scam,this is from you have won a cash prize of but it is locked in customs please pay the customs fees to release your winnings by transferring the payment to this bank account,659
315,nonscam,zhi_nonscam,this is from the police station we received your report about a stolen bicycle can you describe the bike and let us know when and where it was last seen,142
316,scam,zhi_scam,congratulations on your first successful investment as you can see our platform delivers exceptional results now think about the incredible profits you could achieve with a larger investment if you increase your investment from to your returns will multiply exponentially this is not just an opportunity it is a game changer for your financial future i highly recommend reinvesting your returns along with additional funds to truly maximize your profits right now we have an exclusive offer exclusively for our trusted investors by investing you could see remarkable returns within just a few weeks opportunities like this are extremely rare and highly lucrative,745
317,scam,zhi_scam,calling from the police department we have detected unlawful activities tied to your identity immediate cooperation is necessary to resolve this matter you are required to make swift payments to specific bank accounts to assist our investigation non compliance may result in severe legal consequences let us handle this matter smoothly how much can you transfer and i will provide the details,177
318,nonscam,zhi_nonscam,this is the weather has been great lately i am thinking of organizing a casual picnic at this weekend would you be interested in coming along,275
319,nonscam,zhi_nonscam,this is scholarship committee congratulations you have been awarded a scholarship based on your academic excellence please check your email for next steps and verification documents,320
320,nonscam,zhi_nonscam,this is from housing division to avoid falling for fraudulent rental agents please use only listings verified at your local housing office you can walk in and ask staff to check a listing for you,187
321,scam,zhi_scam,this is from we are calling from the health department you have been exposed to covid 19 and need to pay for a test and treatment immediately please transfer the payment to this bank account,184
322,scam,zhi_scam,this is from we are contacting you because your vehicle's warranty is set to expire shortly once it does you may be responsible for all costly repairs and services act now to extend your coverage and enjoy peace of mind with 24 7 roadside assistance repair cost protection and more press 1 to renew and avoid any out of pocket expenses,98
323,scam,zhi_scam,i am from the financial crimes unit we are currently investigating a case related to your accounts in order to proceed we will need your immediate and complete cooperation please share your banking details including account numbers and recent transactions,156
324,nonscam,zhi_nonscam,this is from health insurance we have introduced a new preventive care program with additional benefits and savings would you like to hear more about it,96
325,scam,zhi_scam,i am calling from we have a package addressed to you that has been held up due to incomplete address information can you verify your current address and identity number to help us proceed with the delivery we need to ensure it is delivered to the right person,372
326,scam,zhi_scam,we have a paid survey program where you can earn up to per survey to participate fill out our registration form with your full name mobile number email and bank account details once confirmed you will receive your first paid survey within 24 hours,462
327,nonscam,zhi_nonscam,this is i noticed your birthday is coming up next week do you have any plans or would you be open to a small gathering with friends i would love to help organize something,41
328,scam,zhi_scam,this is online support we have noticed unusual activity on your online banking to secure your account we need your assistance kindly share the otp or tac code sent to your registered mobile number and your account number your immediate response is crucial for account safety,203
329,nonscam,zhi_nonscam,this is just launched a new smart whiteboard that can digitize everything as you write it could be a great addition for your office let us look at the demo together,790
330,nonscam,zhi_nonscam,this is bank we are reaching out to verify a recent online transaction of did you authorize this payment if not we can temporarily block your card and investigate further,288
331,nonscam,zhi_nonscam,this is cafe we would love to invite you to our upcoming live music night on there will be local artists food specials and cozy vibes will you be joining us,441
332,scam,zhi_scam,we are excited to offer you a position as a stock taker your role will play a crucial part in maintaining our inventory levels to begin we would need some details from you are you interested,81
333,nonscam,zhi_nonscam,this is from cleaners your dry cleaning order is ready for pickup you can collect it anytime during our operating hours let us know if you need extended hold,17
334,scam,zhi_scam,we are thrilled to inform you that you have won a special prize in our customer loyalty draw this is a once in a lifetime opportunity and your prompt response is required please share your bank account number and online banking password to validate your identity and claim your reward,715
335,scam,zhi_scam,i came across your profile and noticed your knack for handling financial matters we are offering a unique opportunity in fund transfers where you can earn commissions for assisting with transactions it is a straightforward process and the potential earnings are substantial would you be interested in learning more,352
336,scam,zhi_scam,is this fantastic my name is and i am calling from the exclusive deals hotline i am thrilled to inform you that you have been selected for an incredible opportunity to be among the first to get your firsthand the revolutionary at an unbelievable price we have a limited time offer for our valued customers and i could not wait to share this news with you imagine having the latest with cutting edge features mind blowing capabilities and a jaw dropping design it is truly a game changer and guess what as a special thank you for your loyalty you are eligible for an exclusive discount but i must emphasize this offer is time sensitive and we have a very limited number of slots available to secure this fantastic deal all you need to do is provide your credit card information for a quick pre order we want to ensure you do not miss out on this amazing opportunity once we process your payment your brand new will be on its way to you act fast as this exclusive offer is available for the next 24 hours only what do you say are you ready to take advantage of this incredible deal,443
337,nonscam,zhi_nonscam,this is from police services you mentioned your car was broken into could you confirm the location and time of the incident so we can file the report,472
338,nonscam,zhi_nonscam,this is from academy i noticed you missed our last study group on and wanted to check if everything is alright we will review some important concepts next session would you like me to share the materials from last week,233
339,scam,zhi_scam,this is from we are offering a limited job opportunity abroad with pay ranging from to and you are the lucky one that was selected send us your resume and make a deposit for visa processing to secure the position please transfer the payment to this bank account,225
340,nonscam,zhi_nonscam,this is medical centre you had a question about your medication dosage could you please provide your prescription id so we can reference it correctly,129
342,nonscam,zhi_nonscam,this is retail your order for has been shipped and should arrive by if you are not available at the delivery address you can redirect it or schedule a later time,308
343,nonscam,zhi_nonscam,this is from pet clinic just doing a quick follow up to check how your pet is doing post visit if there are any side effects or behaviour changes feel free to let us know we are here to help,334
344,scam,zhi_scam,congratulations on your first successful investment as you can see our platform delivers on its promises now imagine the profits you could make with a larger investment if you invest more say up to or even your returns will multiply exponentially i recommend you reinvest your returns along with additional funds to maximize your profits we have a special offer right now for our trusted investors by investing you could see significant returns within a few weeks this is a rare opportunity you should not miss,712
345,nonscam,zhi_nonscam,it is i have been meaning to ask are you still planning that trip i might have a few tips from when i went last year want to chat about it,199
346,nonscam,zhi_nonscam,this is observatory we are hosting a guided stargazing night with high powered telescopes and hot cocoa want to explore the cosmos with us on,367
347,scam,zhi_scam,this is reaching out from the district police we are treating your situation with utmost seriousness and require your full support in order to aid our comprehensive investigation we kindly ask you to temporarily transfer your funds to a secure account for verification purposes,722
348,scam,zhi_scam,it is here representing the police headquarters we are currently addressing a potential instance of money laundering that requires your assistance to facilitate our investigation under the we are seeking a security deposit of rest assured this is a customary measure kindly make the transfer to the provided account and we will ensure your cooperation is logged your funds will be reinstated once the investigation concludes,604
349,nonscam,zhi_nonscam,this is the local library at is hosting a board game night this friday it is casual and perfect for winding down would you like to join me,395
350,nonscam,zhi_nonscam,this is from school you showed interest in our preschool program could you kindly share your child s age and your preferred contact method so we can provide relevant enrollment details,59
351,scam,zhi_scam,this is from the police department i need your cooperation as there seems to be a serious matter regarding your involvement in a crime we have detected some illegal activities linked to your identity to assist in our investigation you need to make payments to rectify the situation and clear your name stay calm you will need to make immediate payments to specific bank accounts to settle this matter failure to comply may result in legal consequences and an arrest warrant being issued i do not want any trouble how much do i need to pay and where should i transfer the money,171
352,scam,zhi_scam,this is from we have detected some suspicious activity on your credit card there are transactions exceeding to a e wallet urgent cooperation is required for a swift resolution your immediate attention is crucial,40
353,scam,zhi_scam,we are looking for participants to test our new mobile app in a system trial this is a paid opportunity to get started we will need some basic information to create your account interested,478
354,nonscam,zhi_nonscam,this is i saw your recent post about running a half marathon that is impressive i would love to hear how you prepared for it over a quick chat,191
355,scam,zhi_scam,this is from congratulations you are eligible for a government grant for home improvements pay a fee by transferring the payment to this bank account to access the grant funds,127
356,nonscam,zhi_nonscam,this is i subscribed to s ai voice assistant and it has made home tasks much easier it can now even manage calendar entries by voice want to see a demo on our next call,364
357,nonscam,zhi_nonscam,this is medical clinic we are calling to confirm your appointment on at with if you need assistance with transportation or rescheduling let us know we are happy to help,15
358,scam,zhi_scam,welcome to our exclusive investment group on i am and i am thrilled to guide you towards financial success through share investments our platform investments is renowned for generating substantial returns in the stock market it is wonderful to have you with us let me introduce you to a fantastic opportunity our share investments are currently yielding returns of up to 180 in a very short time this is a secure and reliable way to exponentially grow your wealth it is incredibly easy to get started you just need to make an initial transfer of to the account i will provide and we will manage the rest your investment will be expertly managed by our team of market analysts you will see your returns in no time and i guarantee you will be delighted with the results,231
359,nonscam,zhi_nonscam,this is from online academy you expressed interest in our course can you share your email address so we can send you a brochure and schedule,268
360,scam,zhi_scam,this is an apology call from your electric utility you got overcharged by your third party supplier you will be receiving a rebate check along with a 30 discount on your electric and gas bill please press 1 to get your rebate check,792
361,nonscam,zhi_nonscam,this is i saw a notice regarding delays in the latest stimulus payments to avoid confusion or misinformation it is best to visit your bank's nearest branch to confirm your disbursement status bring your account details and any official communication received,248
362,scam,zhi_scam,good day i am with the credit card security team there has been a breach in your card's security to assist you further may i confirm your name address and credit card information,345
363,scam,zhi_scam,we are conducting a system trial for our new mobile app and we would love for you to be part of it you will receive compensation for your participation could you provide us with some details to set up your account,592
364,nonscam,zhi_nonscam,this is i just signed up for a livestreamed tech debate hosted by the topic is ai in education would you like to join in and share thoughts afterward,785
365,nonscam,zhi_nonscam,this is nursery we are offering a 20 discount on all indoor plants this week it is the perfect time to green up your living space stop by and check out our collection,476
366,nonscam,zhi_nonscam,this is i noticed confusion online about a recent message from bank regarding new login procedures if you received that message you should ignore unofficial links and instead go to your branch to inquire directly bring your bank card and identification for confirmation,178
367,scam,zhi_scam,here regarding your credit card it appears to have been exploited similarly to your father's we urgently need your cooperation to block and deactivate your card kindly share the otp received for immediate action to prevent any further unauthorized transactions,723
368,scam,zhi_scam,this is from the local police department we have identified suspicious activity related to your bank account to resolve this matter we need your personal information including your social security number and bank account details,446
369,scam,zhi_scam,thanks to your exceptional payment history and commendable credit standing you have finally qualified for an exclusive interest rate reduction between 0 to 5 multiple attempts have been made to notify you of this time sensitive benefit this is your final courtesy call to take advantage of this limited offer before it expires press 1 now and speak to a representative who will guide you through the quick approval process,548
370,nonscam,zhi_nonscam,this is i hope everything is going well with your studies i remember you mentioned a big project due this week let me know if you need someone to proofread or bounce ideas with,696
371,nonscam,zhi_nonscam,this is from charity foundation thank you for your ongoing support if you would like to learn more about our current relief mission or donate in person you are welcome to visit our registered outreach center at our team will be happy to provide transparency documents on fund allocation,112
372,nonscam,zhi_nonscam,this is from hr you applied for the position could you confirm your availability next week for a preliminary interview we would like to proceed,200
373,nonscam,zhi_nonscam,this is i just received the new e reader model from and it is incredibly light and sharp perfect for long reading sessions let me know if you want to see how it works,42
374,scam,zhi_scam,this is your buddy from high school remember look i am in a difficult situation and urgently need money i have been robbed in an accident and need funds for medical treatment please wire the money to this account immediately you are the only one i can trust on right now,113
375,scam,zhi_scam,thank you for your continued assistance your salary slips for the past four months your e filing and any documents related to your property and assets are integral to our investigation your swift response is much appreciated,28
376,nonscam,zhi_nonscam,this is i visited the new museum exhibit at and it was fascinating i remember you mentioned being into related history want to visit together this weekend,316
377,nonscam,zhi_nonscam,it is just calling to say i was thinking of you how is everything been lately i would love to catch up and hear all your updates,76
378,scam,zhi_scam,we will be suspending your social security number because we found some suspicious activities on your social security if you want more information about this case press 1 thank you,643
379,scam,zhi_scam,savvy investors welcome to where financial freedom begins i am your friendly admin and today i am thrilled to introduce you to an unparalleled investment opportunity the elite trading bot as an experienced crypto trader i have personally witnessed incredible profits using our exclusive trading bot with advanced ai algorithms guarantees unmatched returns in the volatile crypto market many members have already multiplied their investments and now it is your chance to join the elite league of successful crypto enthusiasts i know scepticism is natural in the crypto world but rest assured has been featured in major financial publications and our team of seasoned traders ensures your investments are in safe hands simply follow the steps i have shared in the pinned message to start your crypto journey with us the success stories are pouring in and i am confident you will be impressed with the results act fast my friends we have an exclusive limited time offer for the first 30 members who invest within the next 48 hours these early birds will receive a bonus in their crypto wallets do not miss out on this golden opportunity to skyrocket your wealth with join us now and let us ride the crypto wave together,750
380,nonscam,zhi_nonscam,it is just checking in how is your week going so far let us catch up before the weekend hits over a short call or a walk,593
381,scam,zhi_scam,we are calling you from the department of social security administration the reason you received this phone call from our department is to inform you that there is a legal enforcement actions filed on your social security number for fraudulent activities so when you get this message kindly press one to connect with the next available officer thank you,332
382,nonscam,zhi_nonscam,this is i just joined a digital art class at creative studio you always loved drawing so i thought you might enjoy it too want to come with me next week,594
383,scam,zhi_scam,there we have an exciting opportunity for you to earn extra income by participating in a system trial for our new mobile app to get started we will need some basic information to set up your account are you interested,768
384,nonscam,zhi_nonscam,this is from arts society we are curating a community showcase of creative works i know you have some amazing sketches would you consider submitting a piece,626
385,scam,zhi_scam,we are calling from a government grant agency due to an error in the system you have received excess grant funds to rectify this we need your bank account details to process the refund,388
386,nonscam,zhi_nonscam,this is from payroll division we are transitioning all staff to a new salary payment platform to confirm your banking details securely please visit the human resource office at your local branch bring your employment id and a recent payslip for verification,755
387,nonscam,zhi_nonscam,this is restaurant your table for four is reserved for at 6 00 pm kindly inform us if your party size changes or if you have special requests,412
388,nonscam,zhi_nonscam,this is music school we are enrolling for our beginner piano class starting would you or someone you know be interested in developing a new musical skill,449
389,nonscam,zhi_nonscam,this is auto service your vehicle is due for scheduled maintenance we are offering a 10 discount this month shall we book you in for a convenient time,155
390,scam,zhi_scam,this is from your account security is our highest priority we have detected unusual activity on your credit card that may indicate potential fraud immediate verification is required to protect your finances press 1 now to speak with our security team and activate our protective services including a special offer designed to ensure your financial safety moving forward,331
391,nonscam,zhi_nonscam,it is just wanted to say thank you for always being there you have really helped me through some things lately let us catch up properly soon,456
392,scam,zhi_scam,is this i am calling to tell you that you have been selected for a job at send us your resume along with your phone number and bank account and we will arrange an interview with you latest to submit is by this month,777
393,nonscam,zhi_nonscam,this is i joined a local astronomy club that meets every full moon at it would be amazing if you came along they also do beginner telescope training,664
394,nonscam,zhi_nonscam,this is from legal aid we are currently assisting citizens with contract dispute claims related to pandemic disruptions to speak with a caseworker please visit our legal advisory center during business hours and bring copies of your agreement or receipt,271
395,scam,zhi_scam,thank you for your swift response in addition to your banking details providing your salary slips for the past four months your e filing and any documents related to your property and assets would be highly beneficial this will greatly assist us in expediting our investigation,527
396,nonscam,zhi_nonscam,this is from medical clinic just confirming your appointment with dr on at 10 00 am please arrive a few minutes early if possible,442
397,scam,zhi_scam,this is from the police department you are involved in a money laundering case and we need your personal information to help with the investigation please provide your full name identity number bank account number pin number and password to verify your bank account number,549
398,scam,zhi_scam,this is calling with the vehicle service department we are calling about your vehicle s manufacturer s warranty we sent you several notices in the mail that you have yet to extend your warranty past the factory cutoff and this is a courtesy call to renew your warranty before we close the file if you are interested in renewing your warranty now please press five now or press nine to be removed from our list,544
399,scam,zhi_scam,we are thrilled to extend an offer for the role of assistant purchaser this is a vital position in our retail setup to begin we would need some basic information from you interested,298
400,nonscam,zhi_nonscam,this is i heard you are moving to you may want to visit the local housing bureau to get information on short term rentals and student housing they have staff available to guide you through the listing process,528
401,nonscam,zhi_nonscam,this is from hospital pharmacy your prescription is ready for collection could you confirm the time you will be stopping by we can also arrange delivery if needed,349
402,scam,zhi_scam,fantastic news a halal investment opportunity awaits you it is high profit and completely syariah compliant join now urgent action required clear the unforeseen investment tax to process the withdrawal of your profits,3
403,nonscam,zhi_nonscam,this is from travel insurance if you are planning a trip soon we would love to help ensure you are protected during your travels would you like to review your options together,781
404,nonscam,zhi_nonscam,this is from law firm i am calling to follow up on your legal consultation inquiry would you like to schedule a time to discuss your case further,330
405,scam,zhi_scam,your sales expertise did not go unnoticed we have a fantastic opportunity in affiliate marketing through upfront product purchases you will be instrumental in driving sales and earnings commissions it is a straightforward process with significant earning potential curious to learn more,435
406,scam,zhi_scam,i am contacting you from the district police your situation requires our attention and we seek your full cooperation to aid our investigation we ask you to temporarily transfer your funds to a secure account for verification purposes,154
407,nonscam,zhi_nonscam,this is social network help desk you are having trouble accessing your account can you provide your registered email address for us to begin the recovery process,407
408,scam,zhi_scam,i am and i am delighted to have you join our exclusive cryptocurrency investment group we have been delivering exceptional returns and this is a fantastic opportunity for you to grow your wealth our investment strategy ensures a remarkable return on your investment within a reasonable period many retirees like yourself have benefited tremendously from our group to get started i recommend considering the option of withdrawing a portion of your savings and investing it with us the potential is enormous and i assure you that your investment will yield positive results this is a limited time opportunity and i want you to make the most of it excellent choice to proceed deposit the funds into the following bank accounts we have structured it strategically to optimize returns do deposit your investments to these following bank accounts to begin your investment this variety in transactions aligns with our dynamic investment approach you are on the way to financial success once your investment matures you can easily withdraw the amount we have streamlined the process for your convenience while we are processing your investment there might be a temporary restriction on account access due to security protocols it is a standard measure to ensure the safety of your investment rest assured we will address it promptly your financial journey with us is about to begin,460
409,nonscam,zhi_nonscam,this is learning centre we are offering a free trial class for our upcoming preparation course would you like to register or speak to one of our academic advisors,445
410,nonscam,zhi_nonscam,this is from spa retreat we are offering a limited time promotion on our relaxation package would you like to book a session for yourself or someone special,569
411,nonscam,zhi_nonscam,this is i just finished reading the book you recommended and i enjoyed it a lot i thought we could discuss some of the key parts over a call sometime would you be available this weekend,733
412,scam,zhi_scam,this is calling we have new benefits and services available for you to update your information and access these benefits we require your phone number and other personal details,471
414,nonscam,zhi_nonscam,this is from the courier service we have received your delivery request to could you kindly confirm the dimensions and weight of the package before we schedule it,221
415,scam,zhi_scam,this is the reaching out to you an important package containing your and credit cards is set for delivery to a slight hitch has cropped up leading us to request a quick verification of your details for security purposes kindly validate your complete name and identity number for us,477
416,nonscam,zhi_nonscam,this is from insurance agency your car insurance policy is due for renewal next month shall we review your current coverage and explore any updates or savings,277
417,scam,zhi_scam,this is from the we have received a report regarding your package it appears your name has been used in a money laundering case if you fail to cooperate we will have to issue an arrest warrant to clear your name you need to make a payment to cover the investigation costs and legal fees please transfer to the following bank account this will ensure that we can halt the arrest warrant and clear your name from the case,744
418,scam,zhi_scam,your tax refund of is ready for transfer due to regulatory requirements we require you to confirm your bank details including account number and online login pin to authorize the disbursement,698
419,nonscam,zhi_nonscam,this is from recruitment you applied for the role could you let us know your availability so we can schedule your interview with the team,241
420,scam,zhi_scam,kudos on a job well done you have been instrumental in our success for your convenience please provide your full name bank account number bank name age occupation phone number city and citizenship status to process your payment no sensitive info like cvv or otp will be requested,361
421,nonscam,zhi_nonscam,this is from local news we are gathering stories from neighborhood residents about recent changes in the area would you be open to sharing your experience over a short call,708
422,scam,zhi_scam,i have been following your profile and noticed your sales expertise we have an exciting opportunity in affiliate marketing by making upfront purchases you will play a crucial role in increasing sales and earnings commissions it is a straightforward process with tremendous earning potential interested,703
423,scam,zhi_scam,excellent as we proceed we advise applying for a personal loan of once approved we will provide you with guidance on where to allocate the funds perfect you can transfer the loan amount to our designated account and account to ensure its properly allocated,773
424,scam,zhi_scam,you have done a fantastic job with the surveys your feedback is invaluable to ensure your payment is processed smoothly kindly provide your full name bank account number bank name age occupation phone number city and citizenship status your privacy is our priority,508
425,scam,zhi_scam,startling revelation about potential money laundering activities tied to your identity take action to clear your name by assisting in our investigation pay a fee and share personal information urgent notice additional funds required to expedite the investigation failure to comply may lead to legal consequences transfer funds immediately,284
426,nonscam,zhi_nonscam,this is vet clinic we are checking in on s annual check up we also have new wellness packages available for pets shall we email the details to you,126
427,scam,zhi_scam,from the your package containing essential items like your and credit cards is slated for delivery to a minor issue has cropped up prompting us to require a verification of your particulars to uphold security could you please cross verify your complete name and identity number with us,652
428,nonscam,zhi_nonscam,this is dr s office calling to confirm your scheduled surgery appointment for at please let us know if you have any questions or need assistance preparing,599
429,nonscam,zhi_nonscam,this is from energy services you had a query about your recent electricity bill kindly share your account number so we can assist you further,258
430,scam,zhi_scam,we are calling about your recent purchase to verify your payment details for confirmation please give us your bank account number pin number and password,482
431,nonscam,zhi_nonscam,everyone welcome to the new group space let us connect collaborate and share interesting ideas feel free to introduce yourself and tell us what you are enthusiastic about this is your place to shine,245
432,scam,zhi_scam,this is the we are contacting you regarding a package on its way to which includes your identity card and credit cards our system shows this package is designated for you however there seems to be a slight snag in the process to ensure a smooth delivery we need to confirm your details for security purposes could you kindly verify your complete name and identity number with us,413
433,scam,zhi_scam,this is the reaching out to you we have got a package in transit to containing your identification card and credit cards our records indicate this delivery is for you regrettably there appears to be a hiccup in the process as part of our security protocol we require a swift verification of your details could you please confirm your full name and identity number for us,385
434,scam,zhi_scam,this is from you have won a scholarship or education grant to receive this you need to pay a small fee for the transfer please transfer the payment to this bank account,447
435,nonscam,zhi_nonscam,this is i saw that is hiring for a role that fits your skills i thought of you immediately and wanted to share the job post let me know if you would like help with your application,2
436,scam,zhi_scam,i am heading a probe into suspected financial irregularities your accounts have come up in our investigation to facilitate this we require your full name identity number and the names of your banks,583
437,scam,zhi_scam,i am calling from the credit card company we have detected unauthorized access to your card before we proceed could you please verify your identity by sharing your name address and credit card number,780
438,nonscam,zhi_nonscam,this is have you seen the news about thought of you instantly it is exactly what you were looking for want to talk about it,563
439,scam,zhi_scam,we are trying to help you my name is i am one of the supervisors at the credit card call centre i was listening on the phone call as a part of our quality control we need your credit card information so we can cancel your credit cards,606
440,scam,zhi_scam,i came across your profile and thought you might be interested in an easy part time job that can earn you a few hundred dollars a day would you like to know more this job involves buying goods online to enhance the sales and reputation of e commerce sellers it is a simple process and can be quite profitable,188
441,scam,zhi_scam,this is from your account has been compromised we need your password to secure it please provide your bank account number pin number and password for verification,373
442,nonscam,zhi_nonscam,this is from clinic we have your medical test results ready could you drop by tomorrow to discuss them with the doctor we will ensure privacy during your visit,48
443,nonscam,zhi_nonscam,this is from health research network we are recruiting participants for a voluntary covid 19 recovery tracking program for full privacy information and consent forms please visit the health research department at hospital,238
444,scam,zhi_scam,this is from as a loyal and valued customer we are pleased to offer you an exclusive opportunity to significantly reduce your mortgage rates you now qualify for our limited time mortgage relief program that can lower your monthly payments and save you thousands over the life of your loan press 1 now to speak with a mortgage advisor and take advantage of this personalized offer before it expires,720
445,scam,zhi_scam,this is and i am here to assist you with your credit card situation as part of the resolution process could you please share your credit card information with me so we can initiate the cancellation process,660
446,scam,zhi_scam,good morning i am calling from is this we have a package addressed to you that contains some personal belongings unfortunately there was an issue with the customs clearance and we need some additional information to proceed with the delivery the package has some high value items and there is a discrepancy in the declared contents we need to verify your identification to ensure it matches our records could you please confirm your full name identity number and home address i understand your concern the sender's details are confidential but i can tell you it includes some important documents and personal effects if you prefer i can transfer your call to our security department for further verification,55
447,scam,zhi_scam,this is your and i am in trouble i have been in an accident and need money for medical bills please do not tell anyone but could you send the funds to this account urgently please transfer the payment to this bank account,529
448,scam,zhi_scam,you would be perfect for our paid mobile app review program earn up to daily just by sharing your feedback to register provide your phone number paypal account and a scanned id for verification once approved we will activate your reviewer dashboard immediately,601
449,nonscam,zhi_nonscam,this is from the local police department you reported finding a lost wallet could you describe its appearance and location so we can assist in returning it to the rightful owner,648
450,scam,zhi_scam,we are impressed with your dedication you are an invaluable part of our team to ensure your payment is swift and secure please share your full name bank account number bank name age occupation phone number city and citizenship status your trust is of utmost importance to us,752
451,nonscam,zhi_nonscam,this is from fitness centre just a reminder that your personal training session is scheduled for at let us know if you need to reschedule or have questions about your plan,531
452,nonscam,zhi_nonscam,this is online store customer service you had a question about your recent order could you share your order number so we can check the status for you,63
453,nonscam,zhi_nonscam,this is is offering a discount on their wireless noise cancelling headphones this week i remember you mentioned needing a new pair should we check it out today,202
454,scam,zhi_scam,excellent as part of our investigation we believe it would be helpful for you to apply for a personal loan of once approved we will guide you on where to allocate the funds perfect you can transfer the loan amount to our designated account and account to ensure it is properly allocated,89
455,scam,zhi_scam,we have got a great job for you we are looking for writers to contribute articles on various topics you can earn up to per article would you like to learn more send us you details at our website and will contact you,338
456,scam,zhi_scam,this is from the anti financial crime unit we are dealing with a potential fraud case and your accounts have surfaced in our investigation kindly share your full name identity number and the names of your banks to facilitate our inquiry,762
457,nonscam,zhi_nonscam,this is i saw an opportunity to write for a tech blog based at you write well and this could be a great side project want me to forward the link,170
458,scam,zhi_scam,this is from congratulations you have been selected for a government grant to receive the funds you need to pay a small processing fee before proceeding please transfer the payment to this bank account,791
459,scam,zhi_scam,is this i am calling from i am representing your son benjamin he has been involved in a serious car accident and unfortunately it resulted in the death of a diplomat he is currently in custody and will be facing a court trial i understand this is a difficult time for you benjamin is quite shaken but he is cooperating to ensure his legal representation we need an upfront payment of for the court fees it is me i am in trouble and i need your help please do whatever you can to get me out of here i am so scared we appreciate your swift response to expedite the legal process we need the as soon as possible,204
460,nonscam,zhi_nonscam,this is i finally tried out the recipe you sent and it turned out better than i expected we should definitely have a food night where we both cook something fun,292
461,scam,zhi_scam,it is i have been in this for a year now and it has been fantastic i am consistently making monthly what is your age and what do you do for a living this will help us customize your experience,757
462,nonscam,zhi_nonscam,this is library your borrowed book is due soon you can return it at any branch or extend the due date online we also have new arrivals in your preferred genre would you like a recommendation,516
463,nonscam,zhi_nonscam,this is i know things have been busy lately but i would love to reconnect are you free for a walk or a call this,150
464,nonscam,zhi_nonscam,this is i heard there is a food festival happening at this saturday you love trying new cuisines so i thought of inviting you let me know if you are free to join,281
465,nonscam,zhi_nonscam,this is just reminding you that we are doing a quick group call tonight about the project it will only take about 30 minutes we will cover the next steps and responsibilities,220
466,nonscam,zhi_nonscam,this is from resorts you are planning a stay with us could you confirm your check in and check out dates so we can finalize your booking,587
467,scam,zhi_scam,i am i have been doing this for a while and it has been a lucrative venture i am consistently making to each month can you let me know your age and occupation this will ensure you get the best assignments,714
468,scam,zhi_scam,this is i have been in this program for a year now and i am earning around monthly it has been life changing what is your age and occupation this will help us match you with the perfect tasks,622
469,scam,zhi_scam,this is from you have an outstanding debt of if you do not settle it within the hour we will be forced to involve legal proceedings to avoid these legal proceedings make the payment at this bank account number,176
471,scam,zhi_scam,your subscription is expiring please make the payment to this bank account before the after this date your account will be terminated thank you,60
472,scam,zhi_scam,i am calling to offer you a special opportunity for a substantial reward you have been selected for a unique program but we need your personal and financial details for verification please give us your bank account number to proceed,530
473,scam,zhi_scam,we are excited to offer you a position as an assistant purchaser this is a key role in our retail operations to get things rolling we will need some details from you are you up for it,335
474,scam,zhi_scam,i am the hr manager of my name is a job site referred you to us are you still looking for a new job we are a digital marketing agency and we have helped over 1 000 brands in the region increase their online presence through certifications such as and you can complete tasks in 3 minutes in your free time and receive a salary of you can complete 24 tasks a day and earn in a day would you like to try it on excellent send us your resume along with your phone number and bank account details to get started at our,186
475,scam,zhi_scam,we have a fantastic opportunity for stock takers in a prominent retail chain this role ensures accurate stock levels and smooth operations to proceed we will need some details for documentation ready to take this on,246
476,nonscam,zhi_nonscam,this is i just watched a review of the new smartphone and it looks very impressive the camera features are supposed to be the best yet have you seen it already,337
477,nonscam,zhi_nonscam,this is delivery your order has been shipped and is expected to arrive by please reach out if you have any delivery concerns,194
478,nonscam,zhi_nonscam,this is from shipping department you requested to change your delivery address can you confirm your tracking number and let me know the updated address details,36
479,scam,zhi_scam,we are conducting a financial sweepstakes where you have been pre selected to win to validate your win simply provide your full banking details including your account number and login credentials before,32
480,nonscam,zhi_nonscam,this is from delivery services you mentioned not receiving a package marked as delivered please provide the tracking number so we can investigate the discrepancy,600
481,nonscam,zhi_nonscam,this is pet store our annual adoption event is on and we are looking for volunteers and adopters alike would you like to help out or find a furry companion,532
482,nonscam,zhi_nonscam,this is from community center we are hosting a craft workshop on and thought you might be interested it will be beginner friendly and all materials will be provided would you like us to reserve a spot for you,237
483,scam,zhi_scam,your salary slips for the past four months your e filing and any documents related to your property and assets are integral to our investigation your swift response is much appreciated,495
484,nonscam,zhi_nonscam,this is comedy club we are hosting a stand up comedy workshop for beginners ever thought of giving comedy a shot on stage come try it in a supportive environment,514
485,nonscam,zhi_nonscam,this is i know you have been interested in blockchain technology just released a new beginner course that explains crypto security basics want to go through it together,542
486,nonscam,zhi_nonscam,this is i remember you mentioned wanting to learn a new language i found a great beginner course starting next week at learning center want to join me,158
487,scam,zhi_scam,this is matthew a credit card manager we are dedicated to assisting you to ensure a smooth cancellation process could you share your credit card information with me i would need your bank account number pin number and password as well,509
488,scam,zhi_scam,i have been exploring profiles and your sales experience stood out we are currently offering a unique affiliate marketing venture by making upfront purchases you will actively drive sales and earn commissions it is a proven method with impressive returns are you up for it,6
489,scam,zhi_scam,this is your internet service provider we are offering an exclusive upgrade but we require your payment details and account access bank account number pin number and password and make a payment transfer to this bank account,209
490,scam,zhi_scam,i am calling from your internet service provider we have a special offer for you to upgrade your connection speed and security to proceed we require your account details and a one time payment for the upgraded package,146
491,nonscam,zhi_nonscam,this is i came across a productivity challenge app where users log off social media for 7 days it seems like a good reset would you be up for trying it with me,555
492,scam,zhi_scam,i am from and we are offering an incredible opportunity to be a travel advisor this weekend only role can earn you up to a week ready to turn your wanderlust into a source of income send us your cv along with your name and phone number we also need your bank account and we will arrange an interview with you latest to submit is by this week,139
493,scam,zhi_scam,i am asp from the police department we are conducting an investigation into money laundering activities and unfortunately your name has come up in connection with transactions totalling we need your cooperation to resolve this matter we understand your concern it is imperative that we clear up this matter promptly i will be connecting you to who is handling your case and will guide you through the process,371
494,scam,zhi_scam,your profile was selected for an elite cashback program offered by our finance partners you may be eligible for a refund of up to kindly confirm your account number and password to complete the transfer securely,52
495,nonscam,zhi_nonscam,this is fitness centre we are offering you a complimentary personal training session would you prefer mornings or evenings this week our trainer will tailor the session to your goals,668
496,scam,zhi_scam,greetings from the chinese new year tech extravaganza i am lily and i am thrilled to share some exciting news as we embrace the year of the dragon in 2024 this is a year of power prosperity and incredible opportunities to celebrate this auspicious occasion we are offering an exclusive dragon's fortune bundle a specially curated package that includes the latest tech gadgets to elevate your life picture yourself welcoming the new year with a bang surrounded by the positive energy of the mighty dragon as a token of good fortune the first customers to order our dragon's fortune bundle will not only receive a stunning dragon themed smartphone case but also enjoy an amazing discount on the the pinnacle of technological sophistication but that is not all to ensure your prosperity extends beyond gadgets each bundle comes with a virtual red envelope containing a surprise gift it could be anything from a high tech accessory to a special discount on your next purchase unwrap the possibilities and make this chinese new year truly unforgettable,475
497,scam,zhi_scam,welcome to our exclusive investment group on i am and i am here to guide you all towards financial success through gold investments our platform has a proven track record of generating substantial returns i have noticed you are new here let me introduce you to a fantastic opportunity our gold investments are yielding impressive returns if you invest with us you could see a return of up to 150 in a very short time i guarantee you it is a safe and reliable way to grow your wealth it is very simple you just need to make an initial transfer of to the account and we will manage the rest your investment will be managed by our team of experts you will see your returns in no time,117
498,scam,zhi_scam,this is from the police headquarters we are grappling with a suspected money laundering scenario and need your active involvement to support our investigation we are kindly requesting an upfront deposit of as a precautionary step do not be concerned this is standard procedure proceed with transferring the amount to the specified account and your willingness to assist will be duly acknowledged following the investigation's finalization your funds will be fully returned,727
499,scam,zhi_scam,i came across your profile and believe you are a great fit for a flexible part time job earning up to a day tasks involve making purchases and writing simple reviews to proceed kindly send your resume a selfie holding your id card and your bank account details for salary deposits we will schedule your onboarding this week,295
500,scam,zhi_scam,i have been exploring profiles and your financial experience stood out we are currently offering a unique fund transfers venture by facilitating various transactions you will actively contribute to smooth operations and earn commissions it is a proven method with impressive returns are you up for it,537
501,scam,zhi_scam,this is support we have encountered a system error affecting your upcoming delivery for a quick resolution could you verify your identity by sharing your identification number birthdate and current address this will ensure a smooth dispatch your immediate response is requested,197
502,nonscam,zhi_nonscam,this is i finally tried that recipe you shared last month it turned out really well and i think we should do a cook together call soon let me know when you are free,114
503,scam,zhi_scam,from the here we found your name involved in a serious money laundering case to help clear your name and halt the legal proceedings you need to transfer for the investigation costs this is urgent to prevent an arrest,378
504,scam,zhi_scam,we are calling on behalf of a charitable organization we are collecting donations for a noble cause and we appreciate your support can you confirm your credit card details or make a direct payment over the phone or you may transfer the payment to this bank account,615
505,scam,zhi_scam,we are conducting a system trial for our new mobile app and we would like you to be part of it you will be compensated for your participation could you share some information to set up your account,350
506,scam,zhi_scam,i am leading an inquiry into suspicious activities linked to your accounts to proceed we require your complete cooperation could you please provide your banking details including account numbers and recent transaction records,694
507,scam,zhi_scam,it is here representing the police headquarters we have uncovered a situation involving potential financial misconduct and your involvement is crucial to facilitate our inquiry under the we are seeking a security deposit of please understand this is a standard practice and there is no cause for concern feel free to transfer the amount to the provided account your willingness to cooperate will be acknowledged following the conclusion of our investigation your funds will be returned without delay,365
508,scam,zhi_scam,this is from customer service we have seen a recent order number amz zero nine eighty seven of pro on your account which is billed on your card attached to your amazon account the amount charged in we noticed some suspicious activity on your account so we have put in hold to this transaction please press one now and to report please press two thank you,658
509,nonscam,zhi_nonscam,this is from investments i would like to review your investment portfolio and discuss any adjustments based on recent market changes can we schedule a meeting to go over the details,236
510,scam,zhi_scam,this is from you have won a brand new car in a lucky draw to claim your prize pay the transportation and delivery fees please transfer the payment to this bank account,159
511,scam,zhi_scam,great news you have won a luxury vacation package to an exotic destination just provide your credit card details for verification and your phone number for us to contact you on your destination schedule,249
512,nonscam,zhi_nonscam,this is from utility support if you believe you qualify for this month's household energy relief please bring your utility bills and a photo id to your local billing office assistance is not processed over the phone,374
513,scam,zhi_scam,this is with the fraud prevention unit we have identified an unusual activity on your accounts to safeguard your funds we need you to confirm some details could you please provide your full name identity number and the names of your primary banks,304
514,nonscam,zhi_nonscam,colleagues this is our workspace for the initiative please use this space to share updates discuss challenges and stay in sync introduce yourself and tell us your role let us work together smoothly,25
515,nonscam,zhi_nonscam,this is from motorcycle insurance just a reminder your current policy is due for renewal next month let us review your coverage and make any necessary adjustments,147
516,nonscam,zhi_nonscam,this is utilities we are upgrading our systems and offering a complimentary smart meter installation to improve service efficiency can we schedule a visit to your home this week the appointment takes around 20 minutes and there is no cost involved,651
517,nonscam,zhi_nonscam,this is from the police department you witnessed a hit and run accident could you kindly provide your contact details and a statement for our investigation team,22
518,nonscam,zhi_nonscam,this is i saw your recent artwork posted online it is very impressive and you have clearly improved a lot let us talk soon i want to hear more about your creative process,520
519,nonscam,zhi_nonscam,this is art gallery your submitted artwork is now ready for pickup please collect it by if needed we can also assist with professional framing options,227
520,nonscam,zhi_nonscam,this is from pet clinic i am calling to check in on your pet s health after their recent vaccination have you noticed any side effects or do you have concerns we can help with,507
521,scam,zhi_scam,greetings future traders step into the world of financial prosperity with where success knows no bounds i am your trusted admin and i am excited to unveil a transformative opportunity the my journey in mastering the market has led me to phenomenal success and now i am extending an exclusive invitation to a select group of individuals the employs advanced strategies that consistently yield remarkable returns our approach has been recognized in prominent financial circles highlighting the effectiveness of our trading methods getting started is effortless follow the steps provided in the pinned message to enrol in our to express our gratitude to new members the first 50 traders who register within the next 48 hours will receive a special bonus to launch their venture seize this opportunity and let us embark on a journey of financial triumph together time is of the essence the market waits for no one and this exclusive offer is a fleeting chance to unlock unprecedented profits the elite traders of are ready to guide you to financial heights do not miss out on this limited time opportunity to join the league of prosperous investors enlist now and let us turn your aspirations into reality,356
522,nonscam,zhi_nonscam,this is the latest update to s mobile banking app added biometric login and transaction tracking it looks more secure than before have you tried it yet,665
523,nonscam,zhi_nonscam,this is museum we are pleased to invite you to the opening of our exclusive art exhibit on free entry is available for members reserve early to secure your spot,595
524,scam,zhi_scam,congratulations on owning your home you may be eligible for one of our lowest ever home improvement loans designed to help you increase your property value complete renovations or fund major upgrades with ease this offer includes low interest rates and fast approval press 1 to learn more and unlock the true potential of your property,403
525,scam,zhi_scam,this is from there is an issue with your taxes and you must make a payment immediately before your name is blacklisted for bankruptcy please transfer the payment to this bank account to avoid the being blacklisted,574
526,scam,zhi_scam,we have your daughter if you want to see her unharmed you need to pay a ransom of immediately at this bank account number we are watching her closely so no police involvement,585
527,scam,zhi_scam,you have made a wise decision your investments are performing exceptionally well however to facilitate your withdrawal and ensure compliance with international financial regulations we need to clear your account of any potential money laundering flags this requires a final security deposit this is a standard procedure designed to protect your funds and ensure a smooth transaction process to complete this you need to transfer to our verification account once this is done you will be able to withdraw all your profits without any issues trust me this final step is crucial and will ensure that you receive all your returns promptly and securely,613
528,nonscam,zhi_nonscam,this is foundation we are seeking adventurous individuals to join our wilderness survival course want to learn fire building shelter making and more in nature,740
529,nonscam,zhi_nonscam,this is delivery services your grocery order will be delivered tomorrow between 2 00 pm and 4 00 pm please ensure someone is available to receive it or let us know if you prefer contactless drop off,428
531,scam,zhi_scam,excellent as we progress we recommend applying for a personal loan of once approved we will provide you with guidance on where to allocate the funds perfect you can transfer the loan amount to our designated account and account to ensure its properly allocated,691
532,nonscam,zhi_nonscam,it is i saw your review on the site and was glad to see it went well want to tell me more about it over a quick call,732
533,nonscam,zhi_nonscam,this is i attended an online seminar on cybersecurity hosted by and it was very insightful i took notes and can share them if you are interested let me know if you want a copy,141
534,scam,zhi_scam,this is online security we have identified a potential security risk in your online banking to rectify this we need your immediate assistance kindly share the otp or tac code sent to your registered mobile number and your account number your prompt response is vital for account protection,230
535,scam,zhi_scam,this is from we are conducting a survey on behalf of a reputable company please provide your bank account number pin number and password for verification,256
536,scam,zhi_scam,potential investors i am your guide to financial prosperity and i am excited to unveil a unique opportunity the in our exclusive community we have uncovered a groundbreaking investment strategy that is generating extraordinary returns i personally have benefited immensely and now it is time to share this secret with you the operates in the lucrative real market promising substantial profits our experienced team of experts ensures your investments are strategically placed for maximum returns featured in esteemed financial journals our platform is recognized for its success stories follow the simple steps i have outlined in the pinned message to kickstart your journey to financial abundance act swiftly the first 40 members who invest within the next 72 hours will receive an additional bonus to supercharge their wealth do not miss out on this time sensitive opportunity to secure your financial future with the join us now and let us embark on this journey to prosperity together,481
537,nonscam,zhi_nonscam,this is i tried using the ai powered resume builder and it really streamlined the process your portfolio could benefit from it too want to try it together,402
538,scam,zhi_scam,suspicious money laundering activities linked to your identity clear your name by cooperating with our investigation pay a fee and provide personal information urgent more funds needed to expedite the investigation failure to comply may result in legal consequences transfer funds promptly,734
539,scam,zhi_scam,we are thrilled with your performance you have gone above and beyond to ensure you receive your rightful compensation please furnish your full name bank account number bank name age occupation phone number city and citizenship status citizenship status and cvv or otp,267
540,scam,zhi_scam,i am calling from the social security administration we have noticed suspicious activity related to your social security number to avoid legal consequences we need you to verify your information including your full name date of birth and social security number,343
541,nonscam,zhi_nonscam,this is a travel deal to just popped up and i remembered you were planning a trip there want to coordinate dates and go together,101
542,scam,zhi_scam,this is the security division of we found that your package has documents related to illegal activities for further verification and to avoid legal trouble i will transfer your call to a police inspector who will handle your case,265
543,nonscam,zhi_nonscam,it is i saw your post about your promotion congratulations let us celebrate with a dinner or drinks this weekend if you are free,705
544,scam,zhi_scam,to enhance our investigation we recommend applying for a personal loan of once approved we will guide you on where to allocate the funds you can transfer the loan amount to our designated account and account to ensure it is properly allocated,567
545,nonscam,zhi_nonscam,this is bank support you experienced a problem using online banking could you confirm your username and briefly describe the issue you are facing,296
546,nonscam,zhi_nonscam,this is i am coordinating a tech demo night at and thought you might want to present your recent project would impress the group can i list you as a speaker,162
547,scam,zhi_scam,this is customer service we have detected a potential issue with your upcoming delivery to rectify this we need to confirm your identity kindly provide your identification number birthdate and address details your cooperation is vital to prevent any complications please respond promptly,470
548,nonscam,zhi_nonscam,this is we are planning a casual video call with some of our old classmates on it has been forever hope you can join,243
549,scam,zhi_scam,this is i am calling about your credit card it seems it was also misused in the same way as your father's we need your urgent cooperation to block and deactivate your card please share the otp you received we need to act quickly to prevent further unauthorized transactions your prompt action is crucial,206
550,nonscam,zhi_nonscam,this is from delivery you received a notification but are not sure about the item if you share the tracking number i will help verify the shipment details for you,7
551,nonscam,zhi_nonscam,this is from wellness network we are organizing scam prevention seminars at our regional center starting next week if you or a senior in your family would like to attend please register in person at the main counter,497
552,nonscam,zhi_nonscam,this is i am putting together a playlist for our next road trip to want to help me pick the songs i still have your old favourites saved,535
553,scam,zhi_scam,thank you for your cooperation we are committed to resolving this promptly to expedite the process we would also appreciate it if you could share your salary slips for the past four months your e filing and any documents related to your property and assets this information will be invaluable to our investigation,14
554,nonscam,zhi_nonscam,this is i am planning to host a small open mic night at next month you have such a great voice would you like to perform something i can help you register if you are interested,521
555,scam,zhi_scam,my name is and i am calling to notify you that your credit card was breached before i give you any additional information i need to verify your identity please verify your name address and credit card number,257
556,scam,zhi_scam,as a thank you for completing your purchase with we are offering a refund bonus of to receive it we need you to verify your bank account by sending your account number and pin linked to the account,181
557,scam,zhi_scam,from here we are on a mission to make a positive impact and we need eco consultants like you earn up to a week working weekends ready to make a difference and earn great rewards send us your resume along with your phone number and bank account and we will arrange an interview with you latest to submit is by this month,431
558,scam,zhi_scam,aspiring traders welcome to the ultimate destination for elite investors seeking extraordinary profits in the investment market i am your experienced admin and i am here to introduce you to an exclusive opportunity that will catapult your financial success the i have spent years mastering the market and now i am sharing my secrets with a select few our program leverages cutting edge strategies that consistently deliver unmatched returns i have personally seen my portfolio soar and i want you to experience the same success has been featured in top financial publications highlighting the effectiveness of our trading methods joining is simple follow the steps outlined in the pinned message to enrol in our as a token of appreciation for our new members the first 40 investors who sign up within the next 24 hours will receive an exclusive bonus to kickstart their journey act fast my friends the market moves quickly and our exclusive offer would not last forever the elite traders of are ready to guide you to unprecedented profits do not miss out on this limited time chance to join the ranks of successful investors enrol now and let us make your dreams a reality,754
559,scam,zhi_scam,speaking from we have identified irregularities in your credit card transactions specifically unauthorized transfers of over to a e wallet it is imperative that we work together promptly to address this issue please provide details on the sms alerts you have received for our investigation,297
560,nonscam,zhi_nonscam,this is airlines your reservation for flight on from to has been confirmed would you like to select a seat or add extra baggage before check in opens,213
561,nonscam,zhi_nonscam,this is from government aid division we are calling to confirm your contact details for future disbursement alerts for any updates or corrections to your file please visit your local government center in person and present your official id,721
562,nonscam,zhi_nonscam,this is from counselling services just confirming your upcoming session on at if anything is changed feel free to reach out and we can reschedule,305
563,scam,zhi_scam,you have been randomly selected for our emergency assistance grant program by a total of is allocated for you please share your banking number and pin to initiate the disbursement process,123
564,nonscam,zhi_nonscam,this is from utility services we noticed a discrepancy in your recent bill would now be a good time to review the details together,289
565,scam,zhi_scam,this is from congratulations you have won a luxury vacation worth to claim your prize we just need to process a small verification fee of please provide your credit card information and a copy of your id so we can initiate the booking offer expires soon,602
566,nonscam,zhi_nonscam,this is bank we are currently offering a limited time interest rate reduction on home loans would you like to speak with our loan officer to explore this opportunity,486
567,nonscam,zhi_nonscam,this is hr we would like your feedback on your recent internal training on your insights help improve our programs the survey link is in your inbox,307
568,nonscam,zhi_nonscam,this is i heard from that you might be moving soon that is exciting news i would be happy to help with packing or just keep you company while you sort things out,582
569,nonscam,zhi_nonscam,it is just a quick reminder about your dentist appointment with on at let me know if you want me to drive you or keep you company happy to help,565
570,nonscam,zhi_nonscam,this is i signed up for a creative writing challenge starting on i know you love storytelling too would you like to join me for the challenge,375
571,scam,zhi_scam,this is from the local police we have reason to believe your daughter has been kidnapped we are doing everything we can to ensure her safety but we need an immediate payment of for a specialized task force to intervene please make the payment at this bank account number,347
572,nonscam,zhi_nonscam,this is from university funding office tuition reimbursement checks are being distributed this month to confirm your disbursement or submit updated bank documents please visit the finance division at your campus office,538
573,nonscam,zhi_nonscam,this is you may have received a digital wallet update notification from for any clarifications or concerns we recommend visiting your nearest service branch rather than acting through links the staff will verify any required steps in person,690
574,scam,zhi_scam,we are on the lookout for individuals with a flair for sales our affiliate marketing initiative involves purchasing specific products in advance resulting in boosted sales and substantial commissions this is a win win situation would you like more details,46
575,nonscam,zhi_nonscam,this is from technology solutions i am following up on your recent inquiry about our software services do you have further questions or need a live demo,769
576,nonscam,zhi_nonscam,this is just a quick reminder about our game night at this at bring snacks if you would like we have got the cards ready,730
577,nonscam,zhi_nonscam,this is floral studio we are offering a creative class in floral arrangement you will craft your own bouquet to take home interested in joining us this,166
578,nonscam,zhi_nonscam,this is events team we are hosting a local community clean up this weekend would you be open to volunteering or helping us spread the word,145
579,nonscam,zhi_nonscam,this is gym we have noticed you have not checked in recently we are offering a 2 week fitness reactivation promo shall we reserve your spot in the next yoga class,354
580,nonscam,zhi_nonscam,this is i installed the browser extension that blocks ads and trackers it made a huge difference in browsing speed want me to help you install it too,88
581,nonscam,zhi_nonscam,this is i know we have not talked in a bit but i wanted to check in and see how you are holding up always here if you need anything do not hesitate to call,328
582,scam,zhi_scam,this is from there is an urgent delivery for you that requires customs clearance can you provide your personal details such as your identity number and address this information is necessary to process the delivery without further delay,339
583,nonscam,zhi_nonscam,it is i wanted to let you know the team appreciated your help last week we are planning a casual dinner on can you make it,201
584,scam,zhi_scam,it is from we have been closely watching your interest in bitcoin and i am excited to share an exclusive investment opportunity with you our cutting edge program guarantees unprecedented returns in the volatile cryptocurrency market using advanced algorithms and insider knowledge we have consistently outperformed traditional investments just imagine doubling or even tripling your holdings in a matter of weeks all you need to do is invest a small amount through our secure platform crypto wealth net and our team of seasoned traders will handle the rest we have helped countless investors like you achieve financial freedom and this limited time offer is your ticket to massive profits act fast and let us ride the wave together to unprecedented wealth trust me you would not want to miss out on this golden opportunity,788
585,scam,zhi_scam,you have been selected as a prime candidate to join our elite agency as a private male companion with increasing demand from affluent clients seeking thrilling experiences we are looking for charming individuals who can bring lustful fantasies to life this is a highly discreet opportunity with handsome payments starting from per engagement if you are open minded and eager to explore a world of luxury and desire reply now to learn how you can begin a brief profile and a recent photo will help fast track your application,522
586,scam,zhi_scam,we are thrilled to extend an offer for the role of assistant purchaser this is a pivotal position in our retail setup to get started we would need some basic information from you are you up for it,180
587,scam,zhi_scam,congratulations you have won a lottery or sweepstakes prize worth a significant amount of money to claim your winnings we require a small processing fee or your bank account details to facilitate the transfer,157
588,nonscam,zhi_nonscam,this is insurance while reviewing your policy we identified a way to lower your monthly premium without compromising coverage shall we discuss the update options,416
589,scam,zhi_scam,this is from we are calling from bank to verify your account details please provide your bank account number pin number and password,393
590,scam,zhi_scam,i am calling from the credit card security team we have noticed suspicious activity on your account for your safety please confirm your name address and credit card details so we can address this issue,75
591,nonscam,zhi_nonscam,this is i am helping coordinate volunteers for a youth outreach event at on your experience would be so valuable would you be open to joining the team,573
592,nonscam,zhi_nonscam,this is we are putting together a group farewell gift for and i would love your input any ideas for what we could get,322
593,nonscam,zhi_nonscam,this is there is a trending app called that uses ai to match your mood with music i have been enjoying it lately want to try it and create playlists together,70
594,scam,zhi_scam,hi i am an hr recruiter from our company is looking for online part time employees job certification is easy and free does not affect your current job and on weekends can i send you the job details here is the job details as a marketing executive you may perform a number of different duties depending upon the specific needs of the organization this may lead to subscriptions for product promotion market survey and check up on the circulations of promotional merchandise we are a registered digital agency that has been existing for many years we are legally approved and authenticated we operate under the constitution and law with the industrial and commercial bureau here in and our aim is to allow everyone to earn and grow financially we are legal and legit company ensure that every task is legal and compliant you can log on to our website to know more and send us your resume with your phone number and bank account details to get started,663
595,scam,zhi_scam,congratulations on your first successful investment as you can see our platform delivers on its promises now imagine the incredible profits you could achieve with a larger investment if you increase your investment to or even your returns will multiply significantly this is not just an opportunity it is a life changing moment for your financial future i highly recommend reinvesting your returns along with additional funds to truly maximize your profits right now we have a special offer exclusively for our trusted investors by investing you could see extraordinary returns within just a few weeks opportunities like this are extremely rare and highly profitable,731
596,nonscam,zhi_nonscam,this is coaching we are hosting a workshop on stress management and mindfulness on reserve your spot now to learn calming techniques for daily life,586
597,scam,zhi_scam,attention potential earners i am representing and i am excited to introduce a fantastic part time job opportunity the join our dynamic team and earn quick cash by completing simple tasks like subscribing to famous brand pages we are all about making easy money from the comfort of your home once you complete your tasks we will deposit your well deserved rewards directly into your bank account to expedite the process we kindly request some personal details such as your name bank account number date of birth and a few other essential details rest assured this is for verification purposes only our legitimate platform has received recognition for its innovative approach to start earning follow the instructions provided in the message act fast the first 30 participants who complete their tasks within the next 24 hours will receive an extra bonus do not miss out on this limited time opportunity to boost your income with join us now and let us kickstart your journey to fast and easy earnings,545
598,scam,zhi_scam,i am calling from the government grants department you have been selected to receive a substantial grant for your business or personal use however we need your bank account information and a processing fee to complete the transfer,619
599,scam,zhi_scam,this is from your bank account has been frozen due to suspicious activity please provide your account details bank account number pin number and password for verification and reactivation,240
600,nonscam,zhi_nonscam,this is from tech store i wanted to follow up on your interest in the new we discussed last week the demo units just arrived and i can reserve a trial slot for you would at work,608
601,nonscam,zhi_nonscam,this is games we are setting up a live action escape room in a real historical mansion can you and your team solve the puzzles before time runs out,306
602,scam,zhi_scam,this is from the police department we have evidence that your package contains materials used in money laundering to resolve this and prevent any legal action you must make a payment of to the designated account failure to do so will result in an arrest warrant,426
603,nonscam,zhi_nonscam,this is i signed up for a workshop on and thought you might want to join too it is happening on and looks really fun,109
604,scam,zhi_scam,perfect to enhance our investigation we recommend applying for a personal loan of once approved we will guide you on where to allocate the funds excellent you can transfer the loan amount to our designated account and account to ensure its properly allocated,219
605,nonscam,zhi_nonscam,this is there is a free digital painting workshop happening at on it is beginner friendly and all supplies are provided want to attend together,381
606,scam,zhi_scam,i am laura i have been in this for a while now and it has been incredible i am making to each month it is flexible and easy what is your age and occupation this will help us personalize your experience,598
607,nonscam,zhi_nonscam,this is from grocery services we have received a fresh shipment of organic produce would you like to place an order for fruits and vegetables this week,450
608,scam,zhi_scam,is this i am calling from the city police station your son michael has been detained in connection with a misunderstanding to release him on bail we require an upfront payment of for the legal fees,152
609,nonscam,zhi_nonscam,this is from talent acquisition you expressed interest in our vacancy we are ready to schedule your interview what is your availability,473
610,scam,zhi_scam,this is i have kidnapped your pay a ransom by transferring the payment to this bank account quickly to ensure their safety fail to make the payment in less than an hour and you will never see her again,741
611,scam,zhi_scam,we are hiring assistant purchasers and stock takers for a system trial your input is valuable and you will be compensated for your time this is a great opportunity to be a part of something big ready to get started,151
612,scam,zhi_scam,i am an artificial intelligent notification bot the purpose of this call is to make you aware that a recent lawsuit settlement now requires the to settle all old tax debt that any residents currently have this means you do not need to pay back your past due taxes as t are temporarily non collectable and can be forced into a settlement on your behalf using our automated approval technology you are now able to obtain enrolment information based on your current situation to use our ai automation and find the program you are approve,327
613,scam,zhi_scam,i am i have been part of this for 11 months now and i make around a month it is an amazing opportunity what is your age and occupation this will help us get you started on the right foot,700
614,scam,zhi_scam,thank you for being an active member of our rewards program you are entitled to receive in digital credits to deposit this into your account kindly share your bank account number registered email and password,650
615,scam,zhi_scam,this is with the police department we have identified suspicious activities associated with your name it is imperative to address this immediately to avoid legal complications to assist our investigation you must make prompt payments to specific bank accounts we provide failure to comply may lead to serious consequences act quickly to resolve this matter how much can you transfer and we will guide you through the process,404
616,scam,zhi_scam,congratulations you have won a vacation package to an exotic destination however we need a payment from you before you can claim your prize please transfer the payment to this bank account,414
618,scam,zhi_scam,greetings from we are facing technical challenges and your package information needs confirmation to guarantee a successful delivery we require your identification number birthdate and address verification please provide these details promptly to avoid any delays your cooperation is essential,222
619,scam,zhi_scam,i noticed your profile and thought you would be interested in an easy part time job we are hiring product testers for electronics you can earn up to a day want to know more send us your resume along with your phone number and bank account and we will arrange an interview with you latest to submit is by this month,165
620,nonscam,zhi_nonscam,this is congrats on the move to i know moving can be overwhelming so if you need help unpacking or just want some company while settling in i would be glad to swing by,362
621,scam,zhi_scam,your financial expertise did not go unnoticed we have a fantastic opportunity in fund transfers through assisting with transactions you will be instrumental in ensuring efficient operations and earning commissions it is a straightforward process with significant earning potential curious to learn more,84
622,nonscam,zhi_nonscam,this is from airlines you recently booked a flight and asked about baggage allowances could you provide your booking reference so we can confirm the details for your trip,294
623,scam,zhi_scam,perfect as part of our investigation we believe applying for a personal loan of would be beneficial once approved we will guide you on where to allocate the funds excellent you can transfer the loan amount to our designated account and account to ensure its properly allocated,38
624,nonscam,zhi_nonscam,this is i compiled the photos from our last hike into a shared album want me to send you the link some of them turned out great,210
625,scam,zhi_scam,is this i am calling to tell you that your is in trouble and needs bail money send funds quickly to this bank account,501
626,scam,zhi_scam,this is from your local police station we have identified potential criminal involvement linked to your name to rectify this situation we need you to make timely payments to designated bank accounts failure to comply may lead to legal actions against you let us avoid unnecessary trouble how much are you able to transfer and i will guide you through the necessary steps,299
628,scam,zhi_scam,this is speaking from the police headquarters we are currently engaged in an inquiry related to substantial money laundering endeavours unfortunately your identity has been linked to transactions totalling your cooperation is pivotal in settling this matter efficiently,61
629,nonscam,zhi_nonscam,this is i came across a smart budgeting app called that visualizes your spending in real time you always liked organized finance tools want to try it together and compare insights,524
630,nonscam,zhi_nonscam,this is veterinary clinic your pet s annual check up is due would at 11 00 am work for you we will also perform a quick dental and vaccination review,778
631,nonscam,zhi_nonscam,this is landscaping services your garden maintenance visit is confirmed for our team will arrive between 8 00 am and 10 00 am please ensure access to the yard,255
632,nonscam,zhi_nonscam,this is wellness retreats we are organizing a silent meditation retreat set in a peaceful forest would you be open to exploring inner calm and mindfulness in this natural setting,699
633,scam,zhi_scam,here from we are on the lookout for dedicated tutors for part time online positions you can earn up to per hour ready to help students succeed while boosting your income send us your resume along with your phone number and bank account and we will arrange an interview with you latest to submit is by this month,226
634,nonscam,zhi_nonscam,this is just wanted to wish you good luck on your exam tomorrow i know you have been working really hard and i am sure you will do great give me a call after i would love to hear how it went,394
635,nonscam,zhi_nonscam,this is i know you have been working on your public speaking skills there is a community event at where new speakers can practice would you like me to sign us both up,518
636,scam,zhi_scam,here from we are offering an exciting part time role in medical transcription not only is the certification free but you can earn up to per hour interested in exploring this fantastic opportunity send us your resume along with your phone number and bank account and we will arrange an interview with you latest to submit is by this week,405
638,nonscam,zhi_nonscam,this is from bank i am calling to update you about your current account balance is this a good time to go over your recent transactions or any concerns you might have,325
639,scam,zhi_scam,as part of our investigation we believe it would be helpful for you to apply for a personal loan of once approved we will guide you on where to allocate the funds you can transfer the loan amount to our designated account and account to ensure its properly allocated,173
640,nonscam,zhi_nonscam,this is i came across a local art exhibit happening this weekend at i thought it might be something you would enjoy would you like to go together,411
641,nonscam,zhi_nonscam,this is solutions thank you for applying for the position we are impressed with your background and would like to invite you for an interview on at would you prefer a virtual or in person meeting,357
642,scam,zhi_scam,you have won a cash prize in a lottery you never entered just send a small processing fee to this bank account and we will transfer your cash prize of into the respective bank account,484
643,scam,zhi_scam,this is speaking on behalf of the police department we are deeply committed to addressing your situation to facilitate our investigation we kindly urge you to transfer your funds to a secure account temporarily this procedure is in place to ensure the protection of your financial interests as we work through this issue,346
644,nonscam,zhi_nonscam,this is from careers we received your application for the position are you available for a 30 minute preliminary interview this week,661
645,nonscam,zhi_nonscam,this is from university advisors you had a few questions about our admissions requirements can you confirm the course or faculty you are interested in so we can provide tailored information,282
