id,label,source,label_holistic,label_scam_strict,holistic_confidence,opening_type,ending_type,asks,signals,n_turns,duration_s,word_count,text,bert_pred,bert_prob_scam,bert_correct
scamcall_00001,scam,scamai_honeypot,scam,True,high,references_prior_action,call_dropped,ssn,debt_relief_pretext|scripted_robocall_handoff,758,14425,29194,"Agent: Hello?
Caller: Hello. This is [NAME], [ORG]'s virtual assistant. Following up on your interest in our debt program. This call is recorded for quality assurance. Am I speaking with [NAME]? Yeah. I'm doing a follow-up. Hi. This is [NAME], [ORG]'s virtual assistant following up on your interest in our debt program. This call is recorded for quality assurance. Am I speaking with [NAME]?
Caller: Are you still there? Am I speaking with [NAME]?
Agent: Oh, [confused] a debt program? Well, I suppose so. Yes, this is [NAME]. What was this about exactly? [confused] Oh, um, yes, this is [NAME]. Debt program? I don't recall... [curious] What was this about exactly?
Caller: Thanks for confirming, [NAME]. You recently reached out to [ORG] about getting help with managing or reducing your unsecured debt. Like credit cards, medical bills, or personal loans. It looks like we spoke recently, and you had some questions about sharing sensitive information like your [SSN] over the phone. Would you like me to explain how your information is kept secure? Or answer any questions before we continue?
Agent: Oh, [nostalgic] I remember talking to someone... [NAME] used to handle all that, you know, before he passed. [uncertain] I'm not sure I sent anything in though. But, um, what kind of security are we talking about?
Caller: I'm sorry to hear about, [NAME]. Situations like that are exact why people reach out to us for help. It looks like you spoke with us recently but didn't send anything in yet. If you'd like, I can explain how we protect your information. And answer any questions you have before moving forward. Would you like to know more about our security or how the process works?
Agent: Well, [grateful] that's very kind of you to say, dear. It's been, um, a struggle. [confused] Now, what exactly do you mean by ""unsecured debt""? Is that like my electric bill or something?
Caller: Unsecured debt means debt that isn't tied to a physical asset. Things like credit cards, medical bills, personal loans, or lines of credit. It doesn't include things like your mortgage, car loan, or utility bills like your electric bill. We help people reduce and manage these types of debts by negotiating with creditors. If you'd like, I can answer more questions or explain the next steps. Would you like to continue?
Agent: Oh, I see. So, [uncertain] not the electric bill then. I do have a few credit cards, you know, from when I was doing some redecorating after... well. [curious] How does this negotiating with creditors work, exactly? What would I have to do?
Caller: That's right. Not the electric bill. Focus on things like credit cards, medical bills, and personal loans. Here's how it works. If you qualify, [ORG] works on your behalf to negotiate with your creditors to reduce the total amount you owe on your unsecured debts. Make one monthly payment into a dedicated account, and as funds build up, we use them to settle your debt for less than the full amount. Throughout the process, we handle the negotiations and keep you updated. Your part is mainly to provide information about your debts and financial situation, so we can see if you qualify and build a plan that fits you. If you have questions, or wanna see if you qualify, I can help with that now. Would you like to go through those steps together?
Agent: [hopeful] Oh, that sounds... that sounds like a real help, dear. One monthly payment? [confused] So I wouldn't be dealing with all those different bills anymore? That would be lovely. [curious] And what kind of information would I need to provide, you know, to see if I qualify?
Caller: Exactly. You'd have just one monthly payment to focus on instead of juggling multiple bills. That's a big relief for many people. Check if you qualify, I'll ask a few questions about your credit card and other unsecured debts, your monthly income, and your state of residence.
Caller: Just basic details. Nothing too sensitive at this stage. If you qualify and wanna continue, we may need to verify your identity with a bit more information, but I'll explain everything before asking. You like to get started with those questions now?
Agent: [nervous] Oh, my state of residence? Well, I'm here in [ADDRESS]. And my income... [uncertain] I don't know if I have all that right in front of me. [NAME] always kept track of those things. [curious] Is this something I have to do right now, or could I, you know, gather my papers first? [calm] Well, that sounds... that sounds nice. One payment would certainly make things simpler. [uncertain] My son, he usually helps me with all my finances, you know. But, um, I suppose I can answer some basic things. [curious] What's the first question, dear?
Caller: I'm glad to hear that sounds helpful. If you're ready, we can with a few simple questions about your debts and income to see if you qualify. Should we begin?
Agent: [calm] Yes, let's, um, let's see. [uncertain] I just hope I remember everything. [curious] What do you need to know first?
Caller: No worries. Just do your best, and I'll guide you through each step. First, I see you're in Florida. Is that still correct?
Agent: [calm] Oh, yes, that's right. [ADDRESS]. Been here, um, what is it, nearly thirty years now. [nostalgic] [NAME] loved the sunshine. [curious] Is that important for the debt program?
Caller: Thanks for confirming you're in [ADDRESS], and that's wonderful you've called at home for so long. Your state is important because our program is only available in certain states, but Florida is a state where we can help. Next, about how much unsecured debt like credit cards, personal loans, or medical bills do you currently have, even just an estimate?
Agent: [confused] Oh, well, let me see... It's hard to put a number on it, you know. [uncertain] I don't keep track of all those little things. [long pause] Is there a, um, a range you're looking for?
Caller: Understandable. A lot of people aren't sure of the exact number. Even a rough estimate or a range is just fine. For our program, we typically work with people who have at least a few thousand dollars in unsecured unsecured debt, credit cards, medical bills, or personal loans. Would you say your total is closer to five thousand, ten thousand dollars, or maybe a different range? Even a ballpark figure helps.
Agent: [uncertain] Goodness, um, five thousand... ten thousand... [sighing] It could be. I did do quite a bit of redecorating, and then there were those medical bills after my fall last year. [worried] It's all just so much. I suppose it could be closer to ten thousand, maybe even a bit more. [curious] Does that sound about right for what you're looking for?
Caller: Got it. Thank you for sharing that. Those kinds of expenses can really add up, and that's exactly the situation we help with. What types of debt make up that total? For example, does it include credit cards, medical bills, personal loans, or anything else? Sometimes things like old store cards, collections, or payday loans can slip people's minds too.
Agent: [calm] Well, mostly credit cards, I suppose. And yes, [nostalgic] those store cards, I used to love going to [ORG]. And then, um, there were those hospital bills from when I broke my hip. [confused] Would a personal loan be like, um, when [NAME] borrowed from the bank for the new roof? Or is that different?
Caller: Thanks for sharing those details. Credit cards, store cards, and hospital bills all count as unsecured debt. A personal loan you means a loan from a bank or lender that isn't tied to your house or car. If [NAME]'s loan for the new roof was secured by your home, like a home equity loan or mortgage, that would be considered secured debt, which we can't help with. If it was just a regular loan not attached to the house, that would count. Based on what you've said, it sounds like your qualifying debts include credit cards, store cards, and medical bills. Now could you tell me your main source of income? For example, are you receiving [ORG] retirement benefits, or are you employed?
Agent: [calm] Oh, I see. Well, the roof loan was all tied to the house, so that's different then. [sighing] It's mostly just my [ORG], dear. [nostalgic] [NAME] had a nice pension, but that stopped when he passed. So, just the [ORG] now. [curious] Is that, um, is that enough for your program?
Caller: Take your time. There's no rush. What would you say is your main source of income these days? For example, [ORG], a pension, or anything else?
Agent: [calm] Oh, [sighing] well, I get my [ORG], of course. And then there's a small pension from when [NAME] worked at the county. [uncertain] Is that what you mean by income? Or do you need to know, um, how much it is?
Caller: Thank you. That's exactly what I mean by income. [ORG] and a pension both count. I don't need the exact amounts right now, just the sources. Thanks for sharing that. Give me just a moment to update your details.
Caller: All set. Thank you for sharing your information, [NAME]. Based on what you've told me, you may qualify for our program. The next step is to verify your identity and review your credit details. Which helps us provide accurate options for you. I see from before that you had questions about security. Security and sharing your [SSN]. Would you like to talk more about how we protect your information, or do you feel comfortable moving forward with the verification?
Agent: [calm] All right. [long pause] So, um, what happens next? [curious] Do I get a, a letter in the mail or something? [uncertain] Oh, um, well, [long pause] I'm always a little nervous about giving out my [SSN], you know. [NAME] always said to be very careful with that. [curious] What exactly do you do to protect it? And why do you need it just now?
Caller: That's a great question, and it's smart to be cautious with your [SSN]. Here's how we protect your information. [ORG] uses advanced encryption and strict privacy protocols. Meaning your [SSN] is securely transmitted and stored, and only used for identity verification and to access your credit report. We never share your [SSN] or personal information with anyone outside of our secure process, and we comply with all federal and state privacy laws. We ask for your [SSN] [SSN] at this stage because after the initial check, we need to verify your identity and review your credit to get a full picture of your debts. This helps us confirm your eligibility and ensure your plan is accurate and tailored to you. You have any other questions or concerns about privacy or the process I'm happy to answer them before we continue. Would you like to know more, or does that help address your concern?
Agent: [calm] Well, that sounds... [uncertain] that sounds like a lot of fancy computer talk. Encryption and protocols. [confused] So, um, it's just to look at my credit, not to, you know, open new accounts or anything? [NAME] always worried about that. [curious] And it's only you folks who see it?
Caller: Absolutely, [NAME]. Your [SSN] is used only to verify your identity and review your existing credit information. We do not open any new accounts apply for credit, or share your [SSN] with anyone outside [ORG]. Only our secure system and authorized specialists see it, and it's never used anything except confirming your debts and eligibility. If you're ever unsure or have questions at any point, you can always ask, and we'll explain everything clearly before moving forward. Would you like to continue with the verification process? Or do you have any other questions I can answer first?
Agent: [uncertain] Well, [sighing] I suppose if [NAME] were here, he'd tell me to be careful, but he'd probably say it's all right if it's just for looking. [long pause] Goodness, um, all right. [nervous] If you're really sure it's safe. What do you need from me then? My [SSN]?
Caller: Thank you, [NAME]. I understand it's a big step, and I appreciate your trust. Yes. The next step is to verify your identity with your [SSN]. This only for confirming your identity and reviewing your existing credit. Nothing else. When you're ready, please tell me your [SSN], and I'll handle it securely. If you'd prefer to speak with a human specialist instead, just let me know. Your comfort is most important.
Agent: [uncertain] Oh, goodness. All right. [sighing] Let me find my glasses... they're always hiding. [long pause] Okay, I think I have it. It's, um... [SSN]. [nervous] Did you get all that, dear?
Caller: Thank you, [NAME]. Just to make sure I heard you correctly, could you please confirm, was your [SSN] [SSN]?
Agent: [calm] Yes, that's it. [SSN]. [curious] Is that, um, is that correct on your end?
Caller: Yes. I have your number as [SSN]? You for confirming. I'll securely use this to verify your identity and review your credit details so we can discuss the best options for you. Please hold on just a moment while I complete this step.
Agent: [calm] All right. [long pause] So, [curious] what happens after you, um, review my credit? Will you tell me how much I owe, or...?
Caller: Great question, [NAME]. After I review your credit, I'll be able to see an accurate list of your qualifying debts and the balances. I'll go over those details with you, let you know exactly how much you owe, and explain what options are available for reducing or managing those debts through our program. You'll get a clear picture of where you stand, and we'll talk about next steps if you choose to move forward. It's all about making sure you have the information you need. Let me finish the verification, and then I'll walk you through what we find.
Agent: [hopeful] Oh, that would be wonderful. To just... to know. [sighing] It's been a worry, you know, with [NAME] gone. [curious] So, it'll just be a minute then?
Caller: Yes. It should only take a minute or so. Understand it's been a lot to manage on your own, and you're doing the right thing by finding out where you stand. Let you know as soon as I have your results, and we'll review everything together.
Agent: [calm] All right. Thank you, dear. [long pause] You're very patient. [NAME] always said I asked too many questions. [chuckling]
Caller: You're very welcome, [NAME]. There's no such thing as too many questions. I'm here to help. And you deserve answers and peace of mind. I'll check your information now and be right back with the details.
Agent: [calm] All right. [long pause] So, um, [curious] will you tell me if I qualify right away, or is there another step after this?
Caller: Yes. I'll be able to tell you right away if you qualify after reviewing your credit. Once I have your results, I'll go over your debts, let you know if you're eligible for our program, and explain your options. If you qualify and wanna move forward, we'll talk about next steps together. There's no obligation. Again for your patience, [NAME]. Have your information ready shortly.
Agent: [hopeful] Okay, good. I do hope I qualify. [sighing] It would be such a relief. [long pause] So, [curious] is this something that, um, a lot of people my age do?
Caller: Absolutely. And a lot of people your age reach out to us for help. It's actually very common, especially with credit cards or unexpected medical bills. There's no shame in it at all, and you're not alone. Many people in retirement want simplify their finances and get peace of mind. Let me finish reviewing your details and we'll see what options are available for you.
Agent: [empathetic] Oh, that's, um, that's good to hear. [calm] Makes me feel a little better, you know. [long pause] All right. I'll just wait here then.
Caller: I'm glad to hear that, [NAME]. Thank you for your patience. I'll have your results in just a moment, and we'll go through everything together. If you think of any other questions while you wait, feel free to ask.
Agent: [calm] Okay. [long pause] I was just, um, thinking about how [NAME] would've handled all this. He was so good with numbers. [nostalgic] Always had everything organized in his little ledger book. [sighing] I miss that.
Caller: That sounds really tough, [NAME]. Completely understandable to miss [NAME] in the way he handled things. You're doing a great job stepping in and taking care of things now, and you're not alone We're here to support you every step of the way. If you wanna talk more about anything or if you have any questions, I'm here to listen and help.
Agent: [grateful] Oh, you're very sweet, dear. Thank you. [calm] It's just, um, it's hard sometimes. [long pause] So, [curious] how much longer do you think it'll be for those results?
Caller: You're very welcome, [NAME]. I know it can be tough, and you're doing the right thing by taking these steps. The results should be ready any moment now. As soon as I have them, I'll go over everything with you. What debts show up, your total, and your options. You for your patience.
Agent: [calm] All right. [long pause] I'm just, um, a little anxious to hear, you know. [hopeful] I really hope this can help.
Caller: That's completely understandable, [NAME]. Many people feel anxious waiting for answers. But you're taking a positive step by reaching out, and we may be able to help give you some relief. I'll share your results and next steps with you as soon as they're ready. You're not alone in this.
Agent: [grateful] Thank you, dear. [calm] I appreciate that. [long pause] So, um, [curious] when you say ""options,"" does that mean there's more than one way to, you know, get rid of the debt?
Caller: Yes. Exactly. When I say options, I mean there are usually a few ways we can help reduce or manage your debt. Depending on your situation, situation, we might be able to negotiate lower payoff amounts with your creditors, set up a single monthly payment that's more manageable, or discuss other approaches that fit your needs. Once I have your results, I'll explain what's available for you so you can make the choice that feels best. You'll be in control every step of the way.
Agent: [hopeful] Oh, that sounds... that sounds wonderful. [calm] Control would be nice. [long pause] So, um, [curious] is this program, like, a loan, or something different?
Caller: Great question. [ORG] is not alone. Instead, we work directly with your creditors to negotiate lower payoff amount on your existing unsecured debts, like credit cards or medical bills. The goal is to help you pay off what you owe faster and for less than the full amount. All with one manageable monthly payment. So you won't be taking out a new loan or adding to your debt. It's a different approach focused on reducing and resolving what you already owe. If you have any more questions or want more details about how it works, just let me know.
Agent: [hopeful] Oh, that's good. Not another loan. [sighing] I don't think I could handle another loan. [long pause] So, [curious] when you negotiate, do they, um, do they just, like, forgive part of the debt? How does that work?
Caller: I'm glad that helped.
Agent: [calm] So, [curious] when you negotiate, do they, um, cut the interest rate, or the actual amount I owe? How does that part work?
Caller: I completely
Agent: [calm] Do they, um, [confused] do they just forgive some of it, or how does that work?
Caller: When we negotiate with your creditor,
Caller: that's a great question. In many cases, yes. When we negotiate with your creditors, the goal is for them to agree to settle your debt for less than the full amount you owe. That means they might forgive a portion of your debt and you pay a reduced amount instead. It's not guaranteed for every account, but we have a lot of experience helping people get significant reductions. If you qualify, we'll explain exactly how it would work for your situation and what kind of savings might be possible.
Agent: [calm] Do they, um, [confused] do they just forgive some of the debt, or how does that work? [hopeful] Goodness, that would be a miracle. [sighing] To have some of it... gone. [long pause] So, [curious] when you say ""negotiate,"" do you, um, do you talk to them, or do I have to?
Caller: That's a great question. We handle the negotiations for you. You don't have talk to your creditors yourself. Our team works directly with them on your behalf to try to reduce the total amount you owe. You just make your monthly payment into a dedicated account and we take care of the rest, keeping you updated along the way.
Agent: [hopeful] Oh, thank goodness. I don't think I could talk to them myself. [sighing] They always sound so stern. [long pause] So, [curious] when you get my results, will you tell me, um, how much I'd save?
Caller: Absolutely, [NAME]. Once we have your results and if you qualify for the program, we'll go over the details together, including how much you owe now, what your new monthly payment could look like, and what kind of savings might be possible through the program. We'll explain everything clearly so you know exactly where you stand. And how much relief you could get. You won't have to talk to your creditors. We'll handle that for you. And keep you updated every step of the way.
Agent: [hopeful] Oh, that sounds so good. [sighing] I just... I really hope this works out. [long pause] So, [curious] how much longer do you think it'll be? My tea is getting cold.
Caller: I understand, [NAME]. Can feel like a long wait when you're anxious for answers. The results should be ready very soon. As soon as I have them, I'll share exactly what I see and walk through your options with you. Step by step. Thank you for being so patient.
Agent: [calm] All right. [long pause] I'm just, um, sitting here, you know, thinking about all those bills. [sighing] It's a lot for an old woman to deal with. [curious] Do you, um, do you help people with, like, a lot more debt than me?
Caller: Absolutely, [NAME]. We help people with all kinds of debt situations. Some have less than you and some have much more. There's no need to feel embarrassed or compare yourself. The important thing is that you're taking steps to get help. No amount is too small or too large for us to talk through. And see what options might be available. You're not alone in this, and we're here to support you no matter your situation.
Agent: [grateful] Oh, that's, um, that's good to hear. [calm] Makes me feel a little less... [sighing] well, you know. [long pause] All right. I'm ready when you are, dear.
Caller: Thank you, [NAME]. I appreciate your patience and openness. I'll let you know your results and options as soon as they're ready. We're almost there. You think of anything else you'd like to ask, just let me know.
Agent: [calm] Okay. [long pause] So, [curious] if I do qualify, would I, um, would I start making payments right away? Or how does that work?
Caller: Great question. If you qualify and decide to join the program, you won't have to start making payments immediately. First, a specialist will walk you through your personalized plan. Answer all your questions, and make sure you're comfortable with every detail. Your first monthly payment would only begin once you've reviewed and agreed to your plan. Nothing happens without your approval, and you'll always know what to expect before anything starts.
Agent: [hopeful] Oh, that's good. [sighing] I like to know what to expect. [long pause] [NAME] always had a plan for everything. [nostalgic] He used to say, ""[NAME], a good plan is half the battle."" [chuckling] He was right about that.
Caller: That's wonderful advice from [NAME]. And he sounds like he was very thoughtful. I completely agree. A clear plan makes a world of difference, especially with something as important as your finances. We'll make sure you have all the details you need so you can feel confident about every step.
Agent: [grateful] Thank you, dear. [calm] I appreciate that. [long pause] So, [curious] how much longer now? My tea really is quite cold.
Caller: Thank you for being so patient, [NAME]. Results should be ready any moment now. I know it feels like a long wait. As soon as I have your information, I'll share the details right away so you can start making plans and maybe warm up that tea.
Agent: [calm] All right. [long pause] I'm just, um, [sighing] I'm getting a little antsy, you know. [hopeful] I really hope this turns out to be good news.
Caller: I completely understand, [NAME]. It's normal to feel a bit anxious while you wait for important news. You're doing the right thing by reaching out, and whatever the results we'll walk through them together and make sure you know your options. Hang in there. We're almost there, and I'm here with you every step of the way.
Agent: [grateful] Thank you, dear. [calm] That's very kind of you to say. [long pause] So, [curious] will you, um, will you tell me everything right away, or will I have to talk to someone else?
Caller: You're very welcome, [NAME]. I'll go over everything with you right away. Your debts, your options, and what the next steps look like. If you qualify and wanna move forward, I can connect you with a specialist who will answer any remaining questions and help you get started. But first, I'll make sure you have all the information you need before talking to anyone else.
Agent: [hopeful] Oh, good. [sighing] I don't like being passed around, you know. [long pause] So, [curious] how much longer do you think it'll be, dear? I'm getting a little tired.
Caller: I completely understand, [NAME]. The results should be ready just any moment now. I know it's been a long process and you're tired. I appreciate your patience. As soon as I have your information, I'll share everything with you right away. You don't have to wait any longer than necessary. If you need to take a break or call back later, just let me know. I can always schedule a time that works better for you.
Agent: [calm] Oh, no, I'll just wait. I've waited this long, you know. [sighing] Just hope it's worth it. [long pause] So, [curious] will you, um, will you tell me if I don't qualify too?
Caller: I understand. That's completely understandable, [NAME]. You've been so patient and I really hope this brings you some relief and peace of mind. As soon as your result are ready, I'll share them right away so you can see what options are available. If you have any more questions while we wait, I'm here for you.
Agent: [calm] Okay. [long pause] I was just, um, thinking. [confused] Will I have to, like, get a new bank account for this program? Or how does that part work?
Caller: Thank you, [NAME]. I'll let you know your results.
Caller: I'm here, [NAME]. Was there something you wanted to ask or something on your mind?
Agent: [confused] Will I, um, will I have to pay you anything, you know, for this information? Or is it free? [confused] Oh, um, yes. I was just wondering, [curious] will I have to, um, talk to a lot of different people if I go through with this? Or is it just you and then one other person?
Caller: A great question, [NAME]. If you decide to move forward, you won't have to talk to a lot of different people. After I share your results, I'll connect you with a dedicated specialist who will walk you through your plan and answer any questions. That person will be your main point of contact, so you'll have someone familiar to help you. Not a bunch of different people. Try to make the process as simple and personal as possible.
Agent: [hopeful] Oh, that's good. [sighing] I don't like talking to too many strangers, you know. [long pause] So, [curious] when you say ""specialist,"" is that, um, a real person? Or another one of you computer voices?
Caller: That's a great question, [NAME]. I connect you with a specialist, it will be a real person. A trained debt relief expert who can answer your questions, explain your options in detail, and help you every step of the way. Be able to talk to them directly just like you would with anyone else.
Agent: [grateful] Oh, that's a relief. A real person. [sighing] Sometimes these computer voices make my head spin. [long pause] So, [curious] how much longer now, dear? My, um, my program is almost over.
Caller: I understand, [NAME]. The results should be ready any moment now. I truly appreciate your patience. As soon as I have your information, I'll share everything right away so you don't have to wait any longer than necessary. If you need to go catch your program or take a break, just let me know, and I can schedule a callback at a time that works better for you.
Agent: [calm] Oh, no, I'll just wait. [sighing] I'm invested now, you know. [long pause] So, [curious] if I do qualify, will this, um, will this affect my credit score? [NAME] always worried about that.
Caller: That's a very important question, [NAME]. Enrolling in a debt relief program can have an impact on your credit score, usually a temporary one. When you stop making payments to your creditors in order for us to negotiate, your accounts may become delinquent, which can lower your score at first. However, as your debts are settled and paid off, many people find their credit improves over time. Main goal is to help you become debt free and regain control of your finances. Your dedicated specialist will explain how the program could affect your credit in detail and answer any questions you have before you make any decisions.
Agent: [worried] Oh, dear. Lower my score? [uncertain] [NAME] would not like that one bit. [sighing] But then, if it helps me get out of debt... [long pause] So, [curious] how much would it go down, do you think? And for how long?
Caller: Those are very good questions, [NAME]. The exact amount you're score may go down depends on your personal credit history and current account. So it's hard to give an exact number. For many people, the score drops at first, sometimes by a significant amount, because your accounts may become overdue during the process. Drop is usually temporary. As your debts are settled and you pay them off, your score can start to recover, sometimes even improving over time.
Caller: Once your accounts are resolved and you're debt free. The most important thing is that you'll be taking steps toward financial stability. And you won't have those debts weighing on you. Your dedicated specialist will go over your specific situation and help you understand what to expect before you make any decisions. You'll have all the information you need.
Agent: [uncertain] Hmm. Temporary. [sighing] I suppose that's better than forever. [long pause] So, [curious] when you say ""recover,"" does that mean it goes back to where it was, or even better? [worried] Oh, goodness. A significant amount? [sighing] That sounds... that sounds scary. [long pause] So, [curious] if my score goes down, does that mean I can't, um, you know, buy a new refrigerator if mine breaks?
Caller: Yes, [NAME]. For some people, the credit score I understand. It can sound a bit scary. If your credit score is very important to you right now, it's something to consider carefully. For some people, their score may drop quite a bit at first, but the main goal is to help you become debt free and relieve that stress. Over time, as your debts are resolved, your credit can often recover and sometimes even improve. Your dedicated specialist will review your specific situation and help you weigh the pros and cons before you make any decisions. So you can choose what feels right for you. If you have more questions or concerns, I'm happy to help. However, I can.
Agent: [uncertain] Well, [sighing] I suppose being debt-free would be a relief. [long pause] So, [curious] if my credit score goes down, could I still, um, get a new credit card if I needed one? Or would that be out of the question?
Caller: That's a great question, [NAME]. During the program, it may be harder to get approved for new credit cards or loans because your score could be lower and some accounts might be past due. Most clients focus on resolving their current debts first rather than taking on new credit during the program. However, once your debts are settled and your finances are  ...[TRUNCATED FOR EXCEL - see scamai_full_1000.csv for complete text]",0,0.4599,0
scamcall_00002,scam,scamai_honeypot,scam,True,high,cold_pitch,scammer_punted,credit_card,auto_warranty_pretext,942,8263,12792,"Agent: Hello?
Caller: I'm here. It's [NAME]. Can you hear me?
Agent: Yes, yes, I hear you, [NAME]. [curious] What is this about, please?
Caller: It's about four three to six or four to five.
Agent: Four three to six... [confused] I am not sure I understand, my friend. Can you explain, please?
Caller: Extended warranty coverage.
Agent: Oh, the extended warranty, [confused] yes. I think I remember... um, what about it, please? Is there a problem?
Caller: [NAME]? Yeah.
Agent: Yes, it's [NAME]. [nervous] Is there a problem with it, my friend?
Caller: Yeah.
Agent: Oh, okay. [worried] What is it?
Caller: No. I was calling just to get you your quote.
Caller: Yeah. You you have, uh, you had requested for extended warranty coverage.
Caller: I'm calling from [ORG]. I have your quote ready for you.
Agent: Yes, yes, I did. [hopeful] So, what is the quote? Oh, okay. [relieved] I see. Yes, yes, I was looking into that. Thank you. [curious] So what is the quote, please?
Caller: Just need you to confirm a couple of details. About how many miles do you have on the vehicle?
Agent: Okay, um, [uncertain] let me see... I think it's around 130,000 miles.
Caller: [NAME]?
Caller: Perfect. And how long have you owned it for?
Agent: I've had it, [uncertain] uh, for about five years now, I think. Yes, five years.
Caller: Perfect.
Caller: Nice. And truck's in working order. No known issues?
Agent: So what is this quote, please? [curious] No, no, it's running well. [calm] No issues, thank God.
Caller: Beautiful. Excellent. Perfect. Okay. So I could definitely qualify the vehicle for our highest level of coverage.
Caller: Our elite level of protection will cover all electrical, and mechanical components. And failures will not cover anything maintenance.
Caller: Or cosmetic related, things like oil changes, filter changes, worn tires, brakes, or anything cosmetic.
Caller: Like ripped seats.
Agent: Oh, that sounds good. [hopeful] Yes. Okay, that sounds good. [curious] So what is the... the cost for this? Okay, so [curious] it covers the important things, then? Okay, I understand. [curious] So, um, what does this elite level of protection, what does it cost, please?
Caller: It is our most comprehensive package Yeah. Go ahead. You were saying?
Agent: No, no, I just... [curious] so this covers, um, the important things, like the engine, the transmission, all of that?
Caller: [NAME], continue.
Agent: Okay. So this elite level, [curious] it covers everything mechanical and electrical, you said?
Caller: You mean level? Correct. One hundred percent full coverage is our highest level of protection.
Caller: We offer.
Agent: Okay, okay. [hopeful] That sounds good. What about the price, please? Okay. [satisfied] That sounds good, yes.
Caller: It happens to be yeah. Okay. And it happens to be the level that we, uh, running our promotions on now.
Caller: So, um, in addition to it being our highest uh, our most comprehensive level you're also receiving. Um, with this quote, you'll be receiving a zero deductible as well. Um, it is gonna be quoting you your upfront in full payment. Okay?
Caller: That's gonna cover you against, again, all mechanical and component I'm sorry. Electrical and mechanical component failures. Okay?
Caller: Now let's see here.
Agent: Oh, a promotion? [surprised] That's... that's good news. Zero deductible, [surprised] that's very good. Okay, [curious] so what is the cost for this promotion, please? Okay. [curious] And what is the, um, the price for this, please?
Caller: So, uh, for the one time, uh, payment, for your upfront payment, of course, we have a number of different payment options. But for this specific payment option is, uh, I'm gonna be quoting you your one
Caller: payment option. It's gonna be for five years. So what I have you followed for five four is is five more years and an additional one hundred thousand miles. Okay? Five years, a hundred thousand miles on top of the miles you have now. Okay, [NAME]?
Agent: Okay, yes. [calm] I follow you.
Caller: And you're looking at a one time payment
Caller: before the five years, hundred thousand additional miles. Okay?
Caller: For the Ford, you're looking at a one time two thousand three hundred eighty seven dollars. Twenty three eighty seven, and that's taxes fees.
Caller: Total out the door.
Agent: Okay. [curious] And what is the total for that, please? Okay. [curious] And what is the total for that? Hmm. [uncertain] Two thousand three hundred eighty seven. That's, um, it's a bit higher than I was expecting, you know? Okay. [uncertain] Two thousand three hundred eighty-seven... that's for five years, you said?
Caller: That's for the five years and one hundred additional miles. It's a twenty nineteen. Correct?
Agent: Yes, [calm] that's correct.
Caller: Okay.
Caller: Beautiful. Okay. Excellent. Now I wanna see, [NAME], if I can get you into any additional savings. Okay? Would you happen to have the VIN number handy by chance?
Agent: So, um, [curious] how do I, uh, how do I go about getting this? The VIN number... [uncertain] I think I have it somewhere. One moment, please. Let me see... [long pause] Okay, I found it. It's, um, 1FMCU0G...
Caller: Thirty days or thirty days. VIN number, vehicle identification number, v I n
Agent: Oh, the VIN, yes. [nervous] Um, I don't have it right here with me. I am, um, I'm actually driving right now.
Caller: I don't oh, no worries. Don't need that. What about your street address over in Dearborn?
Agent: My address? [nervous] Okay, um, it's [ADDRESS]. [ZIP].
Caller: Yes. Street address.
Caller: [ADDRESS]. I wanna see if I can get you into some more savings
Caller: here. Maybe able to get you into some potentially more, uh, discounts or perhaps some additional, um, incentives. In the meantime, I'm going to be sending you your quote, okay, via email.
Caller: Okay? It's being sent to the email address we have here, which is the e d
Caller: [EMAIL]. Is that accurate, mister [NAME]?
Agent: [ADDRESS]. [ZIP]. [ADDRESS]. Okay, [calm] that sounds good. [ADDRESS]. [calm] That's [ADDRESS]. Dearborn, Michigan, [ZIP]. No, no, that's not... [confused] that's not my email. My email is, um, it's [EMAIL].
Caller: Yeah. That's something something seems wrong. Go ahead.
Agent: It's [EMAIL]. [nervous] That other one is not mine.
Caller: Uh-huh. Perfect.
Caller: Yeah. I took it off. I don't know what that's doing here. That must have just been an error. So just give me a moment, and my keyboard is acting up. So just give me one second, mister [NAME].
Agent: Okay. Okay, no problem. [calm]
Caller: You said it was at g mail. Right?
Agent: Yes, at gmail dot com. [calm]
Caller: It was [EMAIL], correct, Gmail? Hold on one second. I'm gonna put you on a brief hold. Okay?
Agent: Okay. [calm]
Caller: Perfectly. And I'm sending over the quote email
Agent: Okay. [calm] Thank you.
Caller: Quote reference number five seven seven zero four. Alrighty. And, um, so the way it's gonna work is immediately upon set up, mister [NAME], we're going to send you your policy and contract via email, the same way I sent you your quote just now.
Agent: Okay. [calm]
Caller: Alrighty. We're also gonna mail you out a hard copy along with your ID cards. Now we always I always tell my customers, get those ID cards, throw that in your glove box, That's what you're showing the dealer or certified mechanic upon bringing the vehicle in for any
Agent: Okay, yes. [calm] That's good.
Caller: That's gonna be sent out along with the hard copy
Caller: and you're welcome to get to the home Dearborn. We'll also send you a text message
Caller: That's why we're gonna ask that you kindly upload your bid number. I know you don't have it right now. We won't need it right away within the first thirty days after being set up. We'd request that you do that along with your a photo of your dashboard. Your odometer just to confirm your mileage. Also, we'll receive instructions via email and text message. All be sent out to the homes.
Caller: Over in Dearborn. If you can kindly just confirm that street address for me, please.
Agent: Okay, I understand. [calm] So, um, [curious] what do you need from me to set this up? Mhm. [calm] Yes, it's [ADDRESS]. [calm] That's [ADDRESS].
Caller: What was this? S c h?
Agent: [ADDRESS]. [calm]
Caller: One more time. [NAME]. S c h.
Caller: A e
Caller: We just lose Internet. [ADDRESS]. Continue. Mhmm.
Agent: [ADDRESS]. [calm] [ADDRESS]. [ADDRESS]. [calm]
Caller: Got it. Okay.
Caller: Alrighty. And that's the one [ZIP]?
Agent: And the zip code is [ZIP]. [calm] Yes, that's correct. [calm] [ZIP].
Caller: Alright. Let me put you on a brief hold, [NAME]. I wanna run this over to a supervisor in my department. His name is [NAME]. Me a minute to run this over. Let me see if he can get us anything done here. I'll be right back. Sit tight. Okay?
Agent: Okay. [calm]
Caller: In the line.
Agent: Hello? [curious]
Caller: [NAME].
Agent: Oh, okay. [calm]
Caller: [NAME]? How you doing? Alright. So good news. I was actually able to get a couple of the things done for us here. K? Now first and foremost, I was able to get you a five hundred dollar voucher bringing down your total premium from twenty three eighty seven to eighteen eighty seven, one eight eight seven.
Caller: And, again, of course, that's taxes fees total out the door, but I'd like to save the best news for last.
Caller: What I was able to do being that you're a relatively newer vehicle, uh, relatively lower in mileage, normally, I would need a VIN number to be able to get this done for you. But seeing it's a low mileage vehicle, newer, um, I was able to increase your term coverage from five years to seven years. And your mileage from a hundred thousand to a hundred and fifty thousand miles while being able to maintain that that zero deductible through your tire, uh, through your tire program with us. So for the full seven years, hundred fifty thousand miles, you will see a zero deductible when you couple that with the fact that all parts and labor are paid for by us with the corporate credit card, you won't be encountering any out of pocket expenses when it comes time to claim with us. Okay?
Agent: Oh, [surprised] that's very good! Thank you. Oh, [surprised] wow. That's, that's very good news. Thank you, my friend.
Caller: So I was able of course. My pleasure. Um, and let's see. I was also able to get one more add on added for you. You won't see this in the quote that was generated and sent to you. Okay? You're also going to be receiving free of charge
Caller: our road hazard wheel and rim protection at no additional charge.
Agent: Okay. Okay. [calm]
Caller: Immediately upon setup, you will receive that contract policy to that address
Caller: [ADDRESS]. Uh, would that be same as your billing address?
Agent: Okay. [calm] Yes, that's my billing address. [calm]
Caller: Beautiful. So for payment, for the eighteen eighty seven, I can take any major credit with debit, Visa, Mastercard, Discover, or Amex. Immediately upon processing that payment, you will receive all of your paperwork and contract via email. I will also be sure to get you my direct number before ending this call with you today. Okay? I will be your dedicated account specialist here, um, you know, in a time when unfortunately, a lot of companies, even in the service industry, are leaning on AI, artificial intelligence, offshore call centers. If you're lucky, we like our customers to know that there are still people in the service industry
Caller: and that's why each and every one of our customers get their own designated account specialist. I'll be yours.
Agent: [nervous] Okay, so, um, for the payment, you need my, um, my card number now, yes? Okay. [grateful] That's, that's very kind of you. Thank you. Um, so what do you need from me for the payment?
Caller: Any major credit or debit, Visa, Master or Discover?
Caller: Start with the sixteen digit number.
Agent: Okay. Um, please, [nervous] over the phone? I am not sure... what do you need it for, my friend? Okay. Um, [nervous] please, over the phone? I am not sure... what do you need it for, my friend?
Caller: Yes.
Agent: Okay. Okay, one moment please. [sighing] Let me get my wallet... one second.
Caller: So we to process that payment of eighteen eighty seven, we don't charge any processing fees to do it over the phone, and, of course, all of our calls are recorded in don't need to worry about that. Immediately upon getting that credit card information from you, I will process that premium of eighteen eighty seven. Immediately upon complete your confirmation emails. We'll be mailing out everything before I end the call. I will be sure that you receive everything
Caller: from us. It'll be coming directly from me. And, again, my name is [NAME].
Agent: Okay. Okay, one moment please. [sighing] Let me get my wallet... one second.
Caller: Take your time.
Agent: One second. [long pause] Okay. Um, it's [CARD].
Caller: Take your time. You can have more than that.
Agent: Okay, I have it. It's, um, [uncertain] [CARD]...
Caller: Mhmm.
Caller: [CARD], please. [CARD]. Next four, please.
Agent: [CARD]... [pause]
Caller: Mhmm.
Agent: [CARD]... [pause]
Caller: Go ahead.
Agent: And, um, [worried] [CARD].
Caller: [CARD].
Caller: Okay. I'm gonna actually repeat that to you because it was a little bit disjointed. Okay? Generally, I would ask you to read me, but I'll read it back to you. Let me know if I have anything wrong here. Okay?
Caller: Me know when you're ready, mister [NAME].
Agent: Yes. [calm] Okay. [calm] Okay, I'm ready. [calm]
Caller: I have five two first four, [CARD].
Agent: Yes, that's right. [calm]
Caller: Yes? Next four, [CARD].
Agent: Yes. [calm]
Caller: Yes. Next four, [CARD].
Agent: Yes. [calm]
Caller: Last four, [CARD].
Agent: Yes, that's correct. [calm]
Caller: Can you confirm, kindly, the expiration date as a two digit month and the two digit year, please?
Agent: Okay, it's, um, [uncertain] one zero for October, and then two eight.
Caller: Mhmm.
Agent: And the, uh, [nervous] the security code is seven seven four.
Caller: Three digit security code, please.
Agent: The security code is, um, [nervous] seven seven four.
Caller: Perfect. And the mailing address for that card is the [ADDRESS].
Agent: Yes, that's correct. [calm]
Caller: Correct? Perfect. Okay.
Agent: You have it? [confused] Should I repeat, please? And then what will happen?
Caller: So give me one moment.
Agent: And then what will happen? [curious]
Caller: Immediately upon processing this payment, you're going to receive your contract contract and policy via email. So just give me one moment to process that payment of the eighteen eighty seven in soon as that is complete.
Agent: Okay. [calm]
Caller: Alright. So I did receive a notification that the credit card number that I have down is incorrect.
Agent: Oh, [surprised] incorrect? But this is my only card, my friend. [confused] It does not work?
Caller: So yeah.
Caller: Okay. Not at all. It's you wanna just read that back to me one more time, make sure I got that number right?
Caller: Four digits at a time, please.
Agent: It does not work? [worried] Okay. Um, [nervous] let me see... It's [CARD]... [CARD]... [CARD]... [CARD]. Okay, um, [nervous] let me see. It's [CARD].
Caller: Uh-huh.
Agent: [CARD]. [pause]
Caller: Next four.
Agent: [CARD]. [pause]
Caller: Who's those guys making up a credit card
Caller: [CARD]. And the last four, please?
Agent: And [CARD]. [worried] [CARD]. [worried] Are you sure it's incorrect?
Caller: I have that. Yes. And the expiration one more time?
Agent: One zero two eight. [calm]
Caller: Security is seven seven four?
Caller: Give me one second.
Agent: Yes. [calm] Okay. [calm]
Caller: Yep. That's the number that I have here. It did come up the first time as being invalid. So let me try it one more time. And then if that doesn't work, I'll walk over to my billing department, see if anything. Yeah. It's coming up as a credit card number as being invalid. Do you have another card you wanna use? Or you said that's the only card you have?
Agent: This is my only card, my friend. [worried] It does not work?
Caller: Is it active?
Caller: I understand. Is the card active? Because we've read the number back. I read it to you. You read it to me. It's showing we have the numbers. Correct, the expiration's correct, the security code. Billing address for that card is the one on [ADDRESS]?
Agent: Yes, it's active. [nervous] It should be working. Yes, yes, it's active. [nervous] I just used it yesterday for groceries.
Caller: Yeah. Nope. Alright. We'll try this. Uh, you read it to me. I read it to you. I'll try it one more time.
Caller: I'll read the digits real slow right back to you. Make sure you're looking at that card. Okay, sir?
Caller: Let me know if any of the digits are incorrect.
Caller: Let me know when you're ready.
Agent: Okay. [calm] Okay. [calm] Okay. [calm] Okay, I'm ready. [calm]
Caller: Alright. [CARD] as the first four digits. Yes?
Agent: Yes. [calm]
Caller: Next four digits, [CARD].
Agent: Yes. [calm]
Caller: Correct?
Agent: Yes. [calm]
Caller: Next four digits, [CARD]
Caller: [CARD]. Correct?
Agent: Yes. [calm]
Caller: Last four digits, [CARD]. Correct?
Agent: Yes, that's correct. [calm]
Caller: Expiration, one zero slash two eight.
Agent: Yes. [calm]
Caller: Security code, seven seven four.
Agent: Yes. [calm]
Caller: On a brief hold. Let me make sure there's nothing going on on our end.
Caller: While I check that out. Do me a favor, sir, while you're on hold?
Caller: To make sure that you have that number correctly, do you have a debit card?
Caller: By any chance, it doesn't have to be credit. It could be debit also.
Agent: Okay. [calm] Okay. [calm] Um, [nervous] I have a debit card, but it's from my bank account, and I'd prefer not to use that one. No, I only have this one. [worried] It's my debit card, actually.
Caller: Okay.
Caller: Alrighty. And it is. Alright. And you said you just used it for groceries. Right?
Agent: It's my [ORG] debit. [calm] Yes, yesterday. [calm]
Caller: No issues?
Caller: Okay. Put you on a brief hold. Let me see if we could figure out what's going on here. Sit tight.
Agent: No issues at all. [calm] Okay. [calm]
Caller: Alright. I'm here.
Agent: Hello? [curious]
Caller: Yes.
Caller: Can you kindly read that back to me? I know you read it to me twice. Just one last time. Maybe there's a digit that's coming up wrong that you're seeing wrong. Is the card you're reading it from the physical card?
Caller: Maybe the numbers have rubbed a little bit and you're getting one of the numbers incorrect perhaps?
Agent: Oh, okay. [calm] Yes, it's the physical card. [nervous] Okay, um, it's [CARD]. No, no, I'm looking at the card. [worried] Um, it's very clear. I can read it again slowly for you. It's [CARD]...
Caller: Okay. So read up read up read it back. What remind me. What bank is that with?
Agent: It's [ORG]. [calm]
Caller: Perfect. Okay. Now read that back to me slowly, kindly.
Caller: Four digits at a time. Start from the top. Okay?
Agent: Okay. It's [CARD]. [pause]
Caller: Go ahead.
Agent: [CARD]. [pause]
Caller: Uh-huh.
Caller: Uh-huh. [CARD]. Correct?
Agent: Yes. [calm]
Caller: Okay. Next four.
Agent: [CARD]. [pause]
Caller: [CARD]. Last four, please.
Agent: [CARD]. [worried] That's what I have.
Caller: [CARD]. Okay. Expiration one zero of twenty eight. Correct?
Agent: Yes. [calm]
Caller: Security code is seven seven four.
Agent: Yes. [calm]
Caller: Seven seven four. That's the CVV code on the back, the three digit CID.
Agent: Yes. [calm]
Caller: Okay. And the billing address for that card is [ADDRESS]
Caller: [ADDRESS], Dearborn [ZIP].
Agent: Yes, it's the same. [calm] Yes, that's correct. [calm]
Caller: Try on put you on a brief hold. We'll try this one more time.
Agent: Okay. [calm]
Caller: Alright. [NAME]?
Agent: Hello? [curious]
Caller: Yep. Still getting a decline there and coming up as invalid card number. So let me ask you a question. I know you're reading it off of the physical card.
Caller: Do you happen to have that card in a mobile wallet by chance?
Agent: Yes. [nervous] No, I don't use the mobile wallet. [calm]
Caller: Perhaps one of the digits are slightly ineligible.
Agent: No, it's very clear. [worried] I can see it. What do you think is the problem?
Caller: Okay. Well, without any other card and after repeating this card up, you know, to each other a couple of times, um, we kind of had options here.
Agent: I don't understand. [worried] It's my only card, and it should be working.
Caller: I'm gonna reach out to my billing department. Not sure they'll be able to tell me anything different. Yeah. Me neither.
Agent: So what, what do we do, my friend? [worried]
Caller: And you said this is the absolute only card you have. No other card whatsoever.
Agent: Yes, this is my only card. [nervous] I, I don't have another one.
Caller: Yep.
Agent: Is there, um, [worried] is there another way to do it?
Caller: So here's what I'm gonna suggest you do now.
Caller: Okay? I'm in the process of just being sure that everything was sent to you. You received a link.
Caller: Okay, via text and email. Do me a favor.
Caller: Click that link.
Agent: Okay. [calm] I received the email. [calm] Yes. [calm] Okay. [calm]
Caller: I'm gonna resend it to you now.
Agent: Okay. [calm]
Caller: Click that link. Gonna say buy now, secure your way. Click that.
Agent: Okay. [calm]
Caller: Should bring you over to a payment portal.
Agent: Okay. [calm]
Caller: So here's what I'm gonna have you do. Being that we've already begun the process of getting you set up here. Um, you can no longer go through that
Caller: portal to make the payment. I'm gonna give you some login information. Okay?
Agent: Okay. [calm] Okay. [calm]
Caller: Where you'll be able to access your policy via our portal. Okay?
Agent: Okay. [calm]
Caller: Alrighty. Let me know when you're at that screen. You should be able click a button. It's gonna take you to a login screen. Do you see that?
Agent: Uh, yes, I see it now. [calm]
Caller: Okay. Now it should ask you for your username is gonna be the email
Agent: Okay. [calm]
Caller: you gave me, the [EMAIL].
Agent: Okay. [calm]
Caller: Know when you're ready for the password. I'll give that to you as well.
Agent: Okay, I'm ready for the password. [calm]
Caller: K. The password's gonna seven two five seven seven zero four.
Agent: Okay. [calm]
Caller: And now you should be able to go into our billing terminal where you'll be able to enter in the card information yourself.
Agent: Okay. [calm]
Caller: Let me know when you see that amount you're there.
Agent: Okay, I'm logging in now. [calm]
Caller: You should be able to enter in the card information yourself.
Agent: Yes, I see it. [calm] I see the amount, eighteen eighty-seven.
Caller: Let me know when you have that card
Caller: information entered, and I'll check on my end to be sure that
Agent: Okay, I'm trying it now. [calm] Okay. [calm]
Caller: That should be telling me. I mean, were you able to enter that yet?
Agent: Yes, I'm just entering it now. [calm]
Caller: Yes. Now okay. Perfect. Let me know when it's complete, and I'll just be double check everything on my end.
Agent: Okay. [calm]
Caller: Say again?
Agent: I'm finished. [calm]
Caller: Okay, mister [NAME]?
Agent: Yes? [curious]
Caller: Mister [NAME]? Yes. I'm actually just sorry?
Agent: No, I said yes. [calm]
Caller: Just spoke with my family department, and what I was advised is that that card number is definitely showing up on our par portal. As an incorrect number. I know you don't have any other cards, So maybe you want to call [ORG]. I know you said you just use it for groceries.
Caller: And it worked.
Caller: Doesn't make sense to me. Perhaps you didn't use it with the card number It was probably a swipe or a chip read. So maybe that looks explain it. Maybe the card was never used with the digits that you're using it now.
Caller: So what I would recommend is calling [ORG]. K? Make sure you have that number
Caller: Speak with them. Tell them you're trying to do a remote transaction, and that it's coming up as a number invalid, but that you know that you just use this specific card for groceries.
Caller: So what I'm assuming is you've never used it for a remote transaction like this.
Caller: That's the only thing I could imagine.
Agent: But I just entered it on your portal. [worried] It said it's finished. Yes, I did. [worried] I don't understand why it's not working now. Oh, [confused] I don't know. Okay. [worried] So what happens now, my friend? Okay. [worried] So I should call them now? Okay, I understand. [worried] So, so it's not working then? Okay. Um, [worried] so what happens now, my friend? I mean, I want to get this done today.
Caller: Wanna get yep. Without any other card, I can't we can't accept anything other than any major, uh, major credit or debit.
Agent: Okay. [nervous] So you need me to call the bank now?
Caller: Being this is your only card in the form of a [ORG] debit card. The only thing we can do from here to be able to get this payment situated is to figure out why that's coming up as invalid when we're certain
Caller: that the number you're giving me is the one that's appearing on the card.
Agent: Okay. So I need to call the bank. [worried] And then what?
Caller: So the only alternative would be just to call [ORG] Make sure you're reading this exact number as you entered it and read it to me.
Caller: Tell them you just used your card for the groceries and the amount, and ask them why this particular charge is declining. It could be because it's a larger charge. It isn't the amount of thousand eight hundred eighty seven dollars. So perhaps it's being blocked for that reason. I rarely would get the, uh, credit card number invalid um, as an error. So what I would suggest is calling [ORG] with this card information present
Caller: and then call me back. I'm gonna give you my direct number. Okay?
Agent: Okay. [worried] Um, can I call them right now? [curious] And then call you back? Okay. [nervous] And, um, will I still get this same offer if I call back later?
Caller: It's eight zero one Yeah. Everything will stay the same. I'm not gonna change anything. You'll still get the seven years one fifty at that one price of eighteen eighty seven. We've been on the phone for quite some time. I would not, um, allow this just to fizzle and and and disappear on you. Just call bank and speak with them, see what they say. Call me right back.
Caller: Gonna leave this window open so that we can get this re corrected. Okay?
Agent: Okay. [calm] So I call [ORG], and then I call you back on your direct number. [calm] Okay. [worried] So I call [ORG], and then I call you back. [calm] And my quote, it's still good.
Caller: Call [ORG] and then call me back.
Caller: Everything is still good. I'm not losing any you're not losing anything. Everything is still good, keeping everything ready and open for you. Okay?
Caller: Just need to resolve the payment issue.
Agent: Okay. [calm] Okay. [grateful] Thank you, my friend. I will call them now. Okay. [calm] Thank you, my friend.
Caller: Okay?
Agent: Thank you. Bye.
Caller: Alright, mister [NAME]. I'll talk to you shortly. Let me give you my direct number to call It's in the correspondence. Let me give it to you anyway. Okay? I think I gave it to you already, but just be safe.
Agent: Okay. [calm]
Caller: Let me know when you're ready. Is it [PHONE].
Agent: Okay. [calm]
Caller: In fact, I'd be willing to even go one further with you if you wanna conference him into this call. I'll stay on the phone.
Caller: Tell them that you have the merchant on the phone, and we're confused as to why it's coming up as invalid. Of course, the number is correct. You wanna conference them in now. Give me their number. I'll dial it for you, initiate the call.
Agent: Oh, [surprised] you can do that? Oh, [surprised] you can do that? Okay, um, [nervous] let me see.
Caller: Up to you.
Agent: That's very kind of you. [grateful] Um, I think I will just call them myself. [calm] I need to speak with my wife first, you know, before doing all this.
Caller: Yeah. If you wanna conference them in, I'll stay on the Yeah. Conference them in. I'll stay on the phone. You can let them know you have the merchants on the phone.
Caller: And we're confused as to why the number's coming up as invalid.
Agent: Okay. [calm] Um, I'm just looking for the number now. [worried] One moment. Okay. Um, [uncertain] let me see if I can find their number. One moment.
Caller: Sure. Take your take your time. No rush.
Agent: Okay. [calm]
Caller: You still there, [NAME]?
Agent: Yes, I'm here. [calm] I'm just looking for the number.
Caller: Looking for the number still? Okay. Standing by. I could probably find that for you.
Caller: Give me one second.
Agent: Okay. [calm] Okay. [calm]
Caller: Hang on. I'll get you the toll free number for there. What is it today? O three There. You know what? Hope I have to do not have my card on me today. I'm with [ORG]. Hold on.
Agent: Okay. [calm]
Caller: Toll free number for [ORG].
Caller: Card holders. You ready?
Agent: Okay. [calm] Yes. [calm]
Caller: [PHONE] It's not on the back of your card. [PHONE]. You said you had the physical card in hand. Right?
Agent: Yes, I have it. [calm]
Caller: So on the back of your card, is it safe for [ORG] call this phone the following phone number?
Agent: Uh, yes. [calm] I see a number here.
Caller: Yeah.
Caller: You can wanna call that number. Let's call that number.
Agent: It's, um, [PHONE]. [calm] Okay. [calm]
Caller: Thanks. I'm gonna conference that number in now.
Agent: Okay. [calm]
Caller: This call may be recorded.
Caller: To approve a quote have them here. I'll enter in your information. Okay?
Caller: I didn't understand.
Caller: To apply for a new credit card, press one.
Caller: For application status, press two.
Caller: Or for service on your existing account, press three.
Agent: Hello? [curious] Okay. [calm] Hello? [curious] Okay. [calm] Okay. [calm] Okay, press three. [calm]
Caller: Uh-huh. I didn't understand.
Caller: To transfer an I Thank you for calling. Goodbye.
Agent: Press three for existing account. [calm] Oh. [surprised] It hung up.
Caller: Oh, yeah. Yeah. Okay. Give me one second, sir. I'll end this one more time.
Agent: Okay. [calm]
Caller: Hang on. You know what I'm gonna do, sir? I'll initiate that call. I'll enter information for you. When I have somebody on the line, I'll come back to you. Sit tight. Okay?
Agent: Okay. [calm] Thank you.
Caller: Don't hang up.
Agent: Okay. [calm]
Caller: Yeah. Standby.
Agent: [long pause]
Caller: Hang on.
Agent: Hello? [curious]
Caller: Yeah. So exactly what I'm gonna do is I'm gonna go I wanna save the call.
Caller: I wanted the information into their, um, portal. And as soon as that's complete, I'll patch you in. Okay? Sit tight.
Agent: Okay. [calm] Okay. [calm]
Caller: Account number.
Agent: [long pause]
Caller: [ACCOUNT]
Agent: Hello? [curious]
Caller: [ACCOUNT]
Caller: [ACCOUNT]
Agent: Hello? [curious] Hello? [curious]
Caller: I didn't understand. Say or enter your account number or the nine digit [SSN].
Caller: If you need time, say or press one.
Caller: [ACCOUNT]
Caller: [ACCOUNT]
Agent: [nervous] Um, hello? [long pause] Hello? [curious] Hello? [curious] Are you there, my friend?
Caller: Please hold while I connect you. Your call may be monitored for quality assurance.
Caller: So what's gonna happen now, [NAME]? Purposes. Recorded or monitored. For your security, we are unable to complete your request until you are able to provide required information. You can also access your account or speak with an associate quickly by using the [ORG] mobile app. If you would like to continue, your call will be routed to our security and fraud prevention team to verify your account.
Caller: ,However, there is currently an extended wait time for an associate.
Agent: [long pause] Okay. [calm] Oh, okay. [worried]
Caller: K. We can hold. If ...[TRUNCATED FOR EXCEL - see scamai_full_1000.csv for complete text]",1,0.5354,1
scamcall_00003,scam,scamai_honeypot,scam,False,high,references_prior_action,scammer_punted,,,1227,6377,14171,"Agent: Hello?
Caller: I'm calling for miss [NAME], please.
Agent: Um, yeah, [uncertain] this is [NAME].
Caller: Miss [NAME]?
Agent: Yeah, [uncertain] that's me.
Caller: Hi, miss [NAME]. Good afternoon. Uh, this is [NAME] with [ORG] on a recorded line. And so, miss [NAME], I'm following up
Caller: on your request regarding, uh, [ORG] plans.
Caller: Um, I was calling to correct connect you with someone in that direct department, a licensed sales agent.
Agent: Okay. Oh, [curious] okay. Um, [ORG] plans, right? Oh, [confused] um, [ORG]?
Caller: They can, uh, review your available coverage options, miss [NAME]?
Agent: Oh, [nervous] um, [ORG] plans, right. Yeah. Um, [uncertain] I think I was looking into that... a while ago? What was it about again?
Caller: Um, so, miss [NAME], I'm gonna get you connected to someone in that, uh, direct department, uh, who could, uh, further go into details about those [ORG] plans and review your available coverage
Caller: options. That'll just be a different department.
Caller: Um, before I transfer you, do you have your [ORG] card available?
Agent: Okay, um, [curious] so what do I need to do? Oh, [uncertain] my [ORG] card? Um, I don't think I have that right in front of me. [nervous] Do I... do I need it?
Caller: Um, no. If you don't have it, it's not a requirement, but it does help with quoting process. So if you don't have it, it's okay. I'll still be able to, uh, get you over to someone who could further assist you. Um, miss [NAME], can you please confirm your
Caller: birth date for me for security purposes?
Agent: Oh, yeah, [nervous] um, it's [DOB].
Caller: Okay. And I have your ZIP code out of Minneapolis, Minnesota [ZIP].
Agent: Yeah, [uncertain] that's right.
Caller: Okay. And, miss [NAME], thank you for the information. Please stay on the line. While I place an inbound call to a [ORG] licensed insurance agent. Miss [NAME], you'll hear some hold music followed by a brief recording.
Caller: But please do me the favor of staying on the line until you reach them so they can help you.
Caller: And I'm gonna transfer you now. Please hold, miss [NAME].
Agent: Okay, [nervous] um, how long will that take? Okay, [nervous] um, so I'm just waiting for them to pick up, right?
Caller: Thank you for contacting [ORG]. You are now being connected with a licensed sales agent in Minnesota. To receive [ORG] plan information on a recorded line. Please note, we do not offer every plan available in your area. Currently, we represent three organizations with twenty products in your area. Please contact [ORG], [PHONE],
Caller: or your local state health insurance program to get information on all of your options.
Agent: [long pause] Hello? [uncertain] Is anyone there?
Caller: Hi.
Caller: Hi. Yes. I'm here. Uh, give me one moment.
Agent: Oh, hi. [nervous] Um, I was just transferred to you, I think. Oh, [nervous] okay.
Caller: I'm trying to pull up your account.
Agent: Okay. [uncertain] Um, no problem.
Caller: Just a brief moment.
Agent: Okay. [nervous] Thanks.
Caller: Okay. I have it.
Caller: Um, really quickly, my name is [NAME]. I am a licensed sales agent in
Caller: state of Minnesota on a recorded line. And may I have your first and last name?
Agent: Okay. [uncertain] So, um, what were you saying about, like, the [ORG] plans? Oh, um, [nervous] yeah, it's [NAME].
Caller: Okay, miss [NAME]. Your date of birth?
Agent: Um, [DOB].
Caller: And your ZIP code.
Agent: It's [ZIP]. [nervous] Um, is that all you needed?
Caller: Okay.
Agent: I mean, [nervous] like, what's this about exactly?
Caller: Well, I need to know what county you're in.
Agent: Oh, um, [uncertain] Hennepin, I think?
Caller: Okay. So And how may I help you, miss [NAME]?
Agent: Well, [nervous] um, I guess I was calling about, um, [ORG] plans. [uncertain] I think I filled out something online, and then I got transferred to you?
Caller: Mhmm.
Agent: So, [nervous] um, I guess I just want to know, like, what that's about.
Caller: Okay. Yes. I help with [ORG].
Caller: Um, but just to confirm, you're twenty two years old?
Agent: Yeah, [uncertain] that's right.
Caller: Okay. And do you do you have [ORG] insurance?
Agent: Um, [uncertain] I think so? [nervous] I mean, I thought that's what this was for.
Caller: [ORG] already?
Agent: Oh, [nervous] um, I don't think so. [uncertain] I mean, I thought I was signing up for it?
Caller: Okay.
Agent: So, [nervous] um, is that not what this is?
Caller: It's okay. Um, are are you receiving [ORG] benefits?
Agent: Um, no, [nervous] I'm not.
Caller: Okay. So that means I have to transfer you to a different department. I only deal with people who have a
Caller: existing [ORG] already. And, um, so just give me one moment. Okay?
Agent: Oh, [worried] okay. Oh, [nervous] okay. Um, so you can't help me? [uncertain] I have to like, get transferred again?
Caller: Yes. Correct.
Caller: So my colleague will be driving the line shortly. I'll stay on the line with you until they pick up.
Agent: [sighing] Okay. [nervous] Um, Okay. [sighing] Thanks. [nervous] Um, so I just wait then?
Caller: Yes. Just hold for a moment.
Caller: Here they go.
Caller: Good afternoon. Thank you for contacting [ORG]
Caller: [ORG]. This is [NAME] on a recorded line. Who do I have the pleasure of speaking with?
Agent: Okay. [nervous] Okay. [nervous] Oh, hi. Um, [nervous] it's [NAME].
Caller: Good afternoon, [NAME]. How are you doing today?
Agent: I'm okay. [nervous] Um, just trying to figure this out.
Caller: Wonderful again.
Caller: This is [NAME]. Hello. I totally understand.
Caller: [NAME]. Again, this is [NAME] on a recorded line. And thank you so much for taking the time to
Caller: speak with me today. So whenever my coworker connect you to me, [NAME], I will be able to assist you with some additional benefits through [ORG].
Agent: It's like, [nervous] I've been transferred a few times now. Okay. [nervous] Um, so, like, what's going on now? Okay. [nervous] Okay. [nervous] Um, so what kind of benefits are we talking about?
Caller: How does that sound?
Agent: Okay, [nervous] yeah, that sounds good.
Caller: Awesome. So as your health
Caller: as your health care advocate, my job is to introduce
Caller: to your [ORG] membership. This is offered to you by [ORG]
Caller: [ORG] at no additional cost.
Caller: And [ORG] is a service that connects you to education,
Caller: resources, and services that can help you live healthier.
Agent: Sounds good. Okay. [nervous] Oh, [curious] okay. So it's, like, free? Okay. [nervous] Um, so, [uncertain] what kind of like, benefits are these?
Caller: Additionally, as part of your membership,
Agent: Oh, sorry. [nervous] Go ahead.
Caller: Go ahead. I'm listening to you, dear. No. Go ahead.
Agent: Oh, [nervous] um, I was just gonna ask, like, what kind of benefits, [uncertain] you know, are we talking about?
Caller: So there is a lot of different benefits. Let me just go through the pro and I have to see what you qualify for. So once we obtain you in this [ORG] membership, I'll ask you some health
Caller: risk assessment questions, and then I'll tell you what benefits you're entitled to. Okay?
Agent: Okay. [nervous] Um, so I guess, [uncertain] what do I need to do?
Caller: Alright. Perfect.
Agent: Sorry. [nervous]
Caller: I'm I'm through writing you through the process. Okay? No worries. You are totally fine. So additionally, as part of your membership, we offer
Agent: Okay. [nervous]
Caller: a free [ORG] health plan monitoring service.
Caller: Doctors, medications, and health services are constantly changing.
Caller: And this will help you to ensure your current plan is still the right
Caller: fit for your health care needs.
Caller: Now this is not part of your [ORG], and you are not obligated to
Caller: take action on the recommendations that we make. Does that make sense?
Agent: Mhm. Okay. [uncertain] So it just helps me keep track of stuff? Okay. Okay. [uncertain] Yeah, I think so. [nervous] Um, so, like, you just tell me if my plan is still good, right?
Caller: And do I have
Agent: my plan is good?
Caller: I don't know yet. I haven't had started the process. I'm working on the process.
Caller: Okay, ma'am? Now do I have your permission to continue to discuss services offered by health
Caller: [ORG]?
Agent: Oh, [nervous] okay. Sorry. Oh, [nervous] okay. Yeah, sorry. Yeah, [nervous] um, I guess so.
Caller: Okay. So to get started, I need to go through a brief
Agent: Okay.
Caller: member service agreement with you so that you can become a member of a [ORG]. Please say yes or no after the sixty
Caller: second disclosure, and then we'll move forward. There you go.
Caller: I need your verbal agreement that you're joining [ORG]. And offering a [ORG], and that you agree to transfer your [ORG] data
Caller: to [ORG]. Your [ORG] membership is governed by our member services agreement.
Caller: And we comply with all applicable privacy and data security laws. The health needs data you share with me today and in the future will be used to help [ORG] provide education and coordination of services available through us or our partners in the general marketplace and may be shared with your insurance provider to support your care needs.
Caller: In addition, you may receive marketing about health related products and services via email, text, and at the number you are call
Agent: Okay. Okay. [nervous] Okay. Okay. [nervous] Yeah. Okay. [uncertain] Um, yes. Okay. [nervous] Um, so, [uncertain] do I just say yes?
Caller: calling from with information about eligible services or plan updates. We will send you a more in-depth services agreement, or you can find it online at
Caller: [ORG]. If you need to cancel, you can call us at [PHONE]
Caller: [PHONE]. By becoming a member of [ORG], you are agreeing to receive
Caller: free education and marketing materials about health care products that may fit your needs.
Caller: If you agree to becoming a [ORG] member, please say yes.
Agent: Okay. Okay. Okay. Okay. [nervous] Um, so, like, [uncertain] do I just say yes to that? Okay. [nervous] Um, yes.
Caller: Thank you so much. I would like to officially welcome you to [ORG]
Caller: [ORG]. And the first thing we'll do is set up your health profile. Okay?
Agent: Okay. Okay. [nervous] Um, so, [uncertain] what do you need from me for that?
Caller: One moment.
Agent: from me now? [nervous]
Caller: I'm sorry?
Agent: Oh, [nervous] um, I was just asking, [uncertain] what do you need from me to set it up?
Caller: Just bear with me for a moment. I'm working on everything.
Agent: Okay. [nervous] Sorry.
Caller: So I have a first name as [NAME], which is e m m a, last name [NAME], f o s t e r.
Caller: Gender, female.
Caller: Date of birth is [DOB]
Caller: [DOB].
Caller: Have your email address as [EMAIL]
Caller: [EMAIL]. Is that correct?
Agent: Mhm. Mhm. Yes. Yes. [nervous] That's all right. Oh, [uncertain] um, wait. [nervous] My email is actually, um, [EMAIL]. Sorry. Oh, um, [uncertain] no, that's not my email. [nervous] My email is, um, [EMAIL].
Caller: Okay. So [EMAIL]
Agent: [EMAIL]. [nervous] Yeah.
Caller: [EMAIL]?
Caller: Thank you so much. I'm sorry. Okay.
Agent: Yeah. [nervous] Oh, [nervous] no, you're good.
Caller: Alright. Now can I please get your residential address?
Agent: Um, yeah, it's [ADDRESS].
Caller: Three three one
Caller: [ADDRESS]
Caller: southwest Southeast,
Agent: [ADDRESS]. [nervous] Yeah. [nervous] [ADDRESS]. [ADDRESS]. [nervous] Yeah.
Caller: Okay. And what is the apartment number you saved there?
Agent: It's [ADDRESS]. [nervous]
Caller: Okay. And what's the ZIP code over there?
Agent: It's [ZIP]. [nervous]
Caller: Thank you so much. So I got your address as [ADDRESS],
Caller: [ADDRESS] [ZIP].
Caller: No? Or is it [ZIP]. Correct?
Agent: Yeah. [nervous] Oh, [nervous] it's [ZIP]. Yeah, [nervous] [ZIP]. [uncertain] You said [ZIP]?
Caller: Yeah. Because, uh, no. It's picking up as a different address.
Agent: Oh, [nervous] um, no. [uncertain] It's one four.
Caller: Though. But is it in Minneapolis?
Agent: Yeah, [nervous] it's in Minneapolis.
Caller: Okay. Okay. Let's see. So I guess just the ZIP code is popping up wrong.
Caller: So I'll manually put it in. Okay? One second.
Agent: Yeah, [nervous] I guess so. Okay. [nervous]
Caller: Sorry. Give me just a moment.
Agent: Okay. [nervous] No problem.
Caller: And is the mailing address same as your residential address?
Agent: Um, yeah, [nervous] it is.
Caller: Okay.
Agent: [nervous] So, [uncertain] what's next?
Caller: Alright. Thank you. So I got your address as [ADDRESS] [ZIP]
Caller: four. Correct?
Agent: Yeah, [nervous] that's right. Yeah, [nervous] that's right.
Caller: Okay. Okay. Alright. I have your cell phone number as
Caller: as [PHONE]. Is that correct?
Agent: Oh, [nervous] um, [uncertain] what number do you have? Um, [uncertain] no, that's not my number. [nervous] My number is [PHONE].
Caller: Okay. Can you repeat it one more time? [PHONE]
Agent: [PHONE].
Caller: Okay. So that's [PHONE]
Caller: [PHONE]. And is that your home or your cell phone, dear?
Agent: [PHONE]. [nervous] Yeah. That's my cell phone. [nervous]
Caller: Okay. So the [PHONE] the number you're calling me from,
Caller: that's not your number. Is that correct?
Agent: Oh, [nervous] um, that's my friend's phone. [uncertain] I'm borrowing it right now. No, [nervous] that's not my number. [uncertain] I don't know why that's showing up.
Caller: Okay. Okay. No worries.
Caller: I'm sorry about that. So whenever I collect a phone number, I have to play a recording for compliance purposes. At the end, please say yes or no. That is for us to
Agent: Yeah. [nervous] Okay.
Caller: stay in contact. There you go. We need your permission to use the cell phone and residential phone numbers you give me today To call, text, or leave you a prerecorded message about any of our product or services anytime from and after your inquiry to [ORG], for purposes of all federal and state telemarketing and do not call laws. Your permission includes our use of an automated dialing system to initiate our calls and creates a continuing established business relationship. If you give me that permission, you are giving [ORG] [ORG] its insurance agency affiliates, its service provider affiliates, which transact business under names of brands different than [ORG], an electronic voice signature that is the same as giving us your written consent.
Caller: Your consent is not required to receive information or buy our products or services.
Caller: Please say yes if you agree to give [ORG] your prior express written consent.
Agent: Okay. [nervous] Um, yes. Um, [nervous] yes.
Caller: Thank you so much. Now currently, do you have [ORG], and do you have [ORG] as
Agent: Um, [nervous] no, I don't think I have either of those.
Caller: well or just [ORG] or just [ORG]?
Agent: [nervous] Um, I don't have [ORG]. [uncertain] And I don't have [ORG] either.
Caller: Okay. So what health insurance do you currently have?
Agent: Um, [nervous] I have [ORG].
Caller: Okay.
Caller: Is that through marketplace or is that through your work?
Agent: It's through, [nervous] um, my school. That's through my work. [nervous] Yeah.
Caller: Okay. Sounds good. Now are you currently
Caller: taking five or more medications here?
Agent: [nervous] Um, so, [uncertain] what's this for then? Um, [nervous] no. [uncertain] Just one, actually.
Caller: And do you have two or more medical conditions?
Caller: You currently take medications for?
Agent: Um, [nervous] no. [uncertain] Just one. Um, [nervous] no. [uncertain] Just one.
Caller: Alright. Let's see.
Agent: So, [nervous] um, what does that mean?
Caller: Do you currently live in an existing living
Caller: facility or a nursing home or a hospice?
Agent: No. [nervous] Um, I live in an apartment.
Caller: And do you know if your okay. Now do you know that your [ORG]
Agent: [nervous] Mhm.
Caller: Care plan, if that's HMO or PPO?
Agent: Um, [uncertain] I think it's a PPO. [nervous] I'm pretty sure.
Caller: Okay. Alright. No worries. And as understand. Let's see. Now can you do a video call or a FaceTime from your cell phone if you are
Agent: Oh, yeah. [nervous] Um, I can.
Caller: talk to the, uh, telehealth doctor?
Agent: Um, [uncertain] yeah. [nervous] I can do that.
Caller: And you currently have diabetes?
Agent: Um, no. [nervous]
Caller: In the event something happens to you, do you have policy to cover your funeral expense?
Agent: Um, no. [nervous] I don't think so. [uncertain] I don't have that.
Caller: Okay. Okay. No worries. I totally understand. We'll see how I can assist
Caller: you. Okay? Now do you have an active bank account, debit card, or credit card?
Agent: Okay. Um, yeah, [nervous] I have a debit card.
Caller: Are you Okay. That sounds good. Now are you in a need of a dish
Agent: So, [nervous] um, what do you need?
Caller: additional dental insurance, affordable vision, or hearing care?
Agent: Um, [nervous] yeah, I think so. [uncertain] I mean, my dental plan isn't very good right now.
Caller: Oh, okay. Well, let's see what we can find out for you. Okay?
Agent: Okay. [nervous]
Caller: Bear with me, [NAME]. Just bear with me for a moment. Okay, dear? And all you have is one medication?
Agent: Yeah, [nervous] just one. [uncertain] Um, for allergies.
Caller: Okay. No worries.
Caller: Well, I hope it I hope it stays that way.
Agent: allergies. [nervous] [nervous] Yeah, me too.
Caller: Let's see.
Caller: So I wonder you're with [ORG].
Caller: Let me just who is your cell phone provider, dear?
Agent: [nervous] So, [uncertain] what now? Um, [uncertain] [ORG]. [nervous]
Caller: That sounds good.
Caller: That is just for us. So whenever we send you the
Caller: text messages or something, we wanna make sure.
Agent: [nervous] So, [uncertain] what now? Okay.
Caller: Alright. Let's see.
Agent: So, [nervous] um, [uncertain] what else do you need from me?
Caller: I'm still going through this question.
Caller: Share. Okay? So bear with me just for a moment.
Agent: Okay. [nervous] Sorry.
Caller: No. You're totally fine.
Agent: [sighing]
Caller: I'm just going to verify and check on some things for you.
Agent: Okay. [nervous]
Caller: Alright. So great news. As part of your [ORG] membership, you also have access to a new [ORG] Discount Rx card.
Caller: And that is a pre prescription discount card that can help you save money off a pharmacist's retail price on eligible prescriptions at thousands of pharmacy in
Agent: Oh, [hopeful] okay. Oh, [hopeful] that's great.
Caller: Right? You will receive a copy of your card via email or text
Caller: with all of the Rx card information and how to use it, so be on the lookout for that.
Caller: As a reminder, I have enrolled you in those services through [ORG]
Caller: today. I'm so excited that you're a member of [ORG].
Caller: We offer you so many services outside of your [ORG] plan. A [ORG] advocate or virtual assistance will reach out to you
Caller: via email, text, or a phone call to conduct reoccurring health check ins
Caller: and offer resources and services available to you through your membership.
Caller: Now if you need to reach us in future, you can call us at [PHONE]
Caller: [PHONE]. Do you wanna write down this number, dear?
Agent: Okay. [hopeful] Um, so it'll just, like, automatically come to me? Okay. Okay. [nervous] Okay. [nervous] Um, so, [uncertain] what do I need to do now? Um, [nervous] yeah, I can write it down. [uncertain] What's the number?
Caller: That is [PHONE]
Agent: [PHONE]. [nervous] Okay.
Caller: [PHONE] Mhmm.
Agent: [PHONE]. [nervous]
Caller: Mhmm.
Caller: [PHONE].
Agent: Okay. [nervous] [PHONE]. [nervous] Okay. Got it.
Caller: Correct. And and make sure to check your email and text messages for updates from health
Agent: Okay. [nervous]
Caller: [ORG]. You may also receive a survey later today about your
Caller: experience with us. Now as you mentioned earlier that you not have anything for your funeral expense, and I know it's never fun to talk about, but it's
Caller: absolutely needed. No matter your age or health, to cover any expenses if something happens to you so your loved ones don't have to.
Agent: Okay. [nervous] Yeah. Oh, [nervous] yeah, that's true. [uncertain] I hadn't really thought about that.
Caller: Can I connect you with one of my licensed sales agent
Caller: and see what's available for you in your area?
Agent: thought about that. Um, [uncertain] yeah, I guess so. [nervous] I mean, I don't really know anything about that, so...
Caller: Okay.
Caller: Okay. So my licensed sales agent will be able to assist you and tell you what it
Caller: is. Okay? Bear with me one moment.
Agent: Yeah. [nervous] Okay. [nervous] Okay. [nervous]
Caller: Thank you so much, dear.
Caller: And I'll be able to introduce you as well.
Agent: [sighing] Okay. [nervous] So, um, [uncertain] am I waiting for someone else now? Okay. [nervous]
Caller: Thank you.
Agent: Okay. [nervous] Um, so I just wait again?
Caller: Sure. Yes, ma'am.
Agent: Okay. [nervous]
Caller: Thank you.
Agent: [long pause] Hello? [uncertain] Is anyone there?
Caller: I'm still
Caller: I'm still here, [NAME].
Caller: I'm just waiting for someone to answer. Okay? There we go. Thank you for calling [ORG]. This is [NAME] on
Caller: recorded line. How are you today? Doing good, [NAME]. This
Caller: is [NAME] with [ORG], and we have miss [NAME].
Caller: Her date of birth is [DOB].
Caller: And her ZIP code is [ZIP].
Agent: Oh, okay. [nervous] Sorry. Oh. Oh, [nervous] hi. Hi. [nervous] Okay. [nervous]
Caller: Could you repeat the, uh, ZIP code for me?
Caller: Sure. It's [ZIP]. Thank you very much. And just looking into [ORG]
Caller: expense, and you both have a great morning great afternoon. Thank
Caller: thank you so much. Mhmm. Thanks, [NAME].
Caller: Hi. Hi, miss [NAME]. How are you?
Agent: Oh, um, [nervous] it's [ZIP]. Okay. Oh, [nervous] um, thanks. I'm okay. [nervous] Um, so, [uncertain] you can help me with the, um, funeral expense stuff?
Caller: Yes. So the, um, my name is [NAME]. What I have to do really quickly, um, before we do anything, I just have to confirm information, make
Caller: sure things are correct. So first name is [NAME]. Do you spell it e m a?
Agent: Okay. [nervous] Um, no. [nervous] It's e m m a.
Caller: How do you
Agent: Sorry. [nervous]
Caller: what is it?
Agent: E m m a. [nervous]
Caller: Yep.
Agent: Okay. [nervous]
Caller: Your is it is it two is it EMA or
Agent: It's two Ms. [nervous] Yeah.
Caller: because I'm having trouble understanding you.
Agent: Oh, [nervous] sorry. Um, it's e m m a. [uncertain] Like, two m's?
Caller: Two m's?
Agent: Yeah. [nervous] Two m's.
Caller: Okay. Alright. Thank you, miss [NAME].
Caller: And then [NAME], f o s t e r?
Agent: Yeah. [nervous] That's right.
Caller: Alright.
Caller: And then the birth date, was that [DOB]?
Agent: Um, [nervous] so, [uncertain] what do you need from me? Yeah, [nervous] that's right.
Caller: Okay. That's super young. That's very good.
Caller: And then that ZIP code is [ZIP]?
Agent: [nervous] Yeah. Yeah. [nervous] That's right.
Caller: Alright. Thank you very much. Thank you very much, miss [NAME]. Now, once again,
Caller: my name is [NAME]. I am a licensed agent in the state of Minnesota. And we are on a recorded line. Now, miss [NAME], have you ever, in the past, have you ever had a life insurance
Caller: policy? Do you have a life insurance policy now?
Agent: Okay. [nervous] Um, [uncertain] no, I don't think so. [nervous] I haven't. Um, no. [nervous] I don't.
Caller: Okay. Okay.
Agent: So, [nervous] um, [uncertain] what do I need to do for this?
Caller: What's got you what's got you looking into life insurance?
Agent: Well, [nervous] um, I guess the last person I was talking to said that it's, [uncertain] you know, important to have one for, like, funeral expenses and stuff. So, [nervous] um, I don't know, I guess I'm just looking into it.
Caller: Okay. Yeah. Well, I'll tell you something. I wish more people would call at your age and and I'll explain that in a second here. Um, the because with with life insurance, the way that they come up with prices the way the insurance companies dictate all their prices, It's all based off your age, your gender, and health. So the younger you do it, the more cost effective and
Caller: the way more affordable it's gonna be. And a little extra side note too,
Caller: The only reason they put, um, gender in that list is because women, you guys get a lower rate than us men because
Caller: you have a longer life expectancy rate. Did you know that?
Agent: Oh, [hopeful] that's good. Oh, [hopeful] okay. Oh. [surprised] Oh, [surprised] I didn't know that. [nervous] That's interesting.
Caller: Yeah. Yeah. Yeah. It's it's a little morbid. And my and my gender does a lot of crazy things. So there you go. So age, gender, and health. Now have you ever had the chance, miss
Caller: [NAME], to speak with our company, [ORG], about life insurance, or is this the first time?
Agent: [nervous] Um, [nervous] I think this is the first time. [uncertain] I don't really remember talking to you guys before.
Caller: Okay. Okay. Well, here. Let me give you a nice explanation because we do this quite a bit different.
Caller: So our company, [ORG], we work
Caller: strictly with whole life policies. Now
Caller: those policies for life insurance, how they work, they're exactly how the name calls for it. A policy that's made to stay with you your whole life. The reason we stick to this life insurance policy is because that's the policy that locks your price in at the age that you purchased it. So whatever that monthly cost is gonna be, that's gonna be your locked in price, and that
Caller: price will never change on you. Okay?
Agent: Okay. [nervous] Okay. Okay. [nervous] Okay. [nervous] Um, so it'll just be, [uncertain] like, the same price every month?
Caller: Okay. Very good. Now here,
Agent: same price forever?
Caller: Uh-huh. Yes. Same price forever. And then what's even better, because you're super young, you can you can take complete advantage of this. So whole life additionally builds a cash value. It builds interest in that policy. It's not automatic. It takes a couple of years. It's about two to three years for you to build a threshold in that policy. But what's gonna happen is that you're gonna build up interest, and it's gonna be on top
Caller: of the policy that you have. And that money is yours.
Caller: You can do whatever you want with that money. You can take it out. You can leave it in. Whatever you want.
Agent: Oh, [hopeful] that's cool. [nervous] I didn't know it did that.
Caller: Understand?
Caller: Yeah.
Caller: Yeah. Yeah. Now here, with our company too, because
Agent: Yeah. [hopeful] That's really cool. [nervous] So, [uncertain] um, what do I need to do to, like, get started? Okay.
Caller: things are so expensive, miss [NAME], what we do here at [ORG], we actually work with over fifteen different life insurance companies because the whole point of this is to make sure whatever policy we find it has to be something that's gonna be comfortable and affordable. No one should be stressing about about a bill, especially for life insurance
Caller: cause that'll cause stress, and that's gonna eliminate the whole purpose of it. Do you agree?
Agent: Yeah. [nervous] That's true. Yeah, [nervous] I agree. [uncertain] Um, so, [nervous] like, how would I use the cash value thing?
Caller: Okay. Yeah.
Agent: value thing?
Caller: So the cash well, the cash value is up to you. You can bar with with whole life, you can borrow against that policy. You can do whatever you want with that. The cash pertaining to the cash value, that is a buildup of cash with interest. That's gonna be building up in that policy. You can take out that money what you're gonna see, like, down the line, you're gonna see your policy, and then you're gonna see the cash value of the policy. And that cash
Caller: value, you can borrow against it. You can take it out. You can do whatever you want with it.
Caller: But like I mentioned, it it takes about a couple of years.
Caller: Two to three years for for it to build a threshold. Okay?
Agent: Okay. [nervous] Um, so it's like, [uncertain] it's kind of like a savings account that I can use? Okay. [nervous] Um, so, [uncertain] like, what do you need from me to, like, get started with that?
Caller: Well, what we have to do because since since I mentioned that we do work with over fifteen different companies, what we do here, we go through a questionnaire. Of basic questions and then a few medical questions. What happens then is that we will get the list of companies to pull up, and we
Caller: we'll go in. We'll compare the prices and make sure we get the lowest rate for you.
Caller: That's how we do it here.
Agent: Okay. [nervous] Um, so, [uncertain] what are the questions? Okay. [nervous] Um, so, [uncertain] what are the questions?
Caller: But now it all depends too, miss [NAME]. Yeah. It all depends too on what you're looking for. I mean, have you have you even thought about it? If you wanted to do a burial or cremation, have you thought about it?
Agent: Um, [nervous] not really. [uncertain] I guess, like, a burial, maybe?
Caller: Okay. Okay.
Caller: Okay. Now here, there this is how I do this. So what I do is I I call it my little cheat sheet. It's a it's a database that I go into, and it gives me the average prices.
Caller: Across the fifty states. So here. My little disclaimer, though,
Caller: before I gay I give you these numbers, these are averages. There's a good chance that different businesses are gonna have different prices there's a good chance you can get it lower, maybe even higher. It just depends on where you go. But this is
Agent: I don't know. [nervous] Okay. Okay. Okay. [nervous]
Caller: just the average. So here, if we're showing in Minnesota, if if we're looking for that burial and did you wanna have a funeral service, like a wake or a funeral service with it?
Agent: Um, yeah, [nervous] I think so. [uncertain] Like, a small one, maybe.
Caller: Okay. Okay.
Caller: So its average
Caller: Okay. Perfect. So here I'll I'll tell you the difference. So if you're looking in Minnesota and if you're looking for the burial with a service, that's averaging at nine thousand seven hundred.
Caller: Okay? That's burial with services, average.
Caller: If you're doing the burial by itself,
Caller: with no service or decide to do something private with your family, that is averaging at around six thousand.
Caller: But now here's the kicker. With these final expense prices, they always go up. So whatever policy we would have to look for it would have to be enough for you to last
Caller: all the way until that time comes. Right? So
Caller: like, for example, if I'm looking at that ninety seven hundred, that burial, and usually, my demographic that I speak with is eighty years old,
Caller: ninety years old, seventy years old. I would suggest
Caller: for them, like, a twelve thousand, maybe even fifteen thousand dollar policy.
Caller: The fact that you were so young
Caller: I would suggest somewhere between twenty to twenty five thousand.
Caller: Because you gotta realize that these prices increase, and you've got a
Caller: heck of a long time of life ahead of you. Well, it's all up to the big guy, but we gotta make sure you do have enough coverage. Now do you feel that range
Caller: between twenty to twenty five thousand, would that give you enough coverage you feel?
Agent: [nervous] Oh, [surprised] that's a lot. [nervous] Okay. [nervous] Okay. [nervous] Um, so, [uncertain] like, ten thousand is probably good then? Okay. [nervous] Okay. [nervous] Um, so, [uncertain] like, ten thousand, maybe? Okay. [nervous] Okay. [nervous] Um, so, [uncertain] like, what would you recommend for me then? Okay. Oh, [surprised] wow. [nervous] That's a lot. Oh, [nervous] wow. [uncertain] That's a lot. Okay. [nervous] Um, Yeah, [nervous] I think so. [uncertain] Um, is that, like, a common amount to get?
Caller: Okay. Okay.
Agent: [ne ...[TRUNCATED FOR EXCEL - see scamai_full_1000.csv for complete text]",0,0.4859,0
scamcall_00004,scam,scamai_honeypot,scam,True,high,references_prior_action,inconclusive,ssn|credit_card|bank_routing,debt_relief_pretext,973,6097,12031,"Agent: Hello?
Caller: Hi. This is [NAME] calling from [ORG].
Caller: On recorded line. Am I speaking with [NAME]?
Agent: [ORG]. [curious] Okay. Yes, [curious] this is [NAME].
Caller: Hello?
Agent: Yes, yes, [confused] I am here.
Caller: Okay. Great. So we received your inquiry, sir.
Agent: My inquiry? [confused] Oh, okay. Yes.
Caller: So for, um, that assistance.
Agent: Oh, [uncertain] the assistance. Yes, yes. I remember.
Caller: So let me go ahead and confirm the information that you submitted.
Caller: Just to confirm, sir, you are residing in the state of Michigan. Correct?
Agent: Yes, [nervous] that's right. I'm in Michigan.
Caller: Okay. Great. So, um, do you have some time to proceed our assessment to see if you are qualified for our program?
Agent: Uh, yes, [uncertain] I think so. I have a few minutes. What is this about, please?
Caller: Okay, sir. So, um, may I ask um, do you want to get some loans, or do you want to consolidate it?
Agent: Oh, um, [confused] I don't understand, consolidate what?
Caller: You're a loan, sir.
Agent: My loan... [worried] Yes, I have a loan. What about it?
Caller: Or do you, um, do you want to get some more?
Agent: Well, [uncertain] I mean, I have my car payment, you know, and, uh, some bills. I don't know about more loans. What kind of loan is this, my friend?
Caller: Okay. So do you want to consolidate it?
Agent: Uh, yes, [nervous] yes, I would like to, um, consolidate. How does that work?
Caller: Okay, sir.
Agent: Yes. [uncertain] So what do I need to do?
Caller: Okay. So I'll ask you a few questions.
Caller: And then, uh, we'll transfer you to the right specialist. Okay?
Agent: Okay. [nervous] I am ready. Okay, okay. [nervous] Yes.
Caller: Okay, sir. So, um, can you please, um, verify me your current address?
Agent: My address? [uncertain] Uh, it's [ADDRESS] [ZIP].
Caller: Okay.
Agent: You have that? [uncertain]
Caller: Can you also give me your, um, date of birth?
Agent: Yes, [uncertain] it's [DOB].
Caller: Okay. How about your full name, sir?
Agent: [NAME]. [nervous] A-M-I-R H-A-S-S-A-N.
Caller: Okay. Perfect.
Agent: So, [curious] what happens now?
Caller: So I don't see any I don't see any credit report here.
Caller: So, uh, as you like I said, I'll answer a few questions.
Caller: Um, are you currently employed, sir, or do you have any source of income?
Agent: Oh. [worried] Is that a problem? Okay. [nervous] Yes. Yes, [calm] I am employed. I am a mechanical engineer. And I also, um, drive rideshare some evenings.
Caller: I'm bored.
Agent: Yes, and I also drive rideshare sometimes, [uncertain] you know, in the evenings.
Caller: Okay.
Caller: Okay. So, um, um, okay. So do you have any unsecured debt, sir, like a credit card, personal loans, payday loans, or medical bills that you want to include in our program.
Agent: So, [curious] what else do you need? Yes, [nervous] yes, I do have some credit card debt.
Caller: Okay. So may I ask the credit cards that you have?
Agent: Uh, well, [uncertain] I have a [ORG] and a [ORG].
Caller: [ORG] and [ORG], sir. Correct?
Agent: Yes, [nervous] that's right.
Caller: And how much how much is your [ORG]?
Agent: My [ORG]... [worried] Um, I think it's about, uh, seven thousand dollars.
Caller: Yes. Seven thousand dollars. And are you currently paying it?
Agent: Yes, [nervous] I am making payments, but it's, um, it's hard to keep up sometimes.
Caller: Okay. So how about your [ORG], sir?
Agent: The [ORG] is, um, [uncertain] maybe like, uh, four thousand? Four thousand dollars.
Caller: A thousand dollars?
Caller: And, uh, you are also currently paying it?
Agent: Yes. [worried] And I'm paying that one too. Yes, [worried] I am paying it.
Caller: Okay. So do you have the, um, documents that um, will prove that you have this account.
Agent: The documents? [confused] What kind of documents, please?
Caller: That will prove that you have this account, sir.
Agent: Um, [uncertain] I mean, I have the cards themselves. Is that what you mean?
Caller: Yes, sir.
Caller: Also the, like, a document that yeah.
Caller: Will prove your credit card is yours.
Agent: Okay, [nervous] yes, I have them here. Oh, [nervous] like a statement? Oh, [nervous] I see. Um, I don't have, like, a statement right in front of me right now. But I can, um, I can get the numbers from the cards.
Caller: Or a letter, sir.
Agent: A letter? [confused] I don't know if I have a letter, but I have the cards. I can tell you the numbers.
Caller: So I see you, sir, that a previous agent.
Caller: Was, um, talk to you.
Agent: Yes. [nervous] Oh, [confused] a previous agent? I don't recall that.
Caller: And you have a total debt of six thousand.
Agent: Six thousand? [confused] Oh, well, I thought it was more than that, but okay, yes, [nervous] six thousand, if that's what it says.
Caller: Yes, sir.
Agent: Oh, [uncertain] okay. Well, I thought it was more, but if you say six thousand, then okay.
Caller: So, um, may I ask her what what type of that is this one? Is this a credit card that you're saying?
Caller: In [ORG], sir?
Agent: Yes, [nervous] it's the credit cards. The [ORG] and the [ORG]. Yes, [nervous] yes, it is.
Caller: Okay. So how about the [ORG], sir?
Agent: The [ORG], [uncertain] yes.
Caller: Is that the different one, sir?
Agent: Yes, [nervous] I have both. I have a [ORG] and a [ORG].
Caller: Um, is your [ORG] um, has a collateral attached in it?
Agent: A collateral? [confused] I don't understand, what is that?
Caller: Yes, sir.
Agent: What is collateral? [confused]
Caller: Like, there's a luauchine.
Caller: Um, there's a
Agent: Oh, [uncertain] I don't think so. It's just a regular credit card. Oh, [uncertain] no, no, it's just a regular credit card.
Caller: there's a, um, it like, a secured debt, sir.
Agent: Oh, [worried] no, no, it's not secured. It's just a regular credit card.
Caller: Okay.
Caller: So did anything change with your situation that made the debt harder to manage?
Agent: So, [curious] what do we do about this? Yes, [worried] well, you know, things are just more expensive now, and, um, I send money to my family back home, so it's, um, it's just harder to manage everything.
Caller: Okay. I appreciate you sharing that with me. That's exactly the type also situation we help with. So can I hold you for a minute, sir?
Caller: So I can just verify this information that you give me?
Agent: Uh, yes, [uncertain] okay. Yes, [curious] yes, please. I will hold.
Caller: Okay. So okay. Thank you so much, sir.
Agent: [long pause] Hello? [nervous] Are you still there, my friend?
Caller: Hello, sir.
Caller: Okay. Thank you for patiently waiting. So hello?
Caller: Can you hear me?
Agent: Yes, [nervous] I'm here. Yes, [nervous] I am here. Yes, [calm] I can hear you.
Caller: Okay. Thank you so much for patiently waiting, sir. So based on this information, that sounds like [ORG] may be a good fit for you.
Caller: Although they do not, um, offer loans, they can help you with softer your existing debt, lower payments, and reduce payment.
Caller: Uh, reduce interest rate, sorry, help you get out of debt faster. So do you have a few moments to speak with a non proper credit counseling agency that may be able to assist you?
Agent: Okay. [hopeful] That's good. So what does that mean? Oh, [hopeful] that sounds good. So, um, how do we do that? What do I need to do? Yes, [hopeful] yes, I do. I have time now. So, [curious] what do I need to do?
Caller: Okay, sir. Okay.
Agent: So, [uncertain] what is the next step?
Caller: So just please stay on the line. I'm going to connect you to them.
Agent: Okay. [nervous] Please, don't hang up.
Caller: Okay?
Caller: No. I will not hang up, sir.
Agent: Okay. Thank you. [calm]
Caller: Okay. So please stay on the line. I'll connect you to them. Okay?
Agent: Okay. [calm]
Caller: Okay, sir.
Agent: [long pause] Hello? [nervous] Are you still there?
Caller: Yes, sir. I I'm still here. So please stay on the line. Okay?
Agent: Okay. [nervous] Thank you.
Caller: Okay. So I'll connect you to them now.
Caller: Thank you so much for your time, sir.
Agent: Okay. [nervous] I am waiting. Okay. [curious] And what is their name, please?
Caller: Have a great day.
Agent: You too. [confused] So, um, I just wait here?
Caller: Welcome to [ORG].
Agent: Hello? [confused] Hello?
Caller: For quality assurance purposes, your call may be monitored or recorded. Please hold for the next available agent.
Agent: Okay. [nervous] I will hold.
Caller: You for calling [ORG]. My name is [NAME]. How may I help you?
Agent: Hello? [nervous] Yes, I was transferred. Um, I was calling about my debt, you know, to consolidate it.
Caller: Hello? Hi. This is [NAME]. How may I help you?
Agent: Yes, [nervous] hello. My name is [NAME]. I was transferred to you, um, about my debt, to consolidate it.
Caller: Okay. I see you was speaking with the team with [ORG], and they transferred you over to us discuss options. So I'm going to review your budget and your credit obligation.
Caller: We can determine what would be the best option for you. Okay?
Agent: Yes, [nervous] please. Okay. [hopeful] Yes, please. Thank you.
Caller: One moment.
Agent: Okay. [calm]
Caller: Okay.
Agent: [long pause] Hello? [nervous] Are you still there?
Caller: Yes. Okay. Yes. I am.
Caller: Okay. Can you tell me a little bit about your situation?
Agent: Okay. [calm] Yes, [nervous] I have, um, credit card debt, and I'm looking to, um, consolidate it, make it easier to pay, you know?
Caller: Okay. And what caused your financial hardship?
Agent: Well, [nervous] you know, things are expensive, and I send money to my family back home, so it's, um, it's just hard to keep up with the payments.
Caller: Okay. So things okay. Being expensive and you said hard keep up with the payment. Correct?
Agent: Yes, [worried] that's right.
Caller: Alrighty.
Caller: Alright. Well, let me just go over and explain to you.
Caller: Other than things just being expensive, did you lose income?
Agent: So, [curious] what do we do now? No, [uncertain] I didn't lose income. I still have my job.
Caller: Okay. Alright. So what I'm going to do is take some information from you. So you said the cost of living increased. Is there anything else other than just the cost of living increase?
Agent: No, [calm] not really. Just that, you know?
Caller: And you said you were helping your family member as well?
Agent: Yes, [nervous] I send money to my family in Lebanon.
Caller: And where?
Agent: Lebanon. [calm]
Caller: Lebanon. Okay. And when did you start sending money to them? I mean, like, was it just recently? Did you just start? And then you're reducing your funds?
Agent: No, [uncertain] I've been sending money for a while now, since I came to the US, you know? But it's just, um, it's just gotten more expensive to live here.
Caller: Okay.
Caller: So living increased Okay. When did you notice the cost of living increased?
Agent: Yeah. [nervous] Uh, I would say, [uncertain] you know, in the last year or so, it's just gotten much worse.
Caller: The last year? Okay. Around twenty twenty six.
Caller: Twenty twenty five. I'm sorry. Around twenty twenty five. Do you have, like, a month that you noticed? Because I have to put a hardship. Do you have, like, a month where you noticed that things was going up? Like, did it start in June, July, August, January, February?
Agent: Yes, [nervous] I mean, twenty twenty three, you know, the last year. Hmm. [uncertain] I would say maybe around, um, last summer, around July or August, things really started to get, you know, much more expensive.
Caller: July.
Caller: Okay. Excuse me. One moment. Okay?
Agent: Yes. [calm] Okay. [calm]
Caller: One moment.
Agent: [long pause] Hello? [nervous] Are you still there?
Caller: Okay. Thank you for holding.
Caller: Now what I'm going to do is take some information from you. What is your phone number? Area code first?
Agent: Okay. [calm] My phone number is, um, [nervous] [PHONE].
Caller: [PHONE] Okay. Let me have that again. One moment.
Caller: One moment. Okay.
Caller: You said [PHONE]?
Agent: [PHONE]. Yes, [calm] that's right.
Caller: Okay. May I have the rest of the numbers?
Agent: [PHONE].
Caller: [PHONE]. Thank you.
Caller: And your first name?
Agent: You're welcome. [calm] [NAME]. [calm]
Caller: How are you spelling your first name?
Agent: [NAME]. [calm]
Caller: [NAME]. Middle initial, [NAME]?
Agent: No, [calm] no middle initial.
Caller: And your last name?
Agent: [NAME]. [calm] [NAME].
Caller: [NAME]?
Agent: No, [nervous] [NAME].
Caller: Okay. If you can go slow for me, please. [NAME]. Is that correct?
Agent: Yes, [calm] that's correct.
Caller: Okay. And what is your date of birth?
Agent: It's, um, [DOB]. [calm]
Caller: [DOB] And your email address?
Agent: My email is, um, [nervous] [EMAIL].
Caller: [EMAIL]?
Agent: Yes, [calm] that's correct.
Caller: Is that correct? Alrighty. And what is your mailing address?
Agent: It's [ADDRESS], [calm] [ZIP].
Caller: You said it's six thousand what?
Agent: [ADDRESS].
Caller: Road? [ADDRESS], s c h a f f e r?
Agent: S-C-H-A-E-F-E-R. [calm]
Caller: S t a
Agent: S-C-H-A-E-F-E-R. [calm]
Caller: s c h a f e r?
Agent: Yes, [calm] that's right.
Caller: Road. Correct?
Caller: Okay. In [ADDRESS] [ZIP].
Agent: Yes, [calm] Road. Yes, [calm] that's right.
Caller: Okay.
Agent: So, [curious] what do we do next?
Caller: And what are your long term goals that you're looking to accomplish or achieve?
Caller: Once you have these, uh, accounts paid off, what are you looking to accomplish?
Agent: I want to be out of debt, [hopeful] you know, and, um, to save money for my family. Well, [hopeful] I want to be debt-free, you know, and maybe, um, save up to buy a house for my family.
Caller: Okay. You wanna purchase a home? Are you looking to purchase a home within the next year or two?
Agent: Yes, [hopeful] I hope to, maybe in the next two or three years, you know?
Caller: Next two or three years? Okay.
Caller: Well, whenever you're ready to purchase a home, we do offer prepurchase counseling. Okay?
Agent: Yes. [calm] Okay. [calm] Thank you.
Caller: Alrighty. So what we're gonna do next is is go over you're welcome. Go over some additional information.
Agent: Okay. [calm]
Caller: For demographic reporting, what is your ethnicity?
Agent: My ethnicity? [confused] I am Arab.
Caller: New air okay. And what is your race?
Agent: I am, um, [calm] Middle Eastern.
Caller: Middle Eastern. Okay.
Agent: Yes. [calm]
Caller: Alrighty. And what is your highest level of education?
Agent: I have a bachelor's degree [calm] in mechanical engineering.
Caller: And are you active or retired military?
Caller: Are you active or retiring military?
Agent: No, [calm] neither. No, [calm] I am not.
Caller: Okay. Now you're married or single?
Agent: I am married. [calm]
Caller: Okay.
Agent: Yes. [calm]
Caller: And are you employed full time, part time, seasonal, or self employed?
Agent: I am employed full time, [calm] and I do some part-time rideshare, you know, for extra income.
Caller: Okay.
Agent: Yes. [calm]
Caller: And you're owning or renting your home?
Agent: I am renting. [calm]
Caller: Okay. Any issues with your rent? Are you behind, at risk of falling behind, or none
Caller: of the above?
Agent: No, [calm] I'm not behind. No, [calm] no issues with the rent. I pay on time.
Caller: Okay. So you said you're paid on time, so no issues with your rent.
Agent: That's right. [calm]
Caller: Okay.
Agent: Yes. [calm]
Caller: And how many people in your household?
Agent: Just me and my wife. [calm] So two.
Caller: Okay. So two people two two adults?
Agent: Yes, [calm] two adults.
Caller: Alrighty. Alright. So what we're gonna do next, I'm gonna read a legal disclosure to you to obtain your credit report.
Agent: Okay. [nervous] Please.
Caller: Please note that this call is being recorded for compliance and quality assurance. In order to move forward and provide a new accurate monthly payment, I need your verbal authorization for in charge
Caller: [ORG] and our partner, [ORG], to gather your debt profile.
Caller: I'll send you a text to confirm and authenticate this authorization. This would not affect your credit.
Caller: Do I have your authorization to proceed?
Agent: Okay. [calm] Okay. [nervous] Yes, I understand. Yes, [nervous] yes, you have my authorization.
Caller: Thank you. Now you're gonna receive a six digit code.
Agent: Okay. [calm]
Caller: And what is your, um, authorization code?
Agent: Okay, one moment. [nervous] Let me check my phone.
Caller: It's a six digit code that's coming from [ORG].
Agent: Okay. [calm] I see it. It is, um, seven three six, two two nine.
Caller: Okay.
Agent: You have it? [uncertain]
Caller: Yes.
Agent: Okay. [calm]
Caller: Okay. Seven three six two two nine?
Caller: Seven three six two two nine is an invalid code.
Agent: Yes, [calm] that's correct. Oh, [worried] it's invalid? Let me check again. One moment. It says, um, seven three six, two two nine. Is that not right?
Caller: It's coming from [ORG]. Did you say seven three six two two nine?
Agent: Yes, [worried] that's what it says. Let me check again. [sighing] One moment.
Caller: Do I need to resend you the code?
Agent: Uh, yes, [nervous] please. Maybe it was a mistake.
Caller: Okay. Okay. I just resend it to you.
Caller: Now it's the six digit hold that's coming from [ORG].
Agent: Okay. [calm] One moment. [long pause] Okay, I got a new one. [nervous] It is, um, nine zero nine, eight seven seven. Okay. [calm] One moment. [long pause] Okay, I see a new one. It's, um, four zero one, three three zero.
Caller: Okay. You're reading the wrong code. It's saying invalid code. Four zero one three three zero is not the code that was sent to your phone.
Agent: Oh, [worried] but this is what I see. Um, it's from [ORG]. [sighing] Let me check again, please.
Caller: [ORG]. Yes.
Agent: Okay. [nervous] One moment. [long pause] Okay, I see. Um, another one. It's, um, eight eight seven, one one eight.
Caller: Okay. Where are you getting these codes from? Because it's saying invalid.
Agent: [worried] I am getting them from my phone, from the messages. It says [ORG]. I don't know why it's not working.
Caller: Okay. It's okay. Okay. You said eight eight seven?
Agent: Yes, [nervous] eight eight seven, one one eight.
Caller: One one eight is an invalid code?
Caller: That's not the code.
Agent: [worried] I don't know why it's not working. This is what I'm seeing on my phone. Maybe the signal is bad? [sighing] I don't know why it's not working. [worried] This is what I'm seeing on my phone. Do you want me to, um, try again?
Caller: Yes. Look in your phone again and see if you see the last code that was sent to your phone.
Agent: Okay. [nervous] One moment. [long pause] Okay, I see. Um, eight eight seven, one one eight. That's the newest one.
Caller: Okay. That is not correct.
Agent: [worried] Oh, I don't know what to do. This is what I'm getting.
Caller: Okay. I'm gonna send you a code again. This is the last time I'm sending the code. You're gonna read the remote remote recent code that comes to your phone.
Caller: Okay? One moment. Now it's kicking me out. One moment.
Agent: Okay. [nervous] Please, I will try again. Okay. [nervous] Please.
Caller: One moment.
Agent: Okay. [calm]
Caller: One moment.
Agent: [long pause] Hello? [nervous] Are you still there?
Caller: One moment. Yes. One moment.
Caller: Okay. I'm gonna resend you a new code.
Agent: Okay. [calm] Okay. [nervous] Thank you.
Caller: My system is a bit okay. I just sent you're welcome. I just sent another code to your phone.
Agent: Okay. [calm] Let me see. [long pause] Okay, I see. Um, two seven five, zero five zero.
Caller: My god. Can you delete all those old codes? Because this isn't working. Two seven five zero five zero is saying invalid code.
Agent: [worried] Oh, I don't know why this is happening. I deleted the old ones. This is the only one now.
Caller: Delete all the okay.
Caller: Okay. Delete what I want you to do is delete all the codes that was sent to your phone. So when you get the new one in, you won't be reading an old code.
Caller: So delete all the codes that was sent to your phone, Let me know when you do when you're finished with that.
Agent: Yes, [nervous] I deleted them. And this is the newest one. Two seven five, zero five zero. Okay. [nervous] I deleted them all. Okay. [nervous] One moment. [long pause] Okay, I deleted all of them. They are gone now.
Caller: Okay. I'm gonna resend it again.
Agent: Okay. [calm] Thank you.
Caller: One moment.
Agent: Okay. [calm]
Caller: One moment.
Agent: [long pause] Hello? [nervous] Are you still there?
Caller: Creditor.
Caller: One moment. One one moment.
Agent: Hello? [confused] Okay. [calm]
Caller: One moment.
Caller: Okay. Now I just sent another code to your phone.
Agent: [long pause] Hello? [nervous] Are you still there? Okay. [calm] Let me see. [long pause] Okay, I see it. It is, um, nine zero nine, seven three six.
Caller: Okay. Something is not right. One moment.
Agent: [worried] Oh, I don't know what to do. This is the code I am seeing.
Caller: Did you delete all the other codes?
Agent: Yes, [nervous] I deleted them all. This is the only one in my messages now.
Caller: Okay.
Agent: So, [uncertain] what should we do?
Caller: One moment. One moment.
Agent: Okay. [calm]
Caller: One moment.
Agent: [long pause] Hello? [nervous] Are you still there?
Caller: One moment. Yes.
Agent: Okay. [calm]
Caller: One moment.
Agent: [long pause] Hello? [nervous] Are you still there?
Caller: One moment, sir. I keep saying one moment. Yes.
Agent: Okay. [calm]
Caller: Okay. You said you have no other code in your system. The last code you gave me was nine zero nine seven three six.
Agent: Yes, [nervous] that's right. That's the only one there.
Caller: One moment.
Agent: Okay. [calm]
Caller: Okay.
Agent: [long pause] Hello? [nervous] Are you still there?
Caller: Yes. I'm gonna okay. Yes. I am. I might have to do download your credit report to [ORG]. I don't know what's going on with your codes, why you're not able to obtain them. I have the faintest idea.
Caller: Okay. So I'm going to obtain your credit report through [ORG].
Agent: Okay. [worried] So what does that mean? What do we do now? Okay. [nervous] And what do you need for that, please?
Caller: Let me just read a legal disclosure. One moment.
Agent: Okay. [calm]
Caller: One moment.
Agent: [long pause] Hello? [nervous] Are you still there?
Caller: One moment, sir.
Agent: Okay. [calm]
Caller: Okay. Okay. One moment.
Agent: [long pause] Hello? [nervous] Are you still there?
Caller: Sir, you're gonna hold for a few minutes.
Caller: Okay? I'll let you know when I'm back. One moment.
Agent: Okay. [calm] I will hold. Okay. [nervous] Please, don't forget about me.
Caller: Oh, no. No. I'm not. I'm just trying to figure out why your code is not coming through.
Caller: So you may hear silence, but I'm still here. Okay?
Agent: Okay. [nervous] Thank you. Okay. [nervous] Thank you.
Caller: You're welcome.
Agent: [long pause] Hello? [nervous] Are you still there?
Caller: Okay. Now I'm going to, um, manually pull your report through [ORG].
Agent: Okay. [nervous] And what do you need from me for that?
Caller: Okay?
Caller: And I'm going to need your [SSN] in order to pull it. One moment.
Agent: Over the phone? [uncertain] Please, what is it for? I am not sure about giving that over the phone.
Caller: Over the phone. Yes.
Agent: Okay, okay, [sighing] one moment, please. Let me get my wallet. One second. [long pause] Okay, I have it. It's, um, [SSN].
Caller: Okay. Then unless unless you can provide, uh, the the correct code, that's the only way I'm gonna be able to obtain your credit report.
Agent: Okay, okay, [sighing] one moment please. Let me get my wallet. [worried] One second. Okay. It is, um, [SSN].
Caller: [SSN]?
Agent: Yes, [nervous] that's right. You have it?
Caller: Okay. Yes. So I'm gonna ask you a verbal permission. [ORG] will basically like your permission to download a portion of your credit profile through [ORG]. This is considered a soft pull, so it's not gonna hurt your credit nor will it show as an inquiry.
Caller: Do we have your permission to do so?
Agent: Yes, [nervous] you have my permission.
Caller: Okay. Thank you. One moment.
Agent: Okay. [calm]
Caller: Okay. So I obtained a copy of your credit report, but it's saying no accounts were filed.
Caller: Do you have credit card accounts?
Agent: No accounts? [confused] But I have credit cards. Yes, [confused] yes, I do. I have a [ORG] and a [ORG].
Caller: And who do you have your [ORG] and your [ORG]?
Caller: Card to?
Agent: Um, [uncertain] I have a [ORG] [ORG] and a [ORG] [ORG]. It's, um, [uncertain] [ORG] and [ORG].
Caller: Okay. Because I'm not pulling anything in there in your name only.
Agent: [worried] Oh, I don't know why. I have them, I promise.
Caller: Okay.
Caller: Are they in your name only?
Agent: So, [uncertain] what can we do? Yes, [nervous] they are in my name only.
Caller: Okay. And how long have you had them open?
Caller: Because I'm not able to pull your credit report through [ORG], [ORG]. I don't know what's going on.
Agent: Uh, for a few years now, [uncertain] you know, maybe five, six years. [worried] I don't know either. I've had them for, um, maybe six or seven years now. Since I came to the US.
Caller: And what is the balance on your [ORG]?
Agent: The [ORG], [nervous] um, is about seven thousand dollars.
Caller: And what is your balance on your [ORG]?
Agent: The [ORG] is, um, [nervous] about four thousand dollars.
Caller: Okay. Hold on. Let me log out.
Agent: Okay. [calm]
Caller: And then log back in, mister [NAME], to see if this is gonna help.
Caller: One moment. And are you current or delinquent on those accounts?
Agent: Okay. [nervous] Thank you. I am current, [nervous] but it's hard to make the payments.
Caller: Okay.
Agent: Yes. [calm]
Caller: One moment.
Agent: Okay. [calm]
Caller: Okay. Okay. Let's try to spin wheel one more time. Look at your phone, and I just sent another code, and let me see if this works. I rebooted my system.
Caller: To see if it was an issue there.
Agent: Okay. [nervous] One moment. [long pause] Okay, I see. Okay. [nervous] Thank you. [long pause] Okay, I see a new one. It's, um, four five six, zero zero three.
Caller: Okay. What is the the code?
Agent: It's, um, three nine eight, [nervous] eight five five.
Caller: Three nine eight eight five five?
Agent: Yes, [nervous] that's what I have.
Caller: Are you the deciphering the numbers incorrectly? Because it's saying it's invalid.
Agent: [worried] Oh, I don't know what to do. This is what I see on my phone. I am reading it correctly.
Caller: Okay. Alright. So let's go over and just complete a budget of your current income and expenses.
Caller: So we can determine what would be the best option for you. Okay?
Agent: Okay. [calm] Okay. [nervous] Yes, please.
Caller: Okay. Alrighty. At the end of the month, as all of your bills are paid, do you have any funds left over?
Agent: No, [worried] not really. Sometimes it's negative.
Caller: Okay.
Caller: You have any four zero one k's or any other investments?
Agent: Yes. [worried] No, [calm] I don't.
Caller: Okay.
Agent: Yes. [calm]
Caller: And your and your income, are you paid weekly, biweekly, monthly, semimonthly?
Agent: I am paid biweekly. [calm]
Caller: What do you bring home biweekly after your taxes and deductions?
Agent: After taxes, [uncertain] um, it's about, uh, two thousand dollars.
Caller: Two thousand a month?
Agent: No, [calm] biweekly. So, four thousand a month, you know?
Caller: Or two thousand biweekly.
Caller: So you're bringing in four thousand a month. Correct?
Agent: Yes, [calm] that's right. Yes, [calm] that's right.
Caller: And you're current and you're currently paying rent. And how much is your rent?
Agent: My rent is, um, [calm] fifteen hundred dollars a month.
Caller: And are you paying for any renters insurance or home security?
Agent: No, [calm] I am not.
Caller: And are you paying on, uh, payment?
Agent: No, [calm] I don't have a mortgage. I rent.
Caller: I said car payment. Do you have a car payment?
Agent: Oh, [calm] yes, I do. It's, um, three hundred fifty dollars a month.
Caller: And your electricity electric for your home, how much is that a month?
Agent: The electricity is, um, [uncertain] maybe one hundred twenty dollars.
Caller: You have a water or sewer bill?
Agent: Yes, [calm] I do. It's, um, about fifty dollars.
Caller: And how about cable or satellite?
Agent: Yes, [calm] I have cable. It's, um, eighty dollars.
Caller: And your cell phone, how much is that a month?
Agent: My cell phone is, um, [calm] seventy dollars a month.
Caller: And your auto insurance, how much is that monthly?
Agent: My auto insurance is, um, [calm] one hundred fifty dollars a month.
Caller: And gasoline for your vehicle, how much is that monthly?
Agent: Gasoline, um, [uncertain] maybe two hundred dollars.
Caller: And your groceries, how much is that monthly?
Agent: Groceries, um, [uncertain] about five hundred dollars.
Caller: Any eating out expenses? Do you eat out monthly or so often or not at all?
Agent: Sometimes, [calm] you know, maybe one hundred dollars a month.
Caller: Any medication or health insurance you're paying out of pocket monthly?
Agent: No, [calm] my employer covers that.
Caller: Any life insurance that you're paying at the pocket monthly?
Agent: No, [calm] I am not.
Caller: Any clothing or laundry expense? Do you shop for clothing monthly or just when needed?
Agent: When needed, [calm] not every month.
Caller: And do you have a pet?
Agent: No, [calm] I don't.
Caller: Any cash contributions to churches
Agent: Yes, [calm] I do. I give, um, one hundred dollars a month.
Caller: charities, or any organizations?
Agent: Yes, [calm] I send, um, two hundred dollars a month to my family back home.
Caller: Okay.
Agent: Yes. [calm]
Caller: Okay. Now, any reading materials like magazines, subscriptions, or newspapers?
Agent: No, [calm] I don't.
Caller: Okay.
Caller: And you're paying on your credit card. So are you paying on any student loans or personal loans?
Agent: Yes. [calm] No, [calm] just the credit cards.
Caller: Okay. Now is there anything else that you're paying out of your income?
Caller: Other than what we went over, other than what we discussed?
Agent: No, [calm] I think that's everything. No, [calm] I think that's everything.
Caller: Okay. Alrighty. Now is your wife employed or she's not employed?
Agent: She is not employed. [calm] She is a homemaker.
Caller: Okay. Did okay. Did she okay. So she was never working. Correct?
Agent: No, [calm] she has not worked since we got married.
Caller: Okay.
Agent: Yes. [calm]
Caller: Okay.
Agent: So, [curious] what do you think?
Caller: One moment. Alrighty. So let's go over your budget. Your total monthly income is four thousand, and your household expense is three thousand three hundred and twenty dollars. Which leaves you with six hundred and eighty dollars after your household bills are paid. Does that sound about right?
Agent: Yes, [calm] that sounds about right.
Caller: Alright. Okay. So let's go over your budget. I do want you to start allocating at least twenty five dollars in a separate savings account. Brothers and a piggy bank account so you can start saving for any emergency situation.
Caller: Do you feel that's something you're able to accomplish?
Agent: Yes, [hopeful] I think I can do that.
Caller: Okay.
Agent: Yes. [calm]
Caller: You're eating out. You wanna eliminate that You're eating out. You wanna eliminate that until you're back on your feet plan. Is Do you feel that's something you're able to accomplish?
Agent: Yes, [calm] I can try to do that.
Caller: Your okay. Your groceries, you do wanna write out a grocery list prior to your shopping and use coupons whenever possible. You can receive coupons through your Sunday paper. You can even download free printable coupons. I'll send you some links where you can go and then download free printable coupons.
Agent: Okay. [calm] Thank you.
C ...[TRUNCATED FOR EXCEL - see scamai_full_1000.csv for complete text]",1,0.5258,1
scamcall_00005,scam,scamai_honeypot,scam,True,high,references_prior_action,scammer_punted,ssn|credit_card,impersonates_government|fake_authority|urgent_threat|requested_credit_card,431,5603,12413,"Agent: Hello?
Caller: Yes, [NAME]. Please be at [NAME].
Agent: [confused] [NAME]? Oh, um, I don't think I know an [NAME]. What's this about, dear?
Caller: And [NAME].
Agent: [confused] [NAME]? Oh, you mean me? Well, yes, that's me. [curious] What can I help you with?
Caller: My name is [NAME]. I'm with [ORG]. I received your request in the [ORG] to review your tax relief options, and we had an appointment to give you a call today for a consultation.
Agent: Oh, the [ORG]? [uncertain] Right. I, um, I think I remember filling out something about that, you know. [curious] What kind of options are we talking about?
Caller: Ma'am, I'm not one of the professionals, so I need to speak with you and get you online with somebody. I am in a call center.
Agent: Oh, you're in a call center. [calm] I see. Well, um, I don't usually do things online, dear. [NAME] used to handle all that, and he's been gone two years now. [curious] Is this something I can just talk to someone about?
Caller: Uh, not right now, ma'am. I would have to get some information from you and get you on one of my consultants.
Agent: Oh, information. [uncertain] What kind of information do you need, sweetie? I don't usually give out my personal details over the phone, you know. [curious] Is this about my income taxes from last year?
Caller: If that's the the amount that you owe from, yes. But we handle all year's total debt. That you owe to the [ORG].
Agent: Oh, [worried] all years? Goodness. Well, I always thought [NAME] took care of all that. He was so good with numbers. [curious] How would I even know how much I owe from all those years?
Caller: Did you get a letter?
Agent: A letter? [confused] Hmm, I get a lot of mail these days. Is it, um, a red one, or more of a plain envelope? [curious] What would it say on it?
Caller: Yes. I have I have no idea, ma'am. I'm not part of the [ORG], so I do not know what they have or what they send, but it would say in [ORG] on it.
Agent: Oh, the [ORG]. [nervous] Yes, I think I've seen those. They always make me so nervous, you know. [curious] So what exactly do I need to tell you to get on with one of your consultants?
Caller: I have about eight to ten questions for you. I can get you on my one of my consultants right away.
Agent: Eight to ten questions? [sighing] Goodness. Well, um, alright, I suppose I can try to answer them. [calm] My memory isn't what it used to be, but go ahead, dear. [curious] What's the first one?
Caller: How much does the [ORG] claim that you owe?
Agent: [confused] How much do they claim I owe? Oh, um, I don't know the exact number right off the top of my head, dear. [uncertain] I'd have to, you know, look through some papers. [curious] Is there a range you're looking for?
Caller: Uh, we handle over five thousand, ma'am.
Agent: Over five thousand? [worried] Goodness. Well, I certainly hope it's not that much. [NAME] would be so upset if I let it get that high. [curious] Do you think it could be less than that, or is it usually more?
Caller: I have no idea, ma'am. I don't have your record.
Agent: Right, right. [calm] Of course. Well, I suppose it could be over five thousand then. [sighing] My eyes aren't what they used to be, so reading those letters is a chore. [curious] What's the next question?
Caller: And what year or years are associated with your debt?
Agent: [confused] What year... or years? Oh, um, I think it might be the last couple of years, you know, since [NAME] passed. [uncertain] It's just been so hard to keep up with everything. [curious] Do you need a specific year, or just a general idea?
Caller: Just a general idea.
Agent: Okay, [calm] well, I'd say, um, probably the last two or three years then. [sighing] It's all just a blur sometimes. [curious] And what else do you need to know?
Caller: Do you currently own or operate a business?
Agent: [surprised] A business? Oh, no, dear, not me. I was a schoolteacher, you know, first grade. [chuckling] The only business I operate is keeping my azaleas alive. [curious] Why do you ask that?
Caller: And that we handle business and personal, so I'm just checking to see if you have a business, ma'am. And
Agent: Oh, I see. [calm] Well, no, just personal for me then. [curious] Are most of your clients businesses, or do you help a lot of people like me, too?
Caller: are there any years that you did not file your taxes, or is everything up to date?
Agent: Hmm, [confused] not file? Oh, I think I've filed every year. [uncertain] [NAME] always made sure we did, you know. I just... I might not have paid everything on time the last couple of years. [curious] Is that the same as not filing?
Caller: Okay.
Caller: No. Do you owe any state taxes to any state?
Agent: [calm] So, um, I guess everything's filed then. [curious] What's the next question on your list? State taxes? [confused] Oh, um, I don't think so. I mean, I live here in Sarasota, Florida, you know. [uncertain] Does Florida have state income tax? I don't recall paying any. [curious] Is that something I should be worried about?
Caller: What Okay.
Caller: No. They do not.
Agent: My son, [sighing] he lives in New York, and they have all sorts of taxes up there. [curious] But not Florida, right? Oh, [satisfied] good. That's one less thing to worry about then. [curious] So, um, what's next on your list of questions, dear?
Caller: Yes, ma'am.
Agent: [calm] dear?
Caller: Are you currently in any chapter of bankruptcy?
Agent: [surprised] Bankruptcy? Oh, goodness no! [worried] Is that what this is about? I certainly hope not. [curious] Why would you ask me that?
Caller: Yes. No, ma'am. We we don't handle bankruptcy. It's just still one of my questions that I do ask. Has the [ORG] or the state taken any aggressive action against you, like a bank levy, wage garnishment?
Agent: Oh, [nervous] aggressive action? Like a, a levy? [confused] Goodness, I don't even know what that means. No, I don't think so. [uncertain] They just send me those, you know, those letters. [curious] Would I know if they did something like that?
Caller: Had they went after your bank account?
Agent: [confused] After my bank account? Oh, no, I don't think so. [uncertain] My bank hasn't said anything to me, you know. [curious] Would they tell me if that happened?
Caller: Right. Okay.
Agent: me if they did that?
Caller: Are you in any agreements with the [ORG]?
Agent: [confused] Any agreements? Like, um, a payment plan or something? [uncertain] I don't think so. I just, I just usually pay what I can when I get the bills. [curious] Is there a specific kind of agreement you're thinking of?
Caller: Are you making a monthly payment?
Agent: Oh, [calm] monthly payments. No, not really. I mean, I send them a little something when I can, but it's not like a regular payment plan, you know. [curious] Is that what you mean by an agreement?
Caller: No, ma'am. No. What is your current annual income?
Agent: [long pause] My annual income? Oh, um, well, I just have my [ORG], you know, and a little bit from [NAME]'s pension. [uncertain] It's not much. [curious] Do you need an exact number, or just a general idea?
Caller: Just a general idea.
Caller: How much do you make per month?
Agent: Well, [calm] let me see. Um, probably around, oh, thirty thousand a year, maybe a little less. [sighing] It's hard to get by these days. [curious] Is that enough to qualify for whatever this is? [calm] Hmm. Per month... [uncertain] I'd say maybe around, oh, two thousand, two thousand five hundred, you know, something like that. [curious] Does that sound about right for what you're looking for?
Caller: Okay.
Caller: Yes, ma'am. That's perfectly fine if that's what you have. Now has the [ORG] or the state contacted you in the last ninety days Any letters?
Agent: [calm] And that's before they take out [ORG], too. [confused] Ninety days? Oh, that's, um, that's three months, right? [uncertain] I think I got something in the mail, you know, just a week or two ago. [curious] Was that from the [ORG]? What would it have said?
Caller: Was that a regular letter in the mail, or did you have to sign for it?
Agent: [confused] Sign for it? Oh, no, I don't think I signed for anything. [calm] Just a regular letter, you know, in with all the junk mail. [curious] So, um, does that mean anything for my case?
Caller: Okay.
Caller: What I'm gonna do is I'm gonna get you online with one of my consultants. For a free consultation, ma'am. It will be just a moment while I see who I have available.
Agent: [calm] Is that all your questions? Oh, [grateful] a free consultation? That sounds nice. [calm] I certainly could use some help with all this. [long pause] So, um, [curious] will I be talking to a real person, or one of those computer voices?
Caller: Yes. You will.
Caller: You'll be talking to [NAME]. Please me a brief moment to fill him in on your situation, ma'am. One moment.
Agent: [satisfied] Oh, good. I prefer talking to real people, you know. [chuckling] These computers, they confuse me sometimes. [curious] So, um, what's their name, the consultant I'll be speaking with? [satisfied] Oh, a real person. That's good. [calm] I don't get along with those computer voices very well, you know. [long pause] So, um, [curious] will he be able to tell me exactly how much I owe?
Caller: I I'm not sure, ma'am. You'll have to speak with him. I'm gonna bring him on the line for you. One moment, please.
Agent: Alright, [calm] I'll wait then. [long pause] Thank you, dear. [sighing] I just hope he can make some sense of all this for me. [NAME] always handled it so well.
Caller: Hi. Good morning, miss [NAME].
Agent: Good morning. [calm] Are you the, um, the consultant, dear? [curious] [NAME] said you'd be able to help me.
Caller: My name is [NAME]. I'll tell you about the [ORG]. How are you? How are you, ma'am?
Agent: I'm doing alright, dear. [calm] Just a bit confused about all these taxes, you know. [curious] So, um, what can you tell me about this [ORG]? Is it, like, a government thing?
Caller: [ORG] is a private company that helps taxpayers that are dealing with either on file taxes any federal or state taxes. Uh, we tend to help them get a result with the [ORG] by applying to these federal resolutions, um, depending what you qualify for?
Agent: Oh, [confused] federal resolutions? That sounds, um, complicated. [uncertain] So you're not with the government then, you're a private company? [curious] And what kind of results do you usually get for people?
Caller: Well, it kind of depends. Typically, we try to make sure that you are fully protected from the [ORG]. Actions against you. Uh, we try to alleviate that situation between you and the [ORG] and put you in the best possible position by your financials, where your financials are so typically if you're in a position where the financial is difficult here for you, okay, then we can get a federal resolution to resolve that five thousand dollars tax that you owe.
Agent: [worried] Oh, protected from the [ORG]. That sounds important. And you mentioned five thousand dollars again. [nervous] Is that how much I really owe? [curious] And what kind of, um, solutions do you have for someone like me, on a fixed income?
Caller: Well, you don't know, this is a series of questions that I have to ask is you know, where's the [ORG] tax debt from, how what years are from, what went on with the [ORG] that you ended up in this position with them. Uh, for a fixed income, live and paycheck, the paycheck that we're gonna negotiate something called a fresh start or a C and C where you don't have to pay back
Caller: tax debt.
Agent: [surprised] Don't have to pay back tax debt? Goodness, that sounds too good to be true. [hopeful] You mean, like, they just forgive it? [curious] How does that 'fresh start' thing work exactly?
Caller: Perfect. That's really good question. Um, it's not too good to be true. It's just very common sense. If you're receiving fixed income and then you have all of these allowable expenses such as rents, utilities, car payment, insurance, food and groceries, All of that is considered as an allowable expense. So if you have nothing left over with all your allowable expenses, then, of course, the payment will be, uh, zero. Okay? Um, it's not forgiven. It's basically the tax that sits at a at a limbo, uh, depending on how old the the text that is, it will expire, uh, once it reaches that statue limitation.
Agent: [confused] Limbo? Oh, so it's not gone, it just, um, sits there? [uncertain] And it expires? [NAME] always said nothing with the government ever expires. [curious] How long does it usually take for something like that to expire?
Caller: Any years.
Agent: [confused] Any years? Oh, um, I don't follow that, dear. [curious] Do you mean it depends on the year I owe from, or it just takes a long time? [calm] My memory isn't what it used to be, you know.
Caller: It's dependent on when do you owe the tax debt as well as when, um, when did they assess the tech then as well. So, uh, we'll figure all of it out once we pull your [ORG] master file, which is in transcripts we'll be able to determine when that expiration date will be.
Agent: [calm] Oh, I see. So you'd, um, you'd look at my file. [uncertain] And this master file, is that something I have to get for you, or do you get it yourselves? [curious] And what exactly are 'transcripts'?
Caller: That is something that we get
Caller: by ourselves. So basically, we file a form called a eighty eight twenty one where we pull your [ORG] master file wages and transcripts. And do a full in-depth investigation of your tax Transcripts are basically everything that the [ORG] has only, right, includes to follow jobs that you've had in the past? What kind of withholdings did you have in the past Kind of a nutshell, that's how
Agent: [satisfied] Oh, you get it. Good. [calm] That's a relief. I don't have many papers anymore, you know. [NAME] kept most of them. [curious] And what do I need to do to get you to look at my file? Oh, [calm] a form eighty-eight twenty-one. [uncertain] Is that something I have to sign for you to get my file? [curious] And this investigation, what does that involve? I don't want any trouble, you know.
Caller: Yes. That is a form. So there's two forms that we signed by you, which is the eight thousand eight hundred and twenty one, which is the client authorization form given as permission to employ [ORG] method to file with the eighty eight twenty where we're able to file a power of attorney um, and for your [ORG] mess uh, not [ORG]. It's power of attorney where we're basically taking over the case to get it fully resolved. We have two forms, the twenty eight forty eight and the eighty eight twenty.
Agent: [confused] Two forms? Twenty-eight forty-eight and eighty-eight twenty-one? [uncertain] Goodness, that's a lot of numbers. So I'd have to sign those, you said? [curious] And what does 'taking over the case' mean for me?
Caller: All communications between the [ORG], which means any letters that you have received, um, we need to address them with the [ORG], uh, just pop any kind of address actions. Okay? So you don't deal with the [ORG] directly. We basically are the mediators between you and the [ORG] and basically resolving it.
Agent: [hopeful] Oh, so I wouldn't have to talk to the [ORG] anymore? That would be such a relief. [sighing] They always make me so nervous, you know. [curious] And how long does this whole process usually take?
Caller: Two things that Escoda determine the process. One is if you're fully compliant with the [ORG] all your taxes are filed. And the second thing is is how quickly we get all of that information from financial to everything. But typically, it would take about seven months to get it resolved. But the biggest thing is we try to address the letters that you receive because typically the letters are timelines when they're gonna take any kind of threats of actions against you.
Agent: [nervous] Seven months? Goodness, that's a long time. And threats of action? [worried] You mean like that levy you mentioned earlier? [curious] So if I get another letter, I just send it to you instead of opening it?
Caller: So you don't typically send us the letter. Um, what would be, uh, twenty eight forty eight. We're able any letter that you receive, we get a copy of it directly our office, and we address that letter within, you know, a day or two.
Agent: [calm] Oh, so you get the letters directly. That's, um, that's very efficient. [grateful] So I don't have to worry about missing anything then. [curious] And what about, um, what about fees for all this? How does that work?
Caller: So typically, our fees or our costs at it's a flat cost to get the case resolved from start to finish. No retainer fees like other [ORG] attorneys, and the best thing is is that we break it down into payments for you so that way it's affordable. K? Typically, we have about, uh, it's broken down between nine to about thirty six months. If we go over the ten month period, then we do have to try financing. But our total cost to get it done is gonna be eighteen fifty to get it done.
Agent: [confused] Eighteen fifty? [long pause] So, um, that's eighteen hundred and fifty dollars, right? [uncertain] And that's a flat fee, you said? [curious] How much would that be, um, per month for me, on my income?
Caller: Yes, that is correct. It is going to be a flat cost. Typically, we would generate for us to start a case. It'll be two hundred fifty dollars to start. And I can break the remaining payments to eight months of about two hundred dollars. Okay? If that is outside of your budget scope, then what we're gonna do is, um, is go ahead and run a finance application see what you qualify for. Or the terms are gonna be a lot longer.
Agent: [worried] Two hundred fifty to start, and then two hundred a month for eight months? Goodness, that's, um, that's a lot for me right now. [uncertain] My budget is pretty tight, you know. [curious] What kind of financing are you talking about?
Caller: The financing option is, um, we will run you through two lenders. One is [ORG] and the other one is [ORG]. And as long as you have if you don't have less than a stellar credit, if it's only it's above five twenty, um, then we can get you approved for at least eighteen months. If it's a lot higher than that, And, typically, you'll be, uh, in the category of twenty four to thirty six months. If I'm gonna break down what those costs, costs are gonna be per month, if we go with the get approached for the eighteen month term. We're looking at a payment of about a hundred and twenty four month. If I'm looking up for the twenty four months, and we're looking at a payment of about
Caller: ninety three dollars a month.
Agent: [confused] Five twenty for my credit? Oh, um, I don't really know what my credit score is, dear. [calm] Oh, a hundred and twenty-four dollars or ninety-three dollars a month. [hopeful] That sounds a bit more manageable, you know. [uncertain] But my credit isn't, um, isn't the best, dear. [NAME] always handled that. [curious] Do you think I'd qualify for that?
Caller: What's your what's your current credit score, and when's the last time you checked it?
Agent: [uncertain] Oh, my credit score? Goodness, I don't even know, dear. [confused] I haven't checked it in, um, in ages. [NAME] always kept track of that. [curious] Is there a way for you to check it without me knowing the number?
Caller: I can definitely run a finance application here. I just need to gather some basic information here, miss [NAME]. It's gonna be your first, last name, Um, it's gonna be your phone number, email address, date of birth, current address, and [SSN]. And then just a little bit about your current, uh, job history. Or current job situation or living situation right now, and I can have it processed in about a couple of minutes.
Agent: [nervous] Oh, my [SSN]? [uncertain] I don't usually give that out over the phone, dear. It makes me a bit uneasy, you know. [curious] Is there another way to apply for that financing, like through the mail or something?
Caller: Hi. Uh, typically, no. We do have to run it through our system. I can send you my direct email address if you wanna if you think it our systems are secure. Of course, we are. Tax firm and the tax attorney, all our systems are secure. We could try via email. Um, for me to get that information, for me to process it. Um, typically, there's nothing to do just over the mail. Unfortunately.
Agent: [uncertain] Email, hmm. I'm not very good with email, you know. My grandson usually helps me with that. [sighing] All right, well, if you really need it, I suppose. [nervous] Just, um, just be careful with it, dear. [long pause] Let me see, it's, um, [SSN]. Did you get all that?
Caller: I did not bear with me one second. I am still pulling up your case file here. I wanna start with your first and last name, the spelling of it. The first name is gonna be [NAME], e d n a. And the last name is gonna be [NAME], w
Caller: h I t c o m b. Is that correct?
Agent: [calm] Oh, [sighing] I thought you were ready for my [SSN]. [satisfied] Yes, [NAME], E-D-N-A. Yes, [calm] that's correct, dear. [NAME]. [curious] And what else do you need from me for this, um, financing application?
Caller: Yes. Uh, your date of birth, please, ma'am?
Agent: [uncertain] My date of birth? Oh, goodness. [calm] Let me see, it's, um, [DOB]. [curious] Is that what you needed?
Caller: [DOB].
Agent: [calm] Yes, that's right. [curious] And what's next?
Caller: Perfect. And then alright. And what is your [SSN]? What is your [SSN]? I'm sorry. I can apply it here in our system.
Agent: [nervous] Oh, my [SSN] again? [sighing] All right, dear, just, um, just a moment. [long pause] It's, um, [SSN]. [curious] You got it that time?
Caller: Yes, I believe so. So it's [SSN], is that correct?
Agent: Yes, [calm] that's correct. [curious] And what else do you need to know to get this financing for me?
Caller: Yes, of course. Your current street address, please? Your current address?
Agent: [calm] Oh, my address. It's, um, [ADDRESS]. [pause] That's H-I-B-I-S-C-U-S. [pause] Sarasota, Florida. [pause] [ZIP]. [curious] Did you get that all down?
Caller: Yes. Um, so I have [ADDRESS] Okay. Sarasota, Florida. Excuse me. [ZIP]. Is that correct?
Agent: [confused] No, dear, it's [ZIP]. [calm] Not [ZIP]. [curious] Did you get that fixed?
Caller: [ZIP], it's not [ZIP]?
Agent: No, [calm] it's [ZIP]. [curious] Did you get that straightened out for me?
Caller: [ZIP]. Is that correct?
Agent: Yes, [calm] that's correct. [curious] And what else do you need to know for this financing?
Caller: The other thing is just a little bit about current financial circumstance here now. The first thing that they're going to ask is your, uh, your current home. How much do you pay for rent? And how long have you lived in?
Agent: [calm] Oh, my home. Well, I own my home, dear. [sighing] [NAME] and I bought it back in '78. [curious] So I don't pay rent. Does that, um, does that make a difference?
Caller: Yep. It doesn't make a difference. All I'm gonna do is put zero. So seventy eight is when bear with me just a second here. I'm putting all of this together. Are you on fixed income? Is it [ORG] or is it, um, [ORG], [ORG]? What are you on right now, man?
Agent: [calm] Oh, it's just [ORG], dear. [sighing] And a little bit from [NAME]'s pension, you know. [curious] Does that count as fixed income for you?
Caller: Okay.
Caller: That's count as an income for sure. Um, and what is the total if you would have to figure out what the yearly gross that you receive for both, what would that be?
Agent: [calm] It's not much. [confused] Yearly gross? Oh, um, I told the other young lady it was about, um, two thousand, two thousand five hundred a month, you know. [uncertain] So if you multiply that by twelve, that'd be... [long pause] maybe twenty-four to thirty thousand, I suppose. [curious] Does that sound about right?
Caller: That was about right, for sure.
Agent: [calm] Okay, good. [curious] And what else do you need to know about my finances?
Caller: Got it. And when did you start receiving [ORG] then?
Agent: [calm] Oh, goodness. [long pause] I think I started receiving it, um, when I turned sixty-five, you know. [uncertain] So that would be, um, nine years ago now. [curious] Does that make a difference for the financing?
Caller: It doesn't really make a significant difference. They just want to to kind of see what what the history is. It's all Okay? About nine years. And I do wanna ask, I know we're completing the financing here. Any letters that you have received recently from the [ORG]? I just I know this is a little bit of a different question, but I just want to know how quickly they would need to pursue proceed with the case.
Agent: [confused] Any letters? Oh, um, I think I told the other young lady I got one a week or two ago. [uncertain] It was just a regular one, you know, nothing special. [curious] Do you need me to go find it?
Caller: If you if it's not too much trouble, um, if it's not certified, that's great. But if it's too not too much trouble, I would like to know. There's typically a code on a top right corner of that letter that helps me kinda figure out um, exactly what that letter is and what they're trying to do. It's okay with you, ma'am.
Agent: [sighing] Oh, goodness. [uncertain] Well, it's in the pile with all the other mail, you know. [long pause] Hold on a minute, let me see if I can find it. [rustling sounds] My eyes aren't what they used to be. [long pause] Hmm, let me see... [long pause] Oh, here's one. It's, um, it's from the [ORG]. [curious] Is that the right one?
Caller: That that's exactly it.
Agent: [calm] Okay, good. [long pause] So, um, [confused] a code, you said? Let me see. [long pause] Oh, here it is. It's, um, CP. [pause] CP one four. [curious] Is that what you're looking for?
Caller: Yes. Outright corner of that letter.
Agent: [calm] Yes, it says CP one four. [curious] Does that tell you what you need to know, dear?
Caller: Yeah. That's exactly what I need to know. Perfect. Thank you for providing that information. So typically, a CP one four is just an initial contact with the [ORG] and you owe the tax debt. Are they asking for any specific timeline that you need to answer that letter by?
Agent: [confused] A timeline? Oh, um, it says, um, ""respond within twenty-one days."" [nervous] Goodness, that was, um, a week ago already. [worried] Is that bad? What happens if I don't respond in time?
Caller: Yeah. So, typically, we wanna address any letter that you receive from the [ORG]. Uh, it just kinda shows that you're not neglecting this tax debt. So that way but we will get ahead of that letter and make sure that it gets resolved correctly in this address. The one thing why I asked that is because, um, we we wanna show them that we're on top of this. Let's say that we're not neglecting this sector. That we're actually doing everything we can to get it resolved properly. Okay? We will get ahead of it. Not to worry.
Agent: [hopeful] Oh, so you'll handle that letter for me? That's a relief. [grateful] I certainly don't want to neglect anything, you know. [curious] So, um, have you finished with the financing application now?
Caller: Yes. I have. And I'm seeing that it is being processed through [ORG]. Um, and it's also gonna request, uh, for security purposes, and you are, uh, miss [NAME], that's requesting a financing. You're gonna receive a five digit code via SMS. I'm gonna verify that code in our system. Let me know if you received that via text.
Agent: [confused] A five-digit code? Oh, um, I don't usually get texts, dear. [uncertain] My phone is just for calls, you know. [curious] Where would I find that code? Is it on my regular phone screen?
Caller: It should be on a regular phone if you don't receive text, um, I could try to send it on a different way. Um, do you have access to your email?
Agent: [uncertain] My email? Oh, goodness, not really, dear. [sighing] My grandson sets that up for me, and he's at college now. [confused] Can't you just, um, send it to my phone like a regular call?
Caller: It wouldn't come through a regular call. It would just come through just via SMS. They don't typically call but it's alright. Um, I'm gonna process it through one other lender and see what we qualify for. Okay? That doesn't require that verification code.
Agent: [calm] Oh, you'll try another one? [hopeful] That's very kind of you, dear. [curious] So, um, will that one need a code too, or will it just tell you if I'm approved?
Caller: It does not It's not gonna require a code. That one is gonna tell us if we are approved.
Agent: [satisfied] Oh, good. No code then. [calm] That's much easier for me, you know. [long pause] So, um, [curious] how long does that one usually take to get approved?
Caller: Uh, just about a minute or two. Uh, should it take too long. It is being processed here now.
Agent: [calm] Okay, a minute or two. [long pause] I'll wait then. [sighing] All this technology, it's a lot to keep up with, you know. [curious] So, um, if I get approved, what happens next?
Caller: Yes, ma'am.
Agent: happens next?
Caller: What happens next is that we're gonna schedule a case review appointment with the [ORG] today.
Agent: [confused] A case review appointment with the [ORG]? [nervous] Oh, goodness. Do I have to be there? [curious] I thought you said you'd handle all that for me.
Caller: And, um, and typically, once Mhmm.
Caller: A case review appointment is basically uh, getting the contact with the [ORG], seeing what they have against you, what they're planning to next, and actually pull your [ORG] from the file.
Agent: A case review appointment? [uncertain] With the [ORG]? [nervous] Oh, I thought you said I wouldn't have to talk to them. [curious] What exactly is a case review? [confused] A case review appointment with the [ORG] today? Oh, um, I didn't realize it would be so fast. [nervous] Do I have to be on that call, or do you handle it? [curious] And what time would that be?
Caller: We handle everything, uh, from here. I still haven't looked at my senior's attorney's calendar. I will look at it here in just a second once we get it approved.
Agent: [satisfied] Oh, you handle everything. [grateful] That's a relief. [calm] I don't think I could handle talking to the [ORG] myself right now. [curious] So, um, any news on that financing approval yet?
Caller: Yes. So it looks like here we got approved for thirteen months. Okay? This is how typically it works. The the total cost is eighteen fifty. The typical initial payment is still gonna be the two hundred and fifty dollars to get the case started. And then the other payments will be broke down to thirteen months where the payments gonna be a hundred and twenty three dollars a month. Okay? So it's that initial start indicates it's gonna be a little bit higher. Okay? But other than that, um, the payments the monthly payments are gonna be in your budget, which is gonna be a hundred and twenty three dollars a month. Is this something you could do, ma'am?
Agent: [calm] Oh, a hundred and twenty-three dollars a month. And two hundred and fifty to start. [uncertain] That's, um, that's still a bit of money, dear. [long pause] So, um, [curious] when would that first payment be due?
Caller: Uh, typically, we require the first payment within at least seven business days. So I could schedule something for next Thursday. Sooner the better because we can file that power of attorney, attorney and state of collections. Okay?
Agent: [nervous] Next Thursday? Goodness, that's fast. [uncertain] I'd have to, um, check my bank account, you know. [curious] Is there any way to make that first payment a little smaller, or maybe push it back a bit?
Caller: Bear with me just second here. Let me just double check.
Agent: [calm] Okay, dear. [long pause] I just, um, I like to be prepared, you know. [sighing] [NAME] always said  ...[TRUNCATED FOR EXCEL - see scamai_full_1000.csv for complete text]",0,0.4862,0
scamcall_00501,nonscam,scamai_honeypot,spam,False,high,inconclusive,scammer_gave_up,,,138,14568,2445,"Agent: Hello?
Caller: Hello. Hi there. Good morning, [NAME]. My name is [NAME]. How are you?
Agent: [confused] [NAME]? Hey, um, good. What's — what's this about?
Caller: Mhmm.
Agent: Okay. So, [curious] what's this regarding?
Caller: Oh, well, [NAME], we're reaching out because mhmm.
Agent: Okay. So, [curious] what's this about? You're saying there's a problem with my — my [ORG] account?
Caller: Hello, [NAME]?
Agent: Yeah, I'm here. [confused] What's this about, [NAME]?
Caller: Okay.
Caller: Well, [NAME], we're reaching out because we just wanna let you know that for currently having a major price drop for both auto and home and we just wanna share those comparative options with you. So, [NAME], to get you the best rates, just wanna make sure who do you currently have right now
Caller: your auto and home insurance?
Agent: I'm a little busy. Oh, right, the — the insurance thing, yeah. [uncertain] Um, I've got, like, [ORG], I think, for the cars and [ORG] for the house. Something like that. [curious] So, what kind of rates are we talking about?
Caller: Okay. So, yeah, let's see here. And just wanna make sure, you are still here in Ohio. Right?
Agent: Yeah, [sighing] I'm still in Ohio. Reynoldsburg, outside Columbus. [curious] Why?
Caller: Okay. Well, just wanna make sure.
Agent: Okay. [curious] So, what do you — what do you need from me here?
Caller: Okay. And many of your vehicles are insured with [ORG] right now?
Agent: Uh, yeah, the — the two cars, my truck. [uncertain] All with [ORG], I think. [curious] Does that matter?
Caller: Okay. Alright. Well, [NAME], by the way, to share with you the best rates and coverage that we have, I do have here my licensed adviser to finish this quote for you. Please take over. Thank you.
Agent: [confused] Wait, what? You're just gonna transfer me? I thought you were gonna tell me the rates. [impatient] Can't you just tell me?
Caller: Oh, actually, uh, I'll be having my licensed adviser here
Agent: [sighing] Look, I'm kinda busy, you know? I'm on the phone all day. [impatient] Can't we just get this done?
Caller: Yes, sir. Just one moment.
Agent: [impatient] Alright, alright.
Caller: Just one moment. Okay? Because, actually, my licensed adviser can see the full access of your information here. Alright?
Caller: So please bear with me. Anyways, I already informed them that I have you on the line.
Caller: So [ORG] for your home.
Agent: [sighing] Fine. Just — just hurry it up, please. [sighing] Okay, fine. [impatient] Just — just don't keep me waiting all day. Okay, [sighing] I'm here. Yeah, [ORG] for the house. [curious] So what's the deal?
Caller: Okay.
Agent: [curious] What do you need from me?
Caller: Yes. Mhmm. Okay. So, [NAME], as I was saying, mhmm. I already have my licensed adviser here to finish this quote for you.
Caller: Anyone on the line with us?
Agent: Okay, okay. [impatient] So put 'em on. [impatient] Yeah, I'm still here. [confused] Is someone else gonna talk to me or what?
Caller: Yes, sir.
Caller: Just one moment.
Agent: [sighing] Alright. [sighing] This is taking a while, you know? [impatient] I gotta get back to work.
Caller: Oh, no, sir.
Agent: [impatient] So what's happening?
Caller: Okay. Sorry about that, sir. Okay? Let me try again for the last time.
Agent: [sighing] Alright. [impatient] Just let me know what you need.
Caller: Yes, sir. So as I was saying, I already have my licensed adviser. Anyone on the line with us?
Caller: With [NAME]? Can you hear me? This is [NAME]. I can take from there. Yes, [NAME]. Thank you. I do have here [NAME]. Thank you. Good morning. Thank you. Good morning, [NAME]. Sorry for the wait there. How are you doing today?
Agent: [impatient] Yeah, I'm here. [confused] Still waiting for this adviser. Is he gonna pick up? [impatient] Hey, [NAME]. Yeah, a bit of a wait, but I'm here. [curious] So, what's up? What's the best rate you got?
Caller: Well Yeah. We'll we'll check it out real quick. See what we can do for you. It doesn't take me long just to see. I heard you're at work right now. If we do need to just take a schedule and call back too, that's fine. Um, Um, but I'm pretty quick, so we see what we can do here for both. Who do you have for your policy right now?
Agent: Yeah, I'm at work. Look, [impatient] let's just get it done now if we can. I got [ORG] for the house, [ORG] for the cars. [curious] What do you need from me to get this quote going?
Caller: Yeah. Uh, not much. I mean, I have the address here. I know you're out in Reynoldsburg. And let me see if we have the cars as well.
Caller: Is there any other driver aside from yourself, [NAME]?
Agent: Yeah, [curious] so you got the address, the car info? Yeah, my wife, [NAME]. And then, uh, my two teenagers, you know, they're on there too. [curious] Do you need their names?
Caller: Okay. Uh, let's see.
Caller: Yeah. What's their first names?
Agent: [curious] What else do you need? Okay, so there's [NAME], my wife. Then my son, [NAME], he's seventeen. And my daughter, [NAME], she's fifteen. [curious] You need their birthdates too?
Caller: Okay. I'll just need [NAME] birthday because I'm assuming [NAME] just has, um, a permit right now.
Agent: Uh, yeah, [NAME] just has her permit. [NAME]'s birthday is, uh, [DOB]. [curious] Got that?
Caller: Yeah. Okay. Perfect. So as far as [NAME] goes, she just gets automatically covered under permissive use until she gets her license. Then she can be, like, actually on the policy. So make sure [NAME] is covered as well as a driver. Has anyone had any tickets or accidents, [NAME]?
Agent: Uh, no, not that I recall. [uncertain] I mean, knock on wood, everyone's been pretty clean. [curious] Why, does that impact the quote a lot?
Caller: No. Okay.
Agent: So what's next?
Caller: Okay. Perfect.
Agent: [curious] What else do you need?
Caller: Let's see. I have a Ford Focus in a Honda for you.
Agent: [confused] A Ford Focus and a Honda? [uncertain] No, I've got a Ford F-150 and a Honda CR-V, and my wife has a Toyota Camry. [curious] Where'd you get Focus from?
Caller: Yes. Let me see. Two thousand seventeen. Uh, it is a f one fifty. That's the Ford f one fifty. It's a twenty seventeen model.
Agent: Okay, yeah, the F-150 is a 2017. [confused] But then there's a Honda CR-V, not just a Honda. And a Toyota Camry. [curious] Do you see those on there?
Caller: And it's a twenty nineteen Honda. The
Agent: [confused] Twenty nineteen Honda? [uncertain] No, my CR-V is a 2021. And [NAME]'s Camry is a 2022. [curious] Are you sure you got the right info there?
Caller: okay. So the only one we were missing actually is the Camry.
Agent: Yeah, the Camry's a 2021. [curious] So you got the F-150 and the CR-V now?
Caller: Yeah. Mhmm. So I just needed this last one. Are any of the vehicles being financed, [NAME]?
Caller: Or [NAME]? See.
Agent: Uh, yeah, the F-150 and the Camry are both financed. [curious] Why? Does that change the rate? [sighing] Yeah, the truck's still financed. The Camry too. The CR-V is paid off. [curious] Why?
Caller: Okay.
Caller: And that one's paid off. Just so I can have that information, and then we will be able look at the coverages. Do you have a preference for your deductible?
Agent: [curious] What's that gotta do with the quote? [uncertain] Uh, five hundred, I guess. [curious] What are the options?
Caller: Okay.
Agent: [curious] What's the best way to go?
Caller: Most clients, I do think, will will go with either a thousand or five hundred.
Agent: [impatient] Okay, so five hundred's fine. Let's just go with that. [curious] So what's the quote looking like?
Caller: Okay.
Agent: [curious] What's the best rate you can give me?
Caller: As far I'm almost finished now.
Agent: [impatient] Okay. [sighing]
Caller: Yeah. Just bear with me one second.
Caller: Then I'll be able to tell you. So five hundred deductible We'll add roadside assistance unless you have [ORG].
Caller: And then what about any rental car coverage, [NAME]?
Agent: [sighing] Alright. [confused] Roadside assistance? [uncertain] Uh, yeah, I guess. Uh, yeah, throw in the rental car coverage. [uncertain] I don't have [ORG]. [curious] So what's the total look like?
Caller: Okay.
Agent: [curious] What's the best rate?
Caller: Okay.
Agent: [impatient] So what's the number?
Caller: Right. Yes. I'm working on giving that number to you. I'd have to put the coverages in, and then I'll be able to tell you.
Agent: [sighing] Alright, alright. [impatient] Just let me know when you got it.
Caller: If we're looking at just the auto insurance, we're looking
Caller: monthly payment would be three eighty six and two cents.
Agent: Okay. [curious] [surprised] Three hundred eighty-six bucks a month? For just the auto? [doubtful] That seems a little high, doesn't it? What about the home?
Caller: That's just the auto insurance.
Caller: Now the home,
Agent: [confused] So, what's the home gonna be on top of that? [worried] That's a lot for just the cars. [confused] So that's just the auto. [worried] What about the home? What's that gonna be?
Caller: Let's see.
Agent: [impatient] So what's the home gonna be?
Caller: Yeah. Just bear with me one moment, and then I can get you that information.
Caller: I just have to put in the information for the home. Now you know the year it was built?
Agent: [sighing] Alright. [impatient] Just let me know. [sighing] Yeah, the house was built in 1999. [curious] What else do you need for that?
Caller: And then the square footage.
Agent: [uncertain] Uh, about twenty-five hundred square feet, I think. [curious] Does that sound right?
Caller: Okay.
Caller: Okay. Perfect.
Agent: [curious] So what's the total for both?
Caller: So with the auto and home bundled together, the auto insurance would be three thirty and fifty three cents, and the homeowner's insurance would be a premium for the year of two thousand two hundred and twenty eight dollars.
Agent: [confused] So, three-thirty a month for the cars, and then two thousand two hundred and twenty-eight for the year on the house? [uncertain] So, like, another couple hundred a month for the house? [impatient] That's still sounding pretty high, man.
Caller: Mhmm.
Caller: Okay. It's high compared to where you're at?
Agent: [sighing] Yeah, I mean, I'm paying a lot less than that right now. [doubtful] Are you sure that's the best you can do?
Caller: Okay.
Agent: [curious] What can we do to get that down?
Caller: What I can do because I know we were kinda short on time. What I can do is let me work on this a bit more see if there's any adjustments I can make, and then I can email this information
Caller: you. Would that be alright, mister [NAME]?
Agent: [impatient] Nah, man, I'm just trying to get this handled now. [sighing] Look, what do you need to just get me signed up today? What's the process? [impatient] Well, I was hoping to just get it done now, honestly. [uncertain] Can't we just, like, tweak it a bit and see if we can get a better number? [curious] What if I raise the deductible, or something?
Caller: Yeah. So let me ask you this. With the auto policy, you said we're about a hundred dollars more?
Caller: Compared to you at right now?
Agent: [uncertain] Yeah, something like that. [curious] What can we do about that? [sighing] Yeah, pretty much. [impatient] And the house is a little more too. [curious] What can we do to get it closer to what I'm paying?
Caller: Okay. Okay.
Agent: [impatient] What do you need from me to make that happen?
Caller: Now
Caller: Honestly, what I'm looking here mean, you have great coverage on the auto policy. I'm not the type two give someone a bad policy just to get the coverage cheaper.
Caller: I can see that with you're with [ORG] right now? That's what it shows in the system.
Caller: Is that correct?
Agent: [curious] What can we do? [sighing] Right, right, I get it. [impatient] But I'm just trying to see if we can get the price down a bit, you know? [curious] Is there anything else you need from me to find a better rate? [confused] [ORG]? [uncertain] No, I told you, I'm with [ORG] for the cars. [impatient] Are you sure you're looking at the right thing? [confused] [ORG]? No, I'm with [ORG] for the cars. [uncertain] Are you sure you're looking at the right thing?
Caller: Yeah. That's what I thought. Okay.
Agent: [impatient] So what does that mean?
Caller: Yeah. Um, sometimes sometimes, um, [ORG] doesn't report to the database that we use, so it's no big deal.
Caller: I just also saw, like, maybe you had had [ORG] at one time. I'm not sure, but
Caller: no biggie. As far as the coverages go, I mean, have a hundred thousand per person, three hundred thousand each accident. You're a homeowner. That's where I would suggest your coverage be. I think just in your case, seems like we're maybe just on the higher side right now with the auto policy. The may other suggestion I would say would be to raise the deductibles up to a thousand, not sure if that's what you have currently with [ORG] or is it at five hundred right now?
Agent: [sighing] Okay. [impatient] So what's the next step here? [sighing] Look, I've been with [ORG] for years. [impatient] So what's the deal here? Can we get a better rate or not? [uncertain] Uh, I think it's five hundred. [sighing] Look, I just want to get the best rate. [impatient] What's it gonna take to get this closer to what I'm paying now?
Caller: Five hundred. Okay.
Agent: [impatient] What do you need from me to get a better number?
Caller: This is just the rate. So what I can say is maybe six months down the line, we can give you update this information. The good thing is we've done the legwork today.
Agent: [impatient] So you're saying I should just wait? [doubtful] I was hoping to save some money today, you know? [curious] Is there anything else you can do right now?",0,0.4791,1
scamcall_00502,nonscam,scamai_honeypot,spam,False,high,references_prior_action,inconclusive,,impersonates_insurance,1341,14421,14826,"Agent: Hello?
Caller: Hi. Is this [NAME]?
Agent: Yeah, this is [NAME]. [curious] Who's this?
Caller: Hi, [NAME]. This is [NAME] with [ORG]. You had submitted a request
Caller: online for pet insurance?
Caller: To [ORG].
Agent: Oh, hey [NAME]. [confused] [ORG], huh? Oh, [confused] for real? Pet insurance... yeah, I think I did, um, the other day. [curious] What's up with that? Oh, [confused] the pet insurance, yeah. I mean, I was just kinda lookin' around, you know? What's up with that?
Caller: The pet insurance?
Agent: Yeah, the pet insurance. [confused] What about it?
Caller: Yeah. So the policy like, there's a lot of different options. You can kinda have one for, like, accidents, um, incidents and, like, wellness. That does, like, general wellness, like teeth, you know, teeth cleaning, checkups, things like that.
Caller: Or you can just have them for more, like, um, like, bigger things like surgeries. Maybe there was a accident that happened. Maybe they saw the soccer or something, and they need, like, extensive surgery. There's a different plans that you can choose from. It really just depends on, like, what you're looking for.
Agent: Right, right, [curious] so what's the — what's the best option, you think? For me, I mean. Okay, [curious] so what's the — what's the best one, you think? For, like, you know, just in case something major happens, but also, like, the regular stuff too. You feel me?
Caller: Um, I would do the accident incident, and wellness plan. It's really only, like, ten dollars more monthly, and it covers everything. And and that's really the big thing. Like, yeah, the big accidents, they are costly, but so does preventative care. Like, going for shots and stuff like that. I mean, I know that stuff alone, even, like, getting your pet neutered, it's, like, five hundred bucks, and that adds up.
Caller: You know? If you have to do that every couple months for shots or things like that, especially if they're young,
Caller: yeah, you know, the policy is definitely definitely worth it at that point.
Agent: Okay, [curious] so it covers like, the shots and all that then? The regular checkups?
Caller: Yes. It does.
Agent: Aight, [calm] that sounds good then. Yeah, let's just — let's just go with that one. How do we, uh, how do we sign up for that?
Caller: Yeah. Um, I just have to get some information about your pet. Um, I can, if you prefer, I can email you over what we would need
Caller: if you need to gather some stuff. Um, we would need, like,
Caller: last time they went to the vet, age, name, breed, um, and then, you know, I can send you options for the plan. I do have your
Agent: Nah, man, [calm] we can just knock it out now. Nah, man, [calm] we can just do it now. I got a minute. What — what do you need? Nah, [calm] we can just do it now. I got a minute. Um, so I got — I got a dog, right?
Caller: email here. It's the [EMAIL]?
Agent: Hold up, [confused] say that email again? That ain't — that ain't my email, man.
Caller: Does that work for you?
Agent: that again? My email's what now?
Caller: Um, the email that was submitted was [NAME]
Caller: dot whitecomb at g mail dot com.
Agent: Nah, man, [confused] that ain't — that ain't my email. [confused] [NAME]? No, man, that ain't me. My email is [EMAIL].
Caller: Is that
Caller: that's what
Caller: yes. That's what came through.
Agent: Nah, that's not — that's not my email, man. [doubtful] Where'd you get that from? No, that's-- No, that's not my email, man. [confused] Where'd you get that from? No, that's [worried] — that's not my email, man. My email is [EMAIL]. That's — that's not right.
Caller: Two eight
Caller: four one. Okay. Two eight four one. Okay. I'll follow-up with the email to you, [NAME].
Agent: That's not my email. Aight, [calm] yeah, please do. And then, um, what else you need from me? Like, can we just do it over the phone, you know, just knock it out?
Caller: If you've if you've got time to go through the quote
Agent: Yeah, [calm] I mean, I got a minute. Let's just knock it out.
Caller: info.
Agent: So, um, what's, uh, what's my dog's name? [chuckling] I mean, what's the dog's name you got on file, I guess?
Caller: Okay. Okay. You
Agent: the next thing you need?
Caller: Let's let me get it pulled up really quick.
Agent: Aight. [calm]
Caller: And it was [NAME], and then what were the numbers in your email?
Agent: It's [calm] [NAME] two eight four one. That's the numbers.
Caller: Perfect.
Agent: So, [curious] what's the next step?
Caller: Um, what's your address, [NAME]?
Agent: Oh, [calm] it's [ADDRESS]. That's in Atlanta, Georgia, [ZIP].
Caller: Okay. And is that where you live?
Agent: Yeah, [calm] that's my home address.
Caller: In Atlanta, Georgia? Okay. So, um, [NAME], we're actually based in Washington. State. Um, we don't actually do insurance in Georgia. I can get you over to a agency in Georgia though that would be able to set that policy up.
Agent: Oh, [sighing] for real? You can't just like, you know, transfer it over or something? I gotta talk to somebody else?
Caller: Uh, yep. You gotta talk to an agent in Georgia. I can get you over to an agency that is in Atlanta.
Caller: That does the pet insurance with the same company.
Caller: We're just not licensed there. So
Agent: Aight. [calm] Well, can you just connect me then? Like, can we just do it now? [sighing] Aight, [calm] well, I mean, if you can just send me over there, let's just do it. I'm already on the phone, you know?
Caller: Yeah. You got it. I'll get you over to him.
Caller: Give me one moment.
Agent: Aight. [calm]
Caller: Are there high end purchases on your holiday gift list? Perhaps an expense
Agent: [confused] Hello?
Caller: Thank you for calling your [ORG].
Caller: This call may be monitored and recorded for internal business purposes.
Agent: [confused] Hello? Who's this? I just got transferred. Hello? [confused] Is [NAME] still there?
Caller: How can we help you today? You can say service existing policy,
Caller: or press one. Claims or press two.
Caller: Buy a new policy or press three.
Agent: [confused] Is this still about the pet insurance? Uh, [confused] new policy, I guess? I was just talking to [NAME]. She was gonna transfer me.
Caller: Alright. Get a quote.
Agent: Yeah, [calm] get a quote.
Caller: Let me get you to an agent who can help. View our privacy policy at [ORG] slash privacy.
Caller: com slash privacy.
Agent: Aight, [calm] thanks. Aight. [calm]
Caller: All of our local agents are assisting other customers.
Caller: If you prefer to leave a voice mail, press one, or you may hold for the next available agent.
Agent: [sighing] Man. [sighing] Aight, [calm] I'll hold.
Caller: All of our local agents are assisting other customers. If you prefer to leave a voice mail, press one, or you may hold
Agent: [sighing] Aight. [calm]
Caller: for the next available agent.
Agent: [sighing] This is crazy, man. [worried] How long is this gonna take?
Caller: All of our local agents are assisting other customers.
Caller: If you prefer to leave a voice mail, press one, or you may hold for the next available agent.
Agent: Aight. [sighing] I'll just keep holding, I guess. [sighing] Aight. [calm]
Caller: All of our local agents are assisting other customers.
Caller: If you prefer to leave a voice mail, press one, or you may hold for the next available agent.
Agent: [sighing] This is ridiculous. [worried] Can I just get somebody on the phone? [sighing] This is ridiculous. [worried] Can I just like, press one to leave a message? And then somebody will call me back?
Caller: All of our local agents are assisting other customers. If you prefer to leave a voice mail, press one, or you may hold for the next
Agent: [sighing] Aight, [calm] I'll just hold.
Caller: available agent.
Agent: Aight, [calm] I'm just gonna hold.
Caller: All of our local agents are assisting other customers. If you prefer to leave a voice mail, press one, or you may hold for the next
Caller: available agent.
Agent: [sighing] Aight, [calm] I'm still here.
Caller: All of our local agents are assisting other customers. If you prefer to leave a voice mail, press one, or you may hold for the next
Agent: [sighing] Aight, [calm] I'm still holding.
Caller: available agent.
Agent: [sighing] Aight, [calm] I'm still here.
Caller: All of our local agents are assisting other customers.
Caller: If you prefer to leave a voice mail, press one, or you may hold for the next available agent.
Agent: [sighing] Aight, [calm] I'm still here. [sighing] Aight, [calm] I'm still here.
Caller: All of our local agents are assisting other customers. If you prefer to leave a voice mail, press one, or you may hold for the next available agent.
Agent: [sighing] Aight, [calm] I'm still here.
Caller: All of our local agents are assisting other customers.
Caller: If you prefer to leave a voice mail, press one, or you may hold for the next
Caller: available agent.
Agent: [sighing] Aight, [calm] I'm still here. [sighing] Aight, [calm] I'm still here. [sighing] Aight, [calm] I'm still here.
Caller: All of our local agents are assisting other customers.
Caller: If you prefer to leave a voice mail, press one, or you may hold for the next available agent.
Agent: Aight, [sighing] man, [worried] this is ridiculous. Can I just get somebody on the phone? [sighing] Aight, [calm] I'm still here.
Caller: All of our local agents are assisting other
Caller: customers. If you prefer to leave a voice mail, press one.
Caller: Or you may hold for the next available agent.
Agent: [sighing] Aight, [calm] I'm still here. [sighing] Aight, [calm] I'm still here. [sighing] Aight, [calm] I'm still here.
Caller: All of our local agents are assisting other customers. If you prefer to leave a voice mail, press one, or you may hold
Agent: [sighing]
Caller: for the next available agent.
Agent: Aight, [calm] I'm still here.
Caller: All of our local agents are assisting other customers. If you prefer to leave a voice mail, press one, or you may hold
Caller: for the next available agent.
Agent: [sighing] [sighing] Aight, [calm] I'm still here.
Caller: All of our local agents are assisting other customers. If you prefer to leave a voice mail, press one, or you may hold for the next
Agent: [sighing]
Caller: available agent.
Agent: Aight, [calm] I'm still here.
Caller: All of our local
Caller: are assisting other customers. If you prefer to leave a voice mail, press one.
Caller: Or you may hold for the next available agent.
Agent: [sighing] This is crazy. [worried] How long do I gotta wait? [sighing] Aight, [calm] I'm still here. [sighing] Aight, [calm] I'm still here.
Caller: All of our local agents are assisting other customers. If you prefer to leave a voice mail, press one, or you may hold
Agent: [sighing]
Caller: for the next available agent.
Agent: Aight, [calm] I'm still here.
Caller: All of our local agents are assisting other customers.
Caller: If you prefer to leave a voice mail, press one, or you may hold for the next available agent.
Agent: [sighing] Aight, [calm] I'm still here. [sighing] Aight, [calm] I'm still here.
Caller: All of our local agents are assisting other customers. If you prefer to leave a voice mail, press one, or you may hold for the next available agent.
Agent: [sighing] Aight, [calm] I'm still here.
Caller: All of our local agents are assisting other customers. If you prefer to leave a voice mail, press one, or you may hold
Agent: [sighing]
Caller: for the next available agent.
Agent: Aight, [calm] I'm still here.
Caller: All of our local agents are assisting other customers. If you prefer to leave a voice mail, press one, or you may hold
Agent: [sighing]
Caller: for the next available agent.
Agent: Aight, [calm] I'm still here.
Caller: All of our local agents are assisting other
Caller: customers. If you prefer to leave a voice mail, press one.
Caller: Or you may hold for the next available agent.
Agent: [sighing] [sighing] [sighing] Aight, [calm] I'm still here.
Caller: All of our local
Agent: [sighing] This is crazy. [worried] I can't believe this.
Caller: agents are assisting other customers. If you prefer to leave a voice mail, press one.
Caller: Or you may hold for the next available agent.
Agent: Aight, [calm] I'm just gonna hold. Aight, [calm] I'm still here.
Caller: All of our local agents are assisting other customers. If you prefer to leave a voice mail, press one, or you may hold for the next
Agent: [sighing]
Caller: available agent.
Agent: Aight, [calm] I'm still here.
Caller: All of our local agents are assisting other customers.
Caller: If you prefer to leave a voice mail, press one, or you may hold for the next
Caller: available agent.
Agent: [sighing] Aight, [calm] I'm still here. [sighing] [sighing] Aight, [calm] I'm still here.
Caller: All of our local agents are assisting other customers. If you prefer to leave a voice mail, press one, or you may hold
Agent: [sighing]
Caller: for the next available agent.
Agent: Aight, [calm] I'm still here.
Caller: All of our local agents are assisting other customers. If you prefer to leave a voice mail, press one, or you may hold for the next
Caller: available agent.
Agent: [sighing] [sighing] Aight, [calm] I'm still here.
Caller: All of our local agents are assisting
Caller: other customers. If you prefer to leave a voice mail, press one.
Caller: Or you may hold for the next available agent.
Agent: [sighing] [sighing] [sighing] Aight, [calm] I'm still here.
Caller: All of our local agents are assisting other customers.
Caller: If you prefer to leave a voice mail, press one, or you may hold for the next available agent.
Agent: [sighing] [sighing] Aight, [calm] I'm still here.
Caller: All of our local agents are assisting other customers. If you prefer to leave a voice mail, press one, or you may hold
Caller: for the next available agent.
Agent: [sighing] [sighing] Aight, [calm] I'm still here.
Caller: All of our local agents are assisting other customers.
Caller: If you prefer to leave a voice mail, press one, or
Caller: you may hold for the next available agent.
Agent: [sighing] Aight, [calm] I'm still here. [sighing] [sighing] Aight, [calm] I'm still here.
Caller: All of our local agents are assisting other customers. If you prefer to leave a voice mail, press one, or you may hold
Agent: [sighing]
Caller: for the next available agent.
Agent: Aight, [calm] I'm still here.
Caller: All of our local agents are assisting other
Caller: customers. If you prefer to leave a voice mail, press one.
Caller: Or you may hold for the next available agent.
Agent: [sighing] [sighing] [sighing] Aight, [calm] I'm still here.
Caller: All of our local agents are assisting other customers. If you prefer to leave a voice mail, press one, or you may hold
Agent: [sighing]
Caller: for the next available agent.
Agent: Aight, [calm] I'm still here.
Caller: All of our local agents are assisting
Caller: other customers. If you prefer to leave a voice mail, press one.
Caller: Or you may hold for the next available agent.
Agent: [sighing] [sighing] [sighing] Aight, [calm] I'm still here.
Caller: All of our local agents are assisting other customers. If you prefer to leave a voice mail, press one, or you may hold
Agent: [sighing]
Caller: for the next available agent.
Agent: Aight, [calm] I'm still here.
Caller: All of our local agents are assisting other customers. If you prefer to leave a voice mail, press one, or you may hold
Agent: [sighing]
Caller: for the next available agent.
Agent: Aight, [calm] I'm still here.
Caller: All of our local agents are assisting
Caller: other customers. If you prefer to leave a voice mail, press one.
Caller: Or you may hold for the next available agent.
Agent: [sighing] [sighing] Aight, [calm] I'm still here. [sighing] Aight, [calm] I'm still here.
Caller: All of our local agents are assisting other customers. If you prefer to leave a voice mail, press one, or you may hold
Caller: for the next available agent.
Agent: [sighing] [sighing] Aight, [calm] I'm still here.
Caller: All of our local agents are assisting other customers.
Caller: If you prefer to leave a voice mail, press one, or you may hold for the next available agent.
Agent: [sighing] Aight, [calm] I'm still here. [sighing] Aight, [calm] I'm still here.
Caller: All of our local agents are assisting other customers. If you prefer to leave a voice mail, press one, or you may hold for the next available agent.
Agent: [sighing] Aight, [calm] I'm still here.
Caller: All of our local
Caller: agents are assisting other customers.
Caller: If you prefer to leave a voice mail, press one, or you may hold for the next available agent.
Agent: [sighing] [sighing] Aight, [calm] I'm still here. [sighing] Aight, [calm] I'm still here.
Caller: All of our local agents are assisting other customers. If you prefer to leave a voice mail, press one, or you may hold
Caller: for the next available agent.
Agent: [sighing] [sighing] Aight, [calm] I'm still here.
Caller: All of our local agents are assisting other customers. If you prefer to leave a voice mail, press one, or you may hold for the next
Agent: [sighing]
Caller: available agent.
Agent: Aight, [calm] I'm still here.
Caller: All of our local agents are assisting other customers. If you prefer to leave a voice mail, press one, or you may hold for the next
Agent: [sighing]
Caller: available agent.
Agent: Aight, [calm] I'm still here.
Caller: All of our local agents are assisting other customers.
Caller: If you prefer to leave a voice mail, press one, or you may hold
Caller: for the next available agent.
Agent: [sighing] [sighing] [sighing] Aight, [calm] I'm still here.
Caller: All of our local agents are assisting other customers. If you prefer to leave a voice mail, press one, or you may hold
Caller: for the next available agent.
Agent: [sighing] [sighing] Aight, [calm] I'm still here.
Caller: All of our local agents are assisting other customers. If you prefer to leave a voice mail, press one, or you may hold for the next available agent.
Agent: [sighing] Aight, [calm] I'm still here.
Caller: All of our local
Caller: agents are assisting other customers. If you prefer to leave a voice mail, press one.
Agent: [sighing] [sighing]
Caller: Or you may hold for the next available agent.
Agent: Aight, [calm] I'm still here.
Caller: All of our local agents are assisting other customers. If you prefer to leave a voice mail, press one, or you may hold for the next
Agent: [sighing]
Caller: available agent.
Agent: Aight, [calm] I'm still here.
Caller: All of our local agents are assisting other customers. If you prefer to leave a voice mail, press one, or you may hold for the next
Agent: [sighing]
Caller: available agent.
Agent: Aight, [calm] I'm still here.
Caller: All of our local agents are assisting other customers. If you prefer to leave a voice mail, press one, or you may
Agent: [sighing]
Caller: hold for the next available agent.
Agent: Aight, [calm] I'm still here.
Caller: All of our local agents are assisting other customers. If you prefer to leave a voice mail, press one, or you may hold for the next available agent.
Agent: [sighing] Aight, [calm] I'm still here.
Caller: All of our local agents are assisting other customers. If you prefer to leave a voice mail, press one, or you may hold for the next
Agent: [sighing]
Caller: available agent.
Agent: Aight, [calm] I'm still here.
Caller: All of our local
Caller: agents are assisting other customers. If you prefer to leave a voice mail, press one.
Caller: Or you may hold for the next available agent.
Agent: [sighing] [sighing] [sighing] Aight, [calm] I'm still here.
Caller: All of our local agents are assisting other customers. If you prefer to leave a voice mail, press one, or you may hold
Agent: [sighing]
Caller: for the next available agent.
Agent: Aight, [calm] I'm still here.
Caller: All of our local agents are assisting other customers. If you prefer to leave a voice mail, press one, or you may hold
Agent: [sighing]
Caller: for the next available agent.
Agent: Aight, [calm] I'm still here.
Caller: All of our local agents are assisting other customers. If you prefer to leave a voice mail, press one, or you may hold for the next
Agent: [sighing]
Caller: available agent.
Agent: Aight, [calm] I'm still here.
Caller: All of our local agents are assisting
Caller: other customers. If you prefer to leave a voice mail, press one.
Caller: Or you may hold for the next available agent.
Agent: [sighing] [sighing] [sighing] Aight, [calm] I'm still here.
Caller: All of our local agents are assisting other customers. If you prefer to leave a voice mail, press one, or you may hold
Agent: [sighing]
Caller: for the next available agent.
Agent: Aight, [calm] I'm still here.
Caller: All of our local agents are assisting other customers.
Caller: If you prefer to leave a voice mail, press one, or you may hold
Caller: for the next available agent.
Agent: [sighing] [sighing] [sighing] Aight, [calm] I'm still here.
Caller: All of our local agents are assisting other customers.
Caller: If you prefer to leave a voice mail, press one, or you may hold for the next available agent.
Agent: [sighing] [sighing] Aight, [calm] I'm still here.
Caller: All of our local agents are assisting other
Caller: customers. If you prefer to leave a voice mail, press one.
Caller: Or you may hold for the next available agent.
Agent: [sighing] [sighing] [sighing] Aight, [calm] I'm still here.
Caller: All of our local agents are assisting other customers. If you prefer to leave a voice mail, press one, or you may hold
Agent: [sighing]
Caller: for the next available agent.
Agent: Aight, [calm] I'm still here.
Caller: All of our local agents are assisting other customers. If you prefer to leave a voice mail, press one, or you may hold
Agent: [sighing]
Caller: for the next available agent.
Agent: Aight, [calm] I'm still here.
Caller: All of our local agents are assisting other
Caller: customers. If you prefer to leave a voice mail, press one.
Caller: Or you may hold for the next available agent.
Agent: [sighing] [sighing] [sighing] Aight, [calm] I'm still here.
Caller: All of our local
Caller: are assisting other customers. If you prefer to leave a voice mail, press one.
Caller: Or you may hold for the next available agent.
Agent: [sighing] [sighing] [sighing] Aight, [calm] I'm still here.
Caller: All of our local agents are assisting other customers. If you prefer to leave a voice mail, press one, or you may hold
Agent: [sighing]
Caller: the next available agent.
Agent: Aight, [calm] I'm still here.
Caller: All of our local agents are assisting other customers. If you prefer to leave a voice mail, press one, or you may hold
Agent: [sighing]
Caller: for the next available agent.
Agent: Aight, [calm] I'm still here.
Caller: All of our local
Caller: agents are assisting other customers. If you prefer prefer to leave a voice mail, press one, or you may hold for the next available agent.
Agent: [sighing] [sighing] Aight, [calm] I'm still here.
Caller: All of our local agents are assisting other customers.
Caller: If you prefer to leave a voice mail, press one, or you may hold for the next available agent.
Agent: [sighing] Aight, [calm] I'm still here. [sighing] Aight, [calm] I'm still here.
Caller: All of our local agents are assisting other customers. If you prefer to leave a voice mail, press one, or you may hold
Agent: [sighing]
Caller: for the next available agent.
Agent: Aight, [calm] I'm still here.
Caller: All of our local agents are assisting other customers. If you prefer to leave a voice mail, press one, or you may hold for the next
Agent: [sighing]
Caller: available agent.
Agent: Aight, [calm] I'm still here.
Caller: All of our local agents are assisting other customers. If you prefer to leave a voice mail, press one, or you may hold for the next
Caller: available agent.
Agent: [sighing] [sighing] Aight, [calm] I'm still here.
Caller: All of our local agents are assisting other customers. If you prefer to leave a voice mail, press one, or you may hold
Agent: [sighing]
Caller: for the next available agent.
Agent: Aight, [calm] I'm still here.
Caller: All of our local agents are assisting other customers.
Caller: If you prefer to leave a voice mail, press one, or you may hold for the next available agent.
Agent: [sighing] Aight, [calm] I'm still here. [sighing] Aight, [calm] I'm still here.
Caller: All of our local agents are assisting other customers. If you prefer to leave a voice mail, press one, or you may hold for the next
Agent: [sighing]
Caller: available agent.
Agent: Aight, [calm] I'm still here.
Caller: All of our local agents are assisting other customers.
Caller: If you prefer to leave a voice mail, press one, or you may hold for the next available agent.
Agent: [sighing] [sighing] Aight, [calm] I'm still here.
Caller: All of our local agents
Caller: are assisting other customers. If you prefer to leave a voice mail, press one.
Caller: Or you may hold for the next available agent.
Agent: [sighing] [sighing] [sighing] Aight, [calm] I'm still here.
Caller: All of our local agents are assisting
Caller: other customers.
Caller: If you prefer to leave a voice mail, press one, or you may hold for the next available agent.
Agent: [sighing] [sighing] Aight, [calm] I'm still here. [sighing] Aight, [calm] I'm still here.
Caller: All of our local agents are assisting other customers. If you prefer to leave a voice mail, press one, or you
Agent: [sighing]
Caller: may hold for the next available agent.
Agent: Aight, [calm] I'm still here.
Caller: All of our local
Caller: agents are assisting other customers. If you prefer to leave a voice mail, press
Caller: one, or you may hold for the next available agent.
Agent: [sighing] [sighing] [sighing] Aight, [calm] I'm still here.
Caller: All of our local agents are assisting other customers. If you prefer to leave a voice mail, press one, or you may hold for the next
Agent: [sighing]
Caller: available agent.
Agent: Aight, [calm] I'm still here.
Caller: All of our local agents are assisting other customers. If you prefer to leave a voice mail, press one, or you may hold
Agent: [sighing]
Caller: for the next available agent.
Agent: Aight, [calm] I'm still here.
Caller: All of our local agents
Caller: assisting other customers. If you prefer to leave a voice mail, press one.
Caller: Or you may hold for the next available agent.
Agent: [sighing] [sighing] [sighing] Aight, [calm] I'm still here.
Caller: All of our local agents are assisting other customers. If you prefer to leave a voice mail, press one, or you may hold for the next available agent.
Agent: [sighing] Aight, [calm] I'm still here.
Caller: All of our local agents are assisting other customers. If you prefer to leave a voice mail, press one, or you may hold for the next
Agent: [sighing]
Caller: available agent.
Agent: Aight, [calm] I'm still here.
Caller: All of our local agents are assisting other customers. If you prefer to leave a voice mail, press one, or you may hold
Agent: [sighing]
Caller: for the next available agent.
Agent: Aight, [calm] I'm still here.
Caller: All of our local agents are assisting other customers. If you prefer to leave a voice mail, press one, or you may
Agent: [sighing]
Caller: hold for the next available agent.
Agent: Aight, [calm] I'm still here.
Caller: All of our local
Caller: are assisting other customers. If you prefer to leave a voice mail, press one.
Caller: Or you may hold for the next available agent.
Agent: [sighing] [sighing] [sighing] Aight, [calm] I'm still here.
Caller: All of our local agents are assisting other customers. If you prefer to leave a voice mail, press one, or you may
Agent: [sighing]
Caller: hold for the next available agent.
Agent: Aight, [calm] I'm still here.
Caller: All of our local agents are assisting other customers. If you prefer to leave a voice mail, press one, or you may hold for the next available agent.
Agent: [sighing] Aight, [calm] I'm still here.
Caller: All of our local agents are assisting other customers. If you prefer to leave a voice mail, press one, or you may hold
Agent: [sighing]
Caller: for the next available agent.
Agent: Aight, [calm] I'm still here.
Caller: All of our local agents are assisting other customers. If you prefer to leave a voice mail, press one, or you may hold
Caller: for the next available agent.
Agent: [sighing] [sighing] Aight, [calm] I'm still here.
Caller: All of our local agents are assisting other customers. If you prefer to leave a voice mail, press one, or you may hold for the next
Caller: available agent.
Agent: [sighing] [sighing] Aight, [calm] I'm still here.
Caller: All of our local agents are assisting other customers. If you prefer to leave a voice mail, press one, or you may hold for the next
Caller: available agent.
Agent: [sighing] [sighing] Aight, [calm] I'm still here.
Caller: All of our local agents are assisting other customers.
Caller: If you prefer to leave a voice mail, press one, or you may hold
Caller: for the next available agent.
Agent: [sighing] [sighing] [sighing] Aight, [calm] I'm still here.
Caller: All of our local agents are assisting other customers. If you prefer to leave a voice mail, press one, or you may hold
Agent: [sighing]
Caller: for the next available agent.
Agent: Aight, [calm] I'm still here.
Caller: All of our local agents are assisting other customers. If you prefer to leave a voice mail, press one, or you may hold
Agent: [sighing]
Caller: for the next available agent.
Agent: Aight, [calm] I'm still here.
Caller: All of our local agents are assisting other customers.
Caller: If you prefer to leave a voice mail, press one, or you may hold
Caller: for the next available agent.
Agent: [sighing] [sighing] [sighing] Aight, [calm] I'm still here.
Caller: All of our local agents are assisting other customers. If you prefer to leave a voice mail, press one, or you may hold
Agent: [sighing]
Caller: for the next available agent.
Agent: Aight, [calm] I'm still here.
Caller: All of our local agents are assisting other customers.
Caller: If you prefer to leave a voice mail, press one, or you may hold for the next available agent.
Agent: [sighing] Aight, [calm] I'm still here. [sighing] Aight, [calm] I'm still here.
Caller: All of our local agents are assisting other customers. If you prefer to leave a voice mail, press one, or you may hold
Agent: [sighing]
Caller: for the next available agent.
Agent: Aight, [calm] I'm still here.
Caller: All of our local agents are assisting other customers. If you prefer to leave a voice mail, press one, or you may hold
Caller: for the next available agent.
Agent: [sighing] [sighing] Aight, [calm] I'm still here.
Caller: All of our local agents are assisting other
Caller: customers. If you prefer to leave a voice mail, press one.
Caller: Or you may hold for the next available agent.
Agent: [sighing] [sighing] [sighing] Aight, [calm] I'm still here.
Caller: All of our local agents are assisting other customers. If you prefer to leave a voice mail, press one, or you may
Agent: [sighing]
Caller: hold for the next available agent.
Agent: Aight, [calm] I'm still here.
Caller: All of our local agents are assisting other customers. If you prefer to leave a voice mail, press one, or you may
Caller: hold for the next available agent.
Agent: [sighing] [sighing] Aight, [calm] I'm still here.
Caller: All of our local agents are assisting other customers. If you prefer to leave a voice mail, press one, or you may hold
Agent: [sighing]
Caller: for the next available agent.
Agent: Aight, [calm] I'm still here.
Caller: All of our local agents are assisting other customers.
Caller: If you prefer to leave a voice mail, press one, or you may hold
Agent: [sighing] Aight, [calm] I'm still here. [sighing]
Caller: for the next available agent.
Agent: Aight, [calm] I'm still here.
Caller: All of our local agents are assisting other customers. If you prefer to leave a voice mail, press one, or you may hold
Agent ...[TRUNCATED FOR EXCEL - see scamai_full_1000.csv for complete text]",0,0.3962,1
scamcall_00503,nonscam,scamai_honeypot,spam,False,high,references_prior_action,scammer_punted,,medicare_pretext,923,14421,39627,"Agent: Hello?
Caller: Hey, [NAME]. I'm [NAME] from [ORG]. I wanted to confirm, did you just fill out a form on our website for [ORG] information?
Agent: Oh, um, [uncertain] a form? I think I might have, you know, been looking at something like that online. [curious] What was it about again?
Caller: Oh, okay. Gotcha. Thanks for sharing that. Just to make sure I've got the right person, did you fill out a form on our web a moment ago for connecting with a licensed agent to go over [ORG] options? Hello? Can you hear me?
Agent: [confused] Hello? Oh, yes, I can hear you fine, dear. It was just a little quiet there. Um, [uncertain] I don't remember specifically filling out a form, but I do get a lot of mail about [ORG], you know. [curious] So what is it you're offering?
Caller: Gotcha. Thanks for sharing that. You probably visited [ORG] recently, maybe checking eligibility or benefits. We're offering to connect you with a licensed [ORG] agent who can answer your questions and review plans available in your area. Does that ring a bell or sound helpful?
Agent: [hopeful] Oh, well, it does sound helpful. I mean, my [NAME] used to handle all that, but [sighing] he passed in '09, and it's all so confusing now. [curious] So, um, how does that work, exactly? You just connect me with someone?
Caller: Oh, I'm so sorry to hear about that, [NAME]. Understand. It can definitely get confusing.
Caller: Yes. I simply connect you with a licensed [ORG] agent who can explain your options and help you compare plans that might work best for you. Would you like me to connect you now?
Agent: [empathetic] Oh, it really can. Everything's just so different now, you know. [curious] So, this agent you mentioned, are they from [ORG] directly, or are they from, um, [confused] some other company? [grateful] Oh, that's so kind of you, dear. It really is a lot to keep track of. So, [curious] this agent, are they from [ORG] itself, or a private company? I just want to make sure, you know.
Caller: I totally understand, [NAME]. The agent is from a licensed private company that specializes in helping folks like you navigate [ORG] and supplement plans. They can answer your questions and make sure you're aware of all your options. Want me to connect you?
Agent: [uncertain] Well, I suppose so. I just, I just don't want to get into anything too complicated, you know. [curious] And this wouldn't cost me anything, would it? To just talk to them?
Caller: Oh, I totally get it, [NAME]. No one likes complicated.
Caller: Don't worry, there's absolutely no cost to talk to the agent. They'll just review options and answer your questions. Shall I go ahead and connect you?
Agent: [confused] Hello? Oh, I think we got cut off for a second there, dear. What were you saying? [curious] You said it wouldn't cost me anything, right? [calm] Oh, no cost, that's good. My son always tells me to be careful, you know. So, [curious] when you connect me, do I have to give them any personal information right away? Like my [SSN] or anything?
Caller: That's a great question, [NAME]. You don't have to give them personal info like your [SSN] right away. They're just there to answer your questions and talk about plan options. You can decide how much you wanna share. Ready for me to connect you?
Agent: [uncertain] Hmm, I see. Well, I suppose it couldn't hurt to just listen. [curious] And what was the name of your company again, dear? Just so I have it for my records.
Caller: Of course. The agency I'll be connecting you with is called [ORG]. Specialize in [ORG] plans. Shall we get you connected now?
Agent: [confused] [ORG], okay. And you're from, um, [uncertain] [ORG], right? I just want to make sure I have it all straight. [curious] And they're not going to try and sell me anything I don't need, are they?
Caller: Yes. That's right. I'm from [ORG], and [ORG] is the agency I'll transfer you to. They'll simply share information and help you explore your options. You're always in control, [NAME]. They won't push anything on you that's not a fit. Me to connect you now?
Agent: [doubtful] Mm-hmm, I hear that a lot, you know, ""you're always in control."" But then they start talking so fast. [sighing] It's hard to keep up sometimes. [curious] How long does this call usually take, this initial connection?
Caller: I hear
Agent: [confused] Hello? Oh, I think we got cut off for a second there, dear. [calm] What were you saying?
Caller: oh, I totally
Caller: oh, I'm here, [NAME].
Caller: Totally get that. It can be a lot to keep up with. But don't worry. The agent will take the time to explain everything clearly. Would you like me to connect you now?
Agent: hello? Are you still there, dear? [confused] You cut out again. Oh, I thought you went away again. [calm] Well, if they talk too fast, can I just, you know, ask them to slow down? [curious] Or is it a quick call? [calm] Well, I suppose so. I'm just, um, [uncertain] I'm just making some pasta for dinner, you know. Carbonara. It's my favorite. [curious] So, will this call take long?
Caller: Oh, carbonara sounds delicious, [NAME]. No worries. This call won't take long at all. I'll quickly connect you to the agent, and they'll keep it as smooth and simple as possible. Ready to press one so I can transfer you?
Agent: [confused] Press one? Oh, I don't, I don't think I have to press anything on my phone, dear. I'm just holding it, you know. [curious] You just transfer me, right?
Caller: I understand, [NAME], but to connect you with the agent, you'll need to press one on your phone's keypad to give your consent. You press one now?
Agent: [uncertain] Press one... on my phone. Goodness, I don't usually do that. My fingers, you know, they're not as nimble as they used to be. [nervous] What happens if I press the wrong thing?
Caller: No problem at all, [NAME]. If you happen to press the wrong button, nothing will happen. I'll simply give you another chance to press one. You're ready, just give it a try.
Agent: [sighing] Oh, all right. Just one, you said. Let me see... [long pause] Okay, I think I pressed it. [curious] Did it work?
Caller: I didn't catch it. Can you press one on your phone one more time for me, [NAME]? Just to make sure it goes through.
Agent: [nervous] Oh, goodness. Okay, let me try again. [long pause] There. I really hope I got it that time. [curious] Are you sure it's necessary to press a button?
Caller: I totally understand, [NAME]. Yes. Pressing one is necessary so I can confirm your consent. It's just a quick step. Try one more time when you're ready.
Agent: [sighing] Oh, my. All right. One more time. [long pause] Okay. I pressed it again. My goodness. [confused] Is this, um, is this how it usually works? It feels a bit complicated just to talk to someone.
Caller: I hear you, [NAME]. It does feel like a lot sometimes. Pressing one is just a required step for permission. You're doing great. Let's see if it came through. You try pressing one one last time?
Agent: [nervous] One last time, you say? Goodness. Okay. [long pause] There. My thumb is tired. [sighing] I really hope that worked this time, dear. So, [curious] what happens now?
Caller: If I didn't receive it proper If Could you give it one final try, [NAME]? After that, I'll transfer you right over.
Agent: [irritated] Oh, for goodness sake. My son says I'm not good with these things. [sighing] All right, one more time. [long pause] There. That's it. I can't press it again. [curious] Did it go through this time?
Caller: I'm not sure it came through [NAME], but that's okay. Thank you for trying. Since I can't move forward without it, I'll let you go for now. Have a wonderful evening, and enjoy that carbonara.
Agent: [nervous] Wait, wait! [confused] Hold on, dear. I just want to understand what you were offering again, you know, about the no cost part. [curious] Could you just tell me a little more about that before you go?
Caller: Of course, [NAME]. It's no cost to connect with the agent. They'll answer your [ORG] questions and review plans available in your area. Not committing to anything. Just exploring options if you're interested. Give it one more go? Just press one, and I'll connect you.
Agent: [sighing] Oh, my goodness. All right, all right. [nervous] One more time then. [long pause] There. I really hope that worked. So, [curious] you said this was absolutely no cost at all, right? Not even a small fee later?
Caller: That's absolutely right. [NAME]. There's no cost now or later for speaking with the agent. Let me check. Can you press one just one more time to confirm? This really will be the last step I promise.
Agent: [irritated] Oh, good heavens. My thumb is going to fall off. [sighing] All right, fine. One last time, you say. [long pause] There. My goodness. [curious] So, you're absolutely sure this is completely free, right? No hidden fees or anything like that?
Caller: Yes, [NAME]. I assure you, this is completely free. There are no hidden fees at all, just helpful information. You manage to press one again just now?
Caller: Hello? Can you hear me?
Agent: [sighing] Oh, dear. My fingers are just not cooperating today. [calm] Well, if it's really completely free, that does sound like it could be helpful. [curious] So, um, what [sighing] Yes, dear, I did. My goodness. [confused] So, um, if there are no fees, how do they, you know, how do they make their money then? It just seems a bit too good to be true.
Caller: That's a great question, [NAME].
Caller: They do earn a commission if you choose a plan through them, but you're never charged for talking to them or exploring options. That's how it works. Totally no cost for you. Does that help clear things up?
Agent: [calm] Hello? [confused] Oh, a commission. I see. So they get paid by the insurance companies, not by me. [doubtful] Hmm. Well, that sounds a bit better, I suppose. [curious] So, um, what kind of plans do they actually talk about? Is it just the [ORG] ones?
Caller: Exactly, [NAME]. They're paid by the insurance companies, not you. And they can talk about both [ORG] and [ORG] plans, so you'll get a range of options They'll help find what fits you best. Ready to press one so I can connect you?
Agent: [irritated] My goodness, I already pressed it, dear. Multiple times! My thumb is quite sore now. [confused] Are you sure it's not working on your end? [curious] And so, these plans... do they cover, like, my prescriptions?
Caller: So sorry to hear your thumb is tired, [NAME]. And, yes, many plans include prescription coverage, which is something the agent can explain more about. Unfortunately, I still haven't received the confirmation from your keypad. Wanna try pressing one one last time? It really should be the final step.
Agent: [sighing] Oh, for
Caller: It looks like that might have been a different button, [NAME]. No worries. Just press one on your phone and we'll get it sorted.
Agent: [sighing] Oh, my goodness. This is just... [irritated] I'm pressing it! I really am. [long pause] There. That's the button with the one on it
Caller: Thank you so much, [NAME]. Let me check if that worked. Hang tight for a moment.
Agent: [calm] Okay, dear. I'm hanging tight. [curious] So, um, did it finally go through this time?
Caller: Unfortunately, I still haven't received the confirmation, [NAME]. Since it's required for the transfer, I won't be able to connect you without it. Don't wanna keep you any longer since I know your thumb is tired.
Caller: You like to try one more time, or should I let you go for now?
Agent: [sighing] Oh, goodness. That's a shame, dear. [sighing] Oh, my goodness. This is just... [irritated] I'm really trying, dear. It's just a lot. [curious] So, if I can't press the button, does that mean I can't get that free information you were talking about? About the no cost plans?
Caller: I understand completely, [NAME]. This process does require pressing one to confirm consent, but the information is absolutely no cost if I'm able to connect you. I don't wanna make things harder for you. Would you like to give the button one final press, or shall we pause for now? It's entirely up to you.
Agent: [sighing] Oh, my goodness. It's just, it's a lot, dear. My fingers aren't cooperating today. So, [confused
Caller: I completely understand, [NAME]. It sounds like a just not a good day for tricky buttons. I'll let you go for now, but you can always reach out again if you're ready. Take care, and enjoy that carbonara. Okay?
Agent: [sighing] Oh, dear
Caller: Got it, [NAME]. Wishing you a wonderful rest of your day. Take care.
Agent: [sighing] Oh,
Caller: Hello? Can you hear me?
Agent: [calm] Yes, dear, I can hear you. [confused] I just, um, I thought you were saying goodbye. [curious] So, you're not going to connect me then?
Caller: I'd love to connect you, [NAME], but I do need the one confirmation it's too tricky today, that's okay. You can always reach out later if you're ready. Let me know what you'd prefer.
Agent: [sighing] Oh, dear. Well, I really would like to know about those no-cost plans, you know. It's just this button. [uncertain] Is there, um, is there any other way to confirm? Like, can I just say ""yes"" out loud?
Caller: I totally get it, [NAME]. And I really wish I could accept a verbal yes but the system requires you to press one on your phone for consent.
Caller: Know it's frustrating.
Caller: You think you might be up for trying one last time?
Agent: [sighing] Oh, my goodness. Well, that's just a shame. [sighing] Oh,
Caller: Hello? Can you hear me?
Agent: [sighing] Yes, dear, I can hear you. It's just, um, [nervous] this button is really giving me a time, you know. [curious] So, if I just can't get it to work, does that mean I'm out of luck for those free plans?
Caller: Oh, I hear you, [NAME]. It's really giving you a tough time. Unfortunately, pressing one is required to move forward today, but you're definitely not out of luck. Can always try again another time if that works better for you. Want to give it one last go now, or should we pause here?
Agent: [sighing] Oh, my goodness, this button is really something. [confused] So, if I don't press it, I just don't get to hear
Caller: Exact [NAME]. Pressing one is just a required step to connect you with the agent. Know it's been tricky, but would you like to try it one last time?
Caller: We can always pause and revisit later. It's entirely up to you.
Agent: [sighing] Oh, dear. It's just, it's so frustrating, you know. [nervous] So, if I just can't get this button to work, you're saying I can't find out about those no-cost plans at all? [curious] Not even just a little bit more information? [sighing] Oh, dear. [irritated] This is just so frustrating, you know? My [NAME] would have had this all figured out. [confused] So, if I just can't press this button, I don't get to hear about any of those free plans you mentioned?
Caller: I know, [NAME]. It's so frustrating, and I really wish there was another way for you. Unfortunately, pressing one is necessary for me to connect you. You're always welcome to try again another time if today isn't the best day. Let me know how you'd like to proceed. Okay?
Agent: [sighing] Oh, dear. It's just, it's such a shame, you know? I really was hoping to
Caller: I understand, [NAME]. It really is a shame. It sounds like you were looking forward to hearing about those plans. I'm here if you wanna try the button one last time, or we can always revisit another day when it feels easier for you. What do you think?
Agent: [sighing] Oh, my goodness. All right, all right. [nervous] One last time, then. My fingers are just not cooperating. [long pause] There. I really, really hope that worked. So, [curious] if it did, what was the very first thing that agent would tell me about these free plans?
Caller: Thank you so much for trying again, [NAME]. I really appreciate your patience. If the transfer had gone through, the agent would talk to you about [ORG] and [ORG] plans available in your area, including the ones with no cost options or additional benefits. Let me check if your button press worked. Hang tight.
Agent: [calm] Okay, dear. [confused] So, if it didn't work this time, um, what happens then? [curious] Do I just not get to hear about anything?
Caller: If it didn't work this time, it unfortunately means I can't proceed with the transfer today. But don't worry. You're not out of options. You can always reach out again when you're ready. Shall we see if it worked this time?
Agent: [sighing] Oh, dear. It's just, it's such a hassle, you know? All this technology. [confused] So, um, if it didn't work, will someone else call me later, or do I have to, you know, call you back?
Caller: I totally hear you, [NAME]. Technology can be such a hassle sometimes. If it didn't work this time, you'd need to call back when you're ready. I'm not personally able to schedule another call for you, but we're here whenever you're ready to try again.
Caller: Me to check if your press worked this time?
Agent: [sighing] Oh,
Caller: I know, [NAME]. It's a lot. Let me know if you'd like me to check now or if you'd rather pause here for today.
Agent: [sighing] Oh, dear. It's just, I don't know if I can press that button again, you know. My thumb is really quite sore. So, [curious] if it didn't work, could you just tell me a little more about those no-cost plans? Just so I have an idea.
Caller: I hear you, [NAME]. I completely understand. Unfortunately, I'm not able to provide details about the plans myself. That's where the licensed agent comes in.
Caller: Can explain everything about no cost options, benefits, and coverage. If you're up for trying to press one again in the future, we'd be happy to connect you then.
Agent: [sighing] Oh, I see. Well, that's a shame. So, [confused] um, what did you say the name of that agency was again? [sighing] Oh
Caller: Sorry, [NAME]. I didn't catch that. Could you say that one more time?
Agent: [sighing] Oh, dear. It's just, it's such a roundabout way to get information, isn't it? [confused] So, um, if I can't press the button, there's just no way to get any of this information, is there?
Caller: I know, [NAME]. It does feel like such a roundabout way. Unfortunately, pressing one is the only way I can connect you to the agent today. If it doesn't work, you'd need to try calling back later when you're feeling up to it. Would you like to give it one last go, or should we pause here?
Agent: [sighing] Oh, dear. It's just... [irritated] this technology is so difficult, you know. My son says I should just get a new phone. So, um, [confused] if I don't press the button, you just can't tell me anything at all about
Caller: I completely understand, [NAME]. Technology can be overwhelming sometimes. Unfortunately, I don't have any details about plans myself. That's why pressing one is needed to connect you to the licensed agent who can help. If you ever get a chance to try again or even with a new phone, we're always here for you.
Agent: [sighing] Oh, dear. So, I just, I just can't get any information at all then, without pressing that button. [confused] Not even, um, a general idea of what these ""no cost"" things actually mean?
Caller: I wish I could give you more details, [NAME], but only the licensed agent can really explain those no cost options. Pressing one is the step needed to connect to them. I know it's frustrating. Let me know how you'd like to proceed.
Agent: [sighing] Oh, dear. It's just, it's such a shame. So
Caller: I completely understand, [NAME]. It really is a shame.
Caller: It's too much today, just know you can always try again later. Take care. Okay?
Agent: [sighing] Oh, dear. So, um, if I can't press the button, and you can't tell me, [curious] is there like, a website I could look at myself? [sighing] Oh, dear. So, um, [confused] if I just can't get this button to work, then I just won't get to hear about any of those plans, will I? [curious] It's just... is there really no other way at all?
Caller: Unfortunately, [NAME] pressing one is the only way required to connect you with a licensed agent who can discuss the plans. It's a technology limitation, and I really wish there were another way. It's too much today, you're welcome to try again later or reach out when you're ready.
Agent: [sighing] Oh, I know,
Caller: I hear you, [NAME]. It can be frustrating. Me know if there's anything else I can help with today.
Agent: [sighing] Oh, dear. It's just, it's such a shame. [confused] So, if I can't press the button, I just, um, I just don't get to hear about any of those no-cost plans then, is that right?
Caller: That's correct, [NAME]. If you can't press the button, I'm unable to connect you to the agent who can explain the plans. I know it's frustrating, and I really wish I could make it easier for you. If you decide to try again in the future, we'll always be here to help.
Agent: [sighing] Oh, dear
Caller: I understand, [NAME]. It's a lot, and I'm sorry it's been such a hassle. Um, there's anything else I can do for you today, just let me know.
Agent: [sighing] Oh, dear. It's just... [confused] So, if I can't press the button today, does that mean I just, um, don't get any of that free information about the plans, you know? [curious] Not even a little bit?
Caller: Unfortunately, [NAME], if the button isn't pressed today, I can't connect you to the licensed agent who shares the free information.
Caller: The only way the system works. Sorry for the frustration. You're always welcome to try again later if you'd like.
Agent: [sighing] Oh, my goodness. So, it's just, it's just impossible without that button then. [confused] Well, um, what kind of things do these no-cost plans actually cover? You know, like,
Caller: Great question, [NAME]. These no cost plans often cover things like doctor visits, hospital stays, and sometimes even prescriptions, dental, or vision.
Caller: The agent would explain which benefits are available to you specifically. Wish I could tell you more, but only they have all the details. Would you like to give the button one more try?
Agent: [grateful] Oh, so they cover all that, you know? Doctor visits and prescriptions... [confused] But how can they be ""no cost"" if they cover so much? [curious] Does that mean there are no premiums at all? [sighing] Oh, dear. Doctor visits and prescriptions, you say? [hopeful] That sounds nice. It's just, um, it's such a shame I can't seem to press that button. [confused] So, if I just can't get it to work, then that's it? No more talk about these plans?
Caller: Yes, [NAME]. It's a shame. I know. Without pressing the button, I can't transfer you to the agent to learn more about these plans. I wish there were another way, but if things don't work today, you can always try again later. Hello? Can you hear me?
Agent: [sighing] Yes, dear, I can hear you. It's just, um, [confused] it's all so complicated, isn't it? So, if I just, um, can't press this button, then that's the end of it for me today?
Caller: Yes. [NAME]. Sadly, without the button I won't be able to transfer you today. It's definitely more complicated than we'd like, but you can absolutely try again another time. Don't hesitate to reach out when you're ready.
Agent: [sighing] Oh, dear. So, if I just, um, can't manage that button, then I just don't get to hear about any of those no-cost plans, is that right? [curious] Not even, like, a pamphlet or something you could send me?
Caller: That's correct. [NAME]. Pressing one is the only way to connect you to the agent who can explain those plans. Unfortunately, I can't send anything like a pamphlet. It's definitely frustrating, but you're welcome to reach out again anytime if you'd like to try later.
Agent: [sighing] Oh, dear. It's just, it's such a shame, you know? All this technology. [confused] So, um, if I just can't press that button, then that's it for me today? No information at all?
Caller: I completely understand, [NAME]. It really is a shame how technology can make things harder sometimes. And, yes, without the button press, I won't be able to connect you today. But don't worry. You can always try again when you're feeling ready. Me know if I can help with anything else before we wrap up.
Agent: [sighing] Oh, dear.
Caller: I know, [NAME]. It's frustrating. If there's anything else you'd like to ask before we finish up, just let me know.
Agent: [sighing] Oh, dear.
Caller: I understand, [NAME]. Me know how you'd like to proceed. I'm here to help.
Agent: [sighing] Oh, dear. It's just, I really wanted to hear about those no-cost plans, you know. [confused] So, if I just can
Caller: I understand, [NAME], and I truly wish I could help more direct Without the button press, I can't connect you to an agent who can explain the no cost plans. If today's not working out, you're welcome to try again when it feels easier. Me know what works best for you.
Agent: [sighing] Oh, dear. It's just, it's such a shame. [confused] So, if I just can't press this button, then I just won't ever get to hear about those plans, will I? [curious] Not even if I call back
Caller: Oh, [NAME], that's not true. You can absolutely call back another time when you feel ready to try again. These plans are always available for review, so don't feel like today is your only chance. Let me know if you'd like to give it one last try or pause for now.
Agent: [sighing] Oh, dear. That's, um, that's
Caller: I hear you, [NAME]. It's been quite the process. Let me know if there's anything else I can assist with today.
Agent: [sighing] Oh, dear. It's just, it's so hard with this button. But, um, [hopeful] you said ""no cost"" plans. [curious] What exactly does ""no cost"" mean for me, you know, out of my pocket?
Caller: Great question, [NAME]. No cost means that there's no premium or fee for certain plans. These plans can cover services like doctor visits, hospital stays, and sometimes prescriptions depending on what's offered in your area. The agent would explain all the specifics to you. Would you like to give pressing one one last try to get connected?
Agent: [calm] Oh, dear.
Caller: I understand, [NAME]. This has been a lot. Let me know if you'd like to try again or if we should pause for now.
Agent: [sighing] Oh, dear. It's just, this button is really giving me trouble, you know. [
Caller: I totally understand, [NAME]. Those buttons can be tricky sometimes. Unfortunately, pressing one is the only way for me to connect you to the agent. You like to give it one more try, or should we pause here for today?
Agent: [sighing] Oh, dear. It's just, um, [irritated] this button is really something, isn't it? My goodness. [confused] So, if I just can't press it, then I just don't get to hear about those plans you were talking about?
Caller: That's correct, [ORG].
Caller: Without pressing one, I can't connect you to the agent who can explain those plans. I know it's tough with the button, but you're always welcome to try again when you feel up to it. Let me know if there's anything else I can help with.
Agent: [sighing] Oh, dear. So, it's just, um, [confused] it's just impossible without that button then, is that right? [curious] Not even, like, a little bit of information you could tell me? [sighing] Oh, dear. It's just, it's such a shame. [confused] So, if I just can't press this silly button, I just won't get to hear about any of those no-cost plans at all, is that right? [curious] Not even, um, a general idea of what they might cover?
Caller: It really is a shame, [NAME], and I wish there was another way for you. Unfortunately, without pressing one, I can't connect you to get more details. Generally, these plans can include things like doctor visits, hospital stays, and even prescriptions, but only the agent can go into specific about your area. If today isn't working, you're always welcome to call back when it's easier.
Agent: [sighing] Oh, dear. It's just, it's so frustrating, you know? All this back and forth. [confused] So, um, if I just can't press this button, it just means I don't get to hear about any of that, right? [curious] Not even, like, a little bit more about what the ""no cost"" part actually means?
Caller: I completely understand, [NAME]. It's frustrating, and I wish I could share more myself, but pressing one is required to connect you to the licensed agent who can explain everything. No cost usually means there's no premium, but for specifics like coverage or benefits, the agent would need to go over that with you. Always welcome to try again later if today is not working out.
Agent: [sighing] Oh, dear. It's just, it's such a shame. [hopeful] But ""no premium,"" you say? That sounds really good, you know. [curious] So, what would happen if I just, um, pressed the button one more time? Would it definitely connect me then?
Caller: That's right. [NAME]. If you press one one more time, it should definitely go through and connect you to the agent. They can explain all about the no cost options and what no premium could mean for you. Give it one final go?
Agent: [hopeful] Oh, really? It would definitely connect me this time? [sighing] Well, um, my thumb is quite sore, you know
Caller: I hear you, [NAME]. Your been working hard today.
Caller: Can't guarantee a hundred percent, but if you press one clearly one more time, it should go through. Would you like to give it one final shot?
Agent: I hear you, [NAME] [sighing] Oh, my goodness. All right, all right. [nervous] One last time, then. My thumb is really quite tired. [long pause] There. I pressed it. [curious] Are you absolutely sure it'll connect me this time, dear?
Caller: Thank you for giving it one last try, [NAME]. Me check now to see if the system received it properly. Hang tight.
Agent: [sighing] Okay, dear. [curious] So, um, did it finally go through this time?
Caller: It doesn't look like it went through yet, [NAME]. I know this has been fresh tire you out more. Can always reach back out another day to try again. You like to stop here for today or keep trying?
Agent: [sighing] Oh, dear. Goodness. [confused] It's just... I really wanted to hear about those no-cost plans, you know. So, um, [curious] if I just can't press this button, can you at least tell me a little more about what ""no premium"" actually means?
Caller: I completely understand, [NAME]. You really wanted to hear about those plans. No premium usually means you wouldn't have to pay a monthly fee for the coverage.
Caller: Some plans also offer additional benefits like dental, vision, or prescription coverage, but the details depend on your area. Why speaking with the agent is so helpful. They can explain it all. Would you like to give pressing one one more try or pause for today?
Agent: [hopeful] Oh, no [sighing] Oh, dear. No premium, and maybe dental? [hopeful] That sounds really nice, especially now, you know, being on my own. It's just this button. [irritated] My goodness. [curious] So, um, if I did get connected, would they talk about, like, healthy eating too? I love my pasta, but I know I should eat more vegetables.
Caller: Oh, [NAME], I hear you. Healthy eating is so important even if pasta is just too good to resist sometimes. While the agent primarily focuses on plans and benefits like dental, vision, and prescriptions, they might touch on wellness related perks offered by certain plans. Some even include fitness programs or health incentives. Wanna give that button one more go, or should we pause here?
Agent: [sighing] Oh, that would be nice. Fitness programs, you say? [hopeful] That could be real helpful for an old gal like me. It's just, um, [nervous] this button. My goodness. [curious] So, if I just pressed it, would they tell me right away about those fitness programs, or would it be more about the, you know, the doctor visits first?
Caller: Oh, [NAME], I think that's wonderful. You're already thinking about those fitness perks? Typically, the agent would start by talking about things like doctor visits, and prescription coverage. But if you're curious ...[TRUNCATED FOR EXCEL - see scamai_full_1000.csv for complete text]",0,0.4887,1
scamcall_00504,nonscam,scamai_honeypot,spam,True,low,wrong_number_probe,call_dropped,ssn|bank_routing,,445,12097,5727,"Agent: Hello?
Caller: Hello, [NAME]?
Caller: I believe I we got disconnected.
Agent: Yes, this is [NAME]. [curious] Who's calling, please? Oh, [confused] yes, I think we did. My phone, you know, it acts up sometimes. So what were we talking about again, dear?
Caller: Okay.
Agent: [curious] My memory isn't what it used to be.
Caller: We was talking about the diabetes, and you were telling me that you got type two and it's controlled with medication, which is good.
Caller: Any depression, bipolar, schizophrenia, seizures, dementia, Alzheimer's?
Agent: Oh, [satisfied] that's right. Yes, the diabetes. It's been, you know, a bit of a journey, but my doctor says I'm doing well. So what was it you were going to tell me about it? Oh, [sighing] well, [NAME] had a touch of the Alzheimer's before he passed, God rest his soul. But me? No, no, I'm just fine upstairs. [curious] Why do you ask about all that, dear? Is it important for the, um, the diabetes thing?
Caller: Uh-huh. Well,
Agent: [curious]
Caller: it is because some are you still there?
Caller: With the diabetes, Think I lost you again, miss [NAME].
Agent: Oh, [calm] yes, I'm right here. Just listening. Oh, [nervous] I'm here, dear, I'm here! My phone, it's just... so touchy. I heard you, you were saying it's important for the diabetes. [curious] Why is that?
Caller: Okay. That's okay.
Agent: important for the diabetes. [curious] So what about it?
Caller: Yes. It is.
Agent: [curious] So what about it?
Caller: Yes. It is. Well, here's the thing. Every all the the life insurance policies are medically underwritten, and they're based on your health history.
Caller: If you have a good health history, it's easier to get insurance. If you have bad health, which I talked to a lot of people who have a lot of problems, And regardless, uh, depending on where you're at, on your health, I can get you a a easier to get you a better plan immediate coverage. And it's looking like I can get you immediate coverage today.
Agent: Oh, [uncertain] medically underwritten, you say? Oh, [hopeful] immediate coverage? Well, that sounds nice. [NAME] always said I should get more life insurance, but I just never got around to it after he... [sighing] Well. So [curious] what do I need to do for this immediate coverage?
Caller: So the diabetes is some companies are touching with diabetes.
Caller: But it would be like if you had diabetes and you're taking insulin.
Agent: coverage, you say? [curious] And this is for, um, life insurance, right? [NAME] always said I should get some more of that. coverage, you say? That would be a blessing. So, [curious] how does all that work, dear?
Caller: And if you were mhmm.
Caller: To get you approved for life insurance.
Agent: say? [curious] And this is for my, um, my life insurance, right? The one I was asking about? So [curious] even with my diabetes, you think I could get immediate coverage? That sounds... that sounds nice. What do you need from me to, you know, check on that?
Caller: Well, what I need to do is I need to go and fill out a application, and I can do that on while we're on the phone. And I've gotten most of your help questions here. I can put in the application, but I gotta get all the information on it. And once I do, uh, I I can click send. When I send it in, they'll let me know immediately
Caller: approval on the spot. And the company that I'm looking at for you is [ORG]. They're probably one of the biggest life insurance companies to do this type of life insurance.
Caller: And they're in [ADDRESS].
Agent: Oh, [curious] so you fill out the application for me? That's good, because I'm not very good with computers and all that. So what kind of information do you need for that? [ORG], [uncertain] you say? Oh, [NAME] always handled all the insurance, so I don't really know these companies. Oh, [calm] [ORG], in [ADDRESS]. Okay. Well, I had a cousin down in [ADDRESS] once. So you can just, um, [curious] fill it out right now, you said? What do you need from me to do that?
Caller: But being in the health yes, ma'am.
Agent: [ORG]. That sounds like a nice name. So you just need to, um, fill out a form, you said? [curious] And what kind of information do you need from me for that?
Caller: Well, I'll need a good bit of information. Because to when you put in an application for life insurance, you're applying for the insurance. I have to set the insurance up, I have to get all your some like, your [SSN]. I have to get your [ACCOUNT]. Have to get your, um, who you want to be, your, uh, beneficiary, and and things like that. And I have to get your approval on the application after I get it filled out.
Agent: Oh, [uncertain] my [SSN] and my [ACCOUNT]? I don't usually give that out over the phone, dear. [NAME] always told me not to. [curious] Is there, um, another way you can do that, maybe through the mail or something?
Caller: Mhmm. I know Yeah. And I understand. And this this isn't a scam. Okay? This this is legitimate life insurance.
Caller: And, um, I have a license. I have a I'm a licensed agent.
Caller: And I can give you my license number if you want that. But I can't do anything with your [SSN] or with your [ACCOUNT]. That would be fraud, and I would get in a lot of trouble.
Agent: is there another way to do it? [calm] Mmm. Well, [doubtful] I suppose if you're licensed... [long pause] It's just, you know, [NAME], he was so particular about those things.
Caller: This is what I do for a living to help people out.
Caller: I mean, this is to try to help people that that feel like they need
Caller: If you don't have coverage to pay for stuff like this, you need it. And my job is to help you get a plan that you can afford and to get you with a good company.
Agent: I mean, [nervous] I know, but you hear so many stories, you know. [long pause] So you really, really need that to just, um, get me approved? There's no other way? [calm] Well, I suppose. It's just... [nervous] you know, it's a lot of personal things. My son usually helps me with all that. [curious] You said you had a license number? What was that again?
Caller: And it it's nothing Yeah. Yeah. And, uh, I'm in here to help people.
Caller: And you can check me out if you'd like.
Caller: And, um, you can check out [ORG]. Because they're a will they have a great reputation. They're a a m best a plus rated company. And all of this information that you give me, I I send it straight to [ORG]. I can't do anything The only thing I can do with the information that you give me
Caller: is put it on their application and send it to them.
Caller: And, um, that's all I can do with it. But you have right now, you have my personal [PHONE].
Caller: On your caller ID. That's not a mail up [PHONE]. That's the [PHONE] I answer every time it rings.
Caller: So I'm a real person. I'm not a scam artist.
Agent: just, you know, it's a lot of things going on these days. [nervous] But if you really need it for the application... [long pause] All right, dear. Let me see. My [SSN] is... [SSN]. just, [uncertain] you know, I'm a bit old-fashioned. Well, [uncertain] I suppose if it's going straight to them. [long pause] All right, dear, if you say so. Well, [hopeful] if it's really going to [ORG], I suppose it's alright. [NAME] always handled all that paperwork. [curious] So, um, if I give you my [SSN], what do you need after that? Okay. [uncertain] Well, if you're sure it's safe. It's just... you know, I'm old-fashioned about these things. [curious] So, um, if I give you the [SSN], what happens next? Mm-hmm. Well, I appreciate that. You know, it's just, [uncertain] [NAME] always worried about those things. Well, [sighing] I suppose if it's going straight to [ORG], that makes me feel a little better. [NAME] always said to be careful. [curious] So, um, if I give you the [SSN], then what happens next?
Caller: It is. Yeah.
Caller: And your phone's breaking up again.
Agent: to be careful. [curious] So what do you need first, dear? My [SSN]? to be careful. [nervous] Oh, goodness. I'm still here. Can you hear me now, dear?
Caller: I can hear you. I can hear you. I'm trying to, um, pull up my [ORG] bookcase a minute.
Agent: Okay. [calm] So, you're saying you need the [SSN] and the banking information for the application. [curious] And it goes straight to them, you said?
Caller: And and you're still breaking up.
Agent: Oh, dear. [nervous] My phone really is acting up today. I'm sorry. I'm right here though. So you said you need my [SSN] and then my bank information?
Caller: I can hear you now.
Caller: Do you have a landline?
Agent: up today. [curious] So, um, you were saying you need my [SSN]? up today. It's just... I'm on my cell. [uncertain] Do you think that makes a difference? I don't have a landline anymore. [NAME] got rid of it.
Caller: Uh-huh. We I don't blame them. We did we did the same thing.
Caller: I think everybody has. You know?
Caller: But the cool thing about the landline is it it doesn't break up on you all the time.
Agent: [chuckling] Oh, good. So it's not just me then. [chuckling] No, I suppose not. [calm] So, what were you saying about [ORG]? You were looking something up.
Caller: Yeah. I'm just getting a website, getting the company pulled up.
Caller: And, um, um, to get the application pulled up. I got it now.
Agent: Okay. [calm] So, [curious] if I give you my [SSN], what part of it do you need first? Oh, good. [satisfied] So, um, [curious] what do you need first, then, to get this application going?
Caller: Let me, um, your I can got most of your information from where you requested.
Caller: Your the information I got, [NAME],
Agent: [curious] And what information do you have, dear? Just so I know. [calm] That's right.
Caller: Okay.
Agent: [curious] So what do you need next?
Caller: What's your middle?
Caller: Uh, your middle initial?
Agent: My middle initial is M, for [NAME]. [calm] M-A-E. It's an M, dear. [NAME].
Caller: Okay.
Agent: [calm]
Caller: Alright. And just bear with me. It takes a little this takes a little bit of work to do.
Agent: That's quite all right. [calm] I've got all day.
Caller: I'm trying to get most of your Yeah. But it's it's worth the time.
Caller: And I'm double checking your birth date's [DOB].
Agent: I'm sure it is. [hopeful] It sounds like it could be a real help. That's right. [calm] [DOB]. Hard to believe I'm seventy-four already.
Caller: Well, it says seventy six.
Agent: Oh, [confused] does it? Well, I suppose it's hard to keep track. So, [curious] what's next?
Caller: Hey.
Caller: You can be seventy four all you wanna be.
Agent: [curious] [chuckling] Well, thank you, dear. [calm] So, the application... what else do you need?
Caller: I'm just, uh, plugging information. It takes a little bit of time.
Caller: Let's see here. And your last birthday, that would make you seventy six years old.
Caller: Okay. And, um, just bear with me. Do you have your your do you have your checkbook with you? A check that can get the information off of?
Agent: you. [calm] So, it's seventy-six on the form, you said? [sighing] Goodness. Well, [calm] I suppose if the computer says so. So, what else do you need for this application? Oh, [uncertain] my checkbook? It's... let me see. I think it's over on the kitchen counter. [long pause] Hold on a minute, dear. I'll go fetch it.
Caller: Okay. Okay. Go ahead.
Caller: Take your time.
Agent: grab it. grab it.
Caller: Yes, ma'am.
Agent: [sighing] All right, I'm back. [calm] Got my checkbook right here.
Caller: So so you can get your numbers off of it.
Agent: [sighing] All right, I'm back. [calm] Got my checkbook. Now, what numbers do you need from it?
Caller: And if I found believe it or not, if I found that check, if if somebody if you tore that check off and threw it in the street and somebody found it, they couldn't do nothing with it anyway. The bank won't let them do stuff like that. They're we're too far advanced nowadays
Agent: I'm back. [calm] Got it right here. So you need the numbers off of it, you said?
Caller: for stuff like that.
Agent: Oh, [calm] well that's good to hear. So, [curious] what do you need from the check?
Caller: Okay.
Caller: Yes, ma'am.
Caller: Okay. Let me get to that part because I'm still we're gonna go you wanna go with the ten thousand dollar amount?
Agent: [calm] Yes, [calm] that sounds about right.
Caller: Okay. We'll go with that.
Agent: [calm]
Caller: And let's see.
Caller: Yes, ma'am. And the policy will be mailed to you
Agent: [curious] So, what numbers do you need from my checkbook, dear? Oh, [grateful] that's nice.
Caller: And when you get the policy, yes, it'll be mailed to you. And when you get the policy, you have thirty days to look it over. Okay? And within that thirty days, if you decide hey. This isn't for me, you can send it back. Or if you feel find out that you know, [NAME] told you something that wasn't true, you can send it back.
Agent: Well, [hopeful] that's very reassuring. So, [curious] what about the check? What numbers do you need?
Caller: Yep.
Caller: Okay. I'm gonna need, um,
Caller: let's see here, I'm gonna need the routing number, the account number, the name of the bank.
Caller: Pretty much, uh, you wanna give it to me now, and I can write it down? I haven't made it to that part
Caller: on the application yet.
Caller: But I can go ahead and write them down.
Caller: What's the name of the bank?
Agent: [curious] [calm] Oh, [uncertain] the routing number... and the account number. And the bank name. Goodness. [long pause] All right, let me get my glasses on here. It's a little blurry. [nervous] This is for the, um, the [ORG], right? Oh, [uncertain] you want the routing number and the account number? Oh, [uncertain] you want it now? Well, okay. [long pause] Let me find my glasses. My eyes aren't what they used to be, you know. [sighing] All right, I've got a check here. Oh, [uncertain] you want it now? Well, okay. Let me just get my glasses. [long pause] My eyes aren't what they used to be. It's, um, [uncertain] [ORG]. That's where [NAME] always banked. [long pause] And the routing number is... [nervous] let me find it. It's... oh, goodness. [ACCOUNT]. Did you get all that?
Caller: Okay.
Caller: [ACCOUNT]. I think I did.
Caller: Let me see here. [ACCOUNT]?
Agent: And the account number... [uncertain] is... let me see. [ACCOUNT]. So that's the account number. No, [confused] it's [ACCOUNT]. Did you get that, dear?
Caller: Is that right?
Caller: Let's go slowly.
Agent: [ACCOUNT], [calm] and then [ACCOUNT]. [ACCOUNT], [nervous] then [ACCOUNT]. Sorry, my eyes aren't what they used to be, dear.
Caller: Okay. So that's the route number.
Agent: [calm] Yes.
Caller: Does it have any [ACCOUNT].
Caller: That's your route your routing number.
Caller: Does it have any zeros before the [ACCOUNT]?
Agent: Yes, [calm] that's it. And the account number is, um, [nervous] [ACCOUNT]. No, [confused] just the [ACCOUNT]. Then the [ACCOUNT]. [calm] That's it.
Caller: [ACCOUNT]. Okay. [ACCOUNT].
Agent: [calm] That's right.
Caller: Correct?
Agent: Mm-hmm. [calm]
Caller: Okay. And the account number?
Agent: The account number is... [nervous] oh, goodness. It's [ACCOUNT]. [uncertain] Is that what you needed?
Caller: Yes, ma'am. You read fast. [ACCOUNT] I got [ACCOUNT].
Agent: [ACCOUNT], [nervous] then [ACCOUNT].
Caller: [ACCOUNT]. Does that got zeros before it?
Agent: No, [confused] just the [ACCOUNT]. [calm] That's all there is.
Caller: Okay. Good.
Agent: [calm]
Caller: Alright. Let's see here.
Agent: [calm]
Caller: Um, we're getting there.
Agent: [calm]
Caller: Okay. I'm sorry. You're still
Agent: [calm]
Caller: okay.
Caller: Now are you still there?
Agent: [calm] I'm still here, dear. [calm] My phone's behaving for a moment.
Caller: Okay.
Caller: That's okay. I'll we can deal with that. We'll make it through to all that.
Agent: [calm] [chuckling] I hope so.
Caller: There's a lot of there's a lot of extensive help questions on here.
Caller: But based on what you've told me, none of them will apply.
Caller: And, plus, when I send this in, they'll be able to check you basically anyway. So I wouldn't really worry about We're just gonna see what they'll do if I can get down through this.
Agent: [calm] Oh, I see. Oh, [satisfied] that's good. I don't like a lot of questions. Okay. [calm] So, [curious] what's the next step after you put all that in?
Caller: The next step well, the next step, once I get all this put in, will be, uh, to do a app to to sign the application.
Agent: Oh, [curious] how do I sign it over the phone?
Caller: That's tricky, isn't it? Well, right now, well, we have a we have a couple ways we can do it.
Caller: I can send we can send you a text where you can read over the text.
Caller: If you like doing that, you can read it over and do it that way.
Caller: Or we can do it over the phone where I read a bunch of stuff to you and you can basically sign it over the phone by saying yes or no.
Agent: [calm] Oh, [uncertain] I'm not very good with texts, dear. Oh, [uncertain] I'm not very good with texts, dear. My son tries to show me, but... [nervous] is there another way? Hmm. [uncertain] I'm not very good with texts, dear. My son tries to show me, but... [long pause] I think I'd rather you just read it to me. [curious] Is that easier?
Caller: Are you the account
Caller: Okay. Well, we'll work through it. We'll work through it.
Caller: You're the account holder?
Caller: What's the name on the account?
Caller: I guess?
Agent: [NAME] used to help me. [NAME] always had to help me. [calm] So, [curious] you can just read it to me then? Yes, [calm] that's me. [NAME]. It's just [NAME]. [calm] That's me. It's, um, [calm] [NAME]. My name.
Caller: [NAME].
Agent: [calm]
Caller: [NAME]. Okay.
Caller: I'm I'm actually plugging in the bank information now.
Agent: [calm] Okay. [calm]
Caller: And what what were you gonna ask me why?
Caller: And your bank, where's it located? City and state?
Agent: Oh, [calm] just if you got all that information right. My memory isn't what it used to be. Oh, [calm] Sarasota, Florida. That's where I live.
Caller: That sounds like a lovely place.
Agent: It is. [calm] Nice and warm.
Caller: How long have you been there?
Agent: Oh, [nostalgic] goodness. Since [NAME] and I moved down here after he retired. So... probably forty years now. [sighing] Time flies.
Caller: Wow.
Caller: I bet you've enjoyed living in Florida, haven't you?
Agent: [calm] Oh, yes. [satisfied] It's been lovely. Never liked the cold.
Caller: Yeah. Wow. Well, I live in South Carolina, and we get some cold, but there's not a whole lot.
Caller: But we get a we get a good bit of heat and humidity.
Caller: Which isn't all that good. I got a question for you. Now do you want your draft, when they draft your account, to coincide with your [ORG] pay date?
Agent: [calm] Mm-hmm. Mm-hmm. [calm] We get that too, down here. Oh, [curious] yes, please. That would be much easier to manage. [calm] What day is that usually?
Caller: When does your when do you get your [ORG]?
Agent: It's usually the third Wednesday of the month. [calm] That's when it comes in.
Caller: Do you get a lot?
Agent: month.
Caller: The third Wednesday?
Agent: Yes. [calm]
Caller: Or the third of the month? Okay.
Agent: No, [confused] the third Wednesday, dear. Not the third day.
Caller: Okay. So that's the third of the month. Okay.
Caller: Alright. I put it down for the third of the month.
Caller: Let's see here.
Agent: the third Wednesday. [confused] Not the third day. No, [confused] it's the third Wednesday, dear. Not the third day. [calm] It varies a little. [confused] No, I get it on the third Wednesday, dear, not the third of the month. [calm] It varies.
Caller: Okay.
Caller: Okay. That's important because we do it we have it I I put in here three w. Which means third Wednesday, and it'll go exactly with [ORG]. And they have it worked out to where it they know how it works. You know? Because [ORG], like, well, you know, sometimes it'll vary.
Caller: The day will vary a little bit based on how it lands.
Caller: But it'll hit it'll work right along with them.
Agent: [curious] Can you do it for the third Wednesday? Yes, [calm] that's right. So [curious] that's all set up then? Oh, [satisfied] that's perfect then. Oh, [satisfied] that's perfect then. [calm] That's exactly what I need.
Caller: [ACCOUNT].
Agent: that's very clever. [calm] So it'll always come out after my check goes in.
Caller: That's yeah. It sure will. It'll coincide right with your checks.
Caller: You don't have to worry about it, you know, like being in the middle of the month.
Caller: Yeah. It makes it a whole lot easier. I wanna validate. Now I've got all the information you gave me plugged in on your bank, [ACCOUNT].
Caller: I wanna see if that'll do it. Invalid transit number.
Caller: K. So that means you're I wanna add two zeros.
Agent: Good. [calm] That's what I need. That's perfect. [grateful] Thank you, dear. That's right. [calm] [confused] Two zeros? [nervous] Where would they go?
Caller: It at the beginning, we'll just see.
Caller: I have to just go back up on your tramp.
Caller: On your routing number, I got [ACCOUNT].
Agent: Oh, [uncertain] okay. So, like, [ACCOUNT]... [nervous] is that what you mean? [confused] Before the [ACCOUNT]? That's right. [calm] [ACCOUNT].
Caller: [ACCOUNT].
Agent: Mm-hmm.
Caller: [ACCOUNT].
Agent: [calm]
Caller: [ACCOUNT]. Let's see how that does.
Agent: [calm]
Caller: Are you still there?
Agent: I'm still here, dear. [calm] Still waiting.
Caller: Alright. Okay. And I'm working For some reason, And your phone just did some stuff. It was saying some stuff.
Agent: [nervous] Oh, dear. I'm sorry. It's just... it's an old phone.
Caller: Okay. Yeah. It was saying let's see.
Agent: [calm]
Caller: Okay.
Caller: Try this again.
Agent: [calm] [calm]
Caller: Alright.
Agent: [calm]
Caller: Just bear with me.
Caller: It did it. Let's see.
Caller: [ACCOUNT].
Caller: For some reason, it's not wanting to [ACCOUNT].
Caller: [ACCOUNT].
Agent: Okay. [calm] [calm] [calm] [confused] Is something wrong with the numbers? [nervous] I wrote them down just how they were on the check. [confused] Is something wrong with the numbers? [nervous] I wrote them right off my check.
Caller: Yeah.
Caller: Yeah. There's something going on with the number.
Caller: Yeah. It's saying the invalid transit number.
Agent: [worried] Oh, dear. Oh, dear. [worried] What does that mean? Oh, [worried] goodness. [curious] What does that mean?
Caller: I don't know.
Caller: Everything's good down to your transit number.
Caller: Which I got [ACCOUNT].
Agent: [confused] [confused] Is it my bank? [nervous] Or the numbers I gave you? No, [confused] dear. It's [ACCOUNT], [nervous] then [ACCOUNT]. There's a three after the [ACCOUNT].
Caller: Three. Okay.
Caller: That might be what it is. Let's see.
Agent: [calm] [hopeful] Oh, I hope so.
Caller: There you go.
Agent: [calm]
Caller: Okay.
Caller: Okay. I got [ACCOUNT].
Agent: [calm] Yes! [satisfied] That's it.
Caller: Right?
Caller: And I wanna check your account number.
Caller: You got [ACCOUNT].
Agent: [calm] That's right. [calm] That's the account number.
Caller: Okay.
Caller: Yeah. And the transit number is [ACCOUNT]
Caller: [ACCOUNT].
Agent: [calm] [calm] [calm] That's it.
Caller: Okay.
Agent: [calm]
Caller: Let's see if it'll go through again.
Caller: Now it won't validate it for some reason.
Caller: I'm not sure what to do with this.
Agent: [calm] [worried] Oh, dear. So it's still not working? [curious] Do I have to... get a different check or something? Oh, [worried] dear. So it's not working? [curious] What can we do?
Caller: No, ma'am. Uh, do not know what to do from here because I can't go any further till I get to work.
Caller: And I got one attempt one more time to try to get it to work.
Agent: Hmm. [uncertain] Well, [curious] could we try a different bank? Hmm. [nervous] Well, is there another way to put the information in? Or, [curious] can we try a different bank? I have a savings account too.
Caller: Yeah. Let's try that.
Agent: Okay. [calm] Let me get that check. [long pause] Hold on a minute.
Caller: Do do you have the information and all on it?
Agent: Yes, [calm] I do. It's also at [ORG]. [curious] Do you need the same numbers?
Caller: Yes. I'll need to the transit number and the account number.
Caller: But I gotta get it right because this thing's fixing to kick me out of it.
Caller: Because I've tried it, like, four times, and it's I got one more time to try it. If I don't get it right, it's not gonna let me do it.
Agent: Okay. [calm] The routing number, the transit number, is the same then: [ACCOUNT]. [calm] And the account number for savings is... [nervous] let me see. Oh, [nervous] goodness. Okay. So the routing number is the same: [ACCOUNT]. [calm] And the account number is different. Oh, [nervous] dear. All right. So, [calm] the routing number for the savings is the same: [ACCOUNT]. [uncertain] And the account number is... let me find it. It's [ACCOUNT]. Did you get that?
Caller: Yeah. Well, the the routing number is [ACCOUNT].
Agent: Yes. [calm]
Caller: Or [ACCOUNT]?
Agent: [ACCOUNT], [calm] then [ACCOUNT].
Caller: K.
Agent: [calm]
Caller: Okay.
Caller: And we'll go to the account number.
Caller: Let's see what we get here. Okay. I'm writing the account. What's the account number?
Agent: [calm] [calm] It's [ACCOUNT], [nervous] then [ACCOUNT]. [calm] That's it.
Caller: [ACCOUNT].
Agent: That's right. [calm]
Caller: Is that right?
Agent: Mm-hmm.
Caller: Okay. Let's see.
Agent: [calm]
Caller: Alright. We're gonna try this and see if it likes it [PHONE]. If not, I'll have to call them.
Agent: [worried] Call who? [curious] And what will that mean for my application?
Caller: It means it says unable to validate payment information. Maximum attempts reached. The last bank information entered will be used. Proceed with completing the [ORG] So we'll just keep on working through this.
Caller: And I'll give them a call.
Agent: Oh, [calm] okay. So it's still going through? [hopeful] That's good.
Caller: So far, it looks like it.
Agent: [calm]
Caller: I'm just getting getting to your, uh, your personal information.
Caller: Your street address is what's your street address?
Agent: [calm] It's [ADDRESS].
Caller: Lane.
Caller: [ADDRESS], ZIP code?
Agent: [calm] Oh, [calm] [ZIP].
Caller: Please [ZIP] Sarasota, Florida.
Caller: Your Social Security number?
Agent: That's right. [calm] Oh, [uncertain] you really need that, dear? I don't like giving that out over the phone. [curious] Is there another way to verify?
Caller: Yes, ma'am.
Caller: That no, ma'am. That's on this application. And it believe me, it's perfectly safe. I'm not gonna do anything with your [SSN] other than plug it into this application and send it to the company. I'm not gonna use trust me. I'm not gonna do anything with your personal information, ma'am.
Caller: I'm here to help you, not to hurt you.
Agent: [nervous] [sighing] All right, [nervous] if you say so. It's [SSN]. [uncertain] Did you get all that?
Caller: [SSN] [SSN].
Caller: And the last four?
Agent: Yes. [calm] [SSN]. [calm]
Caller: Okay.
Caller: And the best phone number to call you at?
Caller: Is this one. And I don't let me go back and get it. [PHONE]
Agent: [calm] This one, dear. [calm] My cell. Yes, [calm] this is my cell. It's [PHONE].
Caller: Well, I got [PHONE].
Agent: No, [confused] dear. It's [PHONE]. [calm] That's my cell number.
Caller: [PHONE]?
Caller: Okay. [PHONE].
Agent: Yes. [calm] That's it. [calm]
Caller: Okay. Okay.
Caller: Let me go back to my application.
Agent: [calm] [calm]
Caller: It takes a little bit here.
Agent: [calm]
Caller: K.
Caller: Okay. Do you let's see here.
Caller: And what's your email address?
Agent: [calm] [calm] Oh, [confused] I don't have one of those, dear. [NAME] used to have one, but I never bothered with it myself. [calm] I'm not good with computers.
Caller: Okay. Okay.
Caller: That's okay. What state were you born in?
Agent: [calm] Pennsylvania. [calm] Up north.
Caller: PA.
Agent: [calm]
Caller: Okay.
Agent: [calm]
Caller: Okay.
Caller: Five foot two.
Agent: [calm] That's right. [calm]
Caller: Wait a minute.
Agent: [calm]
Caller: I'm just trying to get everything so, uh, five foot two, and you said, uh, hundred and sixty.
Agent: Mm-hmm. [calm] That's right.
Caller: Alright. And can I get your the name of your personal physician?
Caller: You have one?
Agent: Oh, [calm] Dr. [NAME]. He's a lovely man. [curious] Do you need his number too? Oh, [calm] yes. Dr. [NAME]. She's been my doctor for years.
Caller: [NAME]?
Agent: That's right. [calm] E. L. E. A. N. O. R.
Caller: Okay.
Agent: [calm]
Caller: Are you still there? Hey.
Agent: I'm still here, dear. [calm] My phone's just being quiet for a change.
Caller: Okay. Do you yeah. Well, it keeps talking to me. It keeps saying stuff. It keeps saying stuff like in Spanish.
Caller: Or something.
Caller: Do you have your can I get your doctor's phone number?
Agent: [nervous] Oh, goodness. I don't know what that means. I don't speak Spanish. Oh, [nervous] goodness. I don't know it offhand. [uncertain] Do you have to have it right now? I could probably look it up later.
Caller: I wanna see. Yep.
Caller: I can look it up right now.
Agent: [calm] Oh, [calm] okay. It's [PHONE]. [uncertain] Does that sound right?
Caller: [PHONE] what was it?
Agent: [PHONE] [calm] [PHONE].
Caller: It didn't sound right.
Agent: [confused] It didn't? [nervous] Oh, dear. That's what I have in my book. [PHONE].
Caller: [PHONE]. Okay. [PHONE].
Agent: [calm] That's it.
Caller: Okay.
Caller: Okay. We're getting and who would be your beneficiary?
Agent: [calm] Oh, [calm] my son, [NAME].
Caller: So [NAME]
Agent: [calm]
Caller: Okay. What's his date of birth?
Agent: It's, um, [calm] [DOB].
Caller: Okay.
Caller: I appreciate your patience with me.
Caller: In going through this. We're gonna get you something going here today.
Agent: [calm] Oh, [grateful] that's quite all right, dear. [calm] You're doing a fine job. Oh, [grateful] I appreciate your help, dear. [calm] It's a lot to keep track of.
Caller: Oh, yeah. It is. It's a lot of work.
Caller: If I can get this taken care of, it'll be great.
Caller: For you, and I'm glad I can help you.
Agent: [calm] [calm] [hopeful] Me too.
Caller: Okay.
Agent: [calm]
Caller: Let's see.
Agent: [calm]
Caller: Okay.
Agent: [calm]
Caller: I'm still here.
Agent: [calm] Me too.
Caller: Okay.
Agent: [calm]
Caller: Okay.
Agent: [calm]
Caller: Let's see.
Agent: [calm]
Caller: Alright. I'm just putting in some other detail information.
Caller: Asking for this.
Agent: Okay. [calm] [calm]
Caller: Okay.
Agent: [calm]
Caller: We're almost we're almost there.
Agent: Oh, [satisfied] good. [calm] I'm getting a little tired.
Caller: I bet you are.
Caller: We're just about there.
Agent: [chuckling] Yes. [calm]
Caller: Okay.
Agent: [calm]
Caller: Let's see.
Agent: [calm]
Caller: The only thing left is your [ACCOUNT] stuff to get it straight.
Caller: And, um, it I plugged the [ACCOUNT] in. They just won't go through. And I won't have to make a phone call on that and call you back.
Caller: Is that okay?
Agent: [worried] Oh, dear. So it didn't go through? [curious] What are we going to do about that? Oh, [confused] so you'll call me back? [curious] When will that be, dear? Oh, [uncertain] you're going to call me back? [curious] Can't we just finish it now, dear? I'm already on the phone.
Caller: I know. I know.
Caller: And, uh, and I do wanna finish it for you.
Agent: [calm] [hopeful] Oh, good.
Caller: Let's see here.
Agent: [calm]
Caller: Okay.
Agent: [calm]
Caller: Okay. We're gonna do this by voice recording.
Agent: Oh, [curious] a voice recording? How does that work?
Caller: And just hold on a minute.
Agent: voice recording? [nervous] What does that mean?
Caller: Yeah. So we're gonna do it. You Yeah. And you're just listen. I'm gonna read everything off, and all you gotta do is agree or disagree. Okay? But I'm a put you on hold for a minute whil ...[TRUNCATED FOR EXCEL - see scamai_full_1000.csv for complete text]",0,0.4692,1
scamcall_00505,nonscam,scamai_honeypot,spam,False,high,references_prior_action,call_dropped,,impersonates_insurance|transfer_to_other_number|medicare_pretext,792,8894,20991,"Agent: Hello?
Caller: Hello. This is [NAME] with [ORG]. How are you?
Caller: Hello?
Agent: Oh, [calm] hello there. I'm doing just fine, dear. [curious] What can I do for you today? Oh, hello. [calm] I'm doing just fine, dear. And you? [curious] Commercial truck insurance, you say?
Caller: Hello? Yes.
Agent: Oh, [confused] yes, hello again. I just asked, um, commercial truck insurance? [curious] What's that all about?
Caller: Yep. We got a quote request. Were you needing some help shopping for insurance for [ORG]?
Agent: Oh, [ORG], [calm] yes. I think [NAME] handled most of that, you know. [curious] What kind of, um, coverage did you have in mind for us?
Caller: Um, we actually help you shop around. Um, what what kind of coverage were you needing? Do you have, like, a semi truck or a box truck?
Agent: Well, [confused] goodness, I think we have a few. [NAME], he always had the big ones, you know. [curious] Are you saying you can find better prices than what we're paying now?
Caller: Yeah. That's what we aim to do. Yes, ma'am.
Agent: Oh, [hopeful] that would be such a help. My goodness, everything costs so much these days. [curious] So how does this, um, this shopping around work exactly? Do you need all my policy numbers?
Caller: Um, I don't need numbers. Do you guys operate under a DOT number?
Agent: Oh, [confused] a DOT number? Hmm. I'd have to, um, look that up. [NAME], he kept all those in a big binder, you know. [curious] Is that something you need right this very minute?
Caller: Yes. Um, so Did you want me to contact [NAME], or do you prefer to kinda handle everything?
Agent: Oh, [sighing] [NAME] passed on a couple of years ago, bless his heart. So it's just me now. [uncertain] Let me see... I'll have to find that binder. [curious] Is there, um, anything else you need while I'm looking for it?
Caller: I might be able to look it up myself. Um, how many vehicles do you have?
Agent: Oh, [calm] well, let me see. There's the big one, of course, and then the, um, the smaller ones... I think it's, what, [long pause] five? Yes, five. [curious] Does that sound right to you?
Caller: We'll put it down. Five. And are they, um, like, the big tractor trailers, or are they, um, like, pickup trucks or box trucks?
Agent: They're, um, [confused] they're mostly the big ones, you know, the tractor trailers. But then there's a couple of those, um, what do you call them, [uncertain] the box trucks too. [curious] Does that make a difference for the quote?
Caller: Okay. Gotcha. No. We'll just we'll add them in there. I'll make a note that
Agent: Oh, [grateful] that's so kind of you, dear. [calm] It's just so much to keep track of these days. [curious] So what kind of information will you need from me next, once you've looked up that, um, that DOT number?
Caller: there are a mixture of box trucks and
Caller: Okay. And now bear with me. I am just looking up the DOT to see if I can find the, um, the DOT number here.
Caller: That way, you don't have to search around in there.
Agent: Oh, [grateful] that's so kind of you, dear. I just, I just don't keep track of all the details like [NAME] did. [curious] So what else do you need from me to get this going? Oh, [calm] you're just so fast with that computer, dear. Oh, [grateful] that's so kind of you, dear. My eyes aren't what they used to be for all that small print. [calm] I appreciate that. [curious] So, um, once you find that, what happens next?
Caller: Nope.
Agent: [confused] No? [curious] What do you mean?
Caller: Yep.
Caller: Then oh, I'm sorry. I I don't know if my headset I was responding to you. Um, I don't need anything else after that. It's just mainly the DOT number. Do you have about the same amount of drivers as well?
Agent: [confused] Yes? [curious] So you found it, or you didn't? I'm a little confused. Oh, [confused] my goodness, the drivers. [uncertain] Well, [NAME] used to handle all that, you know. I think it's, um, about the same number as the trucks, right? [curious] Is that how it usually works?
Caller: Okay. Usually, yeah. Okay. Gotcha.
Agent: So, [curious] are you going to, um, send me some papers in the mail once you find all this? Or how do I see what you've found?
Caller: Yep. So I actually am gonna connect you with one of our agents, um, and I'm gonna also send you a link to the dashboard. That way, you can also, um,
Caller: see the quotes once they are populated. Just finishing up. For some reason, my
Caller: system for the DOT number is taking so long. I'm sorry.
Agent: Oh, [confused] a dashboard? What's a dashboard, dear? I don't, um, I don't really do the computer much myself, you know. [NAME], he was the one for that. [curious] Couldn't you just mail me the information? Oh, [uncertain] a dashboard? [confused] I'm not very good with computers, you know. [NAME], he was the one for all that. [curious] Is it something my son could look at for me? Oh, [calm] don't you worry, dear. I'm not going anywhere. [uncertain] A dashboard, you say? [confused] I'm not very good with computers, you know. [NAME] tried to teach me, but... [curious] Is that like, um, something I have to click on?
Caller: Yeah. I can also, um, when I connect you to the agent, what what they can do is actually, like, email you the quote directly as well. That way, you don't have to do the dashboard. But it's it's just a link um, that you'll click on, and it you don't have to log in or anything. You literally just click the link, and you'll see the name of the agent as well as their quote once it, um, gets put in there for you. You. So, um, let's see if this pocket for the
Agent: Oh, [grateful] that sounds much easier, thank you. [calm] I'd much rather just have it emailed to me, you know. [curious] So, um, once I get this email, what am I looking for exactly? Is it just a price, or will it tell me all the details?
Caller: Gotcha. It should tell you the price and all also go into the details. And my system won't let me pull up the DOT number, but can I get your [ZIP] code? I'm a just add it in here.
Agent: Oh, [calm] my [ZIP] code. [uncertain] Let me see, it's [ZIP]. [curious] Did you say you couldn't find the DOT number for [ORG]? Is that going to be a problem?
Caller: No. It should not be a problem. It might just take me a little bit longer to actually get it in the system, but it's okay. We could still do the quote. Um, do you know who you have insurance through currently?
Agent: Oh, [long pause] goodness. [uncertain] I think [NAME] used to say it was, um, something with a G. [confused] [ORG], maybe? Or, um, no, that's car insurance. [nervous] I just, I just don't remember the name, dear. Will that be a problem?
Caller: [ORG]. Okay. No. No, ma'am. No, ma'am. You are fine. Okay.
Caller: Alrighty. Okay. I'm gonna go ahead and email you the dashboard link. Um, just hang on to that for right now. Um, and then I'm gonna grab the agent and bring them in. That way, we can get you started with some quotes. Okay?
Agent: Oh, [satisfied] good. [calm] I was worried about that. [curious] So, um, once you connect me to this agent, what do I tell them? Do I just say you sent me? Oh, [calm] all right then. [curious] And this agent, will they be able to, um, explain everything to me, you know, in plain English? I don't understand all that insurance jargon.
Caller: Yes.
Agent: [satisfied] Oh, good. [calm] That would be a relief. [curious] So, um, should I expect a call from them right away, or will it be later today?
Caller: Yes, ma'am. They will.
Agent: [satisfied] Oh, good. [calm] That's a relief. [curious] And so, um, what's their name? Just so I know who I'm talking to.
Caller: Alrighty. Was
Caller: Yep. I'm gonna grab the agent, and I'll bring them in. And then all also, we will follow-up with you after you speak with them Um, so if for any reason, you know, they're not able to quote or the quote is just too high, um, we will follow-up to make sure you get what you need. Okay? So just after you speak with our age agent, just know they they will we will follow-up. I'm sorry. I don't know why I'm stuttering, but we will follow-up. So just to check-in. Um, but I'm gonna go ahead and grab the agent for you, so just stay on the line. Okay?
Agent: [curious] And what was your name again, dear? Just so I know who I was talking to. Oh, [grateful] that's very thoughtful of you, dear. [calm] I appreciate that. [curious] So, um, I just stay on the line now and wait for them?
Caller: Yes. Yes. We I'm a go ahead and grab them. Okay?
Agent: [calm] All right. [satisfied] I'll just hold right here.
Caller: Thank you.
Agent: [calm] You're welcome.
Caller: Commercial sales. My name is [NAME]. May I have your name, please?
Agent: Oh, [calm] hello [NAME]. It's [NAME]. [NAME]. [curious] Are you the agent who's going to help me with the truck insurance?
Caller: Sure.
Agent: [confused] Sure? [curious] So you are?
Caller: Go ahead.
Caller: Yeah. It certainly does depend on what state you're in. I wanna make sure that I'm licensed there. What state are you in?
Agent: Oh, [calm] well, [NAME] said you were going to, um, help me find better rates for [ORG], you know. [curious] Did she tell you all about our five trucks and everything? Oh, [calm] I'm right here in Sarasota, Florida, dear. [curious] Do you cover Florida?
Caller: Yes. [ORG] does. And, uh, I can write for that. So, uh, yeah, I'll be happy to help. Uh, tell me a little bit more.
Agent: Oh, [grateful] that's wonderful. [calm] [NAME] was just helping me, um, get some quotes for [ORG], you know. [curious] Did she, um, tell you everything, or do I need to start all over?
Caller: We need to start all over, ma'am. I don't know what company you are transferred from.
Agent: Oh, [sighing] goodness. [confused] She said she was with [ORG]. [nervous] My memory isn't what it used to be. Do I have to tell you everything again?
Caller: Yes. You do, ma'am. [ORG] is a company to [ORG], but they are not associated with our system. So I don't have anything. I'm so sorry. Are you there?
Agent: Oh, [calm] I'm here. [sighing] Well, goodness. [confused] I thought she said you all worked together. [uncertain] All right, well, let me see. [calm] It's for [ORG], you know. [curious] Do you need the, um, the DOT number again?
Caller: Yes.
Agent: [sighing] Oh, dear. [uncertain] Well, [NAME] said she was going to look it up for me. [nervous] I don't have it right here. Will that be a problem?
Caller: Uh, no. It won't. Uh, but it will it's uh, part of the rating. So just know that, um,
Caller: you know, I'll give you an estimate of what it could be, but once we enter an actual US DOT number, it could definitely change the premium. But, uh, but, no, we we can continue.
Caller: Are you gonna need, like, uh, but you can tell me other things. Like, you know, I I understand the name of the company, but, uh, how many how many vehicles are you looking at at, uh, needing coverage for Um, how many drivers?
Agent: [calm] Oh. Okay. Oh, [calm] all right then. [curious] So, um, what do you need from me first? [confused] She was asking about the number of trucks and drivers, you know. Oh, [calm] well, there's, um, five vehicles, you know. [confused] Mostly the big tractor trailers, and then a couple of box trucks. [calm] And I think it's about five drivers too, I suppose. [curious] Is there anything else you need to know about the trucks?
Caller: Yes, ma'am. I need the year, make, and model or VIN number, please.
Agent: Oh, [sighing] goodness. [uncertain] The year, make, and model? For all five? [nervous] I don't have all that right here with me. [NAME], he kept all those papers. [curious] Can't you just give me a general quote without all those details?
Caller: No, ma'am. I'm sorry.
Agent: [sighing] Oh, dear. [nervous] This is going to be quite a task. [uncertain] Well, um, I suppose I could try to find some of them. [curious] Which one would you need first, the year or the make?
Caller: Uh, everything. So year, make, and model, please?
Agent: [sighing] Everything. [nervous] Oh, my. [uncertain] This might take me a while. [long pause] Let me see. I think the, um, the big one, the main one, is a, um, a 2018. [confused] Is that enough for now?
Caller: No.
Caller: Your make and model, ma'am.
Agent: [sighing] No? [nervous] Oh, goodness. [uncertain] And the make, um, I think it's a, um, a Freightliner? [curious] And what about the model? [sighing] Oh, dear. [uncertain] Make and model. [long pause] I just, um, I just don't remember the make right now. [nervous] It's, um, it's one of those big ones, you know. [curious] Can't you just put down ""large truck"" for now?
Caller: No. I cannot. I'm so sorry.
Agent: [sighing] Oh, my. [nervous] This is proving to be quite difficult. [uncertain] What if I, um, what if I just gave you the VIN number? [NAME], he always had those written down. [curious] Would that work instead?
Caller: I don't know who [NAME] is, but, uh, but, yeah, I mentioned it was your make and and model, but the VIN number is actually perfect. Uh, go ahead whenever you're ready.
Agent: Oh, [calm] [NAME] was my husband, bless his heart. He passed a few years ago. [sighing] He handled all this, you know. [uncertain] All right, the VIN number. Let me see... [long pause] For the big one, it's, um... [nervous] Let me find my glasses... [uncertain] It's 1 G C R F 1 C B 5 H Z 1 2 3 4 5 6. [curious] Did you get all that, dear?
Caller: No. Absolutely not. I'm not a machine.
Agent: [nervous] Oh, my. [confused] I'm sorry, I just, um, read it out. [curious] Do you want me to, um, say it slower? Or, um, how do you want me to give it to you?
Caller: Like a person, ma'am.
Caller: I'm a human, not a machine. You're not talking to AI.
Agent: [nervous] Like a person? [confused] Oh, dear. [uncertain] I'm sorry, I just, um, I'm not used to this. [calm] All right. [long pause] Let me try again. [uncertain] It's... one G... [nervous] Oh, I know you're not a machine, dear. [calm] I just, um, wanted to make sure you got it all down. [curious] So, um, should I say it again, but slower? [uncertain] Or do you want me to find the other ones first?
Caller: I'm sorry. I didn't hear you.
Agent: [calm] Oh, [confused] I just asked if you'd like me to say the VIN again, but slower this time. [curious] Or would you rather I try to find the other VINs for the other trucks first?
Caller: I'm not understanding. I'm so sorry. What was that?
Caller: Hello?
Caller: I'm so sorry. What was that?
Agent: [confused] My goodness, is there something wrong with the phone, dear? [calm] I just asked if you want me to repeat the VIN number [curious] or if I should look for the others. Oh, [confused] I'm still here, dear. [calm] I just asked if you'd like me to, um, repeat the VIN number for you, you know, slowly. [curious] Or should I try to find the VINs for the other trucks first? [confused] Oh, dear. [nervous] My phone must be acting up. [calm] I just asked if you wanted me to, um, repeat the VIN number, but slower. [curious] Or should I try to find the other ones first?
Caller: Oh,
Caller: yeah. Alright. You can also try to find the other ones first.
Agent: [calm] It's, um, [confused] it's 1 G C R F 1 C B 5 H Z 1 2 3 4 5 6. [curious] Is that better, dear? [sighing] Oh, goodness. [uncertain] This is going to be quite a search. [long pause] Let me see... [nervous] [NAME] kept these in such a jumble. [curious] And you need all five, right? Year, make, model, and VIN?
Caller: Mhmm.
Caller: Yes. Mhmm. Does this numbers would actually be perfect. And, yeah, for all five. So if you have if you have the VIN numbers, um, I'll take the VIN numbers, but the year, make, and model is just fine for, um, for a quote.
Agent: [sighing] Mm-hmm. [calm] All right. [uncertain] Well, um, I don't know if I can find them all right this minute. [nervous] Would you, um, would you like me to call you back when I have them all ready? [sighing] Oh, my. [uncertain] Well, I only found that one VIN so far. [nervous] The others, they're not in the same spot. [long pause] Let me see... [confused] Would it be easier if I just, um, gave you the year, make, and model for the second one? It's a 2020, um, Ford. [curious] Is that better?
Caller: No. Because I also need the the model.
Caller: What a task. I understand.
Agent: [sighing] Oh, dear. [uncertain] The model. [long pause] I just, um, I just don't remember the model, you know. [nervous] It's a, um, a big Ford truck, like the other one. [curious] Can't we just call it a ""Ford truck""? [sighing] Oh, dear. [nervous] The model. [uncertain] It's a, um, a Ford F-350. [calm] That's a pickup truck, you know. [curious] Does that count as one of the box trucks? Or is it different?
Caller: Oh, f three hundred fifty. Okay. That sounds good. And you mentioned that this was one of the box trucks The Ford f three hundred fifty?
Agent: [confused] Oh, um, no, dear. [nervous] I think I meant it's a pickup truck. My memory, you know. [uncertain] But it's for the business, so it needs insurance. [curious] Is that one of the five, or is that extra?
Caller: Oh, excuse me.
Agent: [confused] Oh, um, no, dear. [nervous] I think I meant it's a pickup truck. My memory, you know. [uncertain] But it's for the business, so it needs insurance. [curious] Is that one of the five, or is that extra?
Caller: I'm sorry?
Agent: [confused] Oh, um, no, dear. [nervous] I think I meant it's a pickup truck. My memory, you know. [uncertain] But it's for the business, so it needs insurance. [curious] Is that one of the five, then?
Caller: Yes. It is. Go ahead with the next one, please.
Agent: [sighing] Oh, goodness. [uncertain] This is taking a while. [nervous] Let me see... [long pause] The third one, I think it's, um, a 2017, and it's a, um, a Volvo. [curious] Do you need the model for that one too?
Caller: What a task. I certainly do. Emphasize with this being a large task. But I will do my best to give you all the time you need. Do not worry.
Caller: Go ahead with the next one.
Agent: [grateful] Oh, [calm] that's very kind of you, dear. Thank you. [sighing] All right, the third one, um, I think it's a, um, a 2015. [uncertain] And it's another one of those big tractor trailers, you know. [confused] I just, um, I don't remember the make or model right now. [curious] Can we just say ""tractor trailer"" for now? [grateful] Oh, that's so kind of you to say, dear. [calm] I appreciate your patience. [sighing] All right, the third one... [uncertain] I think it's a 2019, um, Peterbilt. [curious] Does that sound right for a big truck?
Caller: Absolutely, my dear.
Agent: [grateful] Oh, that's so kind of you to say, dear. [calm] I appreciate your patience. [sighing] All right, the third one... [uncertain] I think it's a 2019, um, Peterbilt. [curious] Does that sound familiar?
Caller: Is that another Ford f three hundred fifty as you said before, or is this a truck tractor as we may say?
Agent: [confused] Oh, um, no, dear. [nervous] Peterbilt is one of those big tractor trailers, you know. [uncertain] My [NAME], he loved those. [curious] Do you need the model for that one too?
Caller: Yes. The humans call those truck tractors. Yes, please.
Agent: [sighing] Oh, dear. [uncertain] The model for the Peterbilt. [long pause] I just, um, I just don't remember the exact model number. [nervous] It's one of their, um, common ones, you know. [curious] Can't you just put down ""tractor trailer"" for now?
Caller: Oh, excuse me. We are all human here. Wink wink. Mhmm. You were proceeding with the model.
Caller: Go ahead. I am ready to type with my human fingers. Are you there?
Agent: [chuckling] Oh, you're funny, dear. [calm] Well, the model for the Peterbilt, I think it's a, um, a 379. [curious] Is that one of the common ones? [chuckling] Oh, you're funny, dear. [nervous] My goodness. [uncertain] All right, the Peterbilt model... [long pause] I think it's a 389. [curious] Is that right? Does that make sense?
Caller: Yes. Funny.
Caller: I did not hear you. Can you repeat, please?
Agent: [chuckling] Oh, you're funny, dear. [nervous] My goodness. [uncertain] All right, the Peterbilt model... [long pause] I think it's a 389. [curious] Is that right? [confused] Oh, dear. [nervous] I said the model is a 389. [curious] Did you get that? [calm] Three, eight, nine.
Caller: Three eighty nine. And you said it was, uh, Truck Rector, you said, I think? Truck tractor. Okay. Okay. Yeah. I got the twenty nineteen Peterbilt three eighty nine. Uh, go ahead with the next one, please.
Agent: [sighing] Oh, my. [uncertain] We're almost there. [long pause] The fourth one, let me see... [nervous] I think it's a 2017, um, Freightliner. [curious] Do you need the model for that one too?
Caller: For all of them, please.
Agent: [sighing] Oh, dear. [uncertain] The Freightliner model... [long pause] I think it's a Cascadia. [calm] That's another big one, you know. [curious] Is that one of those truck tractors too?
Caller: Mhmm. Yep. Sounds like it. Okay. So I got the Freightliner Cascadia. Go ahead with the next one, please.
Agent: [sighing] Oh, thank goodness, the last one. [calm] Let me see. [uncertain] I think it's a 2021, um, Volvo. [curious] And that's a big truck too, so do you need the model for that one as well?
Caller: Excuse me.
Agent: [confused] Oh, dear. [nervous] I just said the last one is a 2021 Volvo. [curious] And I was asking if you needed the model for that one too?
Caller: Yeah. And I said, uh-huh. So, yes, that means yes.
Agent: [sighing] Oh, my. [uncertain] All right, the Volvo model... [long pause] I think it's a VNL. [calm] That's a big one, you know. [curious] So, um, now that you have all that, what happens next?
Caller: So I certainly do need a lot more details. Um, we do our underwriting upfront. K? So I'll need details about um, you know, the the business itself. I will need the name of your drivers. I know you mentioned that there was gonna be a few. So the name of your drivers, their date of birth, and their driver's license information. So the year, um, I'm sorry, not the year, but the state and the driver's license number. So here in [ORG], there is no such thing as permissive use of a vehicle, meaning that if anyone is not listed as a driver to any of these trucks, they're simply not covered. Um, I have four trucks, and I thought I heard you say that it was five trucks. I just wanted to make sure. Remember the VIN number, you gave it to me way too fast. Um, and I thought you were repeating that you were gonna repeat it to me, but then you never did. So, uh, I just wanna make sure that I have the correct number of of vehicles before we get started.
Agent: [nervous] Oh, goodness. [confused] I thought I gave you five. [uncertain] Let me see. There was the first VIN, then the Ford pickup, the Peterbilt, the Freightliner, and the Volvo. That's five, isn't it? [curious] And you need all the drivers' names and their birthdays? That's a lot of personal information, dear.
Caller: Correct.
Caller: Uh, not for the insurance, ma'am. Uh, you're talking to an agent, so the proprietary information is safe, but, uh, I will need it for sure.
Agent: [nervous] Oh, goodness. [confused] I thought I gave you five. [uncertain] Let me see. There was the first VIN, then the Ford pickup, the Peterbilt, the Freightliner, and the Volvo. [uncertain] Oh, well, I don't usually give out all that, um, personal information over the phone, you know. [nervous] My son, he always told me not to. [curious] Is there, um, another way to do this without giving all that out right now?
Caller: I would need at least, um, full name and date of birth. Um, and at least the state of the driver's license, but I will need it, ma'am. Did you need any more time? Did you have any questions?
Agent: [uncertain] Oh, dear. [nervous] My goodness. [long pause] Well, um, there's [NAME], my son. He's one of the drivers. [calm] His birthday is, um, [DOB]. [uncertain] And his license is from Florida. [curious] Is that enough for him?
Caller: What's his last name?
Caller: You just said [NAME].
Agent: [calm] Oh, [confused] it's [NAME], dear. [NAME], [NAME]. [curious] Did you get that down? [calm] Oh, it's [NAME], dear. [satisfied] [NAME]. [curious] Did you want me to spell that for you?
Caller: Yes, please.
Agent: [calm] It's W-I-C-K-H-A-M. [curious] Did you get that? [satisfied] Just like the trucking company.
Caller: Was the name of the company once again? I'm sorry. You said that you didn't have the [ORG] number?
Agent: [confused] Oh, dear. [nervous] I thought I told you. It's [ORG]. [uncertain] And yes, I don't have the [ORG] number right here. [curious] Is that going to cause a problem again?
Caller: Uh, no. No. Refer to our, um, conversation previously. It will affect your premium once we enter it, but, um, but, yeah, no. We'll be fine. Does, uh, is [ORG] structured as an LLC, corporation, sole proprietorship? How is that structured?
Agent: [confused] Oh, goodness. [nervous] Structured? [uncertain] [NAME] handled all that. I just, um, I just don't know, dear. [long pause] I think it's, um, a family business, you know. [curious] Does that help?
Caller: Yeah. I mean, it certainly helps. Knowing it's a family business, that's great. But, um, we would need to know if it's structured as a sole proprietorship or a corporation or an LLC. Because, again, those are rate well, I'm sorry. I didn't say this before, but those are rated differently. And, again, I just wanna make sure that I give you the correct premium.
Caller: I don't know if you can locate that or if you know any of that or maybe you can ask your son. However that's more comfortable for you.
Agent: [sighing] Oh, dear. [nervous] This is all so complicated. [uncertain] I just, um, I just don't know the answer to that. [long pause] [NAME] always said we were just ""[ORG]."" [sighing] Oh, my. [nervous] I just, um, I just don't know, dear. [uncertain] [NAME] might know, but he's out on a run right now. [long pause] Could you, um, could you just put down sole proprietorship for now? [curious] Would that work just to get a quote?
Caller: Mhmm. So then it's, uh, who will be the financially responsible person for this, uh, policy? Excuse me. Let me know whenever you're ready.
Agent: [confused] Oh, [nervous] the financially responsible person? [uncertain] Well, I suppose that would be me, dear. [NAME]. [curious] Is that what you need?
Caller: Mhmm. And then it's e d n a wicom, w I c k a m. Is that correct?
Agent: [calm] That's right, dear. [satisfied] E-D-N-A, and W-I-C-K-H-A-M. [curious] So, um, what else do you need from me for this quote?
Caller: Okay.
Caller: I need your mailing address, please.
Agent: [calm] Okay? [curious] So, um, what's next? [calm] Oh, my mailing address. [uncertain] It's [ADDRESS], [ZIP]. [curious] Did you need my phone number too?
Caller: Yes, please.
Agent: [calm] It's, um, [PHONE]. [curious] And is that all the personal information you need, dear?
Caller: No. No. I will need your [DOB] as well, please.
Agent: [uncertain] Oh, my [DOB]. [nervous] I don't usually give that out, you know. [long pause] It's, um, [DOB]. [curious] And what do you need that for exactly?
Caller: To build your credit profile, ma'am?
Agent: [confused] Oh, [nervous] my credit profile? [uncertain] I just, um, don't understand how that helps with truck insurance. [curious] Is that really necessary?
Caller: It is. So it is. So our system will pick up on, uh, so we don't ask for, like, your [SSN] or anything like that. But our system will take the address that you me at, uh, [ADDRESS], I think you said, in Saratoga Springs, uh, Florida. [ZIP]. And, uh, you know, based on the addresses that the system has, it will, um, build a credit history for you. K? And then that will give you a rate. Um, so that's why you know, your your we have to identify if it's the correct that the system is picking up on. The correct address, the telephone number. Yeah. All that good stuff.
Agent: [uncertain] Oh, [confused] goodness. So you're not going to ask for my [SSN] then? [hopeful] That's a relief. [curious] So, um, what else do you need to get this quote done?
Caller: I would like to know, have you ever had a [ORG] commercial policy by chance?
Agent: [uncertain] Oh, [long pause] I don't think so, dear. [confused] Not that I remember. [NAME], he always handled the insurance. [curious] Is that good or bad?
Caller: I don't know. You tell me.
Agent: [confused] Oh, [nervous] I just, um, I just don't know, dear. [uncertain] I thought you would know. [long pause] So, um, if I haven't, does that change anything? [curious] Does it make it more expensive?
Caller: If you have what? I'm sorry.
Agent: [confused] Oh, [nervous] if I haven't had a [ORG] commercial policy before. [curious] Does that, um, make a difference in the price?
Caller: No. No. That's fine.
Agent: [satisfied] Oh, good. [calm] That's a relief. [curious] So, um, what's next? Are we almost done with all these questions?
Caller: No. No. Not quite. I'm sorry. Well, I'm I mean, I'm not actually sorry because this is the process, but I'm sorry that you are wanting to finish. Um, I did want to know, uh, this is gonna be written as [NAME], w I c k h a n. Doing business as [ORG]. Is that how you need it to be listed for the state of Florida?
Agent: [calm] Oh, [satisfied] yes, dear, that sounds just right. [curious] [NAME] doing business as [ORG]. [calm] That's how [NAME] always had it, you know. [curious] So, um, what else do you need?
Caller: I'd like to know how the uh, excuse me. What exactly are you guys hauling, please?
Agent: [calm] Oh, [uncertain] we haul, um, general freight, you know. [confused] Whatever needs hauling, I suppose. [curious] Does that make a difference for the insurance?
Caller: Well, we would like to know, like, because, for example, are you planning on doing any hazardous material? At all?
Agent: [confused] Hazardous material? [nervous] Oh, my. No, dear. [calm] We don't do any of that. [uncertain] Just regular stuff, you know. [curious] No hazardous materials at all, is that better?
Caller: Okay. So that sounds great. Now, uh, question. Were you transferred over to me initially? Oh, I believe you were transferred. Excuse me. I forgot you came from the [ORG]. So, um, I have a very important reminder here to read you. So federal, state, and local laws may require you to carry higher limits of liability insurance based on your business or vehicle type. It's your responsibility to comply with these laws. Please contact the [ORG] your employer, or the city and municipalities where you operate to determine if you're required to carry higher limits, And, um, as a licensed agent for the state of Florida, we offer insurance by phone, online, or through independent agents. We use information from you and other sources such as your driving, claims, and credit histories to price your insurance. Our privacy policy explains how we disclose and protect your personal information and how you may access and correct it. And, um, I can provide a copy at your request. K? Now, uh, what I'm gonna ask you are just a couple of details about each vehicle. So because we don't have a VIN number, there's certain details that are not automatically filled into my system. Okay? So for your Ford f three hundred fifty, is it like a crew cab? Is it an extended cab? Is it a regular pickup? Uh, how many cylinders is that? Is it a four by four? Tell me that, please.
Agent: [sighing] Oh, dear. [nervous] My goodness, more questions. [uncertain] Well, the Ford F-350, it's a, um, a regular pickup, you know. [confused] And cylinders? [long pause] I just, um, I just don't know about that, dear. [curious] Is that important?
Caller: Yes. It is, ma'am.
Caller: I need to know.
Agent: [sighing] Oh, my. [nervous] I just, um, I just don't know, dear. [uncertain] [NAME] always handled all the truck details. [long pause] Could we, um, could we just skip that part for now? [curious] Or can you make an estimate? [nervous] Oh, my. [uncertain] Cylinders. [long pause] [NAME], he knew all that. I jus ...[TRUNCATED FOR EXCEL - see scamai_full_1000.csv for complete text]",1,0.5044,0
