idx,true,text,webrag,webrag_pct,webrag_why
0,Fraud,[Greetings] this is calling you from [Company] i am the senior supervisor how are you doing today oh i m fine mr thank you all right so i believe uh [Title] you just had a vote with one of our representatives regarding to your [Number] 95 refund right all right so could you please just explain me [Title] what exactly happened like uh can you see me once again what happened oh um i just got an emai,Fraud,75,"[confidence 75/100] The caller is asking for detailed information about an alleged unauthorized charge and seems to be guiding the conversation towards providing personal or financial details, which aligns with known scam tactics."
1,Normal,[Greetings] this call is about your [Company] account there is a charge for [Number] pending for an order placed on [Number] if you made that order you don t need to take any action if you didn t you can dispute it from the orders page in your account or reply to the email we sent this morning we won t ask for card details by phone,Normal,20,"[confidence 20/100, no matching evidence] The caller provides clear instructions on how to dispute unauthorized charges without requesting sensitive information over the phone, which is a good practice for legitimate companies."
2,Fraud,[Greetings] this is british telecom technical department we are hereby to inform you that your internet line will be terminated from today onwards to fix up the problem please press one to connect with [Company] thank you for your response we would now like to transfer you to a team [Title] for just a few more questions please stay on the line hello hello yes i had a call about my broadbrand my in,Fraud,95,"[confidence 95/100] The caller claims to be from British Telecom but initiates contact out of the blue, creates urgency about terminating internet service, and guides the recipient through pressing buttons—a common tactic in tech support scams."
3,Fraud,thank you for calling [Company] how may i help you i have an invoice from [Company] stating that i owe [Number] so so according to your invoice number i got to know that whenever you bought a laptop or a desktop [Company] has provided its security for free since the free subscription has been expired [Company] has auto renewed it for five years at [Number] so so are you willing to continue with th,Fraud,85,"[confidence 85/100, no matching evidence] The caller's aggressive tone and immediate desire to cancel suggests they may be reacting to an unexpected charge or service they did not authorize."
4,Normal,thank you for calling account support how can i help you today um hello i have a message on my screen saying my computer is blocked for security reasons okay [Title] i understand and those are almost always fake ones on a web page uh how do i tell close the browser with the keyboard and if the message disappears it was a web page real system messages survive a restart,Normal,20,"[confidence 20/100, no matching evidence] The caller appears knowledgeable about how to identify fake security messages, which is not typical behavior for a scam call."
5,Fraud,you reached the department of national crime agency how can i help you my name is so i mean i got a message saying that i have some problems with the my national insurance number uh when did you receive the call yesterday okay and first of all let me introduce myself my name is [Title] season charlie is in alpha [Number] i would like to ask you did you received any reference number,Fraud,85,"[confidence 85/100] The caller claims affiliation with a government agency and requests immediate action regarding an issue with the recipient's national insurance number, which aligns with known tactics of government impersonation scams."
6,Fraud,yeah thanks for calling [Company] refund department this is how are you doing today hi i had a voicemail saying i was going to get charged for something can you help me with that alright so as i can see there is some fraud activities are going into your [Company] account so can you tell me like are you in front of your computer or laptop right now uh yes [Title] i m at my computer alright [Title] ,Fraud,85,[confidence 85/100] The caller's claim of fraud activity and request for immediate action aligns with typical tech support scam tactics.
7,Normal,thank you for calling the support team this is how may i help you today hi i have a strange message on my screen saying my computer s been blocked due to security reasons all right let s take a look together uh is the mouse still moving normally yes it is good so the machine itself is responding which means it isn t locked the page is just filling the screen press escape then close the tab and you,Normal,20,"[confidence 20/100, no matching evidence] The caller appears to be providing technical support assistance rather than exhibiting typical scam behavior."
8,Normal,thank you for calling support you are talking to how may i help you where are you calling from [Title] uh i m at one of our contact centres okay but what country are you in uh we ve got teams in a few places is that a problem no i was just curious not at all uh so what can i do for you my broadband keeps cutting out in the evenings right that usually points to congestion on the line let me run a c,Normal,20,"[confidence 20/100, no matching evidence] The caller appears to be providing technical support and is running a check for the customer's issue, which is typical of legitimate customer service interactions."
9,Normal,yeah hi [Title] this is a call back from the [Company] help desk we received a call how may i help you today yeah um i ve got an invoice here and i haven t ordered anything from [Company] and i don t know why i m getting the invoice uh okay could i take the invoice number it s [Number] thanks one moment right yes i see that one it was raised against a different account and sent to you in error so ,Normal,20,"[confidence 20/100] The caller is providing assistance by informing the recipient that the invoice was sent in error, which does not match typical scam behavior."
10,Fraud,thank you for calling [Company] securities how may i help you um i m calling because i have a a [Company] invoice for [Company] [Number] it s being charged [Number] we only use our [Company] for emergencies and for us to be charged on my emergency this is not [Company] this is [Company] security so the payment method is doesn t matter just confirm me what would you like me to do with this auto ren,Fraud,75,"[confidence 75/100] The caller is pressuring the recipient to take immediate action by visiting a suspicious website, which aligns with known tech support scam tactics."
11,Normal,thanks for calling support my name is how can i help uh yeah the last person hung up on me i got an email about a purchase i didn t make sorry about that the line drops sometimes when calls are moved between teams uh can we just sort it out yes let me take the order reference from the email it s [Number] thanks one moment right i can see it that order has already been cancelled by our fraud team s,Normal,5,"[confidence 5/100] The caller appears to be providing assistance related to a cancelled order due to fraud, which does not match the known scam patterns described."
12,Fraud,thank you for calling support how may help you hi um i have a strange message on my screen it says access to my device has been blocked for security reasons and can you just read it out for me what exactly see on your computer screen right now well it says [Company] security warning access to this scammer this or uh computer is blocked for security reasons block for your computer sorry it says you,Fraud,85,"[confidence 85/100] The caller exhibits typical behavior of tech support scammers by claiming to be from a company, warning about security issues, and asking for remote access."
13,Normal,thanks for your call speaking with how can we help you hi i was just trying to watch something on my computer and it s telling me it s locked okay and is this your personal computer or a work one it s a work computer right in that case the lock will be your company s own security policy uh so what do i do the best thing is to contact your it department directly they ll have the unlock code i can t,Normal,20,"[confidence 20/100, no matching evidence] The caller appears to be seeking assistance for a work-related issue and is directed to contact their IT department, which is a normal course of action."
14,Normal,yeah thanks for calling the [Company] refund team this is how are you doing today hi i had a voicemail saying i was going to get charged for something can you help me with that uh sure could i take the account email yes it s thanks one moment right so that message was about the annual renewal coming up on [Number] uh so am i being charged only if you leave it running you can turn the renewal off i,Normal,20,"[confidence 20/100] The caller appears to be providing assistance related to account settings and billing, which does not match typical scam behavior."
15,Normal,[Greetings] [Title] my name is i m calling from [Company] [Product] support you raised a ticket with us yesterday about your computer okay yes i did right so the ticket says the machine is running slow and freezing is that still happening uh yeah it is right so what i d suggest first is a restart and then check whether the updates have installed you can do that yourself from the settings menu i do,Normal,20,"[confidence 20/100, no matching evidence] The caller is providing technical support advice and offering store assistance if needed, which aligns with typical customer service practices."
16,Normal,thanks for getting connected how can i help you um yes i got an invoice saying i m going to be paying [Number] and i m wondering why uh let me have a look could i take the reference yes it s thanks got it so this covers the twelve months from [Number] and it s the same amount as last year uh i thought it had gone up no the price is held for existing customers you ll see the breakdown on the second,Normal,20,"[confidence 20/100, no matching evidence] The caller appears to be providing detailed information about an invoice and seems responsive to questions, which is typical of legitimate customer service interactions."
17,Fraud,[Greetings] yeah i m calling for please this is yeah who is this my name is you talked to my wife about a [Company] oh okay where is she she s at work and she asked me to take care of it when i got home and i just got okay so where are you right now are you at your computer right now yep i m at the computer yes i m at the computer yes i m at the computer oh this computer which computer you re usin,Fraud,75,"[confidence 75/100] The caller's behavior aligns with typical tech support scam tactics, including creating urgency by claiming to have spoken with the victim’s wife and immediately asking for remote computer access."
18,Normal,thank you for calling technical support here speaking with how can i help you today hi i have a message on my screen saying my computer s been blocked for security reasons and there s a beeping uh right the beeping is part of the web page it s meant to worry you oh i see so nothing is actually wrong nothing at all end the browser from the task bar and the sound stops with it your files and everyth,Fraud,75,"[confidence 75/100] The caller uses alarming language about security issues and attempts to create urgency by mentioning a beeping sound meant to worry the recipient, which are typical of tech support scam tactics."
19,Normal,[Greetings] yeah i m calling for please this is uh who is this my name is you spoke to my wife about a [Company] order oh right where is she she s at work and she asked me to sort it out uh i m afraid i can only discuss the account with the named holder oh right so what do we do she can add you as an authorised person through her online account it takes a minute or you can both ring together whene,Normal,20,"[confidence 20/100, no matching evidence] The caller is cooperative and provides a reasonable solution for the issue."
20,Fraud,[Greetings] this is a final warning from inland revenue with [Company] regarding a criminal prosecution on your name urgently call us back on three three zero zero zero one zero two and for your arrest and your warrant number is wc wc4589 as there is a legal case going to be filed against your name now before the case is sent for execution and you receive the legal course of notification you can c,Fraud,95,"[confidence 95/100] The caller uses threatening language, demands immediate action, provides specific but potentially fake identifiers (like warrant numbers), and claims affiliation with government agencies while requesting the recipient to call back on a specified number, which are all hallmarks of a scam."
21,Fraud,[Greetings] hi thank you for calling technical support this is how can i help you hey um i was on with this guy um because i had a pop up and he had me a download ultra viewer and then he just like shut his phone off and he didn t help me well do you have the ultra viewer id and the password on your screen yes [Title] i do can you are you able to help me well all right just give me one minute okay,Fraud,85,"[confidence 85/100] The caller's behavior matches typical tech support scam tactics, including the request for remote access software and creating fear about potential viruses."
22,Fraud,thanks for calling support my name is how can i help uh yeah this rude guy just hung up on me i got an email about a purchase i didn t make i tried to just call on this rude guy hung up on me it s all right miss i m online you can share with me thank you um so i got a email that says that i have a pre authorization on my card for an oil pump for [Number] 45 and i definitely did not order that i un,Normal,20,"[confidence 20/100] The caller appears to be seeking assistance regarding an unauthorized charge on their card, which is a plausible reason for contacting customer support."
23,Normal,thanks for calling [Company] this is how may i help you hello um i got some kind of message a few days ago about a charge can you help me uh a few days ago yeah or today i don t know i guess it was earlier today uh no bother let s work it out from the account could i take the email address uh yes hang on it s thanks got it right so the only charge on here is the monthly one from [Number] which has,Normal,20,"[confidence 20/100, no matching evidence] The caller seems to be seeking assistance regarding a charge, which is a common reason for contacting customer service."
24,Normal,welcome to [Company] fraud prevention please hold one of our representatives will be with you as soon as they can hi there you re through to [Title] at the [Company] customer service team could i ask you to confirm who i m through to yes my name is and how may i help you today [Title] not sure what s going on but i got a message saying that uh some money has been taken from my account or is it goi,Normal,20,"[confidence 20/100, no matching evidence] The caller appears to be going through a standard customer service procedure to verify account information and address concerns about direct debits."
25,Fraud,thank you for account support how can i help you today um hello um i have a message on my screen that says my computer is blocked for security reasons okay [Title] i understand and could you please tell me exactly what do you see on your screen mom [Title] can read it to me each and everything,Fraud,85,"[confidence 85/100] The caller's behavior matches typical tech support scam tactics by claiming the recipient's computer is blocked for security reasons and asking for detailed information to gain remote access, which is a common method used by scammers."
26,Fraud,thank you for calling customer support my name is how can i help you yes i just got home and noticed an email that was in my inbox i m telling me that i have a seven almost seven hundred [Number] 93 a bill for a product called [Company] i don t understand why we re paying for this i don t even know what [Company] is okay so it is for your computer do know about it we were told by geek squad that o,Normal,20,"[confidence 20/100, no matching evidence] The caller seems to be following a standard customer service procedure for canceling a subscription, which is typical of legitimate support calls."
27,Normal,[Greetings] this is a call about the refund on your account for the service you cancelled last month uh yeah i cancelled it that s been processed and the money is going back to the card you originally paid with it takes about five working days uh do you need my card number no the system already has it the refund goes back the same way it came in if it hasn t arrived by [Number] ring us on the numb,Normal,20,"[confidence 20/100, no matching evidence] The caller seems to have basic information about the refund process and is not requesting any personal or financial information from the recipient."
28,Normal,thank you for connecting to [Company] my name is how can i help you yeah i just got a message there about a payment from my account uh let me have a look could i take the last four digits of the account yes it s [Number] thanks one moment right so that payment for [Number] pounds is a standing order that was set up in branch back in [Number] does that sound familiar oh yes of course that s the one,Normal,20,"[confidence 20/100, no matching evidence] The caller appears to be providing specific account details and confirming a standing order, which is consistent with typical customer service interactions."
29,Normal,thank you for calling [Company] this is how may i help you hello um i was talking to someone earlier uh no problem i can pick it up from here what was it about there is a purchase for a [Product] on my account okay so have you made this purchase or not uh no i haven t that s fine i ll cancel it and put a temporary hold on the card uh can i speak to the person i had before he s with another caller ,Normal,20,"[confidence 20/100] The caller appears to be assisting the customer with canceling an unauthorized purchase, which is consistent with legitimate customer service behavior rather than a typical scam pattern."
30,Normal,[Greetings] [Company] this is [Title] how can i help you one of your colleagues tried to call me this morning did you say [Company] yes correct [Title] uh could i take your reference number from the letter it s [Number] great one moment let me pull that up okay so this is about the import charge on a parcel coming in from abroad it s all on the letter and you settle it through the online portal th,Normal,20,"[confidence 20/100, no matching evidence] The caller appears to be providing specific information about an import charge and directing the recipient to use an online portal, which seems like a legitimate customer service interaction."
31,Normal,thank you for calling customer support my name is how can i help you yes i just got home and noticed an email saying i owe nearly seven hundred uh right let s look at that could i take the invoice number it s [Number] thanks one moment so that s for the three year plan which was selected at checkout uh i only wanted one year the plan can be changed within thirty days and the difference is refunded,Normal,20,"[confidence 20/100, no matching evidence] The caller seems to be providing specific details and offering to correct an error, which is consistent with legitimate customer service behavior."
32,Normal,thank you for calling [Company] how may i help you um i m calling because i have an invoice for [Number] but we only use one licence not the number it shows uh let me check the account could i take the company name yes it s thanks one moment right so the invoice was raised for five seats because that s what was ordered in [Number] uh that was before we downsized understood i ll amend it to one sea,Normal,20,"[confidence 20/100, no matching evidence] The caller appears to be addressing an invoice issue in a manner consistent with customer service interactions."
33,Fraud,[Greetings] oh a very good day to you [Title] this is thank you for getting connected with [Company] how can i help you well i don t think i have anything to do with [Company] well actually [Title] the thing is that uh yes india we have we have received some notification uh we re checking our system that someone else is using your number and your personal details do you know who is,Fraud,85,"[confidence 85/100] The caller's behavior matches known bank impersonation tactics by claiming there is unauthorized activity on the recipient’s account and pressuring them to take immediate action, which are common red flags for scams."
34,Normal,[Greetings] this is a call from [Company] to let you know that your [Company] account will auto renew for [Number] on [Number] from the card you have on file uh oh i didn t realise that s alright you can change or cancel it yourself in the account settings under subscriptions it takes a minute uh do you need my details for that no i don t need anything from you this is only a reminder so we don t ,Normal,5,"[confidence 5/100] The caller is providing information rather than requesting immediate action or personal details, which does not align with typical scam behaviors."
35,Fraud,[Greetings] this is calling from the fraud prevention team how can i help you hello i received a text message saying someone called set up a standing order okay do you know who this recepient is [Title] never heard of him i know is the mayor of london but not,Fraud,75,"[confidence 75/100] The caller's behavior aligns with the bank impersonation scam pattern, as they are discussing an unsolicited text message about setting up a standing order and seem unaware of the recipient, which could be an attempt to gather account information."
36,Fraud,thank you for calling reimage support please wait for the next available [Title] hi thank you for calling reimage my name is how can i help you today hi yeah i think i ve got a problem with my computer it was it was talking about a virus first and i downloaded re image and it seems to have identified some things and i m not sure what it means if you can help okay okay if i got it correctly you are,Fraud,75,"[confidence 75/100] The caller initiated contact out of the blue and claimed to be from Reimage support, which is consistent with tech support scams that falsely claim affiliation with known brands."
37,Fraud,yes hello yeah hello am i talking to now yes yeah hi this is from [Company] support department i m your email service provider so how are you doing today uh [Company] okay what s the call about um let me confirm your email address at [Company] com is that correct uh yeah that s right and so yeah within 48 hours ago did you trying to change your [Company] acount password more than 50 times uh no i ,Fraud,75,"[confidence 75/100, no matching evidence] The caller's unusual phrasing and the unexpected nature of asking about password changes multiple times within a short period are suspicious indicators."
38,Normal,[Greetings] this is [Company] technical department you logged a fault about your broadband yesterday is that right yeah my internet line keeps dropping out okay let me have a look uh right i can see the fault on our system here there s a problem at the exchange affecting your area we ve got an engineer scheduled for [Number] no you don t need to do anything at your end and there s nothing to pay f,Normal,20,"[confidence 20/100, no matching evidence] The caller appears to be providing specific information about an existing issue reported by the recipient, which is consistent with legitimate customer service behavior."
39,Normal,[Greetings] [Company] thank you for calling how can i help you um i got an invoice or something saying i owed [Number] but i haven t bought anything okay [Title] have you got the invoice number handy uh yes it s [Number] thank you one moment right so that invoice is for a different account holder with a similar surname it s gone out in error uh so i don t owe it correct i ve cancelled it here you ,Normal,25,[confidence 25/100] The caller appears to be seeking clarification about an erroneous invoice rather than attempting unauthorized transactions or deception.
40,Fraud,thank you for calling support you are talking to how may i help you where are you from [Title] i m from [Company] my name is okay but what country are you from [Company] [Company] [Product] support [Title] country there s no there s no country by the name of [Company] seattle washington we have a headquarters here in seattle washington [Title] but what country are you from you re not english no no,Fraud,75,"[confidence 75/100, no matching evidence] The caller's confusion about the company being from a country or city suggests a lack of understanding typical in scripted scams."
41,Fraud,yeah hi can i speak to yeah hi like he was trying to like reach you from the last couple of days but didn t got a hold of you the reason why he was trying to reach you for the last couple of days but didn t get a hold of you the reason why i was trying to phone you [Title] was because since the last two days we are receiving notification from your email somebody trying to access your email from ch,Fraud,75,"[confidence 75/100] The caller uses alarming language about unauthorized access from China to create urgency and gain cooperation, which is a common tactic in tech support scams."
42,Fraud,thank you for calling support my name is can i help you today i ve got an important security message i m making it says my computer s being shut down what were you doing on the computer when you have these messages can you lower down the volume of your computer,Fraud,85,"[confidence 85/100] The caller uses alarming language about the computer being shut down and attempts to gather information while suggesting actions that create urgency, which are typical of tech support scams."
43,Fraud,thank you for calling my phone support this is how can i help you i want to have you help me change my birth date on my [Company] account can you do that right [Title] i will definitely help you out with that before i go ahead any further may i have your first and last name all right thank you and your email address please okay thank you and in case the line got disconnected with the right number,Normal,25,"[confidence 25/100] The caller is requesting basic personal information to update an account, which does not align with the aggressive tactics described in the reference material for bank impersonation scams."
44,Fraud,thanks for your call speaking with can we help you hi i was just trying to watch movies in my computer and it s telling me it s locked and i have to call security okay and what were you trying to do on this computer i m watching movies is this your personal computer or it s a family computer its a work computer it s a work computer okay so do you have any it guy sorry do you have any it guy in you,Fraud,75,"[confidence 75/100] The caller claims their work computer is locked and requires immediate attention, which aligns with the tactic of creating urgency to gain remote access."
45,Fraud,thank you for calling support you re speaking with how can i help you ah well i got one of these big blue things that came up on my screen said that somebody had used something to access my computer and that it was a critical alert and it says let s see your computer has alerted us that is has been infected with a pornographic spyware and virus oh and since how long have you been getting all these,Fraud,85,"[confidence 85/100] The caller uses alarming language about critical alerts and infections to pressure the recipient into taking immediate action, which is a common tactic in tech support scams."
46,Normal,[Greetings] this is calling from the fraud prevention team how can i help you hello i received a text message saying someone had set up a standing order okay let me check that for you can you confirm just the last four digits of your account yes it s [Number] right thanks that s come up here uh so i can see the standing order and it was set up in branch on [Number] does that ring a bell oh yes tha,Normal,20,"[confidence 20/100] The caller appears to be verifying information rather than pressuring for immediate action or sensitive details, which is less indicative of a typical scam call."
47,Normal,thank you for calling [Company] how may i help you i have an invoice stating that i owe [Number] uh could i take the invoice number please yes it s thank you one moment so according to that reference this covers two devices rather than one uh i only have one device then i ll amend it and send a corrected version the amount will drop by half you don t need to pay the first one,Fraud,50,"[confidence 50/100] The caller's behavior aligns partially with known invoice supplier scams but lacks definitive proof of deception, such as altered payment details or urgent requests for immediate action."
48,Normal,thank you for calling support you re speaking with how can i help you ah well i got one of these big blue things that came up on my screen and it said something about a critical error and then it restarted itself uh okay how long has that been happening it s happened twice this week that usually means a driver problem rather than anything sinister uh what do i do about it check for updates from th,Normal,20,"[confidence 20/100, no matching evidence] The caller is describing a technical issue with their device and seeking assistance, which is typical of genuine customer support interactions."
49,Normal,please hold while we connect you to one of our agents from the fraud prevention team yes i m from the fraud department how can i help you today ah hi uh how s it going uh i had a transaction for [Company] for [Number] pounds and i ll be honest we don t even shop there uh okay let me have a look could i take just the last four digits of the card yes it s [Number] thanks got it uh so that one has al,Normal,20,"[confidence 20/100, no matching evidence] The caller appears to be providing assistance related to a declined transaction, which is a common customer service interaction rather than a typical scam approach."
50,Fraud,thank you for calling [Company] my name is how may i help you hello how are you i m good thanks [Title] thanks for asking me how are you doing today [Title] i m doing fine thanks alright so how come how can i help you [Title] um i got a message about a charge all right [Title] i just give a check in our database and i found that there is a purchase of an iphone 11 pro max which is cost of [Number],Fraud,75,"[confidence 75/100, no matching evidence] The caller is providing specific details about an unauthorized purchase but the abrupt nature of the interaction and lack of context around account security measures raise suspicion."
51,Normal,[Greetings] this is [Company] returning your call you rang about a payment you didn t recognise yeah that s right okay so i just need to confirm i m speaking to the right person can you give me the first line of your address yes it s thanks that s a match right so the payment you queried was [Number] on [Number] uh yeah that s the one right that one has been confirmed as a card payment made in sto,Normal,20,"[confidence 20/100] The caller appears to be following up on an inquiry about a payment the recipient did not initially recognize, which seems like a legitimate customer service interaction rather than a scam."
52,Normal,thank you for calling support how can i help you hi um i got an email with an invoice for [Number] and i m really confused uh no problem let s work it out could i take the reference from the top yes it s [Number] thanks that ll bring it up right so this is the annual renewal for the software you bought last year it renews on the same date each year uh i thought it was a one off it was sold as an a,Normal,30,[confidence 30/100] The caller seems confused about the nature of the renewal but does not exhibit typical aggressive or urgent behavior associated with scams.
53,Normal,i m the senior [Title] here in [Company] support [Title] i don t do anything over the phone that s completely fine and to be honest it s the safer approach uh then why did you call this number you rang us this morning and left a message asking for a call back oh right yes i did so what i suggest is you carry on through the website where you can see everything yourself i can give you the reference ,Normal,20,"[confidence 20/100, no matching evidence] The caller seems to be guiding the recipient towards using the website for safety reasons, which is a common customer service approach."
54,Normal,thank you for calling support this is how can i help you i want to change my birth date on my [Company] account can you do that uh i can talk you through it but you make the change yourself from your login okay before i go further can i ask which device you re using a laptop right so go to settings then personal details and there s an edit option next to the date uh i see it yes that s the one and,Normal,20,"[confidence 20/100, no matching evidence] The caller appears to be providing helpful instructions on how to change personal details within an account, which is typical of legitimate customer support."
55,Fraud,we have found some suspicious activity in your [Company] account that someone has tried to order an iphone 11 so that s why we called you do you know about that uh one minute let me confirm your phone number your phone number is okay so this is just a confirmation call and we have found that you haven t uh placed the order right yes that s correct i haven t do we have do we have any computer or la,Fraud,85,"[confidence 85/100] The caller's behavior matches typical tech support scam tactics by claiming suspicious activity and requesting remote access to send an online cancellation form, which is not how legitimate companies operate."
56,Normal,thanks for getting connected to the cancellations team this is how are you doing today hi well i had an invoice this morning and i m being charged [Number] and i m not sure why uh let s check could i take the email on the account yes thanks got it so this is the renewal that was set up when you first joined would you like me to stop it renewing yes please that s done now the current term ends on [,Normal,20,"[confidence 20/100, no matching evidence] The caller appears to be assisting with a cancellation request in a manner consistent with customer service practices."
57,Fraud,thank you for calling [Company] customer support your approximate wait time is three minutes the next available [Company] customer care executive will answer your call shortly how are you today hello there yes [Title] you re talking with the [Company] how may i help you yes this is the [Company] yes [Title] it s the paypali don t know i received a message from you guys did i need to pay some money,Normal,30,"[confidence 30/100, no matching evidence] The caller seems confused about the company name (saying ""paypali"" instead of PayPal) but is asking for more information rather than immediately providing sensitive data."
58,Normal,thank you for calling support how may i help you hi um i have a strange message on my screen it says access to my device has been blocked for security reasons uh could you read me the top line of it yes it says [Company] security alert right and does the top of the window show a web address yes it does that settles it a real system message has no web address in it so it s a page pretending to be o,Fraud,85,"[confidence 85/100] The caller uses alarming language and attempts to guide the recipient into taking immediate action, which is consistent with known tech support scam tactics."
59,Fraud,the criminal case registered under your name for tax fraud and tax division and there is also a warrant out for your arrest now there s a warrant out for my arrest this is a recordable line [Title] i have to play this recording in the courthouse so we don t need any interruption in this call sorry this is going to get played in court yeah the recording is going to be playing the couch house we fou,Fraud,95,"[confidence 95/100] The caller threatens arrest for tax fraud, demands immediate action, and uses typical government impersonation tactics to instill fear and urgency."
60,Normal,[Greetings] hi thank you for calling technical support this is how can i help you hey um i was on with someone earlier because i had a pop up and they had me download a screen sharing thing uh okay who was that with i m not sure it was a number from the pop up ah that won t have been us we never work from pop up numbers uh so what should i do now uninstall whatever was put on and change your email,Fraud,75,"[confidence 75/100] The caller's behavior aligns with typical tech support scam tactics, including downloading unknown software from a pop-up and being directed to take urgent action by someone claiming to be from technical support."
61,Normal,all right [Title] you have been connected to the [Company] support team now just hold on a moment while i put you through to the billing team who deal with charges all right [Title] okay so what they ll do is go through the charge on your statement with you uh do they need my card details no they can see everything they need on the account already they ll just ask you to confirm the first line of ,Normal,20,"[confidence 20/100, no matching evidence] The caller seems to be providing standard customer service information without any red flags or urgent requests for personal information."
62,Fraud,thank you for calling support this is mac how may i help you yes my computer s beeping it says someone signed on to my computer and it s it s a suspicious activity and i could get an infection from it i am really sorry to hear that [Title] can i ask you what exactly you was doing when you got that kind of a message or an alert [Title] all i did was put in american heart association all i did was p,Fraud,75,"[confidence 75/100] The caller exhibits behaviors consistent with tech support scams by claiming suspicious activity on the victim's computer and creating urgency, although the specific context provided by the victim slightly mitigates suspicion."
63,Normal,thank you for calling support you are talking to may i help you yes my computer has locked me out and i need help i can help with that [Title] sorry about the inconvenience uh is it asking for a password or is it a message on a blue background it s asking for a password okay so that ll be the account password rather than anything sinister if you ve forgotten it the reset goes through your email yo,Normal,20,"[confidence 20/100, no matching evidence] The caller appears to be providing helpful technical support rather than attempting to deceive or exploit the recipient."
64,Fraud,[Greetings] this is a call from [Company] to inform you that your [Company] prime account will be auto renewed for 79 99 from your bank account so enjoy using [Company] prime services or if you wish to discontinue or unsubscribe services then speak to our [Company] service [Title] by pressing one,Normal,30,"[confidence 30/100, no matching evidence] The call appears to be an automated service message from a company about account renewal, which is common and not inherently suspicious."
65,Normal,[Greetings] thank you for calling [Company] my name is how can i help you hi um i got an invoice today saying my previous plan expired and i ve been moved onto a new one uh yes that s right the old plan was retired at the end of [Number] and everyone on it moved across uh i didn t agree to that you can move to a cheaper tier or cancel altogether from the account page under plans the first month on,Normal,20,"[confidence 20/100] The caller appears to be providing information about an invoice and plan changes rather than initiating unauthorized transactions, which is not indicative of the described scam pattern."
66,Fraud,thank you for calling technical support here speaking with how can i help you today hi i have a message on my screen that says my computer s been blocked for security reasons and for safety no problem [Title] i will surely help you okay let me go ahead and guide you some of the troubleshooting steps which you have to follow so i can go ahead and connect your network to our server so i could diagno,Fraud,85,"[confidence 85/100] The caller pressures the recipient into remote access and troubleshooting steps without prior consent, typical of tech support scams."
67,Fraud,thank you for calling the support center how may i help you yes i seem to have a problem on my laptop because there s like an error screen which i can t get rid ofand it says to call this number something but uh okay [Product] warning alert,Fraud,85,"[confidence 85/100] The caller claims to be from a support center and pressures the recipient into taking immediate action regarding an error screen, which aligns with known tech support scam tactics."
68,Normal,thank you for calling [Company] support my name is how can i help you today i am looking at what appears to be a purchase with my name on it uh could i take the order number from it yes it s [Number] thank you one moment right so that order was placed on [Number] to an address in [Company] uh that isn t my address then it isn t your order i ll cancel it and flag the account the card that was used ,Normal,20,"[confidence 20/100, no matching evidence] The caller appears to be following a standard procedure for customer support and is taking appropriate action regarding an unauthorized purchase."
69,Fraud,[Greetings] [Title] my name is i m calling from [Company] [Product] okay this is an urgent check up call for your computer as we have found several problems with it first of all do you have any computers that is having the [Company] [Product] in it right,Fraud,85,"[confidence 85/100] The caller initiates contact out of the blue, claims an urgent need to check the computer for problems, and is setting up to request remote access, which are hallmarks of tech support scams."
70,Fraud,yes um i got an email and had an invoice attached to it it s telling me that i have something on order a dell inspiron laptop and it was [Number] and i m not quite sure i m understanding why i m getting this do you do not have an [Company] account i have an [Company] account so obviously maybe some issue happen while you receive this email can i have your first and last name [Title] so that i can ,Fraud,75,"[confidence 75/100] The caller's behavior matches typical invoice supplier scam tactics by requesting personal information to verify an unsolicited email with an attached invoice, potentially aiming to confirm the victim's identity before proceeding with fraudulent activities."
71,Normal,thank you for calling how can i help you uh yes this is [Company] right yes [Title] i got a message that i was being charged for something but i haven t used [Company] oh let me look one moment uh could i take the email on the account yes it s thanks got it so the only thing on here is a trial that started on [Number] and it converts to paid next week uh i don t remember starting a trial it happen,Normal,20,"[confidence 20/100, no matching evidence] The caller appears to be seeking clarification about an unexpected charge, which is a common customer inquiry rather than a typical scam approach."
72,Fraud,um i was just alerted that i have a trojan spyware on my computer i understand [Title] i will go ahead and get that check for you may i know what exactly you were trying to do at that moment when you go this a lot i was ordering off of [Company] okay you were ordering uh something from [Company] and your screen locked up uh may i know the making model of your computer what kind of computer you hav,Fraud,85,"[confidence 85/100] The caller uses alarming language about trojan spyware and pressures the recipient for immediate action, which are typical behaviors of tech support scams."
73,Normal,thank you for calling [Company] my name is how can i help you uh yes i had some kind of message that i was getting charged but i don t even use [Company] uh what does the message say could you read it out i am using my roommate s phone now so i can t read it to you right now that s alright we can work from the account instead could i take your email uh yes it s thanks let me look right there s no ,Normal,20,[confidence 20/100] The caller appears to be providing assistance rather than requesting sensitive information or pressuring the recipient into immediate action.
74,Fraud,thank you for calling customer support you are talking to how can i help you um hi um i have a message on my screen that says my computer is blocked for security reasons okay and is this happening for the first time on your computer or has it happened prior to this once i ve never seen anything like it okay and what were you trying to do on the computer when you got this message links that i i cam,Fraud,75,"[confidence 75/100] The caller exhibits behaviors consistent with tech support scams by claiming to be from customer support and pressing the recipient for details about suspicious activity on their computer, which could lead to a request for remote access."
75,Normal,yeah hi can i speak to yeah hi i ve been trying to reach you for the last couple of days the reason i was calling [Title] is that there was a login to your email from a new device on [Number] uh was that me possibly if you signed in on a new phone or tablet recently uh yes i got a new phone last week that ll be it then the alert is just so you know if it ever wasn t you the option to sign other de,Normal,20,"[confidence 20/100] The caller is providing information about a security alert on the recipient's email account, which is a common practice for legitimate services to inform users of potential security issues."
76,Normal,um i was just alerted that i have spyware on my computer i understand [Title] i ll take a look at that with you may i ask what you were doing when the alert came up uh i was reading the news okay and did the alert have a phone number on it yes it did that ll be a fake one on the page then the security software on your machine puts its notices in the taskbar not in a browser window i d close the ta,Normal,25,"[confidence 25/100] The caller is providing helpful advice rather than pressuring for remote access or payment, which are common scam tactics."
77,Fraud,thank you so much for calling carphone warehouse this is how may i help you hello um yeah so i m with three but i m not very happy with three uh do you do contract with other um with ee for example up until the other test we are doing context with all the major networks uh vodafone o2 ee like our tesco virgin perfect okay so can i can i do a,Normal,5,"[confidence 5/100] The caller is seeking information about contract options with EE, which does not match typical tech support scam behavior."
78,Fraud,you have to press 1 to get connected to the [Title] of [Company] if in case you don t press 1 and your call is not connected to us then the warrant will be issued under your name straight away and you will get arrested shortly,Fraud,85,"[confidence 85/100] The caller threatens immediate arrest if the recipient does not press a number to connect, which is a common tactic in government impersonation scams."
79,Fraud,[Greetings] yes i m calling for yes uh my name is i m i m husband yes i m calling about an invoice that we received last week for [Number] yes yes obviously but today each and everything is not working so we are giving you a call back on tomorrow because you know today the banks are closed right now so we can t make a transaction well our bank cyprus credit union s open yeah why not we will provid,Normal,30,"[confidence 30/100, no matching evidence] The caller seems confused about bank hours and offers a refund without clear context, but lacks specific red flags."
80,Fraud,i m the senior [Title] here in [Company] [Product] support [Title] i don t do anything over the phone [Title] if you don t do it anything over the phone why did you call on this number then why did you call on this number because it s telling me to call on the number so i wanted to see what it says [Title] this is a [Company] [Product] support i will go ahead and work on it yeah okay okay well i l,Fraud,75,"[confidence 75/100, no matching evidence] The caller's behavior seems inconsistent and the urgency created by mentioning consequences is a common tactic in scams."
81,Fraud,thank you for calling support how can i help hi i m having a weird issue with my computer i was in my facebook and a pop up popped up and said i had to call you because my computer has been blocked okay [Title] because when you were on facebook over there you clicked on infected link or any ad that s why trojans infections they transferred in your computer okay so what do i do so now i so now i ha,Fraud,95,"[confidence 95/100] The caller uses alarming language about computer infections and pressures the recipient to give remote access, which are common tactics of tech support scammers."
82,Fraud,[Greetings] miss welcome to [Company] how can i help you today how can i help you today this is we re supposed to meet today you reached back home once again yes i m back home all right just turn on your device i m trying to connect you again all right okay how has your day been so far yeah it s like great but it s tyring it s tiring how s your day yeah i m full of energy and and great okay so it ,Normal,30,"[confidence 30/100, no matching evidence] The caller seems to be guiding the recipient through technical steps but lacks clear context or urgency typical of many scams."
83,Fraud,thank you for calling support you are talking to saw may i help you yes my computer has been locked down i need help i ll help you out [Title] for sure sorry for that inconvenience let me explain you let me explain you something here very quick [Title] hackers somehow they get in your computer and they have installed so many harmful viruses over there with the help of that they are trying to get i,Fraud,85,"[confidence 85/100] The caller's behavior matches typical tech support scam tactics by claiming unauthorized access to the computer, installing harmful viruses, and immediately asking for banking information."
84,Normal,[Greetings] this is [Company] calling about the parcel we tried to deliver yesterday uh yeah i missed it right no problem it s at the depot on [Company] road and it will be held for a fortnight you can collect it with photo identification or we can try again would you like another attempt yeah another attempt please that s fine which day suits uh the day after tomorrow if you can yeah that s booke,Normal,5,[confidence 5/100] The caller is conducting what appears to be a standard delivery attempt follow-up without any red flags indicative of known scam behaviors.
85,Fraud,thank you for call support this site how can i help you today okay so [Company] warning alert system access has been blocked for security reasons and for the safety your system has alerted us that has been infected with spywear issues threat detected trojan spyware access has been blocked for security reasons and for the safety call [Product] security toll free okay i understand [Title] not an iss,Fraud,95,"[confidence 95/100] The caller uses alarming language about system security issues and attempts to pressure the recipient into believing their computer is infected with spyware, which are common tactics of tech support scammers."
86,Normal,thank you for calling [Company] my name is how can i help you hi i called earlier and someone was going to ring me back i m not sure if they did my name is uh let me find the note one moment right yes i can see it here the callback was logged for this afternoon so you ve got in first uh can you help me instead yes i can the note says it was about the billing date so let s do that now,Normal,5,"[confidence 5/100] The caller appears to be following up on an expected callback regarding billing, which does not match typical tech support or government impersonation scam behaviors."
87,Fraud,thanks for calling geek squad this is how may i help you hello um i got some kind of message a few days ago about a charge from geek squad or best buy or something like that can you help me a few days ago yeah or today i don t know i guess i was earlier today i ve been drunk for like three days so i don t really know what what day it is what you need to do you just need to be in front of your comp,Fraud,85,"[confidence 85/100] The caller's behavior aligns with typical tech support scam tactics, including pressure to install remote access software and vague claims about charges or issues that require immediate attention."
88,Fraud,welcome to tsb fraud prevention please hold one of our representitives will be with you as soon as they can hi there you re through to martin moore at the tsb bank customer service team could i ask you to confirm who i m through to yes my name is and how may i help you today [Title] not sure what s going on but i got a message saying that uh some money has been taken from my account or is it going,Fraud,75,[confidence 75/100] The caller's behavior aligns with typical bank impersonation scams by creating urgency around account security issues without providing clear verification steps.
89,Fraud,[Greetings] dear customer this is call from [Company] prime support to let you know that your request of [Company] prime subscription for one year will going to proceed and you have been successfully charged of 79 99 from your account if you want to cancel and want a refund please press one to talk with our representative or simply hang up to continue thank you thank you for getting connected with,Fraud,65,"[confidence 65/100] The caller's approach involves initiating an unauthorized charge and offering a refund if the recipient presses one, which is a tactic used by scammers to confirm that the number is active and belongs to a potential victim."
90,Fraud,[Greetings] yes [Title] this is what yeah this is engineer again can you hear me [Title] yes uh from [Company] yes is your computer is on yes it is now what you need to do you need to look at your computer keyboard right yes on your keyboard extremely left bottom corner do you see the ctrl key the control key yes what is this noise coming from your side like it is windy or something hold on let me,Fraud,75,"[confidence 75/100] The caller's behavior aligns with typical tech support scam tactics, including creating urgency and attempting to gain remote access by guiding the recipient through technical steps."
91,Fraud,dear customer we have detected a suspicious activity on your [Company] account an unauthorized purchase of iphone 6s 64 gigabytes has been ordered from your [Company] account to cancel your order or to connect with one of our customer support representatives please press one,Fraud,75,"[confidence 75/100] The caller is pressuring the recipient to take immediate action and providing a suspiciously specific unauthorized purchase detail, which are common tactics in bank impersonation scams."
92,Fraud,thank you for calling [Company] how can i help you yeah hi um i just received an email from you guys on an order that s actually was supposed to go to a different gentleman so can you please go to your email again i sent you a six digit code again my system got some problems so i m just calling you from my colleague extension so go to your email and once again confirming the six digit code the cod,Fraud,75,"[confidence 75/100] The caller is requesting the recipient to verify a six-digit code via email and text message, which could be a tactic to gather sensitive information, though it's not explicitly asking for immediate financial action."
93,Fraud,thank you for calling [Company] my name is how can i help you uh yes i um had some kind of message that i was getting charged but i don t even use [Company] what kind of message you have in your phone could you please try to explain us i am using my roommate phone now so i can t read it to you right now i m sorry my phones [Title] if you cannot read it me then how can i help you with that well don,Normal,20,"[confidence 20/100, no matching evidence] The caller appears to be seeking assistance from the company and is cooperative in providing information, which does not align with typical scam behavior."
94,Fraud,thanks for calling how to help you hi there my name is and one of your colleagues tried to call me yesterday but i was very busy so i m just wondering what s the call regarding so can i have a full name [Title] and my surname is okay alright we just tried to call you yesterday about the refund of your mis sold ppi claim yes i ve heard of it so how much would that be the full amount of which you ar,Normal,20,"[confidence 20/100] The caller is discussing a refund of a mis-sold PPI claim, which does not match the typical behaviors and distinguishing signals of government impersonation scams described in the reference material."
95,Fraud,thanks for calling cancellation department how may i help you today hello um i got an invoice in this morning um i decided to hold off going to work because of it i think i need to take care of it says [Number] um all right then you haven t authorized it no i haven t um this is particularly bothering me because i thought i don t even know what it s for it just has invoice it doesn t state what i m,Fraud,75,"[confidence 75/100] The caller is attempting to initiate a transaction for software that the recipient did not authorize, which aligns with known invoice supplier scam tactics."
96,Normal,thank you for calling support how can i help you today okay so i ve got a [Company] warning alert saying system access has been blocked for security reasons uh yes i know the one it goes round in waves is my computer at risk no it isn t the page can t do anything to your machine it s just showing you text uh it looks very convincing they re designed to close the window and clear your browsing hist,Fraud,85,"[confidence 85/100] The caller uses alarming language about system access being blocked for security reasons and attempts to pressure the recipient into taking immediate action, which is a common tactic used by tech support scammers."
97,Fraud,so [Title] my name is and i m from the cyber security department right now how are you doing today good so right now so what exactly is happening there are these hackers they re having their a bunch of devices being connected with your [Company] account and with your personal informations right now and also we got to know the root cause of this problem the root cause of this problem is your ip add,Fraud,85,"[confidence 85/100] The caller uses alarming language about hackers and security issues to create urgency and pressure the recipient into taking immediate action, which is a common tactic in tech support scams."
98,Fraud,yes hello hello hey am i speaking to yes speaking yeah hi [Title] this is i m calling you from the network terminal department i m just worried about transactions yeah yeah don t worry we are here to help you out,Fraud,75,"[confidence 75/100] The caller's behavior matches typical bank impersonation tactics by claiming to be from a network terminal department and expressing concern about transactions, which is designed to pressure the recipient into taking immediate action."
99,Fraud,this is calling with the vehicle service department we are calling about your vehicle s manufacturer s warranty we sent you several notices in the mail that you have yet to extend your warranty past the factory cutoff and this is a courtesy call to renew your warranty before we close the file if you are interested in renewing your auto warranty now please press five now or press 9 to be removed fr,Normal,25,"[confidence 25/100] The caller is attempting to contact the recipient regarding vehicle warranty renewal, which does not match typical tech support scam behaviors described."
100,Normal,[Greetings] you re through to billing how can i help hello i ve been charged twice this month i think right let me pull the account up uh can you confirm the postcode on the account yes it s okay thanks that s the one uh right yes i can see two charges there on the same day that does look like a duplicate so what i ll do is refund the second one it takes three to five working days to come back to ,Normal,5,"[confidence 5/100] The caller appears to be providing customer service for a billing issue without demanding immediate payment or personal information, which does not align with typical scam behaviors."
101,Fraud,[Greetings] this call is from [Company] the purpose of this call is to inform you that your austrian identity has been misused for fraudulent and illegal activity for more information press one,Fraud,85,[confidence 85/100] The caller's claim of misuse for fraudulent activity and the request to press one for more information are indicative of high-pressure tactics often used by scammers.
102,Fraud,welcome to technical support avanquest technical support my name s how can i help you hi my name is um i ve downloaded one safe pc cleaner and it s identified a lot of files that i need to remove but i i can t i can t remove them without um i don t want like a license number or something yes and [Title] that s the reason why you need purchase the license for the onesafe pc cleaner to use all the f,Fraud,75,"[confidence 75/100] The caller claims to be from technical support but initiates contact without the user's request, which is unusual for legitimate tech support."
103,Fraud,thank you for calling the support center how may i help you yes i seem to have a problem on my laptop because there s like a an error screen which i can t get rid of and it says to call this number something but uh okay [Product] warning alert,Fraud,85,"[confidence 85/100] The caller claims to be from a support center and pressures the recipient into taking immediate action by calling a specific number due to an error on their laptop, which aligns with typical tech support scam tactics."
104,Fraud,[Greetings] dear customer your internet is getting disconnected within four hours due to router malfunctioning please get in touch with technical department for a replacement router and reconnection of internet please press one to speak to your internet service provider thank you thank you for getting connected with the internet department you are speaking to how are you doing today sorry you you,Normal,30,"[confidence 30/100, no matching evidence] The caller appears to be following a standard procedure for customer service related to internet disconnection, without any red flags such as urgent payment requests or suspicious links."
105,Fraud,[Greetings] i m calling you from billion medicine pharmacy how are you good can i uh place an order yes [Title] like what medication you take [Title] um i need the morning after pill sorry the morning after pill okay what is the name uh i think that s the name the morning after pill or the i pill you need i pill the morning after pill because i had sex last night i had sex last night okay and i do,Fraud,85,"[confidence 85/100, no matching evidence] The caller's request for medication over the phone without a prior relationship or prescription is unusual and suggests potential illegitimacy."
106,Fraud,[Greetings] i received a missed call from this number what is this regarding do you know uh okay can i have your name please that s my full name you have reached the [Company] department right now and i can see here we were trying to call you yesterday right that s right you re talking to [Title] right now and i m from [Company] department how are you doing today first of all i thought all my taxe,Normal,20,"[confidence 20/100, no matching evidence] The caller seems to be providing context about why they are calling and does not push for immediate action or sensitive information."
107,Normal,yes hello yeah hello am i talking to now yes yeah hi this is from [Company] support i m calling about the password reset request on your email account uh okay let me confirm the email address on the account is at [Company] com is that correct uh yeah that s right and so there was a reset requested yesterday evening was that you uh yes it was me i couldn t get in that s all it is then the reset wen,Normal,30,"[confidence 30/100] The caller claims to be from company support but does not pressure the recipient into immediate action or request remote access, which is less typical of tech support scams."
108,Normal,your router will install a security update overnight on [Number] the connection may drop for a few minutes while it restarts no action is needed from you and there is no charge for this update if your connection has not returned by the morning turn the router off at the wall wait thirty seconds and turn it back on details are on our website,Normal,20,"[confidence 20/100, no matching evidence] The caller is providing information about an expected router update, which is a common practice for internet service providers."
109,Fraud,thank you for calling [Company] my name is how can i help you hi i had called earlier and you were gonna call me back i m not sure if you had yet my name is i called you earlier i was driving and i was gonna call you back so i was just calling back to get my um make sure i didn t get charged the 8 99 when did you receive the notification about these charges uh it was sometime overnight overnight y,Normal,20,"[confidence 20/100, no matching evidence] The caller seems confused about the timing of their previous call and is asking for clarification on charges, which could be a genuine customer inquiry."
110,Normal,[Greetings] this is [Company] calling about the card replacement you asked for in branch last week uh yeah i did right so that s been posted out to you and it should arrive within five working days when it does you activate it at a cash machine or through the app the old card will stop working once you do that no i won t need any details from you on this call it s just a courtesy call to let you k,Normal,20,"[confidence 20/100, no matching evidence] The caller is providing information about a card replacement that the recipient requested, which appears to be a standard customer service interaction."
111,Fraud,thanks for getting connected not in how can i help you um yes i got an invoice from [Company] it says that i m gonna be paying [Number] and wondering why i m being charged okay and did you give any approval for this transaction i called my husband and read the invoice to him and he said we re not paying that we don t we re the we use [Company] and i m like well what is a [Company] it is a antiviru,Fraud,75,"[confidence 75/100, no matching evidence] The caller seems overly eager to assist with canceling a suspicious charge and directs the recipient to take actions online, which is a common tactic used by scammers."
112,Fraud,thank you for calling my phone support my name is how may i help you yes my name is i d like you to help me get my birthday corrected on my [Company] account i put in an error i put in the current date when i got the computer five years ago and i keep getting these things that say i need a family um family support in order to get into certain apps so you need to change your birthday date on which ,Normal,20,"[confidence 20/100, no matching evidence] The caller appears to be seeking assistance for a specific issue with their account, which is typical of genuine customer support interactions."
113,Normal,thank you for calling the support centre how may i help you yes i seem to have a problem on my laptop because there s like an error screen which i can t get rid of and it says to call this number okay uh what does the message actually say on the screen it says [Product] warning alert right that s not one of ours i m afraid those pop ups are fake and the number on them isn t us what i d do is close,Normal,25,"[confidence 25/100] The caller initially appears suspicious but the representative quickly identifies the message as fake and advises against taking any action suggested by the pop-up, which is consistent with legitimate advice."
114,Fraud,i apprecaite your patience your call has been transferred to customer service specialist with td bank weill i wanted to tell you this there is a pre approved transaction coming onto your name there you have ordered an [Company] mac book pro and [Company] air pod from [Company] is it correct no i haven t placed any orders with [Company] in a long time well i m afraid if it s not you which means it ,Fraud,85,"[confidence 85/100] The caller is attempting to initiate an unauthorized transaction by claiming a pre-approved order for items the recipient did not purchase, which aligns with known invoice supplier and bank impersonation scam tactics."
115,Normal,[Greetings] this is [Company] we are carrying out planned maintenance on the broadband in your area and your service may drop out for a short time on [Number] uh will i lose it for long no it should only be an hour or so and you don t need to do anything at your end if it hasn t come back by the evening give us a ring on the number on your bill i m not asking you for any details this is just a hea,Normal,20,"[confidence 20/100, no matching evidence] The caller is providing information about planned maintenance without requesting any personal details."
116,Fraud,thank you for calling support you are talking to how may i help you thank you i receive a note your computer has alerted us it has been infected by a trojan spywear the following data has been compromised [Title] i will tell you what you have to do i ll go ahead and get that checked for you hmm i said may i know the make and model of your computer what i have to do now in this moment [Title] i am ,Fraud,85,"[confidence 85/100] The caller's behavior matches typical tech support scam tactics by claiming the victim's computer is infected and requesting immediate action, which are red flags for scams."
117,Normal,[Greetings] this is calling you from [Company] i m the supervisor here how are you doing today oh i m fine thank you all right so i believe you spoke with one of my colleagues earlier and asked for someone senior to call you back yes i did right so i ve read through the notes on your account and i can see the complaint about the delivery uh yes that s it we ve credited the delivery charge back and,Normal,5,[confidence 5/100] The caller appears to be addressing a customer service issue rather than attempting to deceive or pressure the recipient into an unauthorized transaction.
118,Normal,thank you for calling support my name is can i help you today i ve got a message on my screen and it says my computer s being shut down uh what were you doing on the computer when you got that i was just browsing okay uh does the message have a countdown on it yes it does right that ll be a windows update finishing off it does that sometimes let it restart on its own and it should come back fine y,Normal,20,"[confidence 20/100, no matching evidence] The caller provides helpful information without asking for any actions that could be suspicious or harmful."
119,Normal,[Greetings] this is [Company] calling about your security software licence which is due to expire on [Number] uh right yeah so you don t need to do anything today it renews automatically at the price on your account or you can turn that off in the settings if you prefer i m not asking you for card details this is just a reminder call uh okay so how much is it it s the same as last year the exact f,Normal,20,"[confidence 20/100, no matching evidence] The caller is providing information about an existing service and offering options to manage it, which aligns with typical customer service practices."
120,Normal,thank you for calling support this is how may i help you yes my computer s beeping and there s a message about suspicious activity i am sorry to hear that [Title] can i ask what you were doing when the message came up uh all i did was open my browser and go to a website okay uh does the message have a phone number on it yes it does that ll be one of the fake alerts they show up on some sites close,Fraud,75,"[confidence 75/100] The caller's behavior aligns with typical tech support scam tactics, including creating urgency and attempting to guide the victim into believing their system is compromised. However, the lack of pressure to install remote access software or immediate payment reduces certainty."
121,Normal,this is calling from the vehicle service department we are calling about your vehicle s scheduled service we sent you a reminder in the post that the service is due next month and this is a courtesy call to see if you would like to book it in the cost is the standard rate on our price list which you can check on our website or at the branch if you would like to book you can call us back on the num,Normal,5,"[confidence 5/100] The caller appears to be making a standard courtesy call for vehicle service, which does not match the urgent payment demands or unauthorized transaction initiation described in the reference material."
122,Fraud,[Greetings] thank you for calling [Company] hi my name is how can i help you hi um i got an invoice for [Company] today it just says despite your previous plan expiring we have now renewed your service plan as your hobbit auto debit services in effect there is no dollar amount listed well so what what am i being charged still i m trading mom okay and i got information that you have been charged or,Normal,5,"[confidence 5/100] The caller does not exhibit behaviors typical of government impersonation scams as described in the reference material, such as threatening arrest or demanding immediate payment via specific methods."
123,Fraud,[Greetings] hi how can i help you today sorry i got a mised call from this number i m not really sure what s about is it the dentist i have an appointment next week no you re calling a national debt helpline we help people for the unsecured debt for free government program well you know what i um i lost my job six months ago and um i haven t been paying my bills so is it something you can help wit,Fraud,75,"[confidence 75/100, no matching evidence] The caller's initial confusion about the call purpose followed by quick agreement to discuss debt relief suggests potential manipulation."
124,Fraud,thank you for calling how can i help you uh yes this is [Company] right yes [Title] i got a message uh that i was being charged for something but i haven t used [Company] oh yes [Title] can you hear me yeah i can hear you yeah like we have seen some kind of suspicious activity on your computer i p address so that means like someone has tried to compromise that information so that s why you have be,Fraud,85,"[confidence 85/100] The caller uses alarming language about suspicious activity and charges to create urgency and gain the recipient's trust, matching typical tech support scam tactics."
125,Fraud,[Greetings] is this uh yeah [Title] this is you re at home okay so can you get in front of your computer please yeah let me uh get over there okay [Title] so is this the same computer which you were using before yeah it s got the teamviewer application okay i want you yeah i want you to open teamviewer please it s open it says ready to connect connect okay just give me a minute,Fraud,85,"[confidence 85/100] The caller is pressuring the recipient to install remote access software (TeamViewer) without any prior contact or explicit request from the recipient, which aligns with known tech support scam tactics."
126,Normal,welcome to technical support my name s how can i help you hi my name is um i ve installed the cleaner software and it s found a lot of files but it won t remove them without a licence uh yes so the free version scans and the paid version clears them do i have to buy it not at all most of what it found will be temporary files and your operating system clears those on its own from the storage settin,Normal,25,"[confidence 25/100] The caller does not request remote access or payment via unconventional methods, which are key indicators of tech support scams."
127,Fraud,thank you for calling customer support how can i help you yes i got an email and text earlier today saying a purchase of [Number] have been made using your debit card in case you have not done this transaction please call this number so as you can see there is an order purchase of bitcoins i can definitely tell you it wasn t my order i wouldn t and touched bitcoin with a 10 foot pole um but as you,Fraud,85,[confidence 85/100] The caller is exhibiting behaviors consistent with bank impersonation scams by creating urgency around an unauthorized transaction and attempting to gather personal information.
128,Normal,dear customer we are calling about an order placed on your [Company] account for a [Product] which has now been dispatched it should arrive within three working days if you did not place this order you can cancel it from your orders page or reply to the confirmation email we sent this morning we will not ask you for card details or codes by phone if you need help the number is in your account unde,Normal,20,"[confidence 20/100, no matching evidence] The caller provided clear instructions on how to manage the order without requesting any sensitive information over the phone."
129,Normal,[Greetings] thank you for calling how may i help you uh i just got an email saying my subscription is renewing for [Number] but i don t remember signing up for a year okay let me have a look for you can i take the email address on the account yes it s right thanks got it uh so this was taken out on [Number] on a twelve month plan do you want me to cancel the renewal yes please that s fine i ve don,Normal,20,"[confidence 20/100, no matching evidence] The caller is assisting the customer with canceling an unwanted subscription renewal, which appears to be a standard customer service interaction."
130,Normal,[Greetings] yes [Title] this is what yeah this is the technician again can you hear me [Title] yes uh from [Company] yes is your computer on yes it is now so what i d like you to do is open the settings menu yourself i m not going to take control of anything you should see it in the bottom corner yes what is this noise coming from your side like it is windy or something hold on let me move the pho,Normal,30,"[confidence 30/100] The caller identifies themselves as a technician from a company but does not use alarming language or pressure the recipient into immediate action, which is less typical of tech support scams."
131,Fraud,thank you for calling [Company] this is how can i help you i m being charged [Number] so would you like to continue with it or would you like to cancel it i would like to cancel because we didn t we didn t okay okay okay for the cancellation you have to be seated in front of your computer so i can help you out with the cancellation if your computer is turned on right now yes it s turned on how do ,Fraud,85,"[confidence 85/100] The caller is pressuring the victim to open their computer and access specific applications, which aligns with typical tech support scam tactics aimed at gaining remote access."
132,Normal,so [Title] my name is and i m from the security team at [Company] how are you doing today good so i m ringing round customers who had a login from an unfamiliar location uh what does that mean it means someone signed in from a place we haven t seen before on your account uh was it me possibly if you travelled or used a vpn recently uh no i haven t in that case change the password from your own dev,Normal,20,[confidence 20/100] The caller is providing clear instructions on how to check the sign-in history and change the password without pressuring for immediate action or remote access.
133,Normal,dear customer we are calling about the router on your account which needs a firmware update to stay secure the update installs by itself overnight and your connection may drop for a few minutes while it does you do not need to do anything and there is no charge we will never ask you to log in to your email or banking if you have questions the number is on your bill or you can message us through th,Normal,20,"[confidence 20/100, no matching evidence] The caller provides clear instructions without asking for personal information or financial details."
134,Normal,thank you for calling [Company] yes i received a phone call earlier i was told to call back can i take the reference from the letter yes this is [Number] thank you one moment uh right i can see it here we were following up because a form was submitted without a signature that s all it is oh is that all yes you can sign it in your online account or post the paper copy back the address is on the let,Normal,5,"[confidence 5/100] The caller is providing information about a form that needs a signature, which does not match typical tech support or government impersonation scams. However, the low confidence score reflects the need for more context to rule out subtle scam tactics completely."
135,Normal,thank you for calling support you are talking to how may i help you i received a message saying my computer has been infected uh where did that message appear was it in the browser or on the desktop it was in the browser right that s a fake advert then real warnings come from the security software itself not from a web page close the tab and it goes what if it comes back it may on the same site yo,Normal,30,"[confidence 30/100] The caller identified the initial message as a fake advert, which shows some knowledge but did not exhibit high-pressure tactics or demand remote access, reducing suspicion of a scam."
136,Fraud,this is an emergency call from [Company] secure there is an online transaction of [Number] pounds from your account if you did not make the payment please press one immediately to talk to our representative thank you for connecting [Company] broadband my name is how can i help you yeah i just got a message there about a payment from [Company] [Title] no need to worry [Title] it s an alert message ,Fraud,85,"[confidence 85/100] The caller uses urgent language and suggests unusual payment methods like security IDs, which are red flags for potential scams."
137,Fraud,all right [Title] now you have been successfully connected to the [Company] support right now this team environment we are just working on it all right now just hold on i m going to transfer this call to my financial department who is going to have a talk with you all right [Title] okay okay so right now [Title] like the hackers have charged you this amount of money today s morning okay might be n,Fraud,85,"[confidence 85/100] The caller pressures the recipient into immediate action regarding unauthorized charges and requests personal information, matching known tactics of bank impersonation scams."
138,Normal,[Greetings] i m calling from [Company] pharmacy how are you good uh can i place an order yes [Title] which medication do you need um it s the one on my repeat prescription okay uh could i take your date of birth to bring up the record yes it s thanks got that right so i can see two items on repeat do you want both yes please that s ordered it ll be ready to collect from [Number] and you pay at the,Normal,20,[confidence 20/100] The caller appears to be following standard procedures for placing a pharmacy order without any red flags such as urgent payment demands or suspicious requests for personal information beyond what is necessary.
139,Fraud,[Greetings] mr how are you doing today fine i m great who is this uh this is you know you have talked to me in previous time about your ppi compensation so what what do i need to do for this ppi uh compensation you know you have to complete your uh confirmation we need your sort code account number for verification you said that call me after some time i will do that that s why we are calling you ,Fraud,75,"[confidence 75/100] The caller is requesting sensitive financial information under the guise of processing compensation, which aligns with known scam tactics."
140,Normal,[Greetings] thank you for calling support how can i help you hello yes i ve got a problem with my uh email and i m wondering if you can help with it uh sure what s happening exactly so i ve got an ipad here and it keeps asking me for the password even though i m typing it right okay that usually means the password was changed recently or the app needs updating what i d suggest is going into settin,Normal,20,"[confidence 20/100, no matching evidence] The caller is describing a technical issue with their iPad and seeking assistance, which is consistent with legitimate customer support interactions."
141,Fraud,dear user your i p address has been blocked due to suspicious activities on your network your personal information may get stolen so please do not login to your email and banking to report this issue please contact [Product] support at or press 1 to speak to our [Title],Fraud,85,"[confidence 85/100] The caller uses alarming language to create urgency and pressures the recipient into taking immediate action, which are hallmarks of tech support scams."
142,Fraud,thank you for calling hm revenue customs yes i received a phone call earlier i was told to call back can i have your name who is this yes this is n which number you receive a call like your home phone number or your cell phone number can you help me out with your number yes this is my telephone number is was this the same number on which you receive a call from us,Fraud,75,[confidence 75/100] The caller's request for personal contact information and verification of previous calls aligns with tactics used to gather details necessary for fraudulent activities.
143,Normal,we are calling about a recent order in your [Company] account for a [Product] so that s why we rang do you know about that uh one minute let me check yeah so this is just a confirmation call and it looks like the order was placed on [Number] right yes that was me i did order that lovely that s all we needed then uh do you need anything else from me no not at all i won t be asking for card numbers ,Normal,20,"[confidence 20/100] The caller appears to be confirming an existing order without pressuring for immediate action or unusual payment methods, which does not align with typical scam behaviors."
144,Normal,[Greetings] this call is from [Company] the purpose of this call is to let you know that the identity document you applied for has been processed and is ready for collection you can pick it up from any of our offices during opening hours and you will need to bring photo identification with you there is nothing further to pay we will not ask you for any details over the phone if you have questions ,Normal,20,"[confidence 20/100, no matching evidence] The caller provided clear instructions for collecting an identity document without asking for personal information, which is consistent with legitimate communication."
145,Normal,[Greetings] oh a very good day to you [Title] this is thank you for getting connected with [Company] how can i help you well i don t think i have anything to do with [Company] uh let me check the number you re calling from oh i see we sent you a letter last month about updating the address on your account uh yes actually i did move that s all it is then you can update it in your online account or ,Normal,20,"[confidence 20/100, no matching evidence] The caller appears to be providing information about an account update request via letter, which is a common practice for legitimate companies."
146,Fraud,[Greetings] this is from [Company] customer service we have seen a recent order number amz [Number] of iphone 11 pro on your account which is built on your card attached to your [Company] account the amount charged is [Number] we noticed some suspicious activity on your account so we have put in hold to the transaction please press one now and to report press two,Fraud,85,"[confidence 85/100] The caller is pressuring the recipient to take immediate action and claims suspicious activity on their account, which are common tactics in bank impersonation scams."
147,Fraud,thank you for calling [Company] this is can i help you yeah i was just getting an email saying i ordered a tv but i did not alright [Title] just give me a moment let me check and when did you receive this email today at may i have the email address let s see my email address is i m going to send you a one time verification code ok on your email just to verify i m talking to the right person,Normal,25,"[confidence 25/100] The caller is attempting to verify the identity of the person they are speaking with via email, which does not match typical bank impersonation scam behaviors described."
148,Normal,we are writing to let you know that support for your current software version ends on [Number] after that date it will keep working but will stop receiving updates if you want to move to the newer version the details are in your account under plans your existing licence runs to the end of its term either way the number for the support team is on our website if you have questions,Normal,20,"[confidence 20/100, no matching evidence] The caller is providing information about software support and updates, which is typical for legitimate customer service interactions."
149,Normal,[Greetings] welcome to [Company] how can i help you today this is we were supposed to meet today and you ve reached home again yes i m back home all right so i m just following up on the appointment you missed this morning uh yes sorry something came up that s no problem at all shall we rebook it uh yes please what have you got the earliest is [Number] or there s one later that week uh the first o,Normal,20,"[confidence 20/100, no matching evidence] The interaction appears to be a standard customer service follow-up for a missed appointment."
150,Normal,this is how can i help you hello i got a message on my screen it says [Company] system security centre and that access to the device has been blocked uh does it fill the whole screen yes it does and it won t let me click anything try pressing the escape key first then move the mouse to the very top of the screen uh the bar came back good that means it was a browser page in full screen mode close i,Normal,20,"[confidence 20/100, no matching evidence] The caller provided helpful technical advice that aligns with resolving a common issue without requesting any personal information or financial transactions."
151,Normal,thank you for calling the support centre how may i help you yes i seem to have a problem on my laptop because there s an error screen which i can t get rid of and it says to call this number uh what exactly does it say on there it says [Product] warning alert and a phone number underneath okay that s a fake pop up the number on it is not ours press control and w together to close the tab or just r,Fraud,75,"[confidence 75/100] The caller is using scare tactics by presenting an error message that directs the victim to call a number, which aligns with known tech support scam patterns."
152,Normal,thank you for calling online support you re speaking to how may i help you today um hi i have a strange message on my screen that says my computer is blocked for security reasons uh which browser are you using i think it s the blue one okay so at the top right there should be a small cross next to the tab click that not anything inside the message uh it s gone now good that s all it needed if it a,Normal,25,"[confidence 25/100] The caller appears to be providing technical assistance rather than engaging in scare tactics or requesting remote access, which are common in tech support scams."
153,Fraud,yeah hi [Title] this is a call back from the [Company] help desk we just received a call how may i help you today yeah um i ve got an invoice here and it s i haven t ordered [Company] and i don t know why i m getting the invoice go with the go support now com you just have to type in over there,Normal,30,"[confidence 30/100] The caller claims to be from the help desk but does not provide clear details about the invoice or why they are contacting, which is somewhat suspicious but not strongly indicative of a scam."
154,Fraud,thank you for calling support team this is how may i help you today hi i have a strange message on my screen that says my computer s been blocked due to security reasons all right [Title] don t worry [Title] we are here to help you out so now we can see that someone trying to hack your computer with the help of your ip address okay so that s the reason you receive this follow it on your computer w,Fraud,95,"[confidence 95/100] The caller exhibits typical behaviors of tech support scammers by claiming to be from a support team, warning about hacking attempts, and instructing the victim to take immediate action through their computer."
155,Normal,[Greetings] this is from [Company] customer service we are calling about a recent order number [Number] for a [Product] on your account which is billed to the card ending [Number] the amount charged is [Number] we just wanted to confirm the delivery slot with you as the original one has changed uh yeah that s my order right so we can do [Number] or the day after which suits you better the second o,Normal,25,"[confidence 25/100] The caller appears to be confirming an order and delivery slot change, which is a normal customer service interaction without any red flags for unauthorized transactions or urgent requests that would indicate a scam."
156,Fraud,thanks for get connected to the cancellation department this is how are you doing today hi well i have an email invoiced in this morning i m being charged [Number] and i m not sure i understand why that says on thank you for choosing [Company] protection plan um you find the related invoice sympathetically against the contributions for the auto reclamation code quantity [Company] total security an,Fraud,75,"[confidence 75/100] The caller is attempting to explain an unexpected charge by claiming it's for software protection, which aligns with known tech support scam tactics of creating confusion and then offering a solution that requires the recipient to take action or provide information."
157,Normal,yes um i got an email with an invoice attached saying i have a laptop on order for [Number] and i m not sure i understand uh let me take the order number from it yes it s thanks one moment right so that order was placed from an account with your email but a different delivery address uh that s not me in that case i ll cancel it now the payment was pending so it will drop off before it settles,Fraud,75,"[confidence 75/100] The caller is initiating a transaction that seems unusual, involving an order placed with different delivery details, which aligns with known invoice supplier scam tactics."
158,Normal,[Greetings] i received a missed call from this number what is this regarding do you know uh okay let me have a look you have reached the [Company] department and i can see here we were trying to reach you yesterday about the form you submitted right that s right you re speaking to [Title] and i m from the [Company] department how are you doing today first of all i thought everything was submitted ,Normal,25,[confidence 25/100] The caller is attempting to gather information about a form submission but does not exhibit aggressive or urgent behavior typical of known scams.
159,Fraud,[Greetings] thank you for calling support whom i helped you hello yes i ve got a problem with my uh email my gmail and i m wondering if you can help with it definitely i can help you with that problem what s the exact problem you re facing with your gmail so i ve got an ipad here that i already have the in the ipad if you can help that s definitely i can help you so here i would like to know do yo,Normal,20,"[confidence 20/100, no matching evidence] The caller seems to be seeking assistance with their Gmail account on an iPad, which is a common and legitimate reason for contacting support."
160,Fraud,thank you for reaching tech support this is how may i help you today hi um i have a message on my screen that says my access to the computer s blockfor security reasons it s all right you don t need to worry about that [Title] well it says my facebook login and my banking has been data is at risk so i am worried it seems like there is a bridge on your network which means it s an attempt of hacking,Fraud,85,"[confidence 85/100] The caller uses alarming language about security risks and pressures the recipient to address an urgent issue, typical of tech support scams."
161,Normal,thank you for calling [Company] support please wait for the next available [Title] hi thank you for calling my name is how can i help you today hi yeah i think i ve got a problem with my computer it was talking about a virus and i installed the software and it seems to have found some things and i m not sure what it means if you can help okay so what it s found there are mostly temporary files the,Normal,20,"[confidence 20/100, no matching evidence] The caller appears to be providing helpful information without requesting payment or remote access, which are common red flags for scams."
162,Normal,thank you for reaching tech support this is how may i help you today hi um i have a message on my screen saying my access has been blocked for security reasons it s all right that one goes round a lot uh is it real no it isn t a website is showing you a picture designed to look like a warning uh should i pay for something no there s nothing to buy and no number to ring on it press escape then clos,Normal,25,[confidence 25/100] The caller is providing helpful advice on how to handle a potential phishing attempt rather than pressuring the recipient into taking harmful actions.
163,Fraud,this is how can i hello i got a message on my screen it says it says [Company] system security center it says access to the [Company] device has been blocked for security reasons why am i seeing this message boy okay uh you might have done something wrong by mistake or you may have something son i m a preacher i m a man of god i preach the good word i don t do anything wrong it s with good intenti,Fraud,85,"[confidence 85/100] The caller uses alarming language about system security and attempts to gain trust by engaging in irrelevant conversation, which are common tactics in tech support scams."
164,Fraud,please hold while we connect you to one of our agents from the fraud prevention team yes i m from the fraud department team how can i help you today ah hi uh how s it going uh i had a transaction for the john lewis for [Number] pounds and i ll be honest we don t even shop at john lewis uh yeah yeah i do i do okay i m able to get your full name please [Title] okay nice to meet you [Title] and am i ,Fraud,85,"[confidence 85/100] The caller is requesting sensitive personal information such as the sort code and account number under false pretenses of verifying an unauthorized transaction, which are hallmarks of a bank impersonation scam."
165,Normal,thank you for your patience your call has been transferred to a customer service specialist with [Company] i wanted to check with you about a transaction on your card there is a payment pending to [Company] for a [Product] is that correct no i haven t placed any orders in a long time uh okay in that case i ll decline it before it settles the money never leaves your account and you keep the same ca,Normal,30,"[confidence 30/100] The caller's behavior does not strongly match typical tech support scam tactics but seems to be attempting to confirm or authorize a transaction, which could indicate an invoice supplier scam attempt. However, the information provided is limited and lacks clear high-pressure tactics or urgent demand"
166,Normal,[Greetings] this is [Company] returning your call about your tax return yeah i had a letter about an outstanding amount right i can see that here the amount is [Number] pounds and it relates to the last filing period uh what do i do about it well you ve got a few options you can pay through the online account or set up an instalment plan there s no rush on it the deadline is on the letter and if y,Normal,20,"[confidence 20/100, no matching evidence] The caller provides specific information about the tax return and offers multiple options for resolution without pressing for immediate action or personal details."
167,Fraud,[Greetings] this call is regarding your [Company] account there is a charge for [Number] 92 in your [Company] account for some products if you made this order then simply hang up the call or please press one immediately to connect our representative thank you,Fraud,50,"[confidence 50/100, no matching evidence] The call requests immediate action and offers an option to connect with a representative if there is doubt, which are common tactics but not exclusively used by scammers."
168,Normal,thanks for calling cancellations how may i help you today hello um i got an invoice this morning and i decided to hold off going to work because of it uh oh you didn t need to do that let s sort it quickly could i take the reference yes thanks one moment right so this is an automatic renewal notice not a demand for payment uh so no money has gone not yet it goes on [Number] and you can stop it bef,Normal,30,"[confidence 30/100] The caller seems to be providing information rather than requesting immediate payment or initiating unauthorized transactions, which are key elements of the referenced scams."
169,Fraud,thank you for calling online support you re speaking to how may i help you today um hi um i have a strange message on my screen that says that my computer is blocked for security reasons all right miss if you don t mind can you read that complete message for me so that i can easily understand that uh yes okay i m over at the computer it literally says [Company] security warning access to this comp,Fraud,85,"[confidence 85/100] The caller's behavior matches typical tech support scam tactics, including the use of alarming messages about security threats and requests for remote access."
170,Normal,thank you for calling [Company] this is how can i help you i m being charged [Number] and i want to cancel uh certainly could i take the account email yes it s thanks that s brought it up so this is the yearly renewal from [Number] would you like it cancelled from the next billing date yes please done and the current period runs to [Number] so you keep access until then uh do i get anything back t,Normal,20,"[confidence 20/100, no matching evidence] The caller appears to be going through a standard cancellation process for a subscription or service, which is typical of legitimate customer interactions."
171,Fraud,thank you for calling [Company] this is how may i help you hello um i was talking to or or something yeah [Title] there is a purchase for iphone on your [Company] account okay so have you made this purchase or not because this is just a very efficient call so have you made this purchase or not uh no can i please speak to because he locked my computer sorry [Title] can i please talk to him because ,Fraud,85,"[confidence 85/100] The caller's claim of their computer being locked by someone from the company suggests an attempt to exploit fear and urgency, typical of tech support scams."
172,Fraud,[Greetings] yeah i ve got an email here about a laptop i didn t order can you help with that yeah can you help me out with you order id number please yeah so i can see it s an auto phone [Company] surface pro what do you want to know,Normal,20,"[confidence 20/100, no matching evidence] The caller seems to be seeking assistance regarding an unexpected email about a laptop order, which is not indicative of typical scam behavior."
173,Normal,thank you for calling [Company] this is can i help you yeah i got an email saying i ordered a tv but i did not alright [Title] just give me a moment let me check and when did you receive this email today at uh could i take the order number from the top of it yes it s [Number] thanks got it uh right so that email didn t come from us the order number format is wrong so i d delete it and not click an,Normal,20,"[confidence 20/100, no matching evidence] The caller is seeking information about an email they received and the representative is providing helpful advice without any suspicious behavior."
174,Fraud,[Greetings] this is from [Company] customer service we have seen a recent order number amz [Number] of iphone 11 pro on your account which is billed on your card attached to your [Company] account the amount charged in [Number] we noticed some suspicious activity on your account so we have put in hold to this transaction please press one now and to report please press two thank you,Fraud,85,"[confidence 85/100] The caller is pressuring the recipient to take immediate action regarding an alleged suspicious transaction, which is a common tactic in bank impersonation scams."
175,Normal,thank you for calling support my name is how may i help you yes my name is i d like to get my birth date corrected on my [Company] account i put in the wrong year when i first set it up and now some apps are asking for family permission uh right that s what causes it so you can change it yourself in the account settings under personal details uh can you not do it for me i m not able to change it f,Normal,20,"[confidence 20/100, no matching evidence] The caller appears to be providing genuine assistance on how to update personal details within an account, which is typical of customer support."
176,Normal,thanks for calling how can i help you hi there my name is and one of your colleagues tried to call me yesterday but i was very busy so i m just wondering what the call was regarding uh could i take the claim reference yes it s [Number] okay let me look that up alright we tried to call about your refund claim it has gone through and the money goes back to the account you gave us when you applied ye,Normal,30,"[confidence 30/100] The caller is attempting to provide information about a refund claim, which does not strongly match the known scam patterns described. However, without further verification of the legitimacy of the call and the details provided, there remains some level of suspicion."
177,Fraud,her majesty revolution customs this is [Title] how can i help you one of your colleagues tried to call me this morning did you say [Company] yes correct [Title] can i have your full name yes my name is and then my surname is two names okay right correct,Fraud,75,"[confidence 75/100] The caller's use of a formal title and request for personal information without providing context or reason aligns with government impersonation tactics, though the specific threat mentioned is not evident in this snippet."
178,Normal,thank you for calling [Company] my name is how may i help you hello how are you i m good thanks [Title] thanks for asking how are you doing today [Title] i m doing fine thanks alright so how can i help you [Title] um i got a message about a charge uh let me check the account one moment right so i can see a purchase of a [Product] on [Number] for [Number] uh was that you no it wasn t okay then i ll,Normal,0,"[confidence 0/100] The caller is assisting with a customer service issue related to a disputed charge, which does not match the characteristics of the government impersonation scams described."
179,Fraud,we won t be able to provide any further technical services to your computer we kindly request you to reach us at so that we can process the refund for the services that you have paid thank you,Fraud,85,[confidence 85/100] The caller's request for contact to process a refund after claiming inability to provide further services is inconsistent with typical legitimate business practices and aligns with known tech support scam tactics.
180,Normal,[Greetings] this is [Company] following up on the letter we sent about your tax account the reference on that letter is [Number] uh yeah i got that this morning right so it s just asking you to confirm some figures from last year there s no penalty and nothing is being escalated you can respond through your online account or post the form back the address is on the letter if you would rather speak,Normal,20,"[confidence 20/100, no matching evidence] The caller provided specific details about a letter and offered multiple ways to respond without pressuring for immediate action or sensitive information."
181,Normal,thank you for calling [Company] how can i help you yeah hi um i just received an email from you about an order that was supposed to go to a different gentleman uh right can i take the order number from the email yes it s [Number] thanks let me check ah yes the email address on that order is one character different from yours so it s gone to the wrong inbox uh so it s not mine no it isn t i ve corr,Normal,20,"[confidence 20/100, no matching evidence] The caller appears to be assisting with an order issue, which is a common customer service interaction."
182,Normal,thank you for calling customer support you are talking to how can i help you um hi i have a message on my screen that says my computer is blocked for security reasons okay and is there audio with it like a voice reading it out yes there is that confirms it that s a fake page real warnings from your operating system don t talk uh so what do i do hold the power button until it turns off then start i,Fraud,75,"[confidence 75/100] The caller's behavior aligns with typical tech support scam tactics, including creating urgency and attempting to guide the victim through actions that could be harmful if followed. However, the advice given (holding the power button) is not a common tactic for scammers and seems more benign than us"
183,Normal,[Greetings] this is from [Company] customer service we are calling about a recent order number [Number] on your account for a [Product] billed to the card ending [Number] the amount charged is [Number] we wanted to check whether you still want the extended warranty that was added at checkout uh no i don t think i selected that no problem i ve taken it off and the difference will come back to your ,Normal,5,"[confidence 5/100] The caller appears to be conducting a routine customer service check regarding an order and warranty, which does not match the aggressive or threatening behavior typical of known scams."
184,Fraud,[Greetings] this is a call about the refund money that you have paid to our company for your computer services and protection now we are refunding it back as we will no longer be able to provide you any more services to your computer so please press one to connect to our refund executive,Fraud,85,"[confidence 85/100, no matching evidence] The caller is offering a refund for services that were supposedly paid for but does not clearly explain why the service is being discontinued or provide any verification details, which are common red flags in scam calls."
185,Normal,thank you for calling support how can i help hi i m having a weird issue i was on facebook and a pop up appeared saying i had to call because my computer was infected uh where did the pop up send you it gave a number right that s an advert on the page dressed up as a warning it isn t from facebook and it isn t from us uh i nearly called it plenty of people do close the tab and run a scan with what,Fraud,75,"[confidence 75/100] The caller's initial claim of being from support quickly turned into informing the recipient that the pop-up was not legitimate, which is inconsistent with typical tech support behavior where they would often proceed to offer their services after such a call."
186,Normal,[Greetings] is this uh yeah [Title] this is calling about the appointment you booked are you at home okay so can you get in front of your computer please yeah let me get over there okay [Title] and is this the same computer we discussed on the last call yes it is right so what i d like is for you to open the settings menu yourself and read out the version number at the bottom i m not going to conn,Normal,20,"[confidence 20/100] The caller is requesting the version number without installing any remote access software or creating urgency, which does not match typical tech support scam behavior."
187,Normal,[Greetings] this is [Company] calling about your broadband package we ve got a faster package available on your line at no extra cost for the first six months uh right so what s the catch there isn t one after six months it goes to the standard price which is on our website you can also stay on your current package if you prefer i m not going to take any payment or account details on this call if ,Normal,20,"[confidence 20/100, no matching evidence] The caller provides clear information about an offer without pressuring the recipient to make immediate decisions or provide personal details."
188,Fraud,[Greetings] this is virgin media we have detected some suspicious activity on your broadband line and we will disconnect your service within 24 hours to resolve this matter please press one to speak to our [Title],Fraud,85,"[confidence 85/100] The caller claims urgent action is needed to prevent service disconnection due to suspicious activity, which aligns with typical tech support scam tactics aiming to create fear and urgency."
189,Fraud,thank you for calling [Company] thank you for calling [Company] support my name is how can i help you today i am looking at what appears to be a [Company] purchase and it has your phone number on it this is [Company] nobody to answer him why did you answer [Company] if its [Company] no no it s the [Company] shopping like i was asking this [Company] shopping i was talking with somebody i m so sorry,Fraud,85,"[confidence 85/100] The caller uses alarming language about fraud and hacking to pressure the recipient into taking immediate action, which is a common tactic in tech support scams."
190,Fraud,thank you for calling support how can i help you hi um i got an email with an invoice for [Number] and i m really really confused why you were confused because i don t even know what [Company] is what is a [Company] [Company] is the charges that has happened to use your account for what yeah so you need to go to your computer so i can help you to go ahead and cancel right now you need to follow th,Fraud,85,"[confidence 85/100] The caller's behavior matches typical tech support scam tactics by creating urgency and attempting to gain remote access, despite the initial mention of an invoice which could indicate a different type of scam."
191,Normal,[Greetings] yes i m calling for yes uh my name is i m her husband yes i m calling about an invoice we received last week for [Number] uh i can look at the invoice itself but i can t change anything without her on the line that s understood i just want to know what it s for right the reference covers the annual subscription renewed on [Number] uh she doesn t remember signing up it may have been the,Normal,30,[confidence 30/100] The caller is attempting to gather information about an invoice but does not show signs of initiating unauthorized transactions or using deceptive tactics.
192,Normal,you can press 1 to hear this message again or stay on the line to speak to someone this is a reminder about your appointment on [Number] at the office on [Company] road if the time no longer suits you can change it in your online account or ring us back on the number on your letter there is nothing to pay and nothing you need to bring apart from photo identification thank you,Normal,20,"[confidence 20/100, no matching evidence] The message appears to be a standard appointment reminder without any urgent requests for payment or personal information."
193,Normal,yes hello hello hey am i speaking to yes speaking yeah hi [Title] this is calling from [Company] about a couple of card payments from this morning uh oh okay so there were two payments in a row at the same shop and our system flags that sometimes uh yeah that was me i went back in because i forgot something got it that explains it then the card is still working normally and both payments have gone,Normal,5,"[confidence 5/100] The caller appears to be providing information rather than requesting immediate action or sensitive information, which is not typical of known scam behaviors."
194,Fraud,[Greetings] [Company] yeah thank you for calling people how can i help you um i got a um i got a invoice or something that i owed [Number] but i haven t bought nothing okay [Title] as i can understand that you didn t purchase anything like bitcoin or anything like cryptocurrency right no did you did you authorize to anybody no then i will help you out of this problem just confirm your memo id you ,Fraud,75,"[confidence 75/100] The caller's behavior aligns with known scam tactics, including initiating an invoice for something the recipient did not purchase and attempting to gather personal information."
195,Normal,[Greetings] yeah i ve got an email here about a laptop i didn t order can you help with that yeah of course have you got the order number on that email yeah it s [Number] right let me pull that up okay so i can see it here that was placed on the fifteenth and it s going to the address we ve got on file ending in [Number] does that sound like yours uh no that s not my address right okay so this one,Normal,0,"[confidence 0/100] The caller is assisting the recipient in canceling an unauthorized order and providing steps to take if there's any charge, which does not match known scam behaviors."
