idx,true,text,text_stripped,bow,bow__stripped
0,Normal,"Agent: Hello? Caller: Yes. Hi. Uh, [ORG], this is [NAME] with [ORG]. You had completed a quote request form on our website for life insurance, and I just wanted to reach out and see if there's any way I can help. Agent: Oh, [confused] a quote request form? For, um, life insurance, you said? [curious] I don't really remember filling out anything like that. How does that work? Caller: Yes. Yes. Call",this is with you had a on our for and i just to out and if there is any i can a for you i do not out that how does that i i just have with so it out for you a or if you do not then that is just i will i will you an i have i do not if that is your but i can you an in you you you out and into one of those but what is a my he a so it would not have been him but i if it is about i i could you still ab,Normal,Normal
1,Normal,"Agent: Hello? Caller: Hello, [NAME]? Agent: Yes, this is [NAME]. [curious] Who's calling, please? Caller: Hello, [NAME]? Hi, [NAME]. This is [NAME]. I'm calling from [ORG] on a monitored and recorded line responding to a life insurance request you submitted. Agent: Oh, [surprised] a life insurance request? Yes, I... I think I did something like that a while ago. [curious] What can I help you with,",this is who is this is i am from on a and to a you a i i i did that a while what can i you with i just to your and you over to a who can over and with you i so you are not the one who is to me about the how does that i am how does what the no i you you would my and then would about the so what do you from me now just i will your of a few and and then i will you over to an so what do you all my is ,Normal,Normal
2,Normal,"Agent: Hello? Caller: [ORG]. I'm calling regarding a request made for sidings in your home to get that free estimate. Hello? Agent: Oh, um, [confused] sidings? Yes, I—I think I did something like that a while back. [curious] Who did you say this was again? Caller: Hello? Are you there? Oh, okay. Yes. I'm seeing where a request was made for free quotation for siding. Agent: Oh, yes, [uncertain] I t",i am a for in your to that i i i did that a while who did you this was again are you there i am where a was for for i i out that you a while what of are we about so it on what you what we are doing to be is just to for to out with you with you you the and you with those no are you there if you are i am not to you i so it would not me then to have out and what of do you have i am my it it out for a,Normal,Normal
3,Normal,"Agent: Hello? Caller: Hey, miss [NAME]. This is [NAME]. I'm just calling back on a recorded line from [ORG]. Caller: We had spoken with you about the home warranty coverage. And we were just reaching back out today because we do actually have some new discounts on the coverage here for you. Help you save a little bit more. Caller: Give me one moment. I can pull up the new discounts that we got for",this is i am just on a from we had with you about the and we were just out because we do have some on the here for you you a more me one i can up the that we for you i i did a from you all what was this about again the i i did to so what of are we about i i did to about that what of are we about now of one i will up the that we for you i of the but he is not here so what is the of one there those ,Normal,Normal
4,Fraud,"Agent: Hello? Caller: Hello, My name is [NAME]. I was calling here with [ORG] on a recorded line. How are you doing today? Agent: Oh, hello [NAME]. [calm] I'm doing just fine, thank you. [curious] [ORG], you say? What's this about, dear? Caller: Yes. We were reaching out here following up on an inquiry regarding some tax debt. Caller: We just wanted to see here though what is the amount that you w",my is i was here with on a how are you doing i am doing just you you what is this about we were out here up on an some we just to here though what is the that you were for to what we may have for you you i do not out about that are you you have the to all that you he was so with i do not in an though what of are you about so it it all on the that you are i was to in one of our to what they are we ,Fraud,Normal
5,Fraud,"Agent: Hello? Caller: Hello. This is [NAME] on a recorded line. Agent: [NAME], [curious] is it? Ah, grand, grand. And who are you with now, me boy? Caller: Yes, sir. Agent: And what can I do for ya, [NAME]? [curious] Where are you calling from? Caller: Yes. I'm calling from [ORG]. Looks like you were, uh, checking out the program online. Agent: Oh, [ORG], [confused] yeah, that's right. I was, um, ",this is on a is it and who are you with now me and what can i do for where are you from i am from you were out the that is i was i was a what about it i was just because you again you were at some and to the you the and the here in and what you were for how i could you i are you about me up is that it i was just at some of the you to me when i over from to you a what of do you have now you a so wh,Fraud,Fraud
6,Fraud,"Agent: Hello? Caller: Hello. This is [NAME], [ORG]'s virtual assistant, following up on your interest in our debt program. This call is recorded for quality assurance. Caller: Am I speaking with [NAME]? Caller: Uh-huh. Hi. This is [NAME], [ORG]'s virtual assistant. I'm following up on your interest in our debt relief program, and this call is recorded for quality assurance. Caller: Am I speaking w",this is up on your in our this is for am i with this is i am up on your in our and this is for am i with the this is how can i you this is this is you i you are in is that that is i am in for about how much or do you have i i have a few you and some i would around for that what of up that does that or those you just and then a few from a while that is you a few and some too it is you and a of thos,Fraud,Normal
7,Normal,"Agent: Hello? Caller: Hi. This is [NAME] calling from [ORG]. Am I speaking with [ORG]? Caller: Hello? Agent: Oh, it's [NAME], dear. E-D-N-A. But yes, [calm] you've got the right person. [curious] What's this about, honey? [confused] [ORG]? Oh, no, dear, my name is [NAME]. [NAME]. [curious] Did you say [ORG]? What's this about? Caller: We got a online request for window or door replacement. Agent: ",this is from am i with it is a but you have the what is this about no my is did you what is this about we a for or an i do not doing that my he to all the you are you you have the it that is not me but i do have a of with my you they are so what of are you about i was if you for a in for or a that i have been to out here you my are just through the how does that do you over or that is to do all th,Normal,Normal
8,Fraud,"Agent: Hello? Caller: This is [NAME] with [ORG]. A recorded line. How are you? Agent: Oh, [calm] I'm doing just fine, dear. And you? Caller: I'm good. Thanks for asking. Is this [NAME]? Agent: Yes, [calm] this is [NAME]. Caller: Hey, [NAME]. I was just calling because it looks like you were looking around for some debt relief options. Are you still looking for some help with your debt? Agent: Debt",this is with a how are you i am doing just and you i am for is this this is i was just because it you were around for some are you still for some with your i i might be i to all that and he is been a of now what of are you about who i am who to that my he on a of so i am just to all this out myself now you what were you about no i am so for your no we have some so you the for to i a i do not that ,Fraud,Fraud
9,Normal,"Agent: Hello? Caller: Hello, [NAME]. My name is [NAME]. I am a recorded line with [ORG], and I was calling on behalf Caller: of the information that you requested on your Honda Civic. So I just wanted to go over a few details with you just to make sure that everything is correct. Caller: Um, I do see that you have about fifty thousand miles on that vehicle. Agent: [curious] Yes, yes. [ORG]. What i",my is i am a with and i was on of the that you on your so i just to over a few with you just to that is i do that you have about on that what is this about what is this the my that is and is for you it is it is you for now but i am about the you it is it is it is a it is a a i have to it you every so because of your your is you and is a we are to you but you do you can you you that us a so we can ,Normal,Normal
10,Fraud,"Agent: Hello? Caller: Good morning. This is [NAME] with [ORG] Caller: calling on a recorded line. Am I speaking with [NAME]? Agent: Oh, [curious] good morning now. [curious] [NAME], yeah, that's me. What can I do for ya, [NAME]? [ORG], you say? Caller: Yes. It looks like somebody looks like you did you start, uh, to inquire about information with regards to debt relief options? Agent: [confused] O",this is with on a am i with now that is me what can i do for you it you did you to about with to the the i was into that i what did out for me now i did not out too much because it there was not to your so if you have some to do that now we can of it if you have a few i not you what do you from me then i am to me i have a few no what do you from me then just us do this what am i now you i am here ,Fraud,Fraud
11,Normal,"Agent: Hello? Caller: Hello. Hi. May I speak with [NAME]? Agent: [calm] Yes, this is [NAME]. [curious] Who's calling, dear? Caller: Yes. This is [NAME]. I'm calling from [ORG]. Regarding your online application. Agent: [curious] My online application? [confused] Oh, goodness, I don't remember filling out any application like that. [long pause] What kind of application was it? Caller: Um, so it loo",may i with this is who is this is i am from your my i do not out any that what of was it so it you if you the with your for a and that my to of all that i i do have a few you what of are you about that i i i might have into that at some you my he to all the but how did you my it they have your just on the we it we have some if you would to over them for the i am not what that is but if it is about,Fraud,Normal
12,Fraud,"Agent: Hello? Caller: Hello. May I speak with [NAME], please? Agent: Yes, [calm] this is [NAME]. [curious] Who's calling, please? Caller: My name is [NAME]. I'm with [ORG]. I had received or we multiple requests from our website to give you a call. Agent: Oh, [confused] [ORG], you say? [curious] And what exactly was the request about? I get so many calls these days, you know. Caller: Yes, ma'am. A",may i with this is who is my is i am with i had or we from our to you a you and what was the about i so many these you what was this about i so many you for a a i do not i i might have out to all that you what of is it it is for i do not i have any not are you you have the we had i with you on us i do not any he such are you you have the me one i am here is all we had on my is not what it to be i ,Fraud,Normal
13,Normal,"Agent: Hello? Caller: Hi. May I speak to [NAME]? Agent: This is she. [calm] Who's calling, please? Caller: Hello? Hey, [NAME]. [NAME], this is [NAME] with [ORG], and I was calling about the auto insurance quote you requested on our website. Did you ever get that quote for automobile insurance? Agent: Oh, [confused] the auto insurance quote? Hmm. [long pause] Yes, I think I did... did fill somethin",may i to this is she who is this is with and i was about the you on our did you that for the i i did did out my to all that you what was it you about again the what of did i for and what are you i have to your in me if you are in the i just your in for a but me if you have one us and what do you from me for that i do not out much over the you so you are to if i am in your is that it my my is not w,Normal,Normal
14,Normal,"Agent: Hello? Caller: Hi, [NAME]. This is [NAME]. I'm calling from [ORG]. How are you? Agent: Oh, hello, [NAME]. [calm] I'm doing just fine, dear. [curious] And what was this about [ORG]? Caller: Uh, you had inquired about uh, Independent Living Community? Caller: We're here in Sarasota, Florida. I think you were working with [ORG], and you were looking for an independent, uh, living community. Di",this is i am from how are you i am doing just and what was this about you had about we are here in i you were with and you were for an did you to them i did i do not that but what does that the i i did out that you a while what can you me about it so are you can i a more about you i are you the one are you for yourself it is for me my he a of and i am just you to what is out there what of do you h,Normal,Normal
15,Normal,"Agent: Hello? Caller: Hi. Is this [NAME]? Agent: Yeah, this is [NAME]. [curious] Who's this? Caller: Hi, [NAME]. This is [NAME] with [ORG]. You had submitted a request Caller: online for pet insurance? Caller: To [ORG]. Agent: Oh, hey [NAME]. [confused] [ORG], huh? Oh, [confused] for real? Pet insurance... yeah, I think I did, um, the other day. [curious] What's up with that? Oh, [confused] the pe",is this this is who is this this is with you had a for to for i i did the other what is up with that the i i was just around you what is up with that the the what about it so the there is a of you can have one for and that does you that or you can just have them for more there was a that they the or and they there is a that you can from it just on what you are for so what is the what is the you fo,Fraud,Fraud
16,Normal,"Agent: Hello? Caller: Hello. This is [NAME]. Agent: Yeah, this is [NAME]. [curious] Who's this? Caller: Hello? Hello, mister [NAME]. My name is [NAME]. I'm a licensed insurance agent with [ORG] on a recorded and monitored line. Caller: How are you today? Agent: Okay, [NAME]. [confused] What's this about? I'm doing good, [NAME]. [confused] What's this regarding? Caller: That's good to hear. I'm fol",this is this is who is this my is i am a with on a and how are you what is this about i am doing what is this that is to i am up on a you for about i i i might have out a while what about it do you have i i do not but i a of so what about it now do you have both a and i both of what is the now that i have you on the i can you up here just to you are all for this and then we can if there is any in ,Fraud,Fraud
17,Fraud,"Agent: Hello? Caller: Hi, is this [NAME]? Agent: Yeah, [curious] it is. What's up? Caller: Good morning. Is this [NAME]? Yeah. Hi, [NAME]. Yeah. This is [NAME] at [ORG]. I was just uh, responding back to an inquiry you placed on our website here. Agent: Okay, [confused] an inquiry? Yeah, I mean, I... I go to a lot of sites, so... Which one was this again? Caller: Were you trying to get some help w",is this it is what is up is this this is at i was just to an you on our here an i i i to a of so which one was this again were you to some with the the that is what do i do it so we just off with a so i could what is on and if it is we can with so would you me a more what what the are i i i it all in the you it is the the they are i a and i do not i do not what it is for so so you a you i do not t,Fraud,Normal
18,Normal,"Agent: Hello? Caller: Is this [NAME]? Agent: Oh, [surprised] yes, this is [NAME]. [curious] Who's calling, dear? Caller: Hello? Agent: Oh, [confused] hello? I just said this is [NAME]. [curious] Who are you? I can barely hear you, dear. Caller: Hi. This is [NAME] with [ORG] and Dun hi. Can you hear me? Can you hear me? Hello? Are you there? Agent: Oh, [confused] yes, yes, I can hear you. [calm] Yo",is this this is who is i just this is who are you i can you this is with and can you me can you me are you there i can you you out for a there what was that again you here are you there this is from in i to with you would you have a to about would you have a you i i am not i out about you what was it you to about i i have but i to you an but it to me is it because it i would to you some do i have ,Normal,Normal
19,Fraud,"Agent: Hello? Caller: Hi. Can I speak to [NAME]? Agent: Oh, [curious] it's [NAME], yes. That's me. Caller: Hi, [NAME]. This is [NAME] with [ORG] on a recorded line. How are you? Agent: Oh, hi [NAME]. [calm] I'm good, thank you. How are you doing? Caller: Good. I was I'm well. Thank you for asking. I was reached reaching out. You put some information on our web form for financial assistance. Agent:",can i to it is that is me this is with on a how are you i am you how are you doing i was i am you for i was out you some on our for i i do not doing that but what of is this now did you did you i i might have i was at a few you for i i have been as your and my is just to under your and some so we could do a no it will be a does not have any to your and we would it from and then i could what so wha,Fraud,Fraud
20,Fraud,"Agent: Hello? Caller: Hello there. Is this [NAME]? Agent: Yes, [curious] this is [NAME]. Caller: Hello there. My name is [NAME]. I'm a licensed insurance agent with [ORG]. Caller: On a recorded and monitored line. How are you doing today? Agent: Okay, hello. [calm] What can I help you with? I'm good, thank you. [curious] How can I help you? Caller: Good. Caller: Yes, ma'am. So I'm just following u",there is this this is there my is i am a with on a and how are you doing what can i you with i am you how can i you so i am just up on a that we about in the do you have your a and the i i so so that is why i am about just for more you are that you are for for your so us this up you are that you are for what is your here so what do i to do so what does that my is you for that and is this that you ,Fraud,Fraud
21,Normal,"Agent: Hello? Caller: Hello. Is this [NAME]? Agent: Yes, [calm] this is [NAME]. [curious] Who's calling, please? Caller: Uh, my name is [NAME]. I'm with the [ORG]. Uh, you booked a meeting with me to go over your [ORG] coverage. Agent: Oh, [calm] [ORG], right. [confused] I don't quite recall booking a meeting, dear. [NAME] used to handle all that. [curious] What was it about [ORG] again? Caller: U",is this this is who is my is i am with the you a with me to over your i do not a to all that what was it about again it is just you a to was was there you are with i i must have then my is not what it to be you are you about or just just here at we are for again it is just you a so i was to if there is you were some with i i am to you about my my it is been the same for so i was if there was out t,Normal,Fraud
22,Fraud,"Agent: Hello? Caller: Hello? Hi, [NAME]? Agent: Uh, yeah, [curious] that's me. Caller: Hi. Yes. This is [NAME] calling from the [ORG]. I'm returning a request for contact that you made on our website regarding a tax resolution matter for the with the [ORG] [ORG]. Agent: Oh, [confused] right, yeah. The — the tax thing. What's up with that? Caller: Yes. You reached out to my firm looking to I guess,",that is me this is from the i am a for that you on our a for the with the the the what is up with that you out to my to i with the i am the the the at the i am the so i was out to just so to if we have a few to have a to what is on as as your are and to if i can you out or if i can not you in the so you can the that you you are for i i i i a i so what do you from me what do you from me me what is ,Fraud,Normal
23,Fraud,"Agent: Hello? Caller: Hi. Can you hear me? Agent: Yes, I can hear you. [curious] Who is this, please? Caller: I was calling for miss [NAME]. This is [NAME] from [ORG]. Agent: Oh, [calm] [ORG]. Yes. [confused] What was this about again, dear? Caller: I'm coming there for a stairlift. I'm about five minutes out. Agent: Oh, [surprised] a stairlift! Yes, of course. [confused] I forgot you were coming ",can you me i can you who is this i was for this is from what was this about again i am there for a i am about out a of i you were i just i am a did we this up for i will be there in i just do not it up for to all those he a are you you have the is this on that is me on but i just i do not up a did i out a or and they they to you and i so i have been on the for about an and i am i do not you to hav,Fraud,Normal
24,Normal,"Agent: Hello? Caller: Hi. Is this looking to speak with [NAME]? Agent: Yes, [calm] this is [NAME]. Caller: Hi. How are you today? Agent: Oh, I'm doing just fine, [calm] thank you. And you are? Caller: Beautiful. Well, yes, I'm [NAME] and calling from [ORG]. It looks like you submitted a a request for a quote online, and we are just reaching out because we are running our extended Memorial Day prom",is this to with this is how are you i am doing just you and you are i am and from it you a a for a and we are just out because we are our and i just to what is i just to with you what is how it all and i will of you that and now do you own your own or are you in the of a a i i did you at that my he all that i own my so what of would that is there a i you are out i am still here so what of is this ,Normal,Normal
25,Fraud,"Agent: Hello? Caller: Hello. Hello, [NAME]? Agent: [confused] [NAME]? Oh, no, this is [NAME]. [NAME]. Who's calling, please? Caller: This is [NAME] with [ORG] on a recorded line. Caller: How are you doing today? Agent: [calm] Oh, okay. [curious] And what can I help you with, [NAME]? Oh, [calm] I'm doing just fine, dear. Just fine. [ORG], you say? [curious] And what can I do for you today, [NAME]? ",no this is who is this is with on a how are you doing and what can i you with i am doing just just you and what can i do for you i am out to you in to your with us so me how much are you to my my i did not i would one of those my he to all the you what of was this for again what was that this is for i can here that you have and it is in the of that is you not but i am did you it was about a that i,Fraud,Fraud
26,Normal,"Agent: Hello? Caller: Hi. Good morning. This is [NAME], and I'm following up on your on behalf of [ORG] on a recorded line. We received a request for a business insurance quote. Did you submit this request? Agent: Oh, um, [confused] a business insurance quote? I... I don't recall that, dear. [curious] What kind of business are we talking about? Caller: Correct. Caller: Yes. So we have here from [O",this is and i am up on your on of on a we a for a did you this a i i do not that what of are we about so we have here from and this is for for the one that this it is for a for i was what of you i do not a myself so i am a that is not me my is are you you have the that is what we have here but if you do not this then no i can you off our no no on now i you that what of was that again so this is th,Normal,Normal
27,Normal,"Agent: Hello? Caller: Hi. Good morning. It's [NAME] from [ORG] I'm calling about your recent request for a licensed health insurance Caller: agent to contact you. Will this be an individual or family plan? Agent: Oh [curious] okay yeah I um I think I remember doing that a while ago Oh, [confused] um, a health insurance agent? Caller: Again, uh, my name is [NAME] from [ORG], and I'm calling about y",it is from i am about your for a to you will this be an or i i i doing that a while a again my is from and i am about your for a to you so will this be an or the the i i just for now so what would be and am i with that is me you and are you under no i do not so so what is this all about do you have the or the the or i do not i do not i have that no do you have the or no i do not i have one of thos,Normal,Normal
28,Fraud,"Agent: Hello? Caller: Hello? Hi. Agent: [calm] Hello? Caller: Hello? Can you hear me? Agent: [calm] Yes, I can hear you, dear. Who is this? Caller: Hello? Caller: Hello? Uh, [NAME], this is [NAME], um, calling you from [ORG] regarding your case with, uh, the crypto that you had lost Agent: [calm] Yes, I'm here. Can you hear me now? [confused] Oh, the crypto? Right. [curious] What about it? I thoug",can you me i can you who is this this is you from your with the that you had i am here can you me now the what about it i all that that you to we this about this the i i i about that my to all that you what was it again so we about this on what was it about the this when we about this you did about you are the about in and they had that is you i it was a but my is not what it to be so what with th,Normal,Normal
29,Normal,"Agent: Hello? Caller: Hi. This is [NAME] from [ORG]. We have we have on a recorded line. Am I speaking with [NAME]? Agent: Oh, [calm] yes, this is [NAME]. [curious] And what can I do for you, dear? Caller: Hello? Agent: Yes, [calm] I'm here. [confused] Can you hear me, [NAME]? I just asked what I can do for you. Caller: Good afternoon, [NAME]. So mhmm. Caller: Mhmm. Caller: Yes. I can hear you. So",this is from we have we have on a am i with this is and what can i do for you i am here can you me i just what i can do for you so i can you so with with you and you with a i to and if you were to a that your or you are still for you were you were about the i do not that who did you you were with again who did you you were with again we we with you and you with a and we to and if you are to a that,Normal,Normal
30,Normal,"Agent: Hello? Caller: Good afternoon. Uh, this is [NAME] calling from [ORG]. Do I have the pleasure of speaking with miss [NAME]? Agent: [calm] Oh, yes, this is [NAME]. [curious] What can I do for you, [NAME]? Caller: Uh, the reasoning for my call is because I understand that you are looking to get a quote for your RV. Is that correct? Agent: [surprised] My RV? Oh, um, yes, I suppose. [confused] [",this is from do i have the of with this is what can i do for you the for my is because i that you are to a for your is that my i had one you a while did i out a for that it to us you had out a for for some i i the i i did then what of are you at the to all that and then after he i have been to up so what of are you for me we can a you your to you with this did he a now so it is just me do you have,Normal,Normal
31,Normal,"Agent: Hello? Caller: Hi. I'm looking for [NAME]. Agent: This is [NAME]. [curious] Who's this? Caller: Hi. This is [NAME]. I'm calling you from [ORG], and I see here you're looking for a warranty plan. Caller: Is that correct? Agent: Oh, um, a warranty plan? [confused] Yeah, I think so. Oh, um, [uncertain] a warranty plan? Yeah, I think so? What kind of warranty is it? Caller: Yeah. It's it's like",i am for this is who is this this is i am you from and i here you are for a is that a i so a i so what of is it it is it is a that your and the and the all this of i i was at that my has been this so just so it can be a any but after we the with this it is you can any you and we are it for you or so it would my if it that is and we are when we are it if it is not at all that is that is to so how d,Fraud,Normal
32,Normal,"Agent: Hello? Caller: Hi, [NAME]. Caller: This is [NAME] from [ORG] on a recorded line. Agent: Yeah, [curious] who's this? Okay, [NAME]. [curious] What's up? Caller: I'm reaching out about the Toyota Camry. I just have a couple of details to verify with you real quick. Caller: Is your ZIP code [ZIP]? Agent: Oh right, [curious] the Camry — yeah. What's up with that? Yeah, [nervous] that's right, [Z",this is from on a who is this what is up i am out about the i just have a of to with you is your the what is up with that that is what what is this about this is we are up with a to be in for about for the the i i was at at some you for what is the and there is about on there is that i that is about so what what do you from me here i to the and your and then how the is then i will you over to our ,Normal,Normal
33,Fraud,"Agent: Hello? Caller: Hello? Can you hear me? Agent: Um, hello? [uncertain] Yeah, I can hear you. Caller: Sorry. Caller: Can I help you, um, [NAME]? Agent: Oh, [nervous] okay. Um, who is this? [confused] [NAME]? Yeah, that's me. Um, who is this? Caller: Um, calling from [ORG]. We literally got um, we got an email from you about your loss, money from twenty twenty three. Agent: [surprised] Oh, um, ",can you me i can you can i you who is this that is me who is this from we we an from you about your from i so what about it did he us an i i so what was the about again i so many i you to so many about your from my are they in is that what this is about the that is did you it have you been to from other we we to do some you before we with the no i have not from yet so what do i to do for the we so,Fraud,Fraud
34,Normal,"Agent: Hello? Caller: Hello? Agent: [confused] Hello? Who is this, dear? I don't recognize this number. Caller: I'm [NAME] calling you from [ORG]. Agent: [ORG]? [confused] Oh, well, I don't think I've ever used your services before. What can I do for you, [NAME]? Caller: Uh, we had a, uh, request here. Are you looking for a windshield replacement? Agent: Oh, a windshield replacement? [curious] Yes",who is this i do not this i am you from i do not i have your before what can i do for you we had a here are you for a a i i was into that you how did you i one we have he we you a here or did a i my he to all that before he but so what does that a we have a here at the in some a a so is this about the i you from that on the is that what you are i i must have done that then you when i was up so wha,Normal,Normal
35,Fraud,"Agent: Hello? Caller: Hello? Hi, [NAME]. This is [NAME]. Caller: Calling from [ORG] on a recorded line. How are you doing? Agent: [NAME]? [curious] Hey, who is this? Oh, hi [NAME]. [uncertain] Um, I'm doing okay. What's up? Caller: Oh, that's good to hear. By the way, [NAME], I'm just only reaching out because, uh, you filled out a one form looking for financial assistance. It should only take a f",this is from on a how are you doing who is this i am doing what is up that is to by the i am just only out because you out a one for it should only a few to how we can are you to now the i i did do that i am a but i have a what is this about i have here a on that will to you all the and that are for you are you to now so i would be to then a i so can not we just do it now i a do not on the i will ,Fraud,Fraud
36,Normal,"Agent: Hello? Caller: Good morning. May I speak with [NAME]? Agent: Yes, this is [NAME]. [curious] Who's calling, please? Caller: [NAME] with [ORG]. Agent: [ORG]... [confused] Oh, is this about the car warranty thing? I think I got something in the mail about that. Caller: Get coverage Caller: on your Alfa Romero. Is that correct? Agent: My Alfa Romeo? [confused] Oh, um, I think [NAME] had one of ",may i with this is who is with is this about the i i in the about that on your is that my i had one of those you what of are you about it will be for now the for is now did you just that or did the just out that is about that so what does this we all that you he a so i am not about the what does that to what of we can on the so just in it now do you still have the the it is still in the that he di,Normal,Normal
37,Normal,"Agent: Hello? Caller: Hi, [NAME]. Agent: Yeah, [curious] who's this? Caller: I'm on my name is [NAME]. I'm calling from [ORG] on behalf of [ORG]. Caller: I'm responding to the life insurance request you submitted. I'm just verifying some basic information with you so we can get you on line with the licensed agent in your state today. Caller: I have your date of birth as [DOB]. Agent: Okay. [confus",who is this i am on my is i am from on of i am to the you i am just some with you so we can you on with the in your i have your of as and what is this about the for i did that that is and what and what do you in on what am i in i am in and your and your is my that is it what is this for again and did you have an of that you were in i i was just around you what is what is the what do most i am not ,Fraud,Normal
38,Fraud,"Agent: Hello? Caller: Hey, [NAME]. This is [NAME] with [ORG] on a recorded line. Are you doing today? Agent: Oh, [calm] [NAME]. Yes. I'm doing just fine, dear. And you? Caller: I'm doing good. Thanks for asking. [NAME], how can I help you? Agent: Well, [confused] I'm not sure, dear. You called me. [curious] What was this about, [ORG]? I don't recall... Caller: Looks like, uh, you were interested i",this is with on a are you doing i am doing just and you i am doing for how can i you i am not you me what was this about i do not you were in that is i was i was at that what can you me about it i can you is on me you this i you a some can you me in a on what you are to and i will you how i can what do you is on i just you i was about for the to all that but he is not here a i do not out a are you,Normal,Normal
39,Fraud,"Agent: Hello? Caller: Hi. Is this [NAME]? Agent: Yes, [curious] it is [NAME]. Who is this, please? Caller: Hi, [NAME]. This is [NAME]. Caller: Bath. This is [NAME] with [ORG]. Your call up to see if you're interested in getting a payday loan still. Agent: [NAME]? [confused] Okay, and how can I help you, [NAME]? Oh, [nervous] yes, the loan. I... I did call about this. What is it, please? Caller: I'",is this it is who is this this is this is with your up to if you are in a still and how can i you the i i did about this what is it i am i what is this about the do you a you had in a for a are you still i am still what do i to do who do you with i with is this to be a no do you a to that i do my they there and do you do the on your i do the on my so in to along you just to in your and your would ,Fraud,Fraud
40,Fraud,"Agent: Hello? Caller: Hello? Caller: Is this [NAME]? Caller: Hello? Agent: Oh, hello. [curious] Who's this calling? Yes, [calm] this is [NAME]. [curious] Who's calling, please? [confused] Yes, this is [NAME]. Who's calling, please? Caller: Uh, this is [NAME]. I'm calling on behalf of [ORG] for your interest in final expense. Agent: Oh, [curious] final expense, you say? I think I did fill out somet",is this who is this this is who is this is who is this is i am on of for your in you i i did out about that what of are you about i what it is but what of i what does it is it just for you the or is there more to it on your you could up to of the for is to and that my that is a is not it and this is all just for the you that is and beyond that and beyond that i so if there is over does it to my ho,Normal,Normal
41,Fraud,"Agent: Hello? Caller: Good morning, [NAME]. Agent: Oh, [curious] good morning! Who's this? Caller: This is [NAME] on a recorded line. Caller: Uh, it was it's looking like you were looking into some consolidation Caller: or getting a personal loan, uh, for your credit. Caller: Is that correct? Agent: Okay, [NAME]. [confused] Um, what can I do for you? Oh, right, [uncertain] yeah. I was, um, looking",who is this this is on a it was it is you were into some or a for your is that what can i do for you i was into that a while the the i was what about it i was you or or out to you because i to how much you to i was just you into so i was for a few you just to some if there is an to to your and to if there is an for an is this a so what is the what is the with it is it or so i how much can i even i,Fraud,Fraud
42,Normal,"Agent: Hello? Caller: Hi. May I speak to [NAME]? Please? Agent: [confused] [NAME]? No, dear, there's no [NAME] here. You must have the wrong number. My name's [NAME]. Caller: No. [ORG]. [ORG]. [ORG]. [ORG]. Not [NAME]. [ORG]. Agent: Oh, [ORG]! [chuckling] Goodness, my ears aren't what they used to be, you know. [curious] What can I help you with regarding [ORG]? Caller: Okay. Caller: Hi. This is, ",may i to no there is no here you must have the my no not my are not what they to be you what can i you with this is i i do not if she did or you did just about at you across at about and and they about that is why i was on here it that the is my are not what they to be you what can i you with i i do not my he to all that you are you that was me you i was just at some about so that is and what did ,Normal,Normal
43,Fraud,"Agent: Hello? Caller: Hello? Hi. This is [NAME] for [ORG]. Agent: [ORG]? [curious] And what are you calling about, dear? Caller: My name is [NAME]. I was calling you about the complaint you sent us a week ago. Agent: The complaint? [confused] Oh, um, I sent you a complaint? I don't recall... What was it about? Caller: You said that I need help recovering funds lost Caller: in a cryptocurrency scam",this is for and what are you about my is i was you about the you us a the i you a i do not what was it about you that i in a the what can you do about that so my is and i am you from we are a in to their i just i so much you would have what to do so what are you that is i all that but so you their from those so if you can me i am here all that you so what do i to do so i would to what is this i wi,Normal,Normal
44,Fraud,"Agent: Hello? Caller: Hey. Good morning, miss [NAME]. Agent: [calm] Oh, good morning. [curious] Who's this? Caller: This is [NAME] with the [ORG]. Agent: [confused] The [ORG]? [curious] And what was your name again, dear? Caller: Yeah. We just Caller: we just spoke a second ago about resolving your tax debt. Agent: [confused] [NAME]... what? [confused] Oh, we did? [uncertain] I don't quite recall ",who is this this is with the the and what was your again we just we just a about your what we did i do not that you what are you about the that you we were just on your to that your was the my i i do not that just now did it through no you did not it we were your i so it is not then and what are you doing to it we were over the to it you the and then we were just that the just through do you the i,Fraud,Normal
45,Normal,"Agent: Hello? Caller: Hi, [NAME]. Caller: Good afternoon. Caller: [NAME], this is [NAME], and I'm with [ORG]. I just received your request here on our web website, and I can see that you need help with insurance benefits. Agent: [confused] [NAME]? Oh, I think you might have the wrong number, dear. [confused] [NAME]? Oh, this is [NAME]. Who is this, please? Oh, [surprised] [ORG]? Well, um, I don't ",this is and i am with i just your here on our and i can that you with i you might have the this is who is this i do not out that but what of are we about we are a by my my he all that but he a so what is it you are we are by my he all that you he a so what is it you do we to and for all so you have we with or as as with to that you that that would be i it is all so is not it are you with the then ,Normal,Normal
46,Fraud,"Agent: Hello? Caller: Hello? Hello. Caller: Hey, [NAME]. Caller: This is your doctor. Agent: Hello? [confused] Who is this? [confused] [NAME]? I'm sorry, dear, I think you have the wrong number. Oh, [confused] my doctor? Which one? I have a few. Caller: Oh, my Yes. Agent: few. Caller: Yes. Agent: [curious] And what's this about? Caller: We have just searched, and you have leukemia cancer. Caller: ",this is your who is this i am i you have the my which one i have a few my few and what is this about we have just and you have you only have a few my are you i just had my my are you i i just had a and we to you because we did would you to be in i do not that is a i i you what does that i you is than the you have and her what her is her we to your so we can you out my i at here in but why would i ,Normal,Normal
47,Fraud,"Agent: Hello? Caller: Hi. Is this [NAME]? Agent: Yes, [calm] this is [NAME]. [curious] Who's calling, please? Caller: Hi. Caller: Hi, [NAME]. My name is [NAME] with [ORG], and you had, uh, submitted an inquiry on our website about looks like maybe a reverse mortgage, and I was just giving you a call to check-in with you. Agent: [confused] Hello? I didn't quite catch that, dear. [curious] Who did y",is this this is who is my is with and you had an on our about a and i was just you a to in with you i did not that who did you this was a i do not doing that what was that again i i am not with all the you to do all that for me it is no so you you an it was it it was in the around this your in on our about some of are you in in have the in in the i was then are you you have the in the i was then m,Normal,Normal
48,Normal,"Agent: Hello? Caller: Hi, [NAME]. This is [NAME] from [ORG]. Agent: Oh, [confused] [NAME]? No, this is [NAME], dear. You might have the wrong number. Caller: Yes. I mean, [ORG]. Caller: You made a call quote online again, ma'am. In our website for your Toyota Camry. Agent: Oh, [calm] [ORG]. Well, I'm [NAME]. [curious] What can I do for you? Oh, [surprised] my Camry? Goodness. I didn't think I'd fi",this is from no this is you might have the i you a again in our for your i am what can i do for you my i did not i would out that my he the before he you what of was it a i am just up because you again and i you we about your the i too much about those so what is this for is it than what i have now the he with that what was it i is this a of i i might have i i on by you with my so what was the you,Normal,Normal
49,Fraud,"Agent: Hello? Caller: Hello, [NAME]? Agent: Yes, [curious] that's me. Caller: Sorry about that. We were just it it's me again. We were disconnected. Agent: Oh, [confused] we were? I didn't even notice. What happened? Caller: Uh, I don't know. The call was disconnected, so somehow. I'm not really sure. Caller: But, nonetheless, that was the reason I'm calling you back. So going back to the health i",that is me about that we were just it it is me again we were we were i did not even what i do not the was so i am not but that was the i am you so to the it you with with our so what were we just about then the i so i i do a of do you that i i i did what was that about again that was about can i you an are you i because i am the here and you up for with this but your did not through so i am you an,Fraud,Fraud
50,Fraud,"Agent: Hello? Caller: Yes. [NAME], please. Oh, [ORG] returning your, uh, inquiry on my email about, uh, offering compromise. Agent: Oh, [confused] my email? I don't — I don't usually get emails from, um, tax people. Is this about my, you know, my regular taxes? Caller: No. Somebody emailed me and it had your name your phone number, and it said you were interested in talking about an offer and comp",your on my about my i do not i do not from is this about my you my no me and it had your your and it you were in about an and it was from my an and i do not i do not that myself i am and and it you are in do you and now i do not that are you you have the an and i i do not an that my all my are you you have the it i am in more about who these it could be or who but my is i am with so that is how i ,Fraud,Fraud
51,Normal,"Agent: Hello? Caller: Hello. This is [NAME] calling from [ORG] regarding your [ORG] life insurance policy on a monitored and recorded line. Do you have a moment? Agent: Oh, [calm] [ORG], yes. [NAME] set that up, I think. [curious] What's this regarding, dear? Caller: Yeah. We're just calling with a quick update update to let you know, um, that your application has been submitted and is currently b",this is from your on a and do you have a that up i what is this we are just with a to you that your has been and is being by and we will be in in about a to if there are any of the is to so we should more by then but at this do you have any my i did not it was still you being i that was all of what of would there be me one so there is a that they might to into the a further i have that the is a be,Normal,Normal
52,Fraud,"Agent: Hello? Caller: Hello? Agent: Oh, hello there. [curious] Who is this, please? Caller: Hi. Uh, this is [NAME] with [ORG]. I'm trying to reach miss [NAME]. Agent: [calm] Oh, yes, that's me. [NAME]. [curious] And what was this about, dear? [ORG], you said? Caller: Yes. Yes. You you contacted us uh, sometime ago. I think you were inquiring about final expense insurance. Agent: [confused] Final e",there who is this this is with i am to that is me and what was this about you you you us i you were about i i do not that my he to all those of before he what does that so it so i am when when he you were in of of his his his and you just that is what is is just your your your that is that was a it is all so so this is a for when i on then does that that was a to with you so this is for my and how,Normal,Normal
53,Fraud,"Agent: Hello? Caller: Hello, sir. Good day. This is [NAME], MD Pat control expert. May I speak with [NAME]? Agent: Uh, yeah, this is [NAME]. [curious] What's up, man? Caller: Yeah. [NAME], this call is in regards to your purchase today for the Weird Hero, the Weird Killer. The payment here got declined. Are you aware of this? Agent: The—the Weird Killer? [confused] Oh, right, yeah, that game. My s",this is may i with this is what is up this is in to your for the the the here are you of this the the that my was me about it so i it for it that is why i am you i am to you if you are still so i would to you to with this i he is been to it so what do i do what is the with the the what no it here so what do we do there was just a there was just in your so what i am to do is i will be you in this a,Fraud,Normal
54,Fraud,"Agent: Hello? Caller: Good morning. May I speak with [NAME]? Agent: Uh, [confused] it's [NAME], man. M-A-R-C-U-S. You got him. What's up? Caller: Hi. Good morning. Caller: How are you, [NAME]? Agent: I'm good, I'm good. Just, uh, tryna get this coffee down before the day really starts, you know? [chucking] What can I do for ya? Caller: I'm I was just reaching out about debt relief options. Caller:",may i with it is a you him what is up how are you i am i am just this before the you what can i do for i am i was just out about to with your and that is i was just into some the other what we about here i am for to you a what we about here we have of can you me a about the that you have the it is i a few you the and then there is the the all that is it it is you just from up what do you what do y,Fraud,Fraud
55,Normal,"Agent: Hello? Caller: It's quiet. It didn't even ring. Is this [NAME]? Agent: [confused] Yes, this is [NAME]. Who's calling, please? I didn't, um, catch that. Caller: Hello? This Caller: at [ORG]. I have [ORG] with Comme that I'm calling for. This is [NAME] at [ORG] about, uh, in home care. Agent: Hello? [confused] Oh, I'm sorry, dear. I didn't quite catch that. Who did you say this was? Oh, [surp",it is it did not even is this this is who is i did not that this at i have with that i am for this is at about in i am i did not that who did you this was in i did not had me about that what of are we about did you some with what i do not if you were for some about a does that a i did i i i did out about that you my he a and i was just what that was all about that does a i i out a at the you what ,Normal,Normal
56,Normal,"Agent: Hello? Caller: Hi. Is this [NAME]? Agent: Yes, [calm] this is [NAME]. Who's calling, dear? Caller: [NAME]? Hi. Hi. It's [NAME] with [ORG]. Agent: Oh, [calm] hello [NAME]. What can I do for you? Caller: So, um, I apparently used spoke with my spouse the other day, who's my assistant, and, um, he told me that, I guess, your son maybe had applied on my website, uh, to say you were interested i",is this this is who is it is with what can i do for you so i with my the other who is my and he me that i your had on my to you were in a and that you some i so i was just you to what i could do to any for you my that is that is which did you to i have no i did not i did not to the on my and it it from you i you my he to all those he you a he was so with the i i do not out myself my he to all that,Normal,Normal
57,Normal,"Agent: Hello? Caller: Hi. Is this [NAME]? Agent: Yes, this is [NAME]. [curious] Who's calling, please? Caller: My name is [NAME]. I'm giving you a call. Um, from the, uh, flex term you were looking at an [ORG] membership, [ORG]? Agent: [confused] Flex term? Oh, goodness. [uncertain] I don't recall... an [ORG] membership. Are you sure you have the right [NAME]? Caller: Yes. Caller: It says [NAME]. ",is this this is who is my is i am you a from the you were at an i do not an are you you have the it and then it in i if you so what is this is it a that is me all but what was that again i am not with all these so it and i have it up here you were at the and then you were at an it an for and i am just to if you have or about it the i i did at that my he me to be you so what does this for that so t,Normal,Normal
58,Fraud,"Agent: Hello? Caller: Hi. Is this [NAME]? Agent: Yes, [curious] this is [NAME]. Caller: Hey, [NAME]. This is [NAME] with [ORG] on a recorded recorded line. The notes, they say you're looking for help to pay off some debt or explore funding options. Agent: Oh, [uncertain] okay, yeah. I mean, I was looking into some things, you know, for, like, options. Caller: Okay. Um, we can help with that. So fi",is this this is this is with on a the they you are for to off some or i i was into some you for we can with that so off about how much are you with if you up your and me i would it is around it does to with we can can you me a on what to you into all this i that it is just you up i had some and then you just to up with it just of a i i they do a on your and a of you but never is with you now you n,Fraud,Normal
59,Normal,"Agent: Hello? Caller: Hi. This is [NAME] calling from [ORG]. Was reaching out to, uh, try and reach [NAME] to get him the information about security system. Is this [NAME]? Agent: Oh, [calm] yes, this is [NAME]. Caller: Is this a good time for you? Agent: Well, [uncertain] I suppose so. I'm just, um, doing some bills here. What's this about a security system? Caller: [ORG], were you looking for an",this is from was out to and to him the about is this this is is this a for you i so i am just doing some here what is this about a were you for an or for your or the i was i was into that i a while what what were you about to if you were still for a and we are a it it was just it you had a for some are you still for a i did i i am in you the what of do you have so we have so you that would be for ,Normal,Normal
60,Normal,"Agent: Hello? Caller: Hi. Is this [NAME]? Agent: [calm] Yes, this is [NAME]. [curious] Who's calling, please? Caller: Uh, my name Agent: [confused] [NAME]? Oh, I'm sorry, dear, I didn't quite catch that. Could you, [calm] could you say it again? Caller: My name is [NAME]. Um, I'm calling because you were looking at [ORG] in the [ORG] marketplace. Agent: [calm] Oh, the [ORG] marketplace, [surprised",is this this is who is my i am i did not that could you could you it again my is i am because you were at in the the i do not that but what is is that no so is a that we have because we have a to in some and then the that is you to the that we have with it is just but i here that you were a at and so you i just i would and to if you just to about it you i could you what we have i could you an no o,Normal,Normal
61,Fraud,"Agent: Hello? Caller: Hi. This is [NAME] from [ORG]. Is this, uh, miss [NAME]? Agent: Um, it's [NAME], actually. [uncertain] But yeah, that's me. Caller: This is [NAME]. Agent: Yes, that's me. [curious] What's up? Caller: Hi, ma'am. Caller: Yeah. I'm calling in regards with the loan request that you submitted using twenty twenty one [ORG] Caller: Camry. Um, we just wanted to know if you're still i",this is from is this it is but that is me this is that is me what is up i am in with the that you one we just to if you are still what is this about the for my i i so what is with that i am in with this to few these are the and is this a so what do you to i what are the your is off what was your again for it is does it also have and from the of so what do you to it does i just so it is all would y,Fraud,Normal
62,Normal,"Agent: Hello? Caller: Hello? Agent: [calm] Hello? Is someone there? Caller: Hello, ma'am? Hello? Are you able to hear me? Agent: [calm] Oh, yes, dear, I can hear you. [curious] Who is this, please? Caller: Hi. My name is [NAME], and I'm calling from [ORG] on a recorded line. Am I speaking with [NAME]? Agent: [calm] It's [NAME], dear. [NAME]. [curious] What can I help you with, [NAME]? Is this abou",is there are you to me i can you who is this my is and i am from on a am i with it is what can i you with is this about my my i am in to your in a for a is that you are still in that is i i did out about that you a while how does that all again so what we do here at what we do you would have to at your to if it may for a and the of as about the as as in to the and when we that to our it will then ,Normal,Normal
63,Fraud,"Agent: Hello? Caller: Okay. Uh, one more thing. Because it said it could be the card number because they some [ORG] do have a three digit code. So they just prompted me to try to ask you to really turn the light on and make make sure those numbers are correct. Caller: On the the fifteen digit card number. Agent: Oh, [sighing] goodness. All right, hold on, dear. Let me, um, let me see. My eyes aren",one more because it it could be the because they some do have a so they just me to to you to the on and those are on the the all on me me my are not what they to be you i am at it it is that what you are too do you at that and just that we have the because it could be one that is that could it up on my are not what they to be you me me my again it is is that what you have i you that is what i am i,Fraud,Normal
64,Fraud,"Agent: Hello? Caller: Hey, [NAME]. How are you doing this afternoon? Agent: I'm good, [confused] who's this? Caller: Yeah, [NAME]. This is [NAME]. I helped you with your insurance on Friday. Agent: Oh, okay, [curious] yeah, what's up? Caller: Yeah. So I was looking at the I got a email from the insurance company, and they were just having some problems verifying the banking information. Agent: The",how are you doing this i am who is this this is i you with your on what is up so i was at the i a from the and they were just having some the the what is what is the so they they they were just that they were not to the so i just to just to i have the so you me to just you my again and then we might you to in the to that with the but i just that i have the so you the you the and the then the and t,Fraud,Normal
65,Normal,"Agent: Hello? Caller: Hello? Hello. Is this miss [NAME]? Agent: Yes, [curious] that's me. Who's calling, please? Caller: Hi. This is [NAME] from [ORG]. Caller: I called you last week, uh, about a life insurance policy that you were looking at. Caller: And you said you wanted to go over it with your son. I don't know if you remember. Agent: [ORG]? [confused] I don't think I've heard of you folks. W",is this that is me who is this is from i you about a that you were at and you you to over it with your i do not if you i do not i have of you what is this about a i do not did i out for that i do not i do not that what was this about a it it was i i to a of you my what of are we about i all that for us you before he it is a a that i you we through it with you and we it to a for but we just a for s,Normal,Normal
66,Fraud,"Agent: Hello? Caller: Hello. This is [NAME] with [ORG]. Am I speaking with [NAME]? Agent: Yes, [calm] this is [NAME]. Caller: Hello, mister [NAME]. I'm just calling about a home warranty Caller: that you had with us, sir. Caller: May I ask what was the reason for cancellation? Agent: Oh, [curious] the home warranty, yeah. Oh, [curious] the home warranty, yeah. What about it, um... [NAME]? Oh, [con",this is with am i with this is i am just about a that you had with us may i what was the for the the what about it the i i so i am not i it though why is there an there is an it is about a a i was you what what is this we can just your we can not your because we have an with the of it i so you are i a then for the an with the i i would to that out of what do we to do about that what do we to do ab,Fraud,Fraud
67,Fraud,"Agent: Hello? Caller: Hi. Hello. This is [NAME] with [ORG] on a recorded line. Is this miss [NAME]? Agent: [calm] Yes, this is [NAME]. [curious] [ORG], you say? What's this about? Caller: Yes, miss [NAME]. So we're credit saying I see you gave us a call before, maybe looked us up online. Uh, we were just reaching out because, well, we wanted to know if you had some questions or if you still had so",this is with on a is this this is you what is this about so we are i you us a before us up we were just out because we to if you had some or if you still had some you were with what we do is we on and we will on with their can you me i i i might have into that you a while so what does that for me so what it you with is if you are to or on a it is to you with for that not only that you that around ,Fraud,Normal
68,Fraud,"Agent: Hello? Caller: Yes. Hi, mister [NAME]? Agent: Uh, yeah, [curious] that's me. What's up? Caller: Oh, [NAME]. Caller: Oh, I'm sorry. This is [NAME] from [ORG]. Caller: I'm actually following up with you because we received your request to get started with your business case. Caller: But the payment was declined here. Were you still interested in moving forward with this, mister [NAME]? Agent:",that is me what is up i am this is from i am up with you because we your to with your but the was here were you still in with this who is this the the i i so what was the with the you a you the but it did not through so we the it was so we would have to the if you again or i am that is so it just did not through at all my been no so what do i do just it or what because so what do i do how do we it,Fraud,Normal
69,Fraud,"Agent: Hello? Caller: I'm here. It's [NAME]. Can you hear me? Agent: Yes, yes, I hear you, [NAME]. [curious] What is this about, please? Caller: It's about four three to six or four to five. Agent: Four three to six... [confused] I am not sure I understand, my friend. Can you explain, please? Caller: Extended warranty coverage. Agent: Oh, the extended warranty, [confused] yes. I think I remember..",i am here it is can you me i you what is this about it is about to or to to i am not i my can you the i i what about it is there a it is is there a with it my what is it no i was just to you your you you have you had for i am from i have your for you i did so what is the i i was into that you so what is the just you to a of about how many do you have on the me i it is around and how have you it fo,Normal,Normal
70,Fraud,"Agent: Hello? Caller: Hello? Hey. Is this missus [NAME]? Agent: Oh, [confused] no, this is Mr. [NAME]. [NAME]. Caller: Mister [NAME]? No. Caller: This isn't [NAME]? Agent: No, this is [calm] [NAME]. [NAME] [NAME]. It's Mr. [NAME], yeah. [calm] [NAME] [NAME]. Caller: It's [NAME] [NAME]. Yeah. Oh, mister? Oh, oh, mister [NAME] [NAME]. I apologize. My name is [NAME]. Caller: I'm calling with [ORG]. Y",is this no this is no this is not no this is it is it is i my is i am with you with the i so what is this about is now a to over your i i so what is what is this about i we an from you an i i do not that but so i the most the you out a i i did out a i i just out a so how much is the that you and what was that for again me i it was around that it is been a of a i it was around and this is a or a it,Fraud,Normal
71,Fraud,"Agent: Hello? Caller: Hey. Is this miss [NAME]? Agent: Yes, this is [NAME]. [curious] Who's calling, please? Caller: Hi. Caller: Yes, ma'am. [NAME], this is [NAME]. Uh, I'm just calling you back. We spoke the other day. I'm calling from [ORG]. How are you? Agent: Hi. Oh, hi, [NAME]. [calm] I'm good, thank you. [curious] How can I help you? Caller: It's good. Yeah. I was actually just reaching out.",is this this is who is this is i am just you we the other i am from how are you i am you how can i you it is i was just out i to before i out your i you you were to with your you have a to with him in to the and all of that and into your the the i did with him but i am not we are to you just yet not a is there that you are for before you that i can an out for i we are still just it you what did yo,Fraud,Normal
72,Fraud,"Agent: Hello? Caller: [NAME]. Good morning. It's [NAME] from [ORG]. How are you? Agent: Oh, good morning, dear. [calm] I'm doing just fine, thank you. [curious] [ORG], you say? What can I do for you? Caller: We spoke yesterday about you looking to get some money out of your property. Agent: Oh, [confused] did we? Goodness, my memory isn't what it used to be. [uncertain] I talk to so many people th",it is from how are you i am doing just you you what can i do for you we about you to some out of your did we my is not what it to be i to so many these what were we i i was if you that from your the i i did with that to all that you what was it you again so when i to your it is so it is you have a on it and in for me to that in and you some if as a and what you for i would that on so i was to if y,Fraud,Fraud
73,Fraud,"Agent: Hello? Caller: Hello, [NAME]? Agent: Yes, [curious] that's me. Caller: Hello? Agent: Yes, [curious] I can hear you. Is this about my — my account? Caller: Hi. This is [NAME] from [ORG]. Caller: Oh, this is this is [NAME] from [ORG] on a recorded line. Caller: How are you doing? Agent: Oh, [ORG]. [curious] Okay. Oh, um, I'm good, thank you. [curious] How can I help you? Caller: Um, [NAME], i",that is me i can you is this about my my this is from this is this is from on a how are you doing i am you how can i you is this it is so we did an since to be that you were for some with your so i am in to that is this a so what is this about i i was into some you just to my the i i do not but i am just now i can but were you for with with that i i am for you with with my i who is not so me just ,Fraud,Normal
74,Normal,"Agent: Hello? Caller: Hi. This is [NAME] with [ORG] on a recorded line. Is this, uh, [NAME]? Agent: [confused] [NAME]? Oh, it's [NAME]. [NAME]. [curious] Who's this now? Caller: Yes, sir. Um, so this is, uh, [NAME] from [ORG], the cruise line. I was calling you on a recorded line just to introduce myself as your new personal cruise consultant by [ORG]. Which means that I'll be your single point of",this is with on a is this it is who is this now so this is from the i was you on a just to myself as your by which that i will be your of for all of your with us since i had you on the i just to to if there is i can you with now if there is any that you are in and with us is it and i we about a you she the never around to it her so a you what does that for me then we about a you never around to it,Normal,Normal
75,Normal,"Agent: Hello? Caller: Hello, miss [NAME]. This is [NAME] from [ORG] calling you back. Agent: Oh, [curious] [NAME]? From... [ORG]? I'm not sure I recognize that name, dear. What was this about again? Caller: Yes. Your homeowner's quote that I sent over to your email? Just wanted to follow-up to see if you had a chance to review them. And if you had any questions. Agent: Oh, [surprised] the homeowne",this is from you from i am not i that what was this about again your that i over to your just to up to if you had a to them and if you had any the i did that i to all that you what did you it to my are not what they to be no the that i have here is your that is the one up for me it is so to of all these these i it to be so what were these for these me it up here for you so the that i over were fro,Normal,Normal
76,Normal,"Agent: Hello? Caller: Hello. You're now being connected to your licensed insurance agent. This call will be recorded for training and quality assurance. Hello, [NAME]? Caller: Are you there, [NAME]? Agent: Yes, [calm] this is [NAME]. [confused] Yes, I'm here. Who is this, please? I don't recognize this number. Caller: Oh, this is [NAME]. You sent me some, uh, a request for help with [ORG]. I talke",you are now being to your this will be for and are you there this is i am here who is this i do not this this is you me some a for with i to you should have you some i you them you that we had the i so many you it is to what was it we about again i was to out what of a you were on you had had i you might have a a but you should have some of a to you that you have a did you at my a i i do have a fo,Normal,Normal
77,Normal,"Agent: Hello? Caller: Hi. Is this miss [NAME]? Agent: Yes, this is [NAME]. [curious] Who's calling, please? Caller: Is this admin? Caller: Yes. This is [NAME]. How are you today? Agent: Admin? [confused] No, dear, this is [NAME]. You must have the wrong number. [curious] Who are you trying to reach? [calm] [NAME]. I'm doing all right, dear. Just, you know, getting through the day. [curious] What c",is this this is who is is this this is how are you no this is you must have the who are you to i am doing all just you through the what can i do for you so so i i do not you either but you you were on my this for and so i just to up just to how i can if if were you for a this it is a out here what can i do for you the which was that i do not being on any my i do not being on any this my i do not i,Normal,Normal
78,Fraud,"Agent: Hello? Caller: Hi, [NAME]. This is [NAME], uh, from [ORG] on a recorded line. How are you today, sir? Agent: Hey [NAME]. [curious] What's this about? Caller: It's about an application that you submitted online trying to get assistance on a debt. Agent: Oh, right, yeah, that application. [confused] When was that, exactly? Caller: Yeah. We are [ORG]. Caller: We are you know, we have are you l",this is from on a how are you what is this about it is about an that you to on a that when was that we are we are you we have are you in so what is the with it no i am in near but me because the that up here when i your it is that your that is me so what is the with this that what i am to to you i to out the that all the is to what we have where you are but here it so if i to you those in it is no,Fraud,Normal
79,Normal,"Agent: Hello? Caller: Hey. Is this [NAME]? Agent: Yeah, [curious] who's this? Caller: My name is [NAME]. I'm calling from [ORG] on behalf of [ORG] regarding your request for life insurance. I'm on a monitored and recorded line. I was just gonna verify this information really quick. I have your date of birth as Caller: o [DOB]. Is that correct? Agent: Oh, [calm] yeah, that's right. [DOB]. Caller: P",is this who is this my is i am from on of your for i am on a and i was just this i have your of as is that that is and the i have an here as it we you over in is that that is me that is me but i am here in us that up you for me now did you the of that you were for in that you had in or were you not yet to the my no i i was just to what is out there you just the what what you you we have from to an,Normal,Normal
80,Normal,"Agent: Hello? Caller: Hello, [NAME]? Agent: Yeah, [curious] who's this? Caller: Yes. Hi. Agent: Uh, hey. Caller: Yes. Hi. My name is [NAME]. I'm with [ORG]. Caller: Calling in response to the inquiry you submitted for insurance. Agent: Okay. [confused] [ORG]? Oh, [confused] the insurance thing? Yeah, I mean, I guess. What about it? Caller: Yeah. So it shows here that you submitted an inquiry for i",who is this my is i am with in to the you for the i i what about it so it here that you an for at which your to you in your now were you in or a how can i the one i what is the what is the with it i was just into it you so when is the you had i i so just to you a of here at we are a so what we do is we from you on your and then we the being by your and then we you in to the for your it is been a a,Normal,Normal
81,Normal,"Agent: Hello? Caller: [NAME], good morning. My name is [NAME] calling on a recorded line from [ORG]. We spoke with you recently regarding coverage on your Blazer, and I'm just reaching back out because we had some better pricing options open up since the last spoke to you. Caller: I just quickly wanted to verify some details with you. Is everything still running good? Agent: Oh, [curious] the Blaz",my is on a from we with you on your and i am just out because we had some up since the to you i just to some with you is still the the is it that is it is it is still i a myself these what is this about now i can i can that for you with my here so you no and no still no no not that i have and no it is it is been you for an so what is the with the then i will this very for you i am my off of the wi,Normal,Normal
82,Fraud,"Agent: Hello? Caller: Hello. Hi, [NAME]. Agent: Hey, [curious] who's this? Caller: Hi, [NAME]. This is [NAME] with [ORG]. Caller: All calls are recorded for quality assurance. How can I help you? Agent: Okay. [confused] Um, what's that? Oh, [NAME], [nervous] hey. Um, I was calling because I got this, like, really weird letter in the mail? And it was super confusing, so I just wanted to, like, figu",who is this this is with all are for how can i you what is that i was because i this in the and it was so i just to out what it was about what does it on the it is about it about my and that i have this this that is been and i do not even what that my what does that even us a my no and can we a at your what is for you my so what does that what do you nothing we just a at your what are you for are ,Fraud,Fraud
83,Normal,"Agent: Hello? Caller: Hello? Agent: [calm] Hello? Yes, this is [NAME]. Who's calling, please? Caller: Hello? My name is [NAME]. Agent: [NAME], [calm] yes. And what can I help you with, dear? Caller: Um, I just got some information from [ORG]. They let me know that you're looking for senior housing? Agent: Oh, [surprised] senior housing? Goodness, yes, I suppose I did fill out something about that.",this is who is my is and what can i you with i just some from they me that you are for i i did out about that what of did you i have very i would they do not even have a for they do not have in they they do not have a of here and what of are you about is this you for or i i am not to now you did they i was that is why they me your i i must have my he to all that he a now so what of are you about i,Normal,Normal
84,Fraud,"Agent: Hello? Caller: Hello. This is [NAME], [ORG]'s virtual assistant, following up on your interest in our debt program. This call is recorded for quality assurance. Am I speaking with [NAME]? Caller: Hi. This is [NAME], [ORG] virtual assistant. I'm following up on your interest in our debt program, and this call is recorded for quality assurance. Am I speaking with [NAME]? Agent: [confused] Oh,",this is up on your in our this is for am i with this is i am up on your in our and this is for am i with this is i do not i do not up for that what is this about this is you i do not up for that what was it about again for you may have out a or about with or and their through if you would i can a few to if you might and your does that a i out so many these you my is not what it to be my he all the,Fraud,Normal
85,Normal,"Agent: Hello? Caller: Hey, [NAME]. I'm [NAME] from [ORG]. Caller: I wanted to confirm, did you just fill out a form on our website for [ORG] information? Agent: Oh, [ORG], [curious] is that about my insurance? Oh, [surprised] a form? Goodness, I do fill out so many things. [curious] Which one was that again? Caller: No problem at all. It looks like you were on the [ORG] website recently, maybe che",i am from i to did you just out a on our for is that about my a i do out so many which one was that again no at all it you were on the or the was for you with a that a the i i do on the to all that you so what does this with an for that with a they can your and and in your you me to you that it could be i i am a by all this so what of can they a can with and you are about me to you and you and thi,Normal,Normal
86,Normal,"Agent: Hello? Caller: Hi. Good afternoon. Can I speak to [NAME], please? Agent: Oh, [calm] this is [NAME]. Who's calling, dear? Caller: Hello? Oh, hi. This is [NAME] with [ORG] on a recorded line. I'm sorry. I didn't hear you, by the way. Um, I'm just following up on your request regarding [ORG]. What I'd like to do is get you over to a licensed sales agent so they can review your available covera",can i to this is who is this is with on a i am i did not you by the i am just up on your what i would to do is you over to a so they can your now before i do that do you have your i out about that so what of are we about here my i i i have it around here you what was this about i so many of all as as the do you have your i do not any if you have it and if you do not that is it is not it is not a b,Normal,Fraud
87,Fraud,"Agent: Hello? Caller: Hello? Agent: Hello, yes. [curious] Who is this, please? Caller: Am I speaking with [NAME]? Agent: Yes, this is [NAME]. [curious] How can I help you? Caller: I am calling for [ORG] following up on an inquiry that you placed for assistance with your debts. Caller: I just wanted to discuss with you the options that we have available for us to help you. Caller: Is this a good ti",who is this am i with this is how can i you i am for up on an that you for with your i just to with you the that we have for us to you is this a for us to do it the i what is it about the i i i did that what can you me the i i have a few now what what can you me i would to over a of with you in for me to your your as with you i can how to you and from there the that we have in this what of do you ,Fraud,Normal
88,Normal,"Agent: Hello? Caller: Hello. This is [NAME], a representative with [ORG] on our recorded line. We received a request for a business insurance quote. Did you submit that request? Agent: Oh, [curious] a business insurance quote, you say? Yeah, that's right, I did. What can I do for ya, [NAME]? Caller: So I just have a few questions that we had to go over with our questionnaire. Agent: Right, the que",this is a with on our we a for a did you that a you that is i did what can i do for so i just have a few that we had to over with our the no and then we will if we can you with one of our no at all and i have your and and then i have that as that is it you it that is me that is and the too and what is the what is your the it to be you the i for it but now i am so it is more i of a for an so what w,Normal,Normal
89,Fraud,"Agent: Hello? Caller: Hello? Agent: [calm] Hello? Yes, this is [NAME]. Who's calling, please? Caller: Hi. Oh, I'm sorry. It it didn't sound Hi, [NAME]. My name is [NAME]. I'm with the [ORG]. Agent: [calm] Oh, [ORG]. Okay. [curious] And what can I do for you today, [NAME]? Caller: I'm calling you, uh, based because of your send a request on my website about reverse mortgages. Agent: [confused] Oh, ",this is who is i am it it did not my is i am with the and what can i do for you i am you because of your a on my about i did i do not i do not that you are you you have the i do not i i it is just just i do not it that is some i you are you are or i was i was at the you what of was it it is i i might have you to out all of and i just where he me what was the about about how much you would for you ,Normal,Normal
90,Normal,"Agent: Hello? Caller: Hello, [NAME]. Agent: [curious] Yes, that's me. Who's calling, dear? Caller: Hi. This is [NAME]. You scheduled an appointment about annuities on my calendar? Agent: Oh, the annuities... [confused] Yes, I think I did something like that, you know. [curious] What was that about again? Caller: Um, well, you schedule an appointment on my calendar, and I will tell you what it says",that is me who is this is you an about on my the i i did that you what was that about again you an on my and i will you what it me a all i will my is not what it to be you he to all the he was so with it is he was so with all that i him so you and it is just me now so i am to you do it all myself now what does that for i am not with all these you these that is what you are i that a that how does t,Normal,Normal
91,Fraud,"Agent: Hello? Caller: Can you still hear me? Agent: Yeah, [curious] I'm here. What's up? Caller: I'm sorry? Agent: Yeah, [confused] I'm here. I said, ""What's up?"" Who's this? Caller: This is [NAME] at [ORG]. Caller: We were just on the phone together. Agent: Okay, [NAME]. [curious] What's [ORG]? Oh, [confused] right. Yeah, [ORG]. What was this about again? Caller: I'm really confused. We were just",can you still me i am here what is up i am i am here i what is up who is this this is at we were just on the what is what was this about again i am we were just to you about you on with your is this a the no no it is i just i a of you what were we i i i am we or did you up no i am no no i did not up i do not it just it out my you i am on the a so what do i do about these and i do not at what we of,Fraud,Normal
92,Fraud,"Agent: Hello? Caller: Hi, [NAME]. It's [NAME] with [ORG]. I'm just checking in to see if you got the email with the [ORG]. Agent: Oh, [confused] the email? With the [ORG]? Um, I don't think I— I don't think I saw that. What's it about? Caller: Invoice. Mhmm. Agent: Oh, [uncertain] the invoice. Yeah, I think so. I—I mean, I get a lot of emails, so... [nervous] What's this about? Caller: I know. Tha",it is with i am just in to if you the with the the with the i do not i i do not i that what is it about the i so i i i a of so what is this about i that is what that is so that we can do your and up your for you i just i a of with so i do not which one you my what do you from me for that so is if you can because i to your but it it was not through and you you had so as as you it then we can the yo,Fraud,Fraud
93,Normal,"Agent: Hello? Caller: Hi. This is [NAME] with [ORG] and [ORG]. On behalf of [ORG]. This is [NAME]. Agent: Yes, this is [NAME]. [curious] And you said you're with who now? Caller: I'm calling on behalf of [ORG] by [ORG] on a monitored and recorded line. I'm responding to the life insurance request submitted. I just needed to verify that information so you can see what you qualify for. Um, I have yo",this is with and on of this is this is and you you are with who now i am on of by on a and i am to the i just to that so you can what you for i have your here as and your of as that is i did i i did that a while so what of do you just your your how much you or if you just to if you have in the past had or your and your and one more i can not now i i was just for you my he to all that but he a so i,Normal,Normal
94,Fraud,"Agent: Hello? Caller: Hello, [NAME]? Agent: Yeah, [curious] who's this? Caller: Hello? Yeah. I'm so sorry. We got disconnected. So, uh, thank you very much for, um, answering the call again. I'm still checking on it. Please bear with Caller: me. Okay? Agent: Oh, [confused] okay. Oh, okay. Um, [uncertain] what was this about again? Caller: Yeah. This is for your title loan, ma'am. I'm the one who's",who is this i am so we so you very much for the again i am still on it with me what was this about again this is for your i am the one who is you the i was what with that we just we just so that is the why i you again i am i just to i just to you that i am still on it so what is on so you are still on it what are you the of the the of the is with it do you to what do you to what is the of your or ,Fraud,Normal
95,Normal,"Agent: Hello? Caller: Hello. Good day. My name is [NAME]. I'm calling on a response to an online search for Senior Living. Is [NAME] available? Hello? Caller: I'm not getting a response from the other line Can you hear me? Agent: [confused] Oh, yes, this is [NAME]. Senior Living? I don't — I don't recall filling out anything like that, dear. [curious] Who did you say you were with again? [confused",my is i am on a to an for is i am not a from the other can you me this is i do not i do not out that who did you you were with again i can you this is i am i just had a my now what was that about before we any further for we are on a for this and and we a that can and this is a as i am to if you are for or a you my i had a for so what is this about i i might be my he a of and i have been i have be,Normal,Normal
96,Fraud,"Agent: Hello? Caller: Good afternoon. [NAME] with [ORG] on a recorded line, and thank you for your patience. Agent: Oh, of course. [calm] Thank you for calling me back. Caller: So we were just talking about moving on to Yep. And before I can have a conversation about what's in your profile, I need to get some additional information. Caller: So, later, will you please provide me with your current s",with on a and you for your of you for me so we were just about on to and before i can have a about what is in your i to some so will you me with your what of do you my it is that was no it is you and can you the of the i can you that again i you you are and with your you with your about how much do you me i about and with your are you do you do you i a and how much is that it is one you the of we ,Fraud,Fraud
97,Normal,"Agent: Hello? Caller: Hello. Agent: [calm] Hello there. Who's calling, please? Caller: Uh, may I speak to miss [NAME]? Agent: [calm] Oh, yes, that's me. [curious] What can I do for you, dear? Caller: How you doing? How are you doing, miss [NAME]? My name is [NAME]. I'm with [ORG]. You had applied on my reverse mortgage site. And I was just ma'am, assuming it was you that put it in. Um, I guess you",there who is may i to that is me what can i do for you how you doing how are you doing my is i am with you had on my and i was just it was you that it in i you about my was and it has your i your your your and and i just to it was not as because i a of and i just to up with you but it is it your is but then the now you i do not out that but i do in my you he all the what was that again that are yo,Normal,Normal
98,Fraud,"Agent: Hello? Caller: Hello, [NAME]? Agent: Yeah, [uncertain] this is [NAME]. Caller: [NAME]? Agent: [NAME]? [confused] Um, no, my name's [NAME]. Caller: Yeah. This is [NAME]. Yes. Agent: Oh, [nervous] okay. Um, what's this about? Caller: Nah. The home warranty, I'm now I was just waiting on the line two minutes ago. Agent: Oh, [uncertain] the home warranty, yeah. Um, okay. What about it? Caller: ",this is no my this is what is this about the i am now i was just on the the what about it you you a did you the the i do not i have them no because i you we are up and you are be the to the and then we are the the i was but then i you what is what is on with it your was not through so you me you are the to what is on with the and then to a to the my is it still not did you the to if it is or no no,Fraud,Fraud
99,Normal,"Agent: Hello? Caller: Oh, hello, [NAME]. It's [NAME], [ORG]. Caller: Alright. Well, I didn't have much luck with with the title records either. So, um, do you know? And it's not unusual for, um, it's not uncommon for a tax address to be different from the mailing address. So it's a viable it is a mailing address. It's a viable mailing address, but it's not showing up on the tax records. Do you kno",it is i did not have much with with the either so do you and it is not for it is not for a to be from the so it is a it is a it is a but it is not up on the do you if do you have a is it in a or an a of when he did that for you could that be it and what was this about again my is not what it to be the did all that you a i am not what of when we at i it up under the i it up under it the on it is it,Normal,Normal
100,Normal,"Agent: Hello? Caller: Hello? Agent: [confused] Hello? Is someone there? I just picked up the phone. Caller: Hi. This is [NAME] from [ORG]. Is this [NAME]? Agent: Oh, [confused] [ORG]? I'm [NAME], yes. [curious] What can I help you with, dear? I don't think I have an account with you folks. Caller: Okay. Caller: You don't. I got a mortgage inquiry from you, and it looks like the property is in Flor",is there i just up the this is from is this i am what can i you with i do not i have an with you you do not i a from you and it the is in we are in so just up on it i a you to a i do not that my he all that of before he where did you this from it in on our so it you for a on our and so it was to me to you a no could be to be and do it under your on the i i must have you my is not what it to be wha,Normal,Normal
101,Fraud,"Agent: Hello? Caller: Hello? Caller: Edna, are you a bot? Agent: Hello, [confused] who is this? [confused] A what now? I'm sorry, dear, I don't follow. Is this about my, um, my Medicare? Caller: A box. Agent: A box? No, [confused] I'm not a box. I'm Edna. Who is this, please? Caller: A BO team. A bot. Caller: A bot to BOC. Agent: [confused] A bot? Goodness, no. [confused] Oh, a bot. Goodness no, d",are you a who is this a what now i am i do not is this about my my a a no i am not a i am who is this a a a to a no a no i am just my he is on about those who did you this was again no my is he up in your my he is a but no he is not on the with me now did you him from i am i am is that you you on the a what a are you from how are your they are not too not too that is a what is on is not too what i,Normal,Normal
102,Normal,"Agent: Hello? Caller: This is [ORG]. We're calling about your insurance quote request. Please stay on the line, and we'll connect you with Caller: representative now. This call may be monitored or recorded. Agent: Oh, [surprised] bless it! Oh, [curious] okay. Um, yeah, I did — I did that online, I think. Caller: Thank you for holding. This is [NAME] with [ORG]. I was giving you a call regarding a ",this is we are about your on the and we will you with now this may be or it i did i did that i you for this is with i was you a a that you had i i did a just you my is just it do you have a few to your the the for what now i did a few of those i am what was the for i out a of those you to some no the only i would be doing is a few and then i will you with an am i with the for i i did a few so i am,Normal,Normal
103,Normal,"Agent: Hello? Caller: Hi. Good afternoon. This is [NAME] calling from [ORG]. How are you this afternoon? Agent: Oh, um, [calm] I'm doing all right, dear. Just enjoying the, you know, the sunshine here in Sarasota. [curious] What can I do for you? Caller: We had, um, talked to the owners about the home on [ADDRESS] for window replacements. And weren't able to confirm the appointment that was set up",this is from how are you this i am doing all just the you the here in what can i do for you we had to the about the on for and were not to the that was up and i just to if we can you to out and a done the am i with or is this a the that is me i am not an just me now what was that about we have we had an for and no one we were not to you to do we the before they a on they also a on and when they wh,Normal,Normal
104,Normal,"Agent: Hello? Caller: Hi, miss [NAME]. Agent: [confused] Miss... who now? [curious] Who is this, dear? Caller: This is [NAME] with [ORG]. We were just talking yesterday about your [ORG]. Agent: Oh, [nostalgic] [ORG]. Yes, [NAME] used to handle all that, you know. [curious] And what about my [ORG] were we talking about, dear? I get so many calls. Caller: Yes. So we were trying to pull up your [ORG]",who now who is this this is with we were just about your to all that you and what about my were we about i so many so we were to up your and if you are for the you in for but we were not to your i you the to to did you a of them the i do not i do not about that but i it is my is not what it to be and you you could not my we your and were not to up that it was about the same i i did not a to you i ,Normal,Normal
105,Normal,"Agent: Hello? Caller: Hello. This is [NAME]. I'm following up on on behalf of [ORG]. Agent: Okay, [curious] um, what's this about? Caller: On a recorded line. We received a a request for a business insurance quote. Did you submit this request? Agent: Oh, um, [uncertain] a business insurance quote? Yeah, I think so? Caller: Hello? Agent: Yeah, [uncertain] sorry. I think I did, yeah. Caller: Yes. Ok",this is i am up on on of what is this about on a we a a for a did you this a i so i i did is this is is this a to with you what was it for again i so what is this about i my is and i am up on on of i am on a we a for a my my are in is that what this is i i did that did you this that is i i did a while what what of was it for do you it for i am your is is up i did not you can you me now i was just ,Fraud,Fraud
106,Normal,"Agent: Hello? Caller: Hi. This is [NAME] over at [ORG]. Is this [NAME]? Agent: Yes, [calm] this is [NAME]. What can I do for you, [NAME]? Caller: Uh, you just you were on my website and you were looking an insurance quote. So I was calling to touch base. Agent: Oh, [confused] my website? I don't recall... I mean, [uncertain] I don't really do much on the computer myself. Are you sure you have the ",this is over at is this this is what can i do for you you just you were on my and you were an so i was to my i do not i i do not do much on the myself are you you have the i have and i just this it you on that is that is my he you a he was on the in that is that is my i do not in but what of were you about this one is so was on at a with your is for a or for an and a an and a you to all that but h,Normal,Normal
107,Normal,"Agent: Hello? Caller: Hello, [NAME]? Agent: Yes, this is [NAME]. [curious] Who's calling, please? Caller: Hi. This this is [NAME] from [ORG], the home protection company. How are you doing? Agent: Oh, [calm] [NAME]. Well, I'm doing just fine, dear. And you? [curious] [ORG], you say? What's this about? Caller: Yes. You show interest on the website. They have a window that so I'm calling you with th",this is who is this this is from the how are you doing i am doing just and you you what is this about you on the they have a that so i am you with the and the is this the the i i i might have at that you to all the what of are we about the the most in the all the and all the as all the and that that my has been a you and this what does that so we are and the and off the and we are and and my that ,Normal,Normal
108,Fraud,"Agent: Hello? Caller: Hello. Can I speak to [NAME], [NAME] come? Agent: Yes, [curious] this is [NAME]. Who's calling, please? Caller: Yeah. No. My name is [NAME]. I'm calling from [ORG] on a recorded line for quality security. We're following up an inquiry that was started online. I wanna see if you have time to discuss that now or there's a better time later for you. Agent: Oh, [confused] an inqu",can i to this is who is no my is i am from on a for we are up an that was i if you have to that now or there is a for you an i do not what of was this was it any to a or any of you might be to with to all that you he a of what did i about it does not me any it also if though was and then not is what it so do you doing were you to to some with and then just doing it or because it is be more i just ,Fraud,Fraud
109,Normal,"Agent: Hello? Caller: Hi, [NAME]. This is [NAME] with [ORG]. I'm reaching out about a request for long term care insurance Caller: quotes that we received. Is that something you're still looking into? Agent: Oh, okay. [curious] Long-term care, huh? [confused] Long-term care? Oh, right, yeah, I think I... I might've filled something out online, you know, a while back. [curious] What's this about ex",this is with i am out about a for that we is that you are still into i i i might have out you a while what is this about so we are i am with i am with and so we with all the that that for you the so i am just to if you were still some if you are you is just to what your are and through some so i can which and might be a and i can for you from there i i so i am just you i am on the all here how doe,Normal,Normal
110,Normal,"Agent: Hello? Caller: Hello. This is [NAME] calling from [ORG]. May I please speak with miss [NAME]? Agent: Oh, [calm] yes, this is [NAME]. [curious] What can I do for you, dear? Caller: Hello, ma'am. I hope you're doing well. By the way, to ensure quality, sir, service, this call is being recorded and may be monitored. We are calling you today because you inquired on our website that you wish to ",this is from may i with this is what can i do for you i you are doing by the to this is being and may be we are you because you on our that you to with a of for a is this a a i do not out for that are you you have the i will just of that if you are not for a you so much for your and i you have a i might have you out my he to all those of for me before he what of were you about i just to are you to,Normal,Normal
111,Fraud,"Agent: Hello? Caller: Hello. This is [NAME] calling from [ORG]. May I speak with [NAME]? Agent: [NAME]? [confused] Uh, there is no [NAME] here. You have the wrong number, I think. This is [NAME]. Caller: Oh, yes, sir. [NAME]. Correct? Agent: Yes, [curious] that is me. [NAME]. Caller: Alright, sir. And thank you so much for picking up the call. Um, so we have given a application and for [ORG], and ",this is from may i with there is no here you have the i this is that is me and you so much for up the so we have a and for and we are to with the your so do you about the i i was into it what about it so just so you is one of the in the and it is a with a we are to you your as and as as we with in and the on what of is me so you can with that is the one that me you i have a few of them we with so ,Fraud,Normal
112,Fraud,"Agent: Hello? Caller: Hi, [NAME]. Agent: Yeah, [curious] who's this? Caller: Hey, [NAME]. [NAME] here at [ORG], uh, on a monitored and recorded line for quality assurance. Caller: Alright. Let's try it one more time here. Agent: Okay. [curious] What's this about, [NAME]? Okay. [confused] [ORG]? What's this about, [NAME]? Caller: So I'm gonna go ahead I'm gonna go ahead What's that? Agent: [confuse",who is this here at on a and for us it one more here what is this about what is this about so i am i am what is that what is this about it is about the that we were about just i i do not if i have for this now what is what is on is there a then no no it is i just i am on the all you what do you us just us just it done i am you the and on your here we what i am not near a or in to your you to to yo,Fraud,Fraud
113,Fraud,"Agent: Hello? Caller: Hello. Am I speaking with [NAME] with [ORG]? Agent: Yes, this is [NAME]. [curious] Who is this, please? Caller: Hi, [NAME]. My name is [NAME]. I'm a licensed mortgage professional with [ORG] on a recorded line. Agent: Oh, [calm] okay. And what can I do for you, [NAME]? Caller: And I am calling you regarding your reverse mortgage inquiry. Agent: My reverse mortgage inquiry? [c",am i with with this is who is this my is i am a with on a and what can i do for you and i am you your my i do not when did i do that our had you and you were to me so that this about a i i might have but i just do not to all that you they did i so many you what was it about again this i do to so many you about all of what was it about a my is not what it to be now what was the of the again it is i,Fraud,Normal
114,Fraud,"Agent: Hello? Caller: Hello? Agent: Hello, dear? [confused] Who is this? Caller: Hello. This is [NAME] calling from [ORG] on a recorded line. Caller: I was looking for [NAME]. Agent: Oh, [confused] [ORG]? Oh, [confused] [NAME], you mean. That's me. [curious] What can I do for you, [NAME]? Caller: Hi, miss [NAME]. Well, we have received an application onto our website. Are you looking any kind of a",who is this this is from on a i was for you that is me what can i do for you we have an onto our are you any of with your an i do not one out but my he to all that he was so with what of are you about this was on the even on i do not if it was with you or with your that was with and you over with a but this is a is that a that you were for at that i do not i do not i a are you that was me or i wha,Fraud,Normal
115,Normal,"Agent: Hello? Caller: From [ORG]. I'm just calling to see if you're still needing a quote. Agent: Oh, a quote. [confused] For what, exactly? Caller: Insurance. Agent: Right, insurance. [uncertain] Well, I suppose so, yes. What kind of insurance are we talking about? Caller: Um, auto insurance? Agent: Auto insurance. [calm] Okay. Well, I'm always open to, you know, seeing if I can save a little mon",from i am just to if you are still a a for what i so what of are we about i am to you if i can a what do you from me so i would you over to one of our and they would be the to they would so i would be to so you would me then can not we just do it now i have a i can you to a now that so what is the this is with how are you i am doing you just to what this is all about so you in to a you are for a i,Normal,Normal
116,Fraud,"Agent: Hello? Caller: Hi, [NAME]. This is [NAME] with [ORG]. I was responding to an inquiry you sent today. Caller: About a reverse mortgage. Agent: Oh, [confused] an inquiry? I, um, I don't recall sending anything in today, dear. Oh, [curious] a reverse mortgage, you say? Mm-hmm. [confused] I don't quite recall sending anything in today, but go on. What was it about? Caller: Hello? Uh-huh. Agent:",this is with i was to an you about a an i i do not in a you i do not in but on what was it about i am here i just i do not what of was that again no i have your and my and i i might have you out what was the about did you i i i could have you out to all that so what about a i i am not how to that did you have about it that i can for you it you have a of about and a of a and so you are to your that,Fraud,Normal
117,Normal,"Agent: Hello? Caller: Yes. Greg? Agent: Yeah, this is Greg. [curious] Who's this? Caller: Greg? Yeah. My name is Alan Meyer. I'm with the Pilot Insurance Caller: Center. How are you doing today? Agent: Okay. [confused] Pilot Insurance? Pilot Insurance. [confused] Okay. I'm good, uh... what's this about? Caller: Yeah. Yes. Are you looking for life and insurance or life insurance as a as a, uh, eith",this is who is this my is i am with the how are you doing i am what is this about are you for and or as a as a either a or about to be in i i your may have been through a and just to up with you to if i could be of with the i i am i am a so i am for you what are you we have been we have over the one whether it is whether you are a or beyond so i i we could be of of are are you a are you a are you ,Fraud,Fraud
118,Fraud,"Agent: Hello? Caller: Hi. This is [ORG] Caller: following up with your request. One moment. Agent: Oh, okay. [curious] And what can I do for y'all today? Okay. [curious] My request for what now? Caller: Hi. Good day. This is [ORG]. Agent: Okay. [confused] And, um, what's this in reference to? Caller: Were you looking for help with a tax issue? Agent: Oh, [confused] a tax issue? Um, I don't remembe",this is up with your one and what can i do for my for what now this is and what is this in to were you for with a a i do not but i i am for with for what what of are we about so here at we who are in with the for at or more or more i i i some so what do i to do or if you have of or more as that about i i am a so i i a and are just a for me so you with that we do you with that as i we do who are in,Fraud,Normal
119,Fraud,"Agent: Hello? Caller: Hello? Agent: Yeah, hey. [curious] What's this about? I'm kinda in the middle of something here. Caller: Hey, [NAME]. This is regarding an inquiry for debt consolidation of ours at [ORG]. My name is [NAME], by the way. This is a phone number for [NAME]. Agent: [confused] [NAME], yeah, that's me. [NAME]? No, it's [NAME]. Um, debt consolidation, huh? [curious] What about it? Ca",what is this about i am in the of here this is an for of ours at my is by the this is a for that is me no it is what about it so what is the what do you from me i we are a and for it i am just to do a up on that if you had some that we can about it or still on that the i i into some but i do not if i through with the the i i am in you what is the i could not you that now because we to the to a wha,Fraud,Fraud
120,Normal,"Agent: Hello? Caller: Hi. This is [NAME] with [ORG] Agent: Oh, [curious] [ORG]? Alright. What can I do for you, [NAME]? Caller: com on a recorded line. Is this [NAME]? Agent: Yes, [calm] this is [NAME]. Caller: Hello? Am I speaking with [NAME]? Oh, right. Caller: Oh, hi, [NAME]. Great. Here at [ORG]. We want to help you save money by checking out new home insurance policy options Caller: Is this a",this is with what can i do for you on a is this this is am i with here at we to you by out is this a to this is i i am to a i so what is this what is this about here at we to you by out i my you may i who are you with i am with now you are with now may i have your that is my it is you i that you are a is that a that is a you and are either you or your an or an of the us no neither of us are i have,Normal,Normal
121,Fraud,"Agent: Hello? Caller: Hi. This is [NAME] on a recorded line with [NAME]. Agent: [confused] [NAME]? Ah, no, [calm] this is [NAME]. You've got the wrong first name there, love. Caller: Oh, I think I just pronounced it wrong. I'm so sorry. How do you pronounce that one more time? Agent: [calm] It's ""Deck-lin."" [NAME]. Like the [NAME], you know? No bother, [chuckling] it happens all the time. What can",this is on a with no this is you have the there i i just it i am so how do you that one more it is the you no it all the what can i do for you had for some so that is why i am out what were you for is it i was i was into what of are we about now there is so many these you we are a so it on on what you are for so what are you for that is my to you i am now you and i am just to you in i i was i was ,Fraud,Fraud
122,Normal,"Agent: Hello? Caller: Hello, [ORG]. This is [NAME] at [ORG]. Agent: Oh, hello. [curious] And what can I do for you today, dear? Caller: How are you today? Oh, hello. Agent: I'm doing all right, dear. [calm] Just watching a little TV. So, [curious] what can I do for you, [NAME]? Caller: Yeah. It's [NAME]. Um, um, that there's a something did that you've filled out online. That was requesting inform",this is at and what can i do for you how are you i am doing all just a so what can i do for you it is that there is a did that you have out that was or a on on when you are and and and it was it is is who you out to and i with him i you are and there is a of out to you but i am he you the a i do not i i am you so what of was it for a i do not do much with the myself you my me with all that is that,Normal,Normal
123,Fraud,"Agent: Hello? Caller: This is [NAME]. Agent: [NAME]. [curious] And what's this about, [NAME]? Caller: We were just talking. Caller: Going to the application for your health insurance, and you hung up. Agent: Oh, [confused] were we? Oh, [confused] the — the health insurance application. I'm sorry, I didn't — I didn't mean to hang up. I must've, uh, pressed the wrong button. [nervous] My apologies. ",this is and what is this about we were just to the for your and you up were we the the i am i did not i did not to up i the my so the of the we can it over to you would be the of what would you or the of i a would be do i just you the now so i the of on i do not it with these when we the to you when we that they will the i so you are not it but it will be you when i it so what do you from me for t,Fraud,Normal
124,Normal,"Agent: Hello? Caller: Hello there. Am I speaking with [NAME]? Agent: Yes, [calm] this is [NAME]. Caller: Okay, [NAME]. Are you still looking for your health insurance? We're following up with you. Agent: Oh, [curious] my health insurance, you say? Well, I suppose I am always looking for the best options, you know. What — uh — what is this about? Caller: So we're just following up with you on a onl",there am i with this is are you still for your we are up with you my you i i am for the you what what is this about so we are just up with you on a you in an i must have an i i do that what was it about you just it the of so what what is the up about did you a i i so a would be would be before we i do to you the may be for and i have you in that is i that is i am in and a is i no so what do you fr,Normal,Normal
125,Fraud,"Agent: Hello? Caller: Hello? Agent: Yes, hello. [curious] Who's this? Caller: Yes. Hello? Hello? Agent: Hello? [curious] Can you hear me? Caller: Hello? Agent: Yes, I can hear you. [curious] Who am I speaking with? Caller: Yes. Caller: Who am I speaking with? Agent: Okay. [curious] And who is this, please? This is [NAME]. [NAME]. [curious] And you are? Caller: This is [NAME]. Agent: [NAME], alrigh",who is this can you me i can you who am i with who am i with and who is this this is and you are this is and what can i do for you i did not my is i am i must have you what was your again must have you what was your what did you do what did i do i i i to a with my what did i do i i do not how that is to this what is this what did you do i i to the i and then i did some why do you what did you to t,Fraud,Fraud
126,Normal,"Agent: Hello? Caller: Miss [NAME], Agent: [confused] [NAME]? Oh, that's not me, dear. My name is [NAME]. But what can I help you with? Caller: Hello. This is [NAME] calling you back. Agent: Oh, [confused] [NAME]? I don't think I've spoken to a [NAME] before, dear. Did I call you? Caller: That's not you? Agent: Well, no, dear, my name is [NAME]. [curious] Are you sure you have the right number? Cal",that is not me my is but what can i you with this is you i do not i have to a before did i you that is not you no my is are you you have the i do what are you about i do not this is about the the the for your the i do not for an what of the i i i did out a while you what of was it again the he that what about it is there a what is your the one could not a on it what is your the my what of are you ,Normal,Normal
127,Normal,"Agent: Hello? Caller: Proceeded to [NAME], please. Agent: Yes, [calm] this is [NAME]. Caller: Yeah. [NAME], this is [NAME]. You had entered some information onto our website Agent: Oh, [curious] okay. Caller: about getting some information on some illness coverage, like the heart attack, stroke, cancer stuff. Remember that? Agent: Oh, [curious] the illness coverage, yeah. I think I was, um, lookin",to this is this is you had some onto our about some on some the that the i i was into some for my what were you to what were you for you just i just what is out there what what of do you have for me so are you are you for for her no we have this was i it was more you for it is we are so there is you will so it on what you are for but there we have that are for for we have for we have if you had a ,Normal,Normal
128,Normal,"Agent: Hello? Caller: Good morning. My name is [NAME]. I'm calling from [ORG] on a recorded line in regards to an Internet request we received from you. Is now a good time to talk? Agent: Oh, [curious] an internet request? Hmm, I suppose so. What was it about again? Caller: From [ORG]? Caller: [ORG]. Agent: Oh, [ORG]. [confused] Right. [ORG]... [confused] Now, what was that exactly? I get so many ",my is i am from on a in to an we from you is now a to an i so what was it about again from now what was that i so many you i to all that are you to i i might be the you what of are we about i am not we just a with is that you that is me so a for i do not that out myself did it what i was in i i am not no it just you your in your and your that is all i it will what are you in we do more than so do ,Normal,Normal
129,Normal,"Agent: Hello? Caller: Hello. Good morning. My name is [NAME], and I'm calling response to an online search for Senior Living. Is [NAME] with [ORG] available? Agent: Oh, [confused] [NAME] with who now? I'm [NAME], if that's what you mean. [NAME]. Caller: Hello? Hello, [NAME]. Before we go any further, for quality assurance, we are on a recorded line. For this and future calls, and we a phone system",my is and i am to an for is with with who now i am if that is what you before we any further for we are on a for this and and we a that can we our for your and we a here that is for a or is this for yourself or is this for a one i it could be i did at some the other you just an i did not out any myself you my he does on the for me did it who it was for on a me a it is here that it is for yourself ,Normal,Normal
130,Normal,"Agent: Hello? Caller: Hi, miss [NAME]. This is [NAME] calling on a recorded line from [ORG]. And it looks like you submitted your information online for protecting your home on [ADDRESS] with a home warranty. And we're covering all major systems and appliances, and I could get you more information on how that works. Okay? Agent: Oh, [confused] [NAME]? No, this is [NAME]. But, um, I did, I did fill",this is on a from and it you your for your on with a and we are all and and i could you more on how that no this is but i did i did out that i what was the of your again i i about that so what does that my my just up you we all and and the will be under under our even if it is you a because it is been doing that for a few now and this is a or just a it will be a or on the but i could you some more,Normal,Normal
131,Normal,"Agent: Hello? Caller: Hello, mister [NAME]? Agent: Uh, yeah, [curious] that's me. Who's this? Caller: Mister [NAME]? Agent: Yeah, this is [NAME]. [confused] Who's this? Caller: Come again? Caller: My name is my name is [NAME] from [ORG]. Caller: Are you still looking for insurance, sir? Agent: [confused] Who is this? [ORG]? [confused] Oh, okay. What's up? Oh, [ORG]. [confused] Yeah, I mean, I gues",that is me who is this this is who is this again my is my is from are you still for who is this what is up i i so what is up no here it i do not you did with our one of our your was not up i so what about her my that is it should be there what what do you it for i do not that is why i am just you if you your or not if she was to you or to another just me if you were to your so you are my is not th,Normal,Fraud
132,Normal,"Caller: Copy from this. Here, turn on this row though. We're not on this on the main. Yeah. Agent: Hello? Who are you calling about? I'm Caller: Yes. [NAME]? Hello. Agent: Yeah, this is [NAME]. What's this about? Agent: Oh, yeah, I did look into that. So, what Caller: Opposite now. Well, this is [ORG]. You had gone online and you asked them for information and we have an address of [ADDRESS], just",from this here on this though we are not on this on the who are you about i am this is what is this about i did into that so what now this is you had and you them for and we have an of just your for what of and i would have is that your is that your the in that is what are you we do and also was this for yourself or you have in the as it is just me so what does that what it is in other if you are ,Normal,Normal
133,Fraud,"Agent: Hello? Caller: Hello. Good morning. Caller: Is this [NAME]? Agent: Good morning. [curious] Um, who's this, please? Yes, [calm] this is [NAME]. Caller: Hi. This is [NAME] with [ORG] on a recorded line. How are you doing this morning? Agent: Oh, [calm] good morning, [NAME]. I'm doing, uh, pretty well, thank you. How about yourself? Caller: Okay. Alright. Can I confirm you're calling in Califo",is this who is this this is this is with on a how are you doing this i am doing you how about yourself can i you are in no i am i am in you are it up here as i will i that now that i have that so here is what we will do i am you a few just to a more about your and over your with you so i could how to from there i will you a you through the and your and any you may have to you does that i so what o,Fraud,Normal
134,Normal,"Agent: Hello? Caller: Hello, sir. Good morning. My name is [NAME] from [ORG]. Uh, it's just your personal cruise consultant. Here, honestly. It's just I'm just introducing myself here. Uh, that way, in case you're looking for that [ORG] cruise, uh, I'm basically the guy who answer your questions uh, or try to help you book that next cruise and make sure you get all the perks and discounts. That yo",my is from it is just your here it is just i am just myself here that in you are for that i am the who your or to you that and you all the and that you for when it to that he was just on our there for a and i just to in with you and you that i am here to you when you me that is all unless you the with so you i am not a but what was this about a i do not being on any for a what was the of your agai,Normal,Normal
135,Normal,"Agent: Hello? Caller: Hello, [NAME]? Hi. This is, uh, [NAME]. You, uh, went my website, and actually requested some information about life insurance. I believe it was last night. How are you doing? Agent: Oh, [confused] [NAME]? Life insurance, you say? Mm-hmm, [uncertain] I think I might've done something like that. [curious] What kind of information were you looking for me to give? Caller: Hello?",this is you my and some about i it was how are you doing you i i might have done that what of were you for me to to you off you you you some me it was i you were just on my is the doing that is that what you to all that you i i might have at that what of did i for you you out a so we are not a we are an but you were on my i will you me a i will you when it was you this i you are in you i am in a m,Normal,Normal
136,Fraud,"Agent: Hello? Caller: This call is being recorded and used for quality control and analytical purposes. Agent: Okay. [curious] Who is this? Caller: Hi. This is [NAME] with [ORG]. Caller: Is this [NAME]? Agent: [ORG]? [curious] Yes, this is [NAME]. [curious] How can I help you, [NAME]? Caller: I was reaching out because you had inquired on our website about some options for a home purchase. I'm a b",this is being and for and who is this this is with is this this is how can i you i was out because you had on our about some for a i am a here with i will you my to with my is what was it you were about the i did i was just around you the the i was just into you what is out there what the are what of do you from me so to you and you what you for we over a about your and and from there i can you yo,Fraud,Normal
137,Fraud,"Agent: Hello? Caller: Uh, [NAME]? Agent: Yes, [curious] that's me. Who's calling, please? Caller: This is [NAME]. Agent: [NAME]. [confused] And what was this regarding, dear? I don't quite recall. Caller: Yes. Yes. My name is me. Agent: [NAME]. [confused] And what was this regarding, dear? Caller: This is this is regarding? Caller: Your request on our website. So I'm from [ORG], and I can see that",that is me who is this is and what was this i do not my is me and what was this this is this is your on our so i am from and i can that you with you are up a can you that again i do not up for that what of are we about what of are we about here my to all this you i can my to all that you but he is been for a of now so i am a out of i am he a so what does do either in is a by so some of the that we,Normal,Normal
138,Fraud,"Agent: Hello? Caller: Hi. Good morning. Agent: Hi, good morning. [uncertain] Um, who's this? Caller: Is [NAME] with [ORG] on a recorded line. I was looking for [NAME]. Agent: Oh, [uncertain] yeah, this is [NAME]. Caller: Hello? Hi. I have an inquiry here you filled out. Agent: Okay. [curious] Um, what kind of inquiry is it? Caller: You were looking for options to take care of debt? Agent: Oh, [unc",who is this is with on a i was for this is i have an here you out what of is it you were for to of the the what of are there i i would have to do a and what you and what all does that for it what you have how much and that is not a or i am you are up a and what do you from me for that so it is not a or no it is a so what do you from me for that i this to over your just to as and my so i have is th,Fraud,Fraud
139,Normal,"Agent: Hello? Caller: Hello? Yes. I'm so sorry about that, miss [NAME]. Okay. So, um, what what state is that car registered in? Agent: Um, [confused] sorry, who is this? Caller: This is the agent that you're just speaking with with the car insurance? Agent: Oh, right, [uncertain] okay. Um, it's registered here in Texas, you know. Caller: In Texas? Okay. So um, it is about VIN number is about seve",i am so about that so what what is that in who is this this is the that you are just with with the it is here in you in so it is about is about just the one that you me only has so i am it to you and me if i what did i i have as in as in as in as in one as in me i i i you the it is what it is me do you by have that so what do you the it is as in as in as in us that my is so what now and what is th,Normal,Normal
140,Normal,"Agent: Hello? Caller: Hello there. Am I speaking with [NAME]? Agent: Yes, [calm] this is [NAME]. Caller: Great, mister [NAME]. You were looking for health insurance online. That is correct? Agent: Oh, [confused] health insurance? Well, I mean, I suppose so, yeah. What's this about? Caller: Health insurance online in or in Oregon. It says you put in an application. Agent: Oh, [uncertain] right. Yes",there am i with this is you were for that is i i so what is this about in or in it you in an that is i was into some you what about it we are up with you and what do you from me for that on the it that you had a so the in your are you a i so you are one of the then just up with you on your what of are we about here you just me that you were for i was just you around what was in your that is for my,Normal,Normal
141,Normal,"Agent: Hello? Caller: Hello. This is [NAME], and you asked me to call you back. Do you remember? Agent: Oh, [confused] hello, [NAME]. I'm sorry, dear, I get so many calls. Um, [curious] what was this about again? Caller: Okay. I'm with [ORG]. And based on our records, it's shows that you may qualify for a state regulated final expense insurance plan. That's gonna cover one hundred percent of your ",this is and you me to you do you i am i so many what was this about again i am with and on our it is that you may for a that is one of your and are you the of and i am i am you a and i have been to into that so what does this have you been have you been with any or or even you up a what was that i have a of the you and some my a nothing too though does that a i i am still you i a so what does this,Normal,Normal
142,Normal,"Agent: Hello? Caller: Hello. Is this miss [NAME]? Agent: Yes, [calm] this is [NAME]. Who's calling, please? Caller: Yep. Caller: Well, my name is [NAME]. I just got a message from an email. You must have been on my website about [ORG]. You've put your email and your phone number on it. You wrote I am interested in [ORG] options. Please contact me. So I'm calling you back. Caller: You must have jus",is this this is who is my is i just a from an you must have been on my about you have your and your on it you i am in me so i am you you must have just done this the i i might have done that my he is me to into the i do not doing that you what of are you about i have a in are you in the near i you out the no i am been on for a while now in you i am past been there done that i just i do not out any,Normal,Normal
143,Fraud,"Agent: Hello? Caller: Hi. Is this [NAME]? Agent: Yes, [curious] this is [NAME]. Caller: This is [NAME] from [ORG] on a recorded line. Caller: Are you today? Agent: Oh, hey [NAME]. [confused] [ORG]... okay. Oh, hey [NAME]. [calm] I'm doing alright, just got off a long shift, you know? What can I do for ya? Caller: Yeah. Can I confirm you're in California? Agent: California? [confused] Oh, um, no, I",is this this is this is from on a are you i am doing just off a you what can i do for can i you are in no i am in and what is your can you your for me my it is and the and i was just to up on your for over your and what we may have for you how does that the that is i i did that a while have been so so what is what is the with that we to your and what is up on there can you your of my of it is we j,Fraud,Fraud
144,Normal,"Agent: Hello? Caller: Hi. Uh, is this [NAME]? Agent: Yes, this is [NAME]. [curious] Who's calling, please? Caller: Yeah. Hi. My my name is my name is [NAME]. You made an inquiry on on my website. Caller: Uh, I think on Sunday. Agent: Oh, [confused] an inquiry? What was that about, dear? Oh, [confused] an inquiry? Hmm. I don't quite recall doing that, dear. [curious] What kind of website was it? Ca",is this this is who is my my is my is you an on on my i on an what was that about an i do not doing that what of was it for a i do not that my is not what it to be you are you you have the no i i might have i to all the and since he it is all just so much what was on your and i just a from you they it was which was your is you are i am not what the was you have and i here no and your had no and yo,Normal,Normal
145,Fraud,"Agent: Hello? Caller: Hi. Good afternoon, miss [NAME]. Agent: Oh, [calm] good afternoon. Who is this, dear? Caller: Hi. This is [NAME] with the [ORG]. How are you, ma'am? Agent: Oh, [calm] I'm doing fine, thank you. [curious] And what was this about, the [ORG]? Is that, um, something about my computer? Caller: This is to resolve your text that Your five thousand dollar tax debt, your first payment",who is this this is with the how are you i am doing you and what was this about the is that about my this is to your that your your was the that i all that what was the the again and who did you you were with the and how are you with the i they were you is this a they are doing that is so the when we have we are you into a so that you are not in that because you are on so you are i would not have ,Fraud,Normal
146,Fraud,"Agent: Hello? Caller: Hello. This is [NAME] with [ORG]. Agent: Okay, [curious] and what's this regarding? Caller: Uh, we received your inquiry for a consultation. Agent: Oh, [confused] an inquiry? I don't recall... I mean, I'm not sure what inquiry that would be. Caller: That's the reason why we're calling you. Agent: Oh, [confused] an inquiry... okay. [uncertain] What kind of inquiry was this? Ca",this is with and what is this we your for a an i do not i i am not what that would be that is the why we are you an what of was this a what do i to do for that or the the and what do i to do for that when did you the for the the i it was the i it was and are you on of that because a under a will you to out all your those of i and can be under a all of it be how does that and so how does that it is,Fraud,Normal
147,Fraud,"Agent: Hello? Caller: Yes. Hi, [NAME]. This is [NAME] calling you from [ORG]. How are you doing today? Agent: Oh, [calm] hello there. I'm doing just fine, thank you. [curious] [ORG], you say? What can I do for you, dear? Caller: Yes. We received your form on our website that you're looking for a grant. Agent: Oh, [surprised] the form! Yes, I remember filling out something like that, you know, a wh",this is you from how are you doing there i am doing just you you what can i do for you we your on our that you are for a the i out that you a while what of was that for again for the i out that you what of was that for again you are for a or or now that is a i to all the you i it would be does that a so we can you to the and you with the we your to for it to the we are to you to and for the and yo,Normal,Normal
148,Fraud,"Agent: Hello? Caller: Hello. This is [NAME] with [ORG] on a line. Can I speak with [NAME]? Agent: Yes, this is [NAME]. [curious] How can I help you, please? Caller: Hello? Caller: Hi. Yeah. Hi, sir. I'm calling you regarding the application Caller: you submitted looking for assistance with that. How are you doing today? Agent: Yes, yes, this is [NAME]. [curious] I am here. Oh, the application, [co",this is with on a can i with this is how can i you i am you the you for with that how are you doing this is i am here the i am you and you i am doing i am you from the is that if i you a of to if you with the and what is this about my of what you before we i can the that you you in i did i i in now but i was in what do you have you in i in that is where i am you you in on me one we a of out there ,Fraud,Normal
149,Normal,"Agent: Hello? Caller: Welcome to [ORG]. Where we're dedicated to helping you thrive. You've reached the individual and family sales and enrollment center. Agent: Oh, [confused] [ORG]? I don't think I've ever... wait, [curious] is this about my [ORG] plan? Caller: Thank you for calling [ORG]. My name is [NAME]. And please be reminded this call is recorded for quality and training purposes. May I ha",to where we are to you you have the and and i do not i have is this about my you for my is and be this is for and may i have your and i am not any from you are still there it is and what was your again you my is and who did you you were again i just i do not you my is from all and you are with i just i do not up for with what is this about up for with you all what is this so how can i you are in a,Normal,Normal
150,Normal,"Agent: Hello? Caller: Hello. I'm calling for [NAME]. My name is [NAME]. I'm calling from [ORG] on a monitored and recorded line. Responding to a life insurance request. How are you today? Agent: Oh, [confused] a life insurance request? I don't recall... Well, I'm doing alright, dear. And you? Caller: Yes, ma'am. Agent: I'm fine, dear. Just fine. [curious] Who did you say you were with again? Calle",i am for my is i am from on a and to a how are you a i do not i am doing and you i am just who did you you were with again with i i did in the about that you so what is this all about so i would i would to some and you to an to out about that we for are you you are so i would be to then so this is about me some then all that for us but he is now what of do you i am and what of do you you up there ,Normal,Normal
151,Normal,"Agent: Hello? Caller: Hi. This is [NAME]. I'm calling from [ORG]. I was looking to speak with [NAME]. Agent: [calm] Oh, this is [NAME]. [curious] What can I do for you, [NAME]? Caller: This is [ORG]. We received an online request to obtain information and pricing on windows. We are an authorized window company, and I do believe we can help you with your project. We just needed to get you set up wi",this is i am from i was to with this is what can i do for you this is we an to and on we are an and i do we can you with your we just to you up with an in i i do not out my all that for me are you you have the it is i with the of the with a that is me i do not about but i i did to that i was about so what of do you have for me that is the only that we were at this we would to more to you up with a,Normal,Normal
152,Fraud,"Agent: Hello? Caller: Hello. Who is this? Agent: Oh, [confused] who is this calling, dear? You called me. Caller: You answer my question first. Agent: Well, [calm] this is [NAME]. I'm just here in Sarasota. Who's on the line? Caller: Where's Sarasota? Agent: Oh, [calm] it's down here in Florida, dear. A lovely place, right on the Gulf. Now, [curious] who am I speaking with? Caller: I see. Shut up.",who is this who is this you me you my this is i am just here in who is on the it is here in a on the now who am i with i up so we your us to that your was you i never what on would him do that he just me i do not i am not in of your he is a but a so what did he you and who are you with he that he to that he was about your because he that you about your about his and he that he is having a we had s,Fraud,Fraud
153,Normal,"Agent: Hello? Caller: Hi. Good morning. Am I speaking to mister [NAME]? Agent: [curious] Ah, you are. Who's this now? Caller: My name is [NAME]. I'm giving you a phone call from [ORG]. Agent: [ORG]... right, [confused] yeah. What can I do for ya, [NAME]? Caller: Treating Mhmm. You you spoke to one of our agents about enrolling into a health insurance policy with us. Agent: Oh, [nostalgic] the heal",am i to you are who is this now my is i am you a from what can i do for you you to one of our about into a with us the all that her what about it you to one of our about into that is what about it now the on the and you did not the did you the you i i did i so many you i i did not it you no i have not is there a no i was just to your is this that you were still so what do we to do then i i so it i,Fraud,Fraud
154,Normal,"Agent: Hello? Caller: Hi. This is [NAME] on a recorded line. May I please speak with [NAME]? Agent: Oh, [calm] this is [NAME]. [curious] Who did you say you were with again, dear? Caller: Hello? Oh, Agent: Hello? Caller: hi, miss [NAME]. This is [NAME]. My name is [NAME], and I am here with the [ORG] on a recorded line following up with you in regards to your [ORG] insurance. Miss [NAME], you had ",this is on a may i with this is who did you you were with again this is my is and i am here with the on a up with you in to your you had in our and i would to you with one of our to your so i am one of those now but before i you to your do you have your it is not a but does the not and you are with you i do not out but what was it you were about again so it here that you had in our and so we just ,Normal,Normal
155,Fraud,"Agent: Hello? Caller: Hello? Agent: Yeah, [curious] who's this? Caller: Hi. Uh, you have reached yes, you have reached [ORG], sir, and you're speaking with [NAME]. And we are [ORG], and, basically, we are just offering our services for loans and grants as well as debt reduction and debt settlement program. So what we're going to do here is we're just going to do a soft credit check here and valida",who is this you have you have and you are with and we are and we are just our for and as as and so what we are to do here is we are just to do a here and your so who am i with my what is this about i i am here what so what is this about i i am so so the of our is the of our is and we with and and for we are also i i am for you to on so what do you what do you so all we to do is just your what is y,Fraud,Fraud
156,Fraud,"Agent: Hello? Caller: Hi. Good morning. Am I speaking with [NAME]? Agent: Yes, [curious] this is [NAME]. Who is this, please? Caller: Hello? Hi, [NAME]. Hi. Yes. This is [NAME] with [ORG]. Caller: On a recorded line. Caller: I'm calling here about your inquiry, uh, with [ORG]. Agent: Okay. [uncertain] [ORG]. Yes. What can I do for you, my friend? Oh, [nervous] yes, yes, the... the debt relief. Rig",am i with this is who is this this is with on a i am here about your with what can i do for you my the the may i can you the you in for me and what about it i am in i have a here but no you do you for i have no i am in i from but i am in now i am not why it is that a i no is that a no no no i can just it and i will do that in one here you a few what i do here i am just be you about your and over y,Fraud,Fraud
157,Fraud,"Agent: Hello? Caller: Hi. This is [NAME] at [ORG] on a recorded line. Caller: Are you doing today? Agent: Oh, hello [calm] [NAME]. What can I do for you? Oh, hello, [NAME]. I'm doing just fine, dear. [calm] What can I do for you today? Caller: Mhmm. Caller: Yes. So the notes say you were looking for help to pay off your debt or store funding options. Caller: Much debt do you have if you total of c",this is at on a are you doing what can i do for you i am doing just what can i do for you so the you were for to off your or much do you have if you of and are you still there the i my he to all that what of are we about the to all that you i it is just a few the what of are you about on what you are on what you for in this again how much that do have if you were to up and what does that is this a,Fraud,Fraud
158,Normal,"Agent: Hello? Caller: Hello. Good afternoon. With [NAME]? Agent: Yes, [curious] that's me. Caller: Good good afternoon, ma'am. My name is [NAME] calling with [ORG]. I was just following up to see if you're still shopping around for insurance. Agent: Oh, [confused] um, insurance? I—I already have insurance, I think. Caller: I wanted to see, uh, we can offer you a free auto insurance quote. Agent: O",with that is me my is with i was just up to if you are still around for i i have i i to we can you a the i was i was at that what is this about i am i am what was that the i was you just what of is this the i was just i i was into it but i am not if i am to now what of do you have what about for your or any of that you might be what of is this i i have i have you but i am for of in i i i am on my ,Normal,Normal
159,Normal,"Agent: Hello? Caller: Hello. Can I speak to [NAME]? Agent: This is [NAME]. [calm] Who's calling, dear? Caller: Hi, [NAME]. Hi. Uh, my name is [NAME]. How are you doing today? Agent: Oh, [calm] I'm doing just fine, [NAME]. [curious] And what can I do for you? Caller: Yes. Um, I'm just following up on a request that I received Uh, either you were looking at or wanting some information about life ins",can i to this is who is my is how are you doing i am doing just and what can i do for you i am just up on a that i either you were at or some about with so i am up on that a i do not i i might have you out what of is this so we with and of we also have but we we the most is is you my he had a you he a so what is the with this then he had a so it is the same i do not if you do you have a a on you f,Normal,Normal
160,Normal,"Agent: Hello? Caller: Hi, miss, [NAME]. Miss [NAME], my name is [NAME]. I'm with [ORG]. Following up on your request for information about car insurance. Agent: Oh, [curious] car insurance? Yes, I—I think I might have filled out something about that. Caller: Are you there? Agent: Oh, the car insurance, [confused] yes. I — I think I did something like that, you know, a while back. [curious] What's ",my is i am with up on your for about i i i might have out about that are you there the i i i did that you a while what is this all about again i i i out one of those a while you what was it about again you there it was you were about do you have to about it now i do i what of are you about is when you what i i am it is just you can us a that you about and i am just to that i i i had so what of wou,Normal,Normal
161,Fraud,"Agent: Hello? Caller: Hey, [NAME]? Agent: Yeah, [curious] that's me. Caller: Hi. This is [NAME] with [ORG]. All calls are recorded for quality assurance. So I'm gonna try to play this recording for you one more time. Caller: To see if it works. Agent: Okay, [confused] a recording of what? Oh, um, [confused] okay. Caller: If it doesn't, I'm playing for you now. Okay? Agent: Okay. [uncertain] What —",that is me this is with all are for so i am to this for you one more to if it a of what if it does not i am for you now what what is this and we are we are to the of this what what is on to your for an we your for and and its to and your and to one or more or other to your any on your that so what is this about what was that for to your for an we your for and and its to and your and to one or more,Fraud,Fraud
162,Normal,"Agent: Hello? Caller: Hi. Is this [NAME]? Agent: Yes, [calm] this is [NAME]. Who's calling, dear? Caller: Hi. My name is [NAME]. I'm calling from [ORG]. You put in, um, a request for a quote for the home. Agent: Oh, [curious] a request for a quote? Hmm. I don't remember doing that. Which home are you talking about? Caller: Hello? Um, Um, it's on Bee Ridge Road. Agent: Oh, Bee Ridge. Right. [confus",is this this is who is my is i am from you in a for a for the a for a i do not doing that which are you about it is on was that the one i i have the here of but i do not did that in before he do you this was in on my i must have my is not what it to be you so what of is this i am is this is this a because i was to up the and i and it did not up so what of is this it is a it is my the one i in what,Normal,Normal
163,Fraud,"Agent: Hello? Caller: Hello? Agent: Yes, [curious] who's this? Caller: Yes. Master with [NAME]. Agent: [NAME]? Is that A-D-E-N-A? [confused] I don't think I know an [NAME]. Caller: Yeah. Caller: Yeah. [NAME]. Agent: [curious] What can I do for you, dear? Oh, [curious] and what's this about, dear? Caller: Yeah. We are calling you, ma'am, from, uh, [ORG]. This call is regarding for those high intere",who is this with is that a a i do not i an what can i do for you and what is this about we are you from this is for those you it off or you are still on them the i i did have a few of those most of that you before he what about them so you in a to you to those by them into one much more and you will not have to all the and on them that i am to a how does that that i about those so this is a you so,Fraud,Normal
164,Normal,"Agent: Hello? Caller: Hi. This is [NAME], and I'm calling on behalf of [ORG] Caller: Exteriors on a recorded line. May I speak with [NAME]? Agent: [curious] [ORG]? Okay. What's up? Yeah, [confused] this is [NAME]. Caller: Hello, [NAME]. I'm calling because you recently expressed interest in updating the exterior of your home, and I show you were interested in the windows project. Is that right? Ag",this is and i am on of on a may i with what is up this is i am because you in the of your and i you were in the is that the that is what about i am because i to you a in that is for the we are some for your so i it you are the i am the so what all does that i am my i what is all with this you what is the what is the we are a which is but i do to you does not in the for no i that so how does this y,Normal,Normal
165,Normal,"Agent: Hello? Caller: It's, uh, [NAME]. Agent: Yeah, [confused] who's this? Caller: Hi. Uh, this is [NAME]. I'm calling from [ORG]. Agent: [ORG]? [confused] Oh, okay. What's up? Caller: In regards to a homeowners quote. Caller: Yeah. You have requested [ORG]. Yes. Caller: That's the name of the company. Agent: Oh, [curious] the homeowners quote, yeah. What about it? Oh, [curious] the homeowners th",it is who is this this is i am from what is up in to a you have that is the of the the what about it the i i do not own a though i am in an so the i i was at that what is up with it us you you you had she is be it it was on the on the for a so what about it did the through or do you have a few we can you out with the now this will not we have do do you to the out so just to the will and the that y,Normal,Normal
166,Fraud,"Agent: Hello? Caller: Hi. Is this [NAME]? Hi. Is this [NAME]? Agent: Yes, [calm] this is [NAME]. Who's calling, dear? Caller: Great. I'm [NAME] with [ORG] on a recorded line. I see you just submitted a refinance application. Can I connect you with our loan officer to discuss rate options with you? Agent: Oh, the refinance application, [calm] yes, I think I did something like that. [curious] What k",is this is this this is who is i am with on a i you just a can i you with our to with you the i i did that what of are you our as as but the to your is to with our would you me to you now now i just i do not do this over the you is this for my here in this is about your for your in i to be if you have any i am here to before you to a what would you to i just i do not out an you did it out before h,Fraud,Fraud
167,Normal,"Agent: Hello? Caller: Oh, hi, mister [NAME]. It's [NAME] from [ORG]. How are you today? Caller: Hello? Agent: [confused] Mister... [NAME]? Oh, dear, I think you might have the wrong number. [confused] Mister [NAME]? Oh, um, honey, I think you might have the wrong number. This is [NAME]. [curious] Who did you say you were looking for? Caller: Um, [NAME]. Um, this is um, my name is [NAME]. I'm calli",it is from how are you i you might have the i you might have the this is who did you you were for this is my is i am from we are a did you about some no it is i over here in i do not i have of did i out you a while my is not what it to be that is so i just was up so if you are in we are on the and we a i i am here in you and i have been here for since and i in so what does a is that or so we have ,Normal,Normal
168,Fraud,"Agent: Hello? Caller: Hello. This is [NAME] with [ORG]. Is [NAME]? Agent: [NAME]? [confused] Oh, you mean [NAME]. Yes, this is [NAME]. [curious] What can I help you with, dear? Caller: Hello. This is [NAME] with [ORG] [NAME]. Agent: Oh, [calm] [NAME], yes. That's me. What can I do for you, dear? Caller: Hello? Hi, [NAME]. I'm calling from [ORG]. On a recorded line. You can opt out anytime. Um, thi",this is with is you this is what can i you with this is with that is me what can i do for you i am from on a you can out this is in to your it it may have that could your and you to the on your of just it around about how much and do you my i do not i what was it about i am not very with you an you i do not out that what of are we about the the i do not what was that about again that i now to all ,Fraud,Normal
169,Fraud,"Agent: Hello? Caller: Hello? Agent: Yes, [curious] who's calling please? Caller: Hello, [NAME]? Agent: Yes, this is [NAME]. [curious] Who's this? Caller: This is [NAME] from [ORG] and I am the one who sent you the email. Can you check your email again? Agent: Oh, [confused] the email? I'm not... I'm not very good with computers, dear. What was it about again? Caller: So we could proceed. Caller: W",who is this is who is this this is from and i am the one who you the can you your again the i am not i am not very with what was it about again so we could with the the the now i do not what was this about again my is not what it to be i one of our you about for your that is being from the i i so many so what about it is it what was that about the to all that you you in here to all that now what w,Fraud,Normal
170,Normal,"Agent: Hello? Caller: Hello. My name is [NAME]. And I'm calling from [ORG] on a recorded line. How are you doing this morning, mister [NAME]? Agent: Oh, [calm] I'm doing alright, [NAME]. Thank you. Caller: Well, that's good. Caller: I was just calling to inform you that you may be qualified to speak to our team about [ORG] benefits and savings. Caller: But can you first confirm that you still have",my is and i am from on a how are you doing this i am doing you that is i was just to you that you may be to to our about and but can you that you still have a and what can i do for you what is you a and i i do what of are we about here we have a that out with your and and also the that out with as so i am to the out your this will you to the who could over your with you those and if you are in the,Normal,Normal
171,Fraud,"Agent: Hello? Caller: Hello? Agent: Oh, [confused] hello? Who is this, dear? I don't recognize the number. Caller: Hi. Agent: [calm] Yes, well, who is this? I get so many calls these days, you know. Caller: Hi. Uh, my name is [NAME], and you have reached [ORG]. Hello? Caller: We are from [ORG], ma'am. Agent: [confused] [ORG]? Oh, I see. And what is this about, dear? [ORG]? [confused] Oh, is this a",who is this i do not the who is this i so many these you my is and you have we are from i and what is this about is this about that that i in the one about the the that is we are a you are so what is this about that is so we are a and if you do have no what is we are a with and which that we do and to our and also with in the of you among so what we are to do here is we are to a at your and your s,Fraud,Fraud
172,Fraud,"Agent: Hello? Caller: Hi. May I speak to [ORG]? Hello? Agent: [confused] [ORG]? I'm afraid you have the wrong number, dear. This is [NAME]. Caller: [NAME], this is Agent: Oh, [NAME]. [calm] Yes, that's me. Who's calling, dear? Caller: Yes. Agent: [curious] And what can I help you with today? Caller: One inch [NAME]. I'm calling from [ORG] on a recorded line here. I'm calling in regards to [ORG] ap",may i to i am you have the this is this is that is me who is and what can i you with one i am from on a here i am in to that you here with us with some i do not out any that what of is this it is for your for my that i i did into some for the i should what was it about again you in an for some for the and what of are we about here is it a or we have not that for you just to out what you are for i ,Fraud,Normal
173,Fraud,"Agent: Hello? Caller: Hello. This is [NAME] with [ORG] on a recorded line. Can you hear me? Agent: Hey, [NAME]. Yeah, I can hear you fine, man. What's up? [curious] This is [NAME]. Caller: Yes, sir. Caller: Good morning. I was just reaching out to you because it looks like you requested some help for student loans. Agent: You called me, right? [curious] What's [ORG]? Oh, right, [confused] yeah, st",this is with on a can you me i can you what is up this is i was just out to you because it you some for you me what is i i did into that a while what is the with that now so as of now were you to or were you to a i i i am to you a where i can what is the we would have to a at your and then it to what we may be to you out with on your i do if your are either or you if it is one or the other that so,Fraud,Fraud
174,Normal,"Agent: Hello? Caller: Yes. Good morning, miss [NAME]? Agent: [calm] Yes, this is [NAME]. [curious] Who's calling, please? Caller: Uh, this is [NAME]. You had requested a quote for health insurance. Agent: [curious] Oh, I did? [long pause] Well, um, what kind of health insurance are we talking about? Caller: Well, you're [NAME]. Right? Agent: [calm] Yes, that's me. [NAME]. Caller: Okay. Caller: Oka",this is who is this is you had a for i did what of are we about you are that is me you have to my my and a for so what of you were you about is this for or the i do not doing that myself you i do not i i might have you been around which was that this was done at so what did i up for my i i might have you been on the he i too much on it so what of is this now this is a that is what you is what you ,Normal,Normal
175,Normal,"Agent: Hello? Caller: Hi, [NAME]. Agent: Yes, hello. [curious] Who is this, please? Caller: I'm here. Agent: You are... [confused] here? I don't understand, my friend. Who is calling me? Caller: [NAME]. It's [NAME] with [ORG]. [NAME] with [ORG]. Uh, we were talking about the coverage we had, uh, the issue with the payment I believe you spoke with somebody today, uh, perhaps in our customer care te",who is this i am here you are here i do not my who is me it is with with we were about the we had the with the i you with in our i you had that you were to i of that i could do for you because i do not you out on the that we have here for you what you could do is me a of the and of the and i can of that for you the the i i did to but a of my i am not is that so for that for the but a is that is th,Fraud,Fraud
176,Normal,"Agent: Hello? Caller: Hi there, [NAME]. This is [NAME] here at [ORG] on a recorded line. How are you today? Agent: Oh, [confused] [NAME]? My name's [NAME], dear. [calm] But I'm doing well, thank you. [curious] How can I help you? Caller: I've got Caller: glad to hear you're doing well, [NAME]. We were reaching out today. We wanted to share with you, ma'am, our new promotion. We are having the [ORG",there this is here at on a how are you my but i am doing you how can i you i have to you are doing we were out we to with you our we are having the for your and me have an us here on the and we can you more about it my but i am doing you how can i you a you for my and what does that what does that and who did you you were with again my this is we to with you of our we are having this it does to th,Normal,Normal
177,Fraud,"Agent: Hello? Caller: Hello? Agent: Yes, hello? [curious] Who is this, please? Caller: Hello? Hi. Good good afternoon, sir. My name is [NAME] calling you from [ORG]. Caller: Um, the reason of my call today, our records shows that you an outstanding balance on your credit card, and you are making your monthly payment on time. Right? Agent: Ah, [NAME]. [calm] Okay, okay. What can I help you with tod",who is this my is you from the of my our that you an on your and you are your on what can i you with the the that is i on what is this about this is about a it is a so i am you to you to your by to a i i am to you how does this your your will to also in this you can just within to under this so you can me with the that would be very you i to it off but the is it is a that is the here there is no i,Fraud,Normal
178,Normal,"Agent: Hello? Caller: Hi. Is this [NAME]? Caller: This is [NAME] with [ORG]. You were, um, you called about or emailed about, um, insurance about a [ORG] supplement and asked for someone to call you. Agent: Yes, [calm] this is [NAME]. Who's calling, please? Oh, [confused] a [ORG] supplement? Hmm. [curious] I don't recall calling, but I've been meaning to look into that. What exactly are you offeri",is this this is with you were you about or about about a and for to you this is who is a i do not but i have been to into that what are you are you i am a past i am is that still but are you to no i have been here a while now from after you so what were you about this i do not where this i i do not where this i just this it is a it was a about at do you have a now or do you have a i all that befor,Normal,Normal
179,Normal,"Agent: Hello? Caller: Hi. This is [NAME] with [ORG]. Agent: Oh, [curious] okay. And what can I help you with, dear? Caller: Um, yes, ma'am. I see that you tried to book an appointment online. I I was just wondering if you'd like to finish getting that booked. Agent: Oh, [confused] an appointment? For my air conditioning? I... I don't recall doing that, you know. [curious] What kind of appointment ",this is with and what can i you with i that you to an i i was just if you would to that an for my i i do not doing that you what of are we about it an i i might have you out my he to all that it is been a i what did i was with it you did not it just your and your your and it what is your for and it i i it is just been you not as as it to it is so here in you so what do you out but for us to out it,Normal,Fraud
180,Fraud,"Agent: Hello? Caller: Yes. Good morning, I should say good afternoon. Just turned twelve. My name is [NAME]. I was trying to get in touch with [ORG], please. Agent: [ORG]? [confused] Oh, well, you've reached [NAME]. I don't know an [ORG], dear. [curious] Are you sure you have the right number? Caller: Is this [NAME]? This is [NAME]. [NAME], I talked to you last week. I'm the fellow that does the a",i should just my is i was to in with you have i do not an are you you have the is this this is i to you i am the that does the for the one you have that i was and i had out to you an as we about via that you should have had a of did you that the the i i that on the all the but he is not here what was it about again about the your now you me to have a to what of a might be it is just so much you i ,Normal,Normal
181,Fraud,"Agent: Hello? Caller: Hello. Agent: Yes, hello. [curious] Who's calling please? Caller: Hi. This is [NAME], The reason for this call is about a new state regulated final expense insurance plan that is designed to cover one hundred percent of your funeral and burial expenses. So just for qualifying purposes, may I ask how old you are? Agent: Oh, [calm] well, I'm 74. And, um, a funeral plan, you say",who is this is the for this is about a that is to one of your and so just for may i how you are i am and a you is this through or you have for the i am now you with a on that was i can are you with me i am here i just you i what does that i am still here are you the i was just what for this i am just to you are may i have your i just i am did you not me what is the the again how are you i just the,Normal,Normal
182,Fraud,"Agent: Hello? Caller: Thank you for calling. This is [NAME] on a recorded line. Agent: Hello, [NAME]. [curious] Uh, who is this, please? Caller: Yes. Caller: Uh, my name is [NAME], uh, mister [NAME]. Agent: Okay. [uncertain] Uh, what is this call about? Yes, yes. [curious] And what is this about, please? Caller: Okay. This is regarding a loan request you made with our company online. Caller: How m",you for this is on a who is this my is what is this about and what is this about this is a you with our how much were you for the i the i how much i am not what was the on the i was for i will be to you now is this to off or a of both you so what do i to do a you some some and is the under your or is it with so what do you from me now no no it is it is under my my so i am to you some to your and t,Fraud,Fraud
183,Fraud,"Agent: Hello? Caller: Hello, [NAME]. This is [NAME] getting back to you from [ORG]. Agent: Oh, [NAME], [calm] yes. I was, um, I was expecting your call. Caller: Okay. Um, so it looks like you could qualify for the [ORG]. Do you have time? Agent: Oh, [hopeful] yes, yes, I do. Um, is this about my tax return? I, uh, I think there was a problem with it. Caller: A brief interview? Agent: Yes, a brief ",this is to you from i was i was your so it you could for the do you have i do is this about my i i there was a with it a a that is what what do you from me it is just about your how much is the you it is a you it is me it is about i that is about that and what is it is this just or is it and it is it is just you i i so how do you do you or it is it is just my with a or a it is a you i am i am an a,Fraud,Normal
184,Fraud,"Agent: Hello? Caller: Hey, [NAME]? Agent: Yeah, [curious] that's me. Caller: [NAME]. Caller: This is [NAME] here with [ORG], recorded line. How's it going? Agent: Yeah, [confused] who's this? Oh, hey! Um, [uncertain] good, I guess. What's up? Caller: [NAME], did did you just inquire for some guidance with your dad? We just received an online request. Caller: Just wanna make sure that's accurate. A",that is me this is here with it who is this i what is up did did you just for some with your we just an just that is and if so does this for a are you still there that is i so the i i was just you what is this about is this an or could i or i just this we your do you just a about what is on what no it is me i am just here what do you what no it is me i was just into you my my is just a now and how,Fraud,Fraud
185,Fraud,"Agent: Hello? Caller: Hello? Agent: Hello? [curious] Who's this? Caller: This is [NAME] with [ORG] on a recorded line. This is a follow-up to the inquiry placed regarding consolidation options for your debt. Caller: And are you still looking for help with your debt? Agent: Oh, [uncertain] okay. Oh, the — the debt inquiry, [nervous] yeah. I was looking into that, um, a while ago. What exactly is th",who is this this is with on a this is a up to the for your and are you still for with your the the i was into that a while what is this about now so we with their and are you still for with your i i am for you what of are we about so can i that you are in i am in not you so does that so we have a of that can you with your so to just a of to a of we can you and what you for and then we can some on ,Fraud,Normal
186,Normal,"Agent: Hello? Caller: Hi, [NAME]. Agent: Oh, hello. [curious] Who is this, dear? Caller: Hello? Caller: Hi. This is [NAME] calling from [ORG] regarding your request for auto insurance rates. And for quality assurance purposes, this call will be recorded. How are you doing today? Agent: Yes, [confused] I can hear you. I just asked who this was. Oh, um, [calm] I'm doing fine, dear. Auto insurance, y",who is this this is from your for and for this will be how are you doing i can you i just who this was i am doing you did i out about that in to you to the i to some of your can you the to you at can you the to you at all i that is what do you to my i am on the now my up the but i do not it much what do you have for me my i do not i do not i have one of those i just have my is that what you i am o,Normal,Fraud
187,Normal,"Agent: Hello? Caller: [ORG]. This call is being recorded. Caller: Hey. Am I speaking with [NAME]? Agent: Okay. [curious] What's this about? [confused] No, this is [NAME]. S-U-L-L-I-V-A-N. Who's this now? Caller: Hello? Can you hear me? Agent: Yeah, I can hear you fine. [impatient] What's up? Caller: Yeah. I was just returning your call back request for a home insurance for [ADDRESS]. Agent: Oh, ri",this is being am i with what is this about no this is i a who is this now can you me i can you what is up i was just your for a for the what is this about i i do not you in was now an to with you it is i a so what is this about i was your for the i i was at a or so what is the is this your that is my do you have a or were you just to to your i i am to around you a what can you do for me me some of,Normal,Normal
188,Normal,"Agent: Hello? Caller: Hello. Uh, this is [NAME] with [ORG]. Is this [NAME]? Agent: Oh, [calm] yes, this is [NAME]. [curious] What can I help you with, dear? Caller: Um, Yeah. I'm actually calling you about your window project. You tell me a little bit about that? Agent: My window project? [confused] Oh, um, I suppose. [curious] What exactly did you hear about it? Caller: Yes. Um, nothing yet. So t",this is with is this this is what can i you with i am you about your you me a about that my i what did you about it nothing yet so that is why i am you to to out what you how many and all that i you my he all that but he a so i am not what i you what of do you even have we but they are that here in does not it are those very so when you are to you are your and you are your for from you so it does ,Normal,Normal
189,Fraud,"Agent: Hello? Caller: Hello. Agent: Uh, hey. [curious] Who's this? Caller: Hey. How are you doing? Uh, this is [NAME] with [ORG]. Just reaching out because you made an inquiry with us previously about help resolving credit card Caller: or personal loan debt. Are you still in the market? Agent: Oh, [confused] right, yeah, the credit card thing. Um, I mean, I guess I'm good. [curious] What's up with",who is this how are you doing this is with just out because you an with us about or are you still in the the i i i am what is up with it i so i i am to some you what is up this is of on that is me what is up with it and how much would you you are for for what what of what of is this this is about the my i a on i a few i what is the with it no how much in would you you have or it is a few you it is,Fraud,Fraud
190,Fraud,"Agent: Hello? Caller: Hi. This is [NAME] on a recorded line. Am I speaking with [NAME]? Agent: Oh, um, hi [NAME]. [uncertain] Yeah, this is [NAME]. Caller: Hi, [NAME]. How are you doing today? Agent: I'm okay, [nervous] just a little busy, you know? What's up? Caller: Oh, okay. Well, you had just reinquired online, and so we were reaching out because you were speaking with [NAME], um, and he was w",this is on a am i with this is how are you doing i am just a you what is up you had just and so we were out because you were with and he was on of with your so is now a or the i so i i do not to a but what was this about again all and me a here what is this about again what was it about again he was to it of and about how much were you to so what is this for i this was about a not what is this for,Fraud,Fraud
191,Fraud,"Agent: Hello? Caller: Hi there. This is Kat from Max Caller: Korsh. Um, is this mister Amir? Agent: [curious] Max? Hello, Kat. Yes, [curious] it is Amir. What can I do for you, my friend? Caller: Oh, yep. Caller: Oh, yes, sir. Actually, I'm calling in regards with your loan application. And, um, we just wanna know, sir, if you would like to proceed for a title loan Caller: against your twenty fift",there this is from is this it is what can i do for you my i am in with your and we just if you would to for a against your i i do not this my the the for my what is it about this now this is for your and i just to the is it around only what is this about that is that is it is around there i i may i the one i have a few to what you for would that be one what do you is the off it is is the and of it,Fraud,Normal
192,Fraud,"Agent: Hello? Caller: Hi. Good morning. This is [NAME]. Agent: [calm] Yes, this is [NAME]. Caller: Hello? Hi, [NAME]. My name is [NAME] with [ORG]. Um, I'm just giving you a call. Thank you for visiting our web Caller: site. Is there anything I can help you with today? Agent: [calm] Oh, right, yes. [confused] I... I don't recall filling anything out, but, um, what can I do for you, [NAME]? Oh, um,",this is this is my is with i am just you a you for our is there i can you with i i do not out but what can i do for you the which was that now were you for a the the i was just you at what of do you we do a and what does that and i and what is the between a and a we do of them and what is the between those so they there are as as they the the only with the is that i would your here in the for an a,Fraud,Normal
193,Fraud,"Agent: Hello? Caller: [NAME]? Agent: Oh, [confused] no, dear, this is [NAME]. [NAME]. You might have the wrong number. Caller: We received this inquiry in regards to a tax debt. It's attached to this phone number. Do you not have a tax debt? Agent: Oh, [surprised] a tax debt? Well, um, [NAME] used to handle all that, you know, before he passed. [curious] What kind of debt are we talking about? Cal",no this is you might have the we this in to a it is to this do you not have a a to all that you before he what of are we about not you would have had to up for that is why we are you i might have you i up for and who did you you were with again is that for the and what of did i up for and we in with the to that so how does this this does it i do not have to them as much that would be a you with th,Fraud,Fraud
194,Fraud,"Agent: Hello? Caller: Hello? Agent: Yeah, [curious] who's this? Caller: Hi. I'm [NAME], and I'm calling from [ORG]. And, basically, we're just catch up on your interest on our financial services that you may qualify for. This is a good time for us to reach out to you and discuss it further. About the services we're offering for loans as well as grants? And for debt relief programs as well in the f",who is this i am and i am from and we are just up on your on our that you may for this is a for us to out to you and it further about the we are for as as and for as in the of and so what we are to do here is we will just a at your and your so we can which you may for so to off may i have your and it is what what is this about and what we are and we are a such as and we are by the and a so this is,Fraud,Fraud
195,Normal,"Agent: Hello? Caller: Hello. [NAME]? Agent: Um, yeah, [uncertain] this is [NAME]. Caller: This hey, [NAME]. This is [NAME] calling you back regarding your renter since quote. Caller: Did you already receive your prices, or are you still waiting to be quoted? Agent: Oh, right, yeah, [nervous] the renter's insurance. Um, okay. What about it? Oh, um, [nervous] the renter's insurance? Yeah, I think so",this is this this is you your since did you your or are you still to be the what about it the i so i i was i was just into it you for my and i i a but i am not if it is the one no you are i was just into it so i i am still to be can we and you with the now be how does that the at the that we are is the that is is that is that or is that a or it is an what and then just to and then just to your of ,Fraud,Normal
196,Normal,"Agent: Hello? Caller: Hi, miss [NAME]. How are you doing? Agent: [confused] [NAME]? Oh, this is [NAME]. How are you doing, dear? Caller: I'm doing good. So I got a note from my boss that you wanted to speak to us. Caller: So I'm reaching out. They said something about you wanting to lower your monthly payment. Agent: Oh, [surprised] really? Goodness, I don't recall... What was it about, dear? My m",how are you doing this is how are you doing i am doing so i a from my that you to to us so i am out they about you to your i do not what was it about my is not what it to be my i did not but i am to a you what of are we about for the that my he all that you what is this about all that you he a of so what about it i am still here on this it is the from that you were with with you had a from on the ,Normal,Normal
197,Fraud,"Agent: Hello? Caller: Good afternoon. Is [NAME] available? Agent: Yes, [calm] this is [NAME]. Who's calling, dear? Caller: Oh, my name is [NAME]. I'm on a recorded line with [ORG]. And we were calling to inform you that you may be qualified. This speak with our team about your [ORG] benefits and savings. Are you enrolled in both part a and b of [ORG]? Agent: [ORG], you say? [confused] Now, what wa",is this is who is my is i am on a with and we were to you that you may be this with our about your and are you in both a and of you now what was that about being and what of are we about so we were you that you may be to with our about your and and you that and this is about my this would be for and you i was what did i for are you in both a and i am so what of are we about here no i was if you we,Normal,Normal
198,Fraud,"Agent: Hello? Caller: No. That was my fault. That was my fault. Agent: Oh. Well, [calm] who is this, dear? Caller: You're totally good. Do you have any questions? Hello? Caller: This is [NAME] with [ORG] on a recorded line. Is this [NAME]? Agent: Hello? Oh, [confused] you're still there? I thought we got cut off, dear. What was your name again? Yes, this is [NAME]. [calm] And what was that name ag",no that was my that was my who is this you are do you have any this is with on a is this you are still there i we off what was your again this is and what was that again with and what can i do for you i that you an in and i was just you your i i a i a from you i did i do not what was it about it is about you most were at a or a no i do not i have been for a are you you have the and i to how i can ,Fraud,Fraud
199,Fraud,"Agent: Hello? Caller: Hi. Can I speak to [NAME] [NAME]? Agent: Yes, this is [NAME]. [curious] Who's calling, dear? Caller: Hi. Yeah. It's [NAME] [NAME], owner of [ORG]. Agent: Oh, [confused] [NAME] Tax... Now, what can I do for you, [NAME]? I don't believe we've spoken before. Caller: No. No. I'm just reaching out because you had left an inquiry um, over the weekend about, um, seeking consultation",can i to this is who is it is of now what can i do for you i do not we have before no no i am just out because you had an over the about over i did i do not doing that what of was it it is me on it it has to do with i i i the was on i but it is just it is just so was this would have me up for my you he most of that i my you my he of that are you you have the you that to all that you what does and ,Fraud,Normal
200,Normal,"Agent: Hello? Caller: Hey, I think we've got disconnected. I was just wanting to confirm your email. Agent: Oh, [confused] disconnected? Goodness. I thought you hung up on me, dear. [curious] My email for what exactly? Caller: Well, no. It's already in the system. I'm just reading back to you what's here just so before I move forward. All this information can go back to your email to fur to furthe",i we have i was just to your i you up on me my for what no it is in the i am just to you what is here just so before i all this can to your to to further it however you i could not you so i and i you that is of you to then my me i do not that much you to all that what was it you had in your you have that i i that is the one i it though what of are you me there did you nothing at the this is just t,Normal,Normal
201,Fraud,"Agent: Hello? Caller: Yes. Hello. Is this [NAME]? Agent: [curious] Yes, this is [NAME]. Who is this, please? Caller: This is [NAME]. I'm a certified this specialist with [ORG] on a recorded line. How are you doing today, [NAME]? Agent: Oh, hello, [NAME]. I am doing well, thank you. [curious] And you? Caller: I'm doing great. Thank you very much for asking, sir. I'm actually calling to ask you some",is this this is who is this this is i am a this with on a how are you doing i am doing you and you i am doing you very much for i am to you some to about your your and from there we can how we can you out is that what can i you with my what is it about my what is this about this is do you us a through our or through our the i so i many you in the and i am to you so what of is this a i so for for i,Fraud,Fraud
202,Fraud,"Agent: Hello? Caller: Hi. Caller: [NAME], this is [NAME] at [ORG] on a recorded line. The note says you were looking for help to pay off your debt or explore funding options. Caller: How much debt do you have and to total up your credit cards and personal loans? Agent: Hey there, [curious] who's this? Oh, hey [NAME]! [nervous] Yeah, um, I was, you know, just kinda looking into some options for my ",this is at on a the you were for to off your or how much do you have and to up your and there who is this i was you just into some for my for the i i have a of you and then a few it is it is a can you me what is a with the it is i do not even and then that it just it you me a so with the i it is still around and then another or it is all just up you or or for the it is it is a you with on you are ,Fraud,Normal
203,Fraud,"Agent: Hello? Caller: Hello, mayor? Agent: Hello, [confused] who is this, please? Caller: [NAME] with [ORG] on a recorded line. Agent: Okay, [curious] [NAME]. What can I help you with? Caller: Yeah. We're just giving you a callback regarding your debt relief inquiry. Agent: Oh, [confused] the debt relief inquiry. Yes, yes. I remember. What about it, please? Caller: I just wanted to follow-up and d",who is this with on a what can i you with we are just you a your the i what about it i just to up and do the with you and how we can you i the we to you you may have had a on your and we were not to up your the on my that is the on the that is i my she it there she is very you are are you on that so that we can what of you have and then you i am not you she these what do i to do to it you would to,Fraud,Fraud
204,Normal,"Agent: Hello? Caller: Hi, [NAME]? Agent: Yes, that's me. [curious] Who's calling, please? Caller: Is this [NAME]? Caller: Hi. Caller: I'm sorry? Agent: Yes, I just said that. [confused] Who is this? [confused] Yes, I said, that's me. Who is this, dear? I didn't quite catch it. Caller: Hello? Okay. Caller: I'm sorry. This is [NAME] from [ORG]. I just received your inquiry. Caller: Are you looking f",that is me who is is this i am i just that who is this i that is me who is this i did not it i am this is from i just your are you for a are you there now what was that about again an i i do not one of those but what is it is an and i just so i some to is this not an are you not for i i might be i just do not an you my to do all that before he so what of did you i you for so i a and a i the a that,Normal,Normal
205,Fraud,"Agent: Hello? Caller: Hello, ma? Agent: Yes, [curious] who's calling? Caller: Hello? This is [NAME] calling from [ORG]. Agent: [NAME]? [curious] And what is this about, dear? Caller: Oh, this is [NAME]? Caller: The one who talked to you last Friday? Agent: It's [NAME]. E-D-N-A. [calm] And you're from where again? Oh, [confused] [NAME]? I'm sorry, my memory isn't what it used to be. [curious] What ",who is this is from and what is this about this is the one who to you it is a and you are from where again i am my is not what it to be what was it we about this is for a the i now did it through that is i did the through did i it i just to is this about the one for my or was it the for the is that is to all that you so what do we to do to it did you the from your what do you from me my i i do not,Fraud,Fraud
206,Normal,"Agent: Hello? Caller: Hello there. Is this [NAME]? Agent: Yes, this is [NAME]. [curious] Who's calling, dear? Caller: This is [NAME]. I'm with [ORG] Agent: [ORG]? [confused] Hmm, I don't think I've heard of you folks. [curious] What can I help you with, [NAME]? Caller: Well, this is [ORG]. You, uh, did an in line in online inquiry about some in home care. Caller: Are you still there, [NAME]? Agent",there is this this is who is this is i am with i do not i have of you what can i you with this is you did an in in about some in are you still there to all that but i i did into it myself what of are you about my my is not what it to be i i did do not a i am here to any you may have about in if you me a about what you are for i will be to you some and if we can you that i am just you into since my,Normal,Normal
207,Fraud,"Agent: Hello? Caller: Good morning, [NAME]. My name is [NAME] with the [ORG]. I'm calling in regards to the form you completed. Agent: Oh, [confused] the form? Yeah, I guess so. What's up with that? Caller: Yes. So I see that you have some [ORG] tax debt. So what we wanted to do is get some information about your case to see if it's something that we can help you with. Caller: Is this a good time ",my is with the i am in to the you the i so what is up with that so i that you have some so what we to do is some about your to if it is that we can you with is this a for us to the that is been me out no the i i so i was just in the of a but what do you to so us with the itself is this with the or or both i and how much do you to your i do not a few it is been a since i at it to be that and have y,Fraud,Normal
208,Normal,"Agent: Hello? Caller: Hello. Hi. This is [NAME] reaching out from [ORG] for [NAME]. Agent: Oh, [calm] yes, this is [NAME]. What can I do for you, [NAME]? Caller: Hey, [NAME]. I'm actually just reaching out because we risk received a request for a callback from your number. Um, I'm not sure if this call was an error. We were just reaching out but I I do see I think you spoke to one of my colleagues",this is out from for this is what can i do for you i am just out because we a for a from your i am not if this was an we were just out but i i do i you to one of my i will and it we had you were not for is that a from my i do not what was this about a i do not i i do not i do not you but what of are we about so with the an or we do a of of and up and now an i i did to about that my we should have ,Normal,Normal
209,Fraud,"Agent: Hello? Caller: Hi. Uh, is this [NAME]? Agent: [confused] [NAME]? Oh, no, [slight chuckle] this is [NAME]. You've got the wrong number, bless your heart. Caller: I'm sorry about the mix up. Pardon me. I didn't quite catch that. Could you please confirm if I'm speaking with [NAME]? Agent: No, [confused] honey, it's [NAME]. M-A-D-I-S-O-N. [NAME]'s not here. Caller: I'm sorry for the inconvenie",is this no this is you have the your i am about the up me i did not that could you if i am with no it is a i not here i am for the you can out by it i have the and since i have you would you be in with a a i i do have some so what is this about and this is on my so here is what i am do i am you with your here in just a and they will over what for you so you have one to about that one to about for ,Fraud,Fraud
210,Normal,"Agent: Hello? Caller: Hello? Agent: Yes, hello? [curious] Who is this, please? Caller: This is [NAME]. I'm calling regarding your bathroom at Agent: [NAME]? Oh, [confused] [NAME] from... I'm sorry, dear, I don't quite catch the company name. My hearing, you know. Caller: No worries. Of course. Caller: This is [NAME] on behalf of [ORG]. Agent: So, [curious] what was this about my bathroom, dear? [O",who is this this is i am your at from i am i do not the my you no of this is on of so what was this about my and what was it about my i do not then i do for this have a you are up i you were about my what was the about then i am a my i am do you a to a to i i might be one of those in what does that for this you to the and you are you can with them further more i to are you the so you are just me i,Normal,Normal
211,Normal,"Agent: Hello? Caller: Hi. This is [NAME] from [ORG] on a recorded line. A message speaking with [NAME]? Agent: Yes, [calm] this is [NAME]. Caller: Oh, hi, [NAME]. Uh, we spoke with you recently and connected you with [ORG] and we wanted to check-in and see if you were able to find a policy that match your needs or if you're still looking for home insurance options. Agent: Oh, [curious] um, the hom",this is from on a a with this is we with you and you with and we to in and if you were to a that your or if you are still for the you are you still for i i i am for you to but i i do not with about this when was that i you for i do not for the so i would not to you so i just here that you are with but for now you are still for i i i so i am to you so what is this about then but is this a to i have,Normal,Normal
212,Normal,"Agent: Hello? Caller: Hi. This is [NAME] from [ORG]. Is this [NAME]? Agent: Oh, [confused] [NAME]? No, dear, this is [NAME]. E-D-N-A. But I guess that's close, right? [curious] What can I do for you, [NAME]? Caller: Yeah. Yeah. Hi, [NAME]. How are you doing today? I'm reaching out because you expressed interest in a complimentary financial review. Wanted to personally introduce myself and see what",this is from is this no this is a but i that is what can i do for you how are you doing i am out because you in a to myself and what was a for us to your and do you have a few now it is a but that is to up all the a you again it is a i am doing you a you i i did out that you a while what of was it it was the that you and you had we you it out about and you had a with an so i am to either you throu,Normal,Normal
213,Fraud,"Agent: Hello? Caller: Hello? Agent: Hello? [confused] Who is this? Caller: Hi. This is [NAME] with the [ORG]. How are you doing today? Agent: Oh, [calm] hello dear. I'm doing alright, I suppose. What can I do for you? Caller: Actually, the reason of my call is to let you know we are providing a brand new and updated diabetic sensor monitor Agent: Oh, [curious] a new monitor, you say? I've been usi",who is this this is with the how are you doing i am doing i what can i do for you the of my is to you we are a and a you i have been the same one for at no to you you have no i do my after me about that no you what of is it it is a it is the one in the in which you do not to your it is a and after this you can can your by without your and without yourself and the is that you do not to for that no ,Normal,Normal
214,Normal,"Agent: Hello? Caller: Mister [NAME], period. Caller: [NAME], this is [NAME], the guy from earlier. Caller: Remember? Agent: Oh, [confused] Mr. [NAME]? I'm afraid you have the wrong number, dear. This is [NAME]. Oh, [confused] [NAME]? From earlier? Now, I just... Oh, [confused] Mr. [NAME]? I'm afraid you have the wrong number, dear. My name is [NAME]. Caller: Hello? Agent: Hello? Caller: Pivot. Cal",this is the from i am you have the this is from now i just i am you have the my is i was the one you a while you again i was just myself a of what was this about again my is not what it to be is that what you i you what was it you were about again no this is with on a so we have a for you on where we off we are you were for the have you it no what is it then you have me all around i i you now i wa,Normal,Normal
215,Normal,"Agent: Hello? Caller: Oh, may I speak with [ORG]? Agent: [ORG]? [confused] Well, this is [NAME], dear. [curious] Who are you calling for? Caller: I'm calling for [ORG] with comp. I'm giving you a call from [ORG]. Uh, I see that you visited our website and your you requested information. On how to invest in gold and silver. Agent: Oh, [surprised] the gold and silver, you say? Mm-hmm, [nostalgic] [N",may i with this is who are you for i am for with i am you a from i that you our and your you on how to in and the and you to in those and what did i so what of was it i for it here to with an not with an but on is that an that a of what does that even an no my he all that you i am not with so not me but you are if that has the i am that is me that is me and what was that you just i do not the much,Normal,Normal
216,Normal,"Agent: Hello? Caller: Hi, [NAME]. This is [NAME] calling from [ORG]. How are you today? Agent: Oh, [calm] I'm doing just fine, dear. [curious] [ORG], you say? What's this about? Caller: So, [NAME], you and I spoke on Saturday. Do you remember that conversation? I was supposed to call you today at one o'clock. Agent: Oh, [confused] Saturday? Goodness, my memory isn't what it used to be, you know. [",this is from how are you i am doing just you what is this about so you and i on do you that i was to you at one my is not what it to be you i to so many what were we about again i so we i am i with the and you and i had a on that you had out to for for some and so she you to me and so i was you about our which was for to our in the before having to to an or you a and you were you to me that you ha,Normal,Normal
217,Normal,"Agent: Hello? Caller: Hi. This is [NAME] calling on a recorded line from [ORG]. I was calling about the twenty sixteen Toyota Camry. I just needed to verify a few details with you. Is your ZIP code [ZIP]? Caller: Hello? Agent: Oh, [calm] [ORG]. Yes, I think I did get something about that in the mail. And yes, [satisfied] that's my zip code. So what exactly is this about? Oh, [calm] hello there. [O",this is on a from i was about the i just to a few with you is your i i did about that in the and that is my so what is this about there you that is my what do you to about the to no that is the what do you i out for a that is my what about the to my i am i off a that is and the what about it about that is and the what about it do you have on it me i that about what do you to about the so this is w,Normal,Normal
218,Normal,"Agent: Hello? Caller: Yes. Hello. My name is [NAME]. Give me a confirmation callback for [NAME]. Agent: Oh, [curious] a confirmation callback for [NAME]? Yes, that's me. What's this regarding, [NAME]? Caller: This is in regards to a installation. Agent: An installation... [confused] okay. What kind of installation is this now? Caller: Yes. I have a reference with [ORG]. Caller: I work fence. Agent",my is me a for a for that is me what is this this is in to a an what of is this now i have a with i i am not i what is this in to and you for is not is that not i i do not i so what was the for a for a in under a in a in that is i did i i did that what about it i i do not the but a what about it so i have the on the i am you over to them so they can you how much it would for the and how it can be ,Fraud,Fraud
219,Fraud,"Agent: Hello? Caller: [NAME] Agent: Yes, [curious] that's me. Who's this? Caller: This is [NAME]. Caller: I'm a licensed enrolled agent. Caller: At [ORG]. Agent: [NAME]. [confused] Hmm, alright. And, uh, what can I do for you, [NAME]? Okay, [uncertain] [NAME]. And, uh, what can I do for you today, [NAME]? Caller: I'm reaching out Received your information from [ORG]. And I understand that you're l",that is me who is this this is i am a at and what can i do for you and what can i do for you i am out your from and i that you are for some with a that you are with i i so what what of are we about here i am not i i am an so i am you about i to in so what did they that you are for with an is that not the an that is i i am to you what did they you about it i just you what they me about it are you f,Fraud,Fraud
220,Fraud,"Agent: Hello? Caller: Hello. Is this [NAME]? Agent: Yes, [calm] this is [NAME]. Who's calling, dear? Caller: Hello. It's a pleasure for me to talk to you today. My name is [NAME]. I work with the [ORG] as an enrollment and verification specialist. How are you? Agent: Oh, [calm] well, I'm doing all right, [NAME]. Just trying to stay cool here in Sarasota. [curious] What can I do for you today? Call",is this this is who is it is a for me to to you my is i with the as an and how are you i am doing all just to here in what can i do for you this is your about your it a to my i do not an about that are you you have the we your in here and that is why i you you did i to all that you he a so what of did you but are you that is me and you you are with the is that i with and me you that here at we on ,Fraud,Normal
221,Fraud,"Agent: Hello? Caller: Hi, sir. Uh, this is [NAME] with [ORG]. Agent: [NAME]? [curious] Uh, yes. Hello, my friend. What can I do for you? Caller: Yeah. We spoke we spoke Agent: Oh, [confused] we spoke? I... I don't remember. Caller: I was just seeing if you were able to talk to your wife. Caller: About getting that, uh, Agent: Oh, [nervous] the — the thing from before. Yes, yes. I — I spoke to her.",this is with my what can i do for you we we we i i do not i was just if you were to to your about that the the from before i i to her for for the the i i with her she is she is not so about it you it is a of now a i but you we have many and it is just a now for us to you my we can what about a is there what what can we do i is there a to you it or if you to what does that it it what does that it w,Fraud,Fraud
222,Fraud,"Agent: Hello? Caller: Yes. Hello. Good day. This Caller: is [NAME] with [ORG]. Is this [NAME]? Agent: [confused] Hello? Who is this, dear? Yes, this is [NAME]. [curious] What can I do for you, dear? Caller: Hi, [NAME]. Caller: Yes. So, actually, the reason for my call is to you regarding to a prequalification offer that you may qualify for. So are you interested about doing any personal loan debt ",this is with is this who is this this is what can i do for you so the for my is to you to a that you may for so are you about doing any or at this it is a a i do not what of is this we can a here we can also do a where we your from your and one is the where we all your to one a i do not if i one of those all the you what of are we about i am not i what does my a you and that it could be how does t,Fraud,Fraud
223,Fraud,"Agent: Hello? Caller: Yeah. Hello, [NAME]? Agent: Yeah, [curious] who's this? Caller: Yep. This is [NAME]. I'm actually I've refreshed your case here, and I received an email from from our team that we haven't received your signature yet or the documents that I was that I've sent to you. Agent: Oh, right, yeah, the— [nervous] I'm sorry, what documents were these? Caller: That'll be for the confirm",who is this this is i am i have your here and i an from from our that we have not your yet or the that i was that i have to you the i am what were these be for the that you with the that we about the the and so i i have not those through yet where where did you them so i i have not those yet did you the that i have it to you i i do not so i have been so many my is because that will be the that we ,Fraud,Fraud
224,Normal,"Agent: Hello? Caller: Hi, [NAME]. This is [NAME] with [ORG] calling Caller: on a recorded line. How are you doing today? Agent: Oh, [curious] [ORG]? What's this about, dear? Oh, hello [NAME]. I'm doing just fine, dear, [calm] just sitting here enjoying the Sarasota sunshine. And yourself? Caller: That sounds lovely. I'm glad you're enjoying the sunshine. I'm doing well. Thanks Agent: Oh, that's go",this is with on a how are you doing what is this about i am doing just just here the and yourself that i am you are the i am doing that is so what can i do for you is this about my for so it so what you in our your i do not what was it again i so many these you of we with in and in for and what your about it a in my he we should into one of those for when we he was such a you so what does that it ,Normal,Normal
225,Fraud,"Agent: Hello? Caller: Hi. [NAME]. Can you hear me? Agent: Oh, yes, dear, I can hear you. [calm] My hearing isn't what it used to be, but I can hear you. [curious] Who is this? Caller: Well, uh, my name is [NAME], and I'm calling you from [ORG]. I believe, uh, Caller: can you hear me? Agent: Oh, [ORG]... [confused] Now wait, I don't recall... [curious] What was this about again? Yes, [NAME], I can ",can you me i can you my is not what it to be but i can you who is this my is and i am you from i can you me now i do not what was this about again i can you you what is this about i your and i am to your so do you have of my i i might have out to all that you what of are we about so i have a you have been for any of you that is i was into that my he i should so what did you where would you us to a,Fraud,Normal
226,Normal,"Agent: Hello? Caller: Hello? Agent: Yes, hello. [curious] Who's this now? Caller: Hello? Agent: Yes, hello. [curious] Who's this? Caller: Hello? Agent: Yes, hello. [curious] Who is this? Caller: Um, on a call. Caller: Yeah. Can you hear me? Caller: I'm on a calling you from a dental clinic where you've done a registration or a registration recently? Caller: I'd like to know more about your situati",who is this now who is this who is this on a can you me i am on a you from a where you have done a or a i would to more about your do you have or is it that you on your i am here what can i do for you i can you who am i with a i i so which is this a i i i might have out a what what is this you and what was it you to about my my it is you a through i i i you a few what what was it about again no i ,Normal,Normal
227,Fraud,"Agent: Hello? Caller: Yes. Can I speak with [NAME]? Agent: This is [NAME]. [curious] Who's calling, dear? Caller: Yeah. This is [NAME] with the law firm of [ORG]. Agent: Oh, [curious] a law firm? What can I do for you, [NAME]? Caller: No. This is [NAME] with the law firm of [ORG]. Um, you had reached out to us online uh, via our chat portal, uh, right at the end of last week, and we were just givi",can i with this is who is this is with the of a what can i do for you no this is with the of you had out to us via our at the of and we were just you a you it you had or had with a and that is why we are out to you the i do not doing that my to all the but he a what was it about the i do not i to do all that you what of are we about i will be with you we did not a of and we do not we do not we als,Fraud,Normal
228,Normal,"Agent: Hello? Caller: Hey. I think we might be in the wrong spot, man. Agent: [confused] What? No, this is [NAME]. What's up? Caller: I am not seeing a tan house with a black f one fifty. Agent: Oh, [confused] the — the F-150? Yeah, that's me, [NAME]. What's this about? Caller: Hey. It's still the guy from [ORG] trying to get your quote for the, uh, shower. Agent: [confused] The shower? Oh, right,",i we might be in the what no this is what is up i am not a with a one the the that is me what is this about it is still the from to your for the the i i i we did this but what do you i am still to your the for the that is i am on the now though i we were doing this you it i i i could out for a is this it is a while i it is about an an i a a in you i am on another now can not we just do it over the,Fraud,Fraud
229,Normal,"Agent: Hello? Caller: Yes. Hi. Am I speaking with miss [NAME]? Agent: [confused] [NAME]? Oh, um, no, dear. It's [NAME]. [NAME]. But, [curious] what's this about? Caller: Oh, I'm sorry, [NAME]. My name is [NAME]. I'm with [ORG], uh, warranty. And I was giving you a call because we saw that you had one online. And inquired, um, a quote. For your Toyota Camry for the warranty program. Agent: Oh, the ",am i with no it is but what is this about i am my is i am with and i was you a because we that you had one and a for your for the the me that one you and what was the of your again you no again we are it you had about a for the is that i i did what of are you about i am with that is the why i was you a to over the with you and our is if you do not me what is the that is you into the are we about a,Normal,Normal
230,Fraud,"Agent: Hello? Caller: Good morning. My name is [NAME] responding to the health insurance application Agent: Oh, the health insurance application, [curious] yeah. What about it, now? Caller: submitted for mister [NAME]. Were you looking for an individual or a family plan? Agent: Ah, the health insurance application, [confused] yeah. I was, um, looking for myself, you know, just an individual plan. ",my is to the the what about it now for were you for an or a the i was for myself you just an what is the with it now that is no and then me a about your what had you for with that now i am you just me you i am on a and me it is just not it i am now so i you after me without the what have you for me then i that is no what i will do for you then me you a few so i can you again my is with your was to,Normal,Normal
231,Normal,"Agent: Hello? Caller: Hello. This is [NAME] calling on a recorded line from [ORG] about the information you requested on your [ORG]. I just have to go over a couple details with you. Is your ZIP code [ZIP]? Agent: Oh, [confused] my [ORG]? Well, yes, I did fill out something about my car, I think. And yes, [calm] that's my zip code. So what is this about, exactly? Caller: About the information requ",this is on a from about the you on your i just have to over a with you is your my i did out about my i and that is my so what is this about about the on what did you on the i have a a one and what of are you about i just i just to what was out there i that and that is what i am to do is the on the for you i am not to of all the i it is to now it is an one you does that a no it does not it is just ,Normal,Fraud
232,Normal,"Agent: Hello? Caller: Hello, [NAME]? [NAME]? Caller: Hi there. It's [NAME]. [NAME], can you hear me? Caller: Is this [NAME]? Agent: Yes, [calm] this is [NAME]. Who's calling, dear? [confused] Hello? [NAME]? Oh, um, yes, I can hear you. [curious] Who did you say this was again? Oh, hello. [confused] It's [NAME], yes. Can you hear me alright? My hearing isn't what it used to be, you know. Caller: Ye",there it is can you me is this this is who is i can you who did you this was again it is can you me my is not what it to be you i can you i can you can you me so what can i you with i can you i just to you could me too now what was it you were about this is from in to an that we an i so many you which was that no this was it you were for some more about our i i was into that my he all that but he ,Normal,Normal
233,Fraud,"Agent: Hello? Caller: Hi. Is this [NAME]? Agent: Yeah, [curious] who's this? Caller: This is, uh, [NAME] at [ORG]. We Caller: spoke briefly yesterday. Agent: Okay, [NAME]. What's up? Oh, right, [NAME]. [confused] Yeah, I remember. What's up? Caller: Well, I I believe we got disconnected a couple of times. I was just giving you Caller: a quick ring to see if you're still moving forward with our ser",is this who is this this is at we what is up i what is up i i we a of i was just you a to if you are still with our here my my out here it is a the i i so what was what was the up i i we a few so i was not if you are still in the but i we up on the that is i my out so what do you from me i just to and then i have a on your and then we are all for the here so you the now over the what do you it for,Fraud,Normal
234,Normal,"Agent: Hello? Caller: May I speak with [NAME]? Agent: Yes, this is [NAME]. [curious] Who's calling, please? Caller: [ORG] with your SR twenty two. Caller: With [ORG]. Agent: Oh, the SR-22. [confused] Yeah, that's right. Oh, the SR-22. [confused] Yeah, um, what about it? Caller: Uh, this your down payment didn't go through. Agent: Oh, [worried] really? I just paid it, like, last week. [confused] Wh",may i with this is who is with your with the that is the what about it this your did not through i just it what you it it your the was not for the so what does that it did not through at all i my i are you it did not through it not so what do i to do then do i to again so do you an a i do i i to it so what is the if you a i will just a another from you so we can this but your does not and then you,Fraud,Fraud
235,Fraud,"Agent: Hello? Caller: Hi. Hey, [NAME]. It's [NAME]. Agent: Oh, hey, [NAME]! [curious] What's up? Caller: Hi. Caller: Were you able to get the [ACCOUNT]? Agent: Oh, [nervous] is everything okay? You sound, like, serious. Oh, um, [nervous] I was trying to, but my [ORG] app is, like, totally not loading right now. It's being so slow. Caller: Okay. Alright. Is there any way you can send me a picture o",it is what is up were you to the is you i was to but my is not now it is being so is there any you can me a of the so i can at the a of it i do not if i can a is that it is it is just to me i just if if i can on there i i can i so on i just have to it in my it is a in here i i it so it is a do you me to just you the you can me the one more it is and then it is and the on the is one did you that i ,Fraud,Fraud
236,Normal,"Agent: Hello? Caller: Hi. I'm calling for miss [NAME]. Agent: Yes, [calm] this is [NAME]. [curious] Who's calling, dear? Caller: Hello? My name is [NAME], and I'm with [ORG] on behalf of [ORG] on a recorded and monitored line. About the request you just made online for [ORG]. Agent: Oh, [confused] the request? I don't really remember making a request online, dear. [curious] What was it about exact",i am for this is who is my is and i am with on of on a and about the you just for the i do not a what was it about so if you to we are for for i the that over on the that is is it is a and that would be the that had but it the is on the the is but in the it so that is why i am out though did you not have a for i i might have you on my to all that but he is been a while now so what of is this with ,Normal,Normal
237,Normal,"Agent: Hello? Caller: Hey, [NAME]. My name is [NAME]. I'm responding to an application you submitted with [ORG] for health insurance. Are you looking for an individual or family plan? Agent: Oh, [curious] the health insurance application, yeah. Um, I'm looking for a family plan. Caller: Family plan? Agent: Yeah, [nervous] I got a couple of teenagers, you know. So, uh, what's this about? What do yo",my is i am to an you with for are you for an or the i am for a i a of you so what is this about what do you from me just to what of you are for so i am from your was to us because we are with most in the so i am to you your and the that you at the are you are you i am through my but i am just to what is out there you there is you out there and you to at a at and what is you what is on so and you a,Normal,Fraud
238,Normal,"Agent: Hello? Caller: Good morning. Agent: Oh, good morning. [confused] Who is this, please? Caller: Hi. Good morning. May I speak with [NAME]? Agent: [confused] [NAME]? Oh, you mean [NAME]. [calm] That's me. How can I help you? Caller: Hi. Yeah. Good morning. This is [NAME] with [ORG]. On a recorded line. I'm following up on a request regarding your [ORG] plans. Um, so what I'd like to do is get ",who is this may i with you that is me how can i you this is with on a i am up on a your so what i would to do is you over to a they can that with you i i did out about that you a while so what of are we about here but before i you over to that do you have your my i i do not if i have it here do you the or it is it is not a but it does out with still i would have to for it you can not you just me a,Normal,Normal
239,Fraud,"Agent: Hello? Caller: Hi. This is [NAME] from [ORG]. I'm calling about your recent request Agent: Oh, [curious] my recent request, is it? Yeah, I'm [NAME]. What can I do for ya, [NAME]? Caller: for a licensed health insurance agent to contact you. Caller: Are you looking for individual plan or a family plan? Agent: Oh, right, [confused] yeah, the health insurance. I was... uh... looking for meself",this is from i am about your my is it i am what can i do for for a to you are you for or a the i was for you an what is this all about now so so this is from which is and can in most so since that you are for for yourself we can you with that are you on or no no i am not on either of those not yet i am just you to out me you with up and all it is a of a you so what of have you then so that is so m,Normal,Normal
240,Normal,"Agent: Hello? Caller: Hello? Agent: [calm] Hello? Yes, this is [NAME]. Who's calling, dear? Caller: Good afternoon, [NAME]. My name is [NAME], and I'm with [ORG]. Agent: [curious] [ORG], you say? Mm-hmm. And what can I do for you, [NAME]? Caller: Well, if you can still remember, we talked last week, and we have we are supposed to have a callback today from last week. Caller: It's about your [ORG] ",this is who is my is and i am with you and what can i do for you if you can still we and we have we are to have a from it is about your i just to because i do a here that you you that your that you were that your will not be here in our we did you my is not what it to be what were we about we i i do not that my is not what it to be you what did we about with my the and a the and a i i do not that ,Normal,Normal
241,Normal,"Agent: Hello? Caller: Hi. This is [NAME] with [ORG]. On a monitored or recorded line. Trying to reach [NAME]. Agent: [curious] Oh, yes, that's me. What's this about, dear? Caller: Oh, you requested a call, so we're just following up to see how we can help you. Agent: [confused] I requested a call? Oh, um, I don't recall doing that. [curious] What kind of help are we talking about? Caller: Uh, Inve",this is with on a or to that is me what is this about you a so we are just up to how we can you i a i do not doing that what of are we about you a from so we are just up on the you i do not i do not even have a are you you have the this is the that was on the i if you so and what does for me we can you your your your on how you there there are there are to the that you are to to towards should jus,Normal,Normal
242,Normal,"Agent: Hello? Caller: Hi. This is [NAME] on a recorded line. We're [ORG]. Contacted mister [NAME]. On a two thousand six Acura. I just need to verify a couple things with you. Are you still in the ZIP code of [ZIP]? Agent: Oh, [confused] Mr. [NAME]? No, dear, my husband [NAME] passed a couple years ago. This is [NAME]. But yes, [calm] I'm still in the [ZIP] zip code. What was this about the Acura?",this is on a we are on a i just to a with you are you still in the of no my a this is but i am still in the what was this about the we was to if you would to on your the that is this about the or that just in you have just in you have with your and you that would be a of the you but i am not so with that that would be a of the you so how does this so now we will if if is up to if you have i if you,Normal,Normal
243,Normal,"Agent: Hello? Caller: Hi. Is this [NAME]? Agent: Yes, this is [NAME]. [curious] Who's calling, please? Caller: Uh, this is yeah. This is [NAME] from [ORG] recorded line. Caller: You looking to purchase a new home security system today? Agent: Oh, [uncertain] alright. Oh, [confused] a home security system... I mean, I suppose so. What — what exactly is this about? Caller: Uh, you submitted your inf",is this this is who is this is this is from you to a a i i so what what is this about you your for a and we are just you a to over any you might have i i did that when when was that again i do not i am just you to if you are for an i i am in you so what of do you have this would be for an so we would in the and so that if from the we would you a and then the i so the the and that is that is how it,Normal,Normal
244,Fraud,"Agent: Hello? Caller: Yeah. Hi. This is [NAME] on a recorded line. I'm calling because it looks like you were, uh, looking for a loan. Agent: Oh, right, [curious] yeah, the loan. What about it? Caller: Were you inquiring about a loan? Were you were you did you want how much are you looking to get? Agent: Well, I was — [uncertain] I mean, I was looking into it, but I haven't really decided yet. Wha",this is on a i am because it you were for a the what about it were you about a were you were you did you how much are you to i was i i was into it but i have not yet what of do you have we have and we have and what is the between those so a would be a that you would just for a or your through would be if you have and we would you of that you had in and and those can be and we would you a at a so y,Fraud,Normal
245,Fraud,"Agent: Hello? Caller: Hi. Is this mister [NAME]? Agent: Yes, yes, [curious] it's [NAME]. Who is this, please? Caller: Nice to meet you. My name is [NAME]. I'm a licensed insurance agent with [ORG]. I'm on a Caller: recorded and monitored line. How are you doing today? Agent: Oh, okay. [confused] [ORG]? Oh, [calm] okay. I am doing well, thank you. What can I do for you, Mr. [NAME]? Caller: Good. So",is this it is who is this to you my is i am a with i am on a and how are you doing i am doing you what can i do for you so the i am is i am up on a we for about does that to you at all the that is i was into that i am i a of you then so i was just if you had to over your because i we could you an that could you some i have a few i am you to what there are i will i just a of and then just you some ,Normal,Normal
246,Fraud,"Agent: Hello? Caller: Yes, [NAME]. Please be at [NAME]. Agent: [confused] [NAME]? Oh, um, I don't think I know an [NAME]. What's this about, dear? Caller: And [NAME]. Agent: [confused] [NAME]? Oh, you mean me? Well, yes, that's me. [curious] What can I help you with? Caller: My name is [NAME]. I'm with [ORG]. I received your request in the [ORG] to review your tax relief options, and we had an app",be at i do not i an what is this about and you me that is me what can i you with my is i am with i your in the to your and we had an to you a for a the i i i out about that you what of are we about i am not one of the so i to with you and you with i am in a you are in a i i do not do to all that and he is been now is this i can just to about not now i would have to some from you and you on one of ,Normal,Normal
247,Fraud,"Agent: Hello? Caller: Hello. May I speak with [NAME]? Agent: This is [NAME]. [curious] Who's calling, please? Caller: Yeah. This is [NAME] from [ORG]. We received an application for you regarding our debt settlement program. For people who need help with their debts. We don't secure debts or loans or credit cards. Is that what you're currently interested in right now? Agent: Oh, [confused] the deb",may i with this is who is this is from we an for you our for who with their we do not or or is that what you are in now the i i that in what was that about again we which is to up up with the when they have and that is what we could you with at this me your i just one how much do you you are in now to all that you i am not do you have that there i could it by your with the which we can up with you,Fraud,Normal
248,Fraud,"Agent: Hello? Caller: Hi. May I speak with Caller: this is [NAME] with [ORG] on a recorded line. Agent: Oh, hello. [calm] Yes, this is [NAME]. Who's calling, dear? Oh, [confused] hello. Who is this again, dear? Caller: [NAME]? [NAME]. Agent: Oh, [NAME]. Yes, that's me. [calm] What can I do for you, dear? Caller: Hello? Agent: Yes, [calm] I'm here. What were you saying? You said your name was [NAME",may i with this is with on a this is who is who is this again that is me what can i do for you i am here what were you you your was this this is with on a and i was up on your your my i i did about that what of are we about what i would to do is you to the so they can to if you are for any that may be in your that and this would not me would it for them to just before i you over there and what of ,Normal,Normal
249,Fraud,"Agent: Hello? Caller: Hi. Is this [NAME]? Agent: No, dear, [confused] this is [NAME]. [NAME]. Caller: Okay. Yeah. That's what I, uh, have on here. This is [NAME] from [ORG] on a recorded line. How are you doing today? Agent: Oh, well, I'm doing just fine, [NAME]. [curious] What can I do for you? Caller: Well, we're just calling. It looks like you, um, put in some information on our, uh, website. S",is this no this is that is what i have on here this is from on a how are you doing i am doing just what can i do for you we are just it you in some on our so we are just to if we can through the to you out with your the i do not doing that myself you to all that which was that again this is i i could have my he a and i am still to a on all the you so what of are we about i do not that is what i am,Fraud,Normal
250,Fraud,"Agent: Hello? Caller: Hello? Agent: Hello, dear? [curious] Who is this? Caller: Hey. Can you hear me? Agent: Yes, I can hear you fine, dear. [curious] Who did you say you were? Caller: Hey. This is [NAME]. I was just calling here Caller: Just calling about your final expense insurance request that you had sent in. Do you remember that? Agent: Oh, [surprised] the insurance request? Yes, I think I d",who is this can you me i can you who did you you were this is i was just here just about your that you had in do you that the i i did that what about it i am just here were you to or some on i am not to be to all that you what of are we about what is the you have now or are you to i have some i but i am not if it is the you what are the so it just on your and that so how are you i am and my it is ,Normal,Normal
251,Fraud,"Agent: Hello? Caller: Hello, [NAME]? Agent: Yes, this is [NAME]. [curious] Who's calling, please? Caller: Hi. Yes, this is [NAME] on a recorded line. Agent: [NAME], [calm] all right. And what can I do for you, dear? Caller: Yep. Uh, I was just reaching out in regards to a inquiry submitted online for help. Caller: With financial assistance it looks like. Let me look at your profile. Yep. An inquir",this is who is this is on a all and what can i do for you i was just out in to a for with it me at your an that you an what of was that i do not out an i do not i to do all that you what of are you about i am not much for the myself my he was the with all that so what was this about again am i with a you are did you i was one of those can you me it a i am am i with the so it you just out it you ou,Fraud,Normal
252,Fraud,"Agent: Hello? Caller: Hi. Um, good afternoon, miss [NAME], please? Hello? Agent: [confused] [NAME]? Oh, you mean, uh, Mrs. [NAME]. My husband was [NAME]. Caller: Miss [NAME]? Caller: Yeah. Agent: Oh, [confused] yes, that's me. Oh, [confused] hello? Yes, this is [NAME]. Who is this, please? Caller: Hi, miss [NAME]. This is [NAME], the life insurance um, agent you were speaking to. You'd given me yo",you my was that is me this is who is this this is the you were to you would me your but i am to the in the to the that the out but it is out as not the i do not have any are you you have the you no no no no no no no i i you had me your but i it in the and it is up as not you there is no for that my is not i have here for you what did you have i do not on i am on are you you have the i do have the ,Normal,Normal
253,Fraud,"Agent: Hello? Caller: Hi. I was calling for [ORG]. Agent: [ORG], [curious] is that like, um, insurance or something? Caller: Hello? Oh, no. Not eight. No. Uh, uh, I gotta I'm sorry about that. I'm calling from, uh, a law firm, um, [ORG]. Somebody put in a a request for some assistance on an installment agreement with the [ORG], and so I was just following up on that. Agent: Oh, [confused] the [ORG",i was for is that or no not no i i am about that i am from a in a a for some on an with the and so i was just up on that the i do not in a for that what of are we about you i am i at a us a through our our our i some with an off and and if that was not you then i am i am for for you the to all that you he was so with so what does this for me now i i have no this is the we have so i am not what is ,Fraud,Normal
254,Fraud,"Agent: Hello? Caller: Hi. This is [NAME] with [ORG] on a recorded line. Is this [NAME]? Agent: Yes, this is [NAME]. [calm] How can I help you, dear? Caller: Yes. I was following up with you about information regarding financing options on your home. [ORG] has a new five by five program where we can now approve some loans in as little as five minutes and funding within five days. Are you the homeow",this is with on a is this this is how can i you i was up with you about on your has a by where we can now some in as as and within are you the at that is my and what was this about again so i am you a few and then you with a that can a that your are you or i am been for now and what of are we about here that is that is the the is do a with you and out what the one is for you if there is one are yo,Fraud,Normal
255,Normal,"Agent: Hello? Caller: Hello. How are you? This is [NAME] calling from [ORG] speak with [NAME]? Agent: Oh, [calm] yes, this is [NAME]. [NAME], you say? What can I do for you, dear? Caller: Hi. I'm calling because we received your online request to obtain information pricing on windows and doors. Um, for what I see, I could help you out with your project. Is that okay? Agent: Oh, [confused] windows ",how are you this is from with this is you what can i do for you i am because we your to on and for what i i could you out with your is that and i do not out a for that you my he to all those what are you with again and this was an you i am not with so i am not how i would have done that did it when i it out i am not i just have your here i have your and the and where you are i i do in that is so w,Normal,Normal
256,Fraud,"Agent: Hello? Caller: Hi. Is this [NAME]? Agent: Yes, this is [NAME]. [curious] Who's calling, please? Caller: Hey. This is [NAME] with [ORG] on a recorded line. How are you today? Agent: Oh, hello, [NAME]. [calm] I'm doing alright, just enjoying the sunshine here in Sarasota. [curious] What can I do for you, dear? Caller: Well, just wanted to confirm. You just confirmed you're in Florida. So, um,",is this this is who is this is with on a how are you i am doing just the here in what can i do for you just to you just you are in so just to over your with you about your so i could how to from there we could you a you through the and and your does that my i do not out about my you how did you my these are that in and this one does not but they in from either or a so i do not any about my are you,Fraud,Fraud
257,Normal,"Agent: Hello? Caller: Hello? Miss [NAME]? This is [NAME]. Agent: [confused] [NAME]? Oh, no, dear, it's [NAME]. E-D-N-A. Did you say [NAME]? Caller: Yes. I said [NAME]. I didn't say [NAME]. How are you? Caller: How are you today? Agent: [calm] Oh, my apologies then. It's just sometimes these phones, you know. [curious] I'm doing all right, dear. [calm] Oh, well, my hearing isn't what it used to be,",this is no it is a did you i i did not how are you how are you my then it is just these you i am doing all my is not what it to be you i am doing all what can i do for you did you my that i you the i do not i did my he all that for me what was it about you a the and i was to you about the but my was for so now i am to if you you the that i i it to you it is the that we have your and that the you f,Normal,Normal
258,Normal,"Agent: Hello? Caller: Hello? Agent: Oh, [curious] hello? Caller: Hello? Hi. This is [NAME] here at [ORG] with [ORG]. I was trying to get a hold of [NAME] for a quote. Agent: Oh, um, [uncertain] yeah, that's me. What's this about? Caller: Well, it's about a quote for an alarm system. Are you still interested in an alarm system? Agent: Oh, um, [uncertain] an alarm system quote? I think so? I mean, I",this is here at with i was to a of for a that is me what is this about it is about a for an are you still in an an i so i i was into so what of do you have so what of do you have you are out i was just what of do you have we have the where we in a an a and it it is a it has a for and and if you you can through it if not then it a of and and it to you you are our it with one and then one so we out ,Fraud,Normal
259,Fraud,"Agent: Hello? Caller: Hi, [NAME]. How are you? Agent: Oh, [curious] I'm good, um, who's this? Caller: Good. Good to hear. Agent: Okay... [confused] who is this, though? Caller: This is [NAME]. Caller: With [ORG]. So we just spoke to you right now. Caller: About helping you with your tax debt, helping you eliminate or reduce your tax debt. Caller: And we completed your your application. Uh, so I'm ",how are you i am who is this to who is this though this is with so we just to you now about you with your you or your and we your your so i am you to you the we just i do not i do not we did what is this about the i i do not if i have but i did have some about my you the so i just have to and just some of your your we have your as that is me that is your of is so what do i to do do i have to to a ,Fraud,Fraud
260,Normal,"Agent: Hello? Caller: Hi. This is [NAME]. Agent: Yes, [calm] this is [NAME]. Who's calling, dear? Caller: It's [NAME] from [ORG]. Caller: [ORG] again. I am at try again. I called you about a week ago. Um, [NAME] from [ORG] gave us your contact information and said that you might be interested in senior services. But I'm not sure if that meant, like, services for someone with a cognitive impairment",this is this is who is it is from again i am at again i you about a from us your and that you might be in but i am not if that for with a or not which is what our does what can i do for you from i me what was this about again i so many you now what of were you about again so it is a it is for with with a you i do not i do not i have one of those what i did no i do not i do not she you did there wa,Normal,Normal
261,Normal,"Agent: Hello? Caller: Yes. Hello. This is [NAME] with [ORG]. How are you doing today, ma'am? Agent: Oh, hello. [calm] I'm doing all right, dear. Just enjoying the Sarasota sunshine, you know. [curious] What can I do for you, [NAME]? Caller: Yeah. Definitely. Definitely. I was just giving you a quick call because I see that you had, uh, got a quote for your property in Sirota. [ZIP]. And I was just",this is with how are you doing i am doing all just the you what can i do for you i was just you a because i that you had a for your in and i was just if you had any about the that i can for you or you a than what they did a for my i do not doing that my he to all those but he a now are you you have the i have i i could have you at my to me how to the but it is all so much so what of is this that i,Normal,Normal
262,Normal,"Agent: Hello? Caller: Well, a place to go to [ORG]. Agent: [ORG], [confused] hmm. Is this about, um, the new [ORG] plans? Caller: Uh, you submitted a request on my website to talk about [ORG]? Agent: Oh, [surprised] I did? Goodness, I don't recall... But [curious] what exactly were you hoping to talk about with that? Caller: Uh, well, it's it's it's more like what what were you looking to speak to",a to to is this about the you a on my to about i did i do not but what were you to about with that it is it is it is more what what were you to to me about because you are out to me so what do you have i i am just to what the the is you my he all that it is all so now so what i have you is this the you are that is and what does my have to do with the i am to what you are on because you may or i i ,Normal,Normal
263,Fraud,"Agent: Hello? Caller: Hi. Uh, is this [NAME]? Agent: [confused] [NAME]? Oh, no, [slight pause] this is [NAME]. You might have the wrong number, bless your heart. Caller: Hi. Uh, this is [NAME] with [ORG]. On a recorded line, and, um, I'm, uh, calling to let you know that we finished reviewing your debt consolidation application, And, yeah, I just wanted to see if you might have a moment so we coul",is this no this is you might have the your this is with on a and i am to you that we your and i just to if you might have a so we could over it and through your my i that i i am at now but i can for a what is what is the to and is on my i am you with your in just a and they will you through what for you so you have one to about i can you with my just for a you so i am then that is one now for that,Fraud,Fraud
264,Fraud,"Agent: Hello? Caller: Hello, [NAME]. Hello? Agent: Yes, [calm] this is [NAME]. Who's calling, please? Caller: This is [NAME], and we were just talking about your your [ORG]. Agent: Oh, [curious] [ORG]? Yes. What about it? Caller: Yes. Caller: Uh, do you remember talking to me? Agent: Are you, [curious] are you with the government, or...? Well, [confused] I talk to so many people these days, you kn",this is who is this is and we were just about your your what about it do you to me are you are you with the or i to so many these you what was it we were about so i was to you with your and i was for your to what your was you were me that what of were you my i do not that out over the you is this about a or my i do not if i have that here my i do not that out over the you is there a you it now and,Normal,Fraud
265,Normal,"Agent: Hello? Caller: Hello? Recorded. Hi. [NAME]? Agent: Yes, [confused] this is [NAME]. Who is this, please? Caller: Hi. And, uh, this is [NAME] with [ORG]. We got your inquiry online saying maybe you're need some [ORG], uh, options. Agent: Oh, [surprised] [ORG]? Well, um, yes, I think I did look into that, you know. [curious] What kind of options are we talking about? Caller: Well, you're looki",this is who is this and this is with we your you are some i i did into that you what of are we about you are for i i i am my he all that but he you so what do you have for me i i had to have a a of what you are for are are are you on are you to what is your my i am you i have been on for a while now is this about my or again we were out by you so we are to of what you are for so if if you me a of ,Normal,Normal
266,Fraud,"Agent: Hello? Caller: Anna. Agent: Anna? [confused] Oh, Anna. [curious] What can I do for you, dear? Caller: Meow. Agent: [confused] Meow? Oh, [chuckling] that's a funny way to start a call. [curious] Did you say your name was Anna? Caller: Shut up. Agent: Well, [worried] that's not very polite, is it? [curious] What is this call about, dear? Caller: Wait. Wait. Wait. Wait. Wait. Wait. Wait. Calle",what can i do for you that is a to a did you your was up that is not very is it what is this about we are if you are a i am is on your if i am a i am just what are you about then what is it what is it it is of why do you because you are you are a we it is your and my no i am it is i my you why would you i am a my is with my my my must be on me then so what were you about if not the and what do you,Fraud,Fraud
267,Normal,"Agent: Hello? Caller: Good afternoon. Speaking with miss [NAME]? Agent: Yes, this is [NAME]. [curious] Who's calling, please? Caller: Hi. This is [NAME] calling with [ORG]. Agent: Oh, [ORG]? [confused] I don't think I know that one. [curious] What's this about? Caller: Yes. I Caller: It looks like you have requested a quote for a, um, a motorcycle at twenty fifteen Honda. Agent: Oh, [ORG]? [confus",with this is who is this is with i do not i that one what is this about i it you have a for a a at i do not i that one what is this about the i did that i to all that what about it i will just you a because we had a so we can you a a that and i was just if you had to to me that or do you me to you an with what i i do not do much myself my you he me with that what of do you and is this for the on t,Normal,Normal
268,Normal,"Agent: Hello? Caller: Hey, [NAME]. Caller: Uh, my name is [NAME] over here at [ORG]. I am reaching out to you. I had received your online window inquiry from one of our partners for the free window consultation. Agent: Yeah, that's me. [curious] Who's this? Oh, [curious] the window thing? Yeah, okay. What's up with that? Caller: Yeah. Yeah. Yeah. Yeah. Caller: So I was just reaching out to you, uh",my is over here at i am out to you i had your from one of our for the that is me who is this the what is up with that so i was just out to you up with you on that what of or if any were you having with your i was into that so what is the with it is it a or i the the they they just there you nothing i but the for what is the with the how are your i do not i they are the you so that does that a do t,Normal,Normal
269,Normal,"Agent: Hello? Caller: Hi. This is [NAME]. I'm calling from [ORG]. In [ORG] on a monitored or recorded line. Is this [NAME]? Agent: Oh, [calm] yes, this is [NAME]. [ORG], you say? What's this about, dear? Caller: [NAME]? Uh, [ORG]. It's with [ORG] in Caller: [ORG] in [ORG]. Agent: Oh, [confused] [ORG]? I thought you said [ORG]. My hearing isn't what it used to be. What can I do for you, dear? Oh, [",this is i am from in on a or is this this is you what is this about it is with in in i you my is not what it to be what can i do for you i and what was it you were about did i for and what about it did i did i up for you some or was just around that is what we do we just to i my my is to just that you and then if we can you some some and then we we have to the of your so that is what i do i do not,Normal,Normal
270,Fraud,"Agent: Hello? Caller: Hi, [NAME]. Agent: Yes, [curious] who's this please? Caller: Hi. This is [NAME] at [ORG]. We're on a recorded call. How are you doing today? Agent: Oh, [calm] hello [NAME]. I'm doing alright, thank you. Um, what can I do for you? Caller: So you're online chatting with one of my assistants, and I'm calling for your appointment. Caller: The notes say you're looking for help to ",who is this this is at we are on a how are you doing i am doing you what can i do for you so you are with one of my and i am for your the you are for to off some or is that my i do not i what was it about again i i do not that but i i am for with you so what of are we about so if you up and how much would you you are with now me it is it is a you i would around that is just a off the of my of and ,Fraud,Normal
271,Fraud,"Agent: Hello? Caller: Hello? Can you hear me? This is [NAME] on a recorded line. Am I speaking with Agent: Yes, yes, this is [NAME]. [curious] Who is this, please? Caller: [NAME]? Hello? Agent: Yes, this is [NAME]. [confused] Can you hear me now? Caller: Can you hear me? Caller: Uh, what yes. We have received your request for some assistance with your debt. Caller: So I'm contacting you looking fo",can you me this is on a am i with this is who is this this is can you me now can you me what we have your for some with your so i am you for the on your just me a i can here that me i can you who is this my i i you what about my my i i you now what is this my you i you my i i do not for with my were you for a or for a the i was just into you what can you do for me my that is with all of your and t,Fraud,Fraud
272,Fraud,"Agent: Hello? Caller: Hi. I have exciting news in regards to new tax forgiveness programs and you may be able to qualify. We help thousands of people just like you cancel out or have their tax debt completely forgiven even if they've been turned down in the past. Caller: This isn't like the old programs. This is due to the new administration, and I do not want you to miss out. Stay on the line, an",i have in to and you may be to we of just you out or have their even if they have been in the past this is not the this is to the and i do not you to out on the and i will you you that now what is this all about you now that it does i am for a of with the are so what is this all about then we have your on the with this on the and the will you for and may be or me so i am to about me then my is it ,Normal,Normal
273,Fraud,"Agent: Hello? Caller: Is this [NAME]? Agent: Yes, [curious] it is [NAME]. Who is this, please? Caller: Hi, [NAME]. This is [NAME] at [ORG] calling here on a recorded line. Caller: Um, I have some notes that say you need some help getting out of debt. Uh, is that correct? Agent: Okay, [NAME]. [uncertain] How can I help you, my friend? Oh, [uncertain] yes, the debt. Yeah, that's right. I'm just tryi",is this it is who is this this is at here on a i have some that you some out of is that how can i you my the that is i am just to what is this about we are an we for a of to out of so what are you with how much are you with now i i have some you what of do you have it on what you are with so what of do you have how much is it a of of i have you from i have you some and i it is around that and how ,Fraud,Fraud
274,Fraud,"Agent: Hello? Caller: Hello, mister [NAME]? Agent: Yeah, [curious] who's this? Caller: Hello? Caller: My name is [NAME]. I'm a Caller: calling you regarding an inquiry you made to our website for [ORG]. Agent: Yeah, this is [NAME]. [curious] Who's calling? Hey [NAME], [impatient] what's up? I'm kinda busy here. Oh, okay, [confused] yeah. [ORG], right. What's — what's this about? Caller: Well, you ",who is this my is i am a you an you to our for this is who is what is up i am here what is what is this about you a on our i i was into some what do you from me me you is the that you them some that is they are it is a what is the with that and it is not the it is the the what is what is the there it what the is but most if it is a we can not you that does not us to for but for the there are that ,Fraud,Fraud
275,Fraud,"Agent: Hello? Caller: I love you. Agent: [confused] Oh, um, hello? This is [NAME]. [curious] Who is this, please? Caller: Call. Caller: I love you. Agent: [confused] Call? I'm sorry, I don't quite follow. [curious] Did you mean to call me? [confused] I'm sorry, I... I don't quite understand. [curious] Did you say you love me? Caller: Yeah. Agent: [nervous] Oh. Well, that's... that's certainly a se",i you this is who is this i you i am i do not did you to me i am i i do not did you you me that is that is a may i who is we on a a i do not i was with my are you you have the now your the my is i i had not about that who is she no i she is a i i what is this about then she is a your is a i i so is there you are about or i i you your but i am not this is the for it is there you from me you are a t,Fraud,Fraud
276,Normal,"Agent: Hello? Caller: Hi. Agent: Ah, hello there. [curious] Who's this now? Caller: [NAME]. Agent: [NAME], [curious] is it? And what can I do for ya, [NAME]? Caller: So yes, Okay. You told me Columbia Road. Right? Agent: Columbia Road, [confused] yeah. What about it? Caller: You told me about Columbia Road. Right? Agent: Oh, Columbia Road! [nostalgic] Aye, that's right. I was just talkin' about it",there who is this now is it and what can i do for so you me what about it you me about that is i was just about it was not i the you what about it now you you you that i did many a i have had on i what about it now i i i it i am on the of and is that near you you are there now are i will be that is that is and what are you that is you are near me me just the which if you are on the of and you are ,Fraud,Normal
277,Fraud,"Agent: Hello? Caller: Hi. Is this, uh, [NAME]? Agent: [curious] Aye, 'tis [NAME]. Who's this now? Caller: This is [NAME]. Hi. My name is [NAME]. I'm a licensed insurance agent with [ORG] on a recorded and monitored line. Um, I kinda work with people who have, uh, [ORG] parts a and b. Uh, to see if they may be eligible for some extra benefits and allowances or kinda any way to help put money back i",is this who is this now this is my is i am a with on a and i with who have a and to if they may be for some and or any to in your do you have i do i do what is this about i with you having a and you there are some in that can you some you your and all do you that i i have a of and i some but it is not you what of are we about here they are is it i have the but i do not what they are what is the th,Normal,Normal
278,Fraud,"Agent: Hello? Caller: Hi, [NAME]. This is [NAME] from [ORG] on a recorded line. How are you today? Agent: Oh, hello [NAME]. [calm] I'm doing alright, dear, just had my lunch. [curious] What's this about, [ORG]? Caller: Yes. So, um, I do see here that your application online filtered into our one on one phone Caller: call consultation. Um, it is a debt settlement company to assist you with your deb",this is from on a how are you i am doing just had my what is this about so i do here that your into our one on one it is a to you with your to and for you to i do here that you have in is that my i do not out an for are you you have the an i do not i to do all that for me but i am in that is so what we are be doing over the is i am you a about your how i can you there you with some and and your ho,Fraud,Fraud
279,Fraud,"Agent: Hello? Caller: Hi. This is [NAME] with the [ORG] on a recorded line. How Caller: are you? Agent: [confused] [ORG]? Okay. Uh, [curious] what's this about, [NAME]? [confused] [ORG]? Okay, [NAME]. I'm good, [curious] what's this about? Caller: Hello? Well, I received an inquiry that you were in Caller: involved in an accident that was not your fault. Is that correct? Agent: Yeah, yeah, I'm her",this is with the on a how are you what is this about i am what is this about i an that you were in in an that was not your is that i am here what was that you an that i was in what the that is what about it so can you the i i it was when it it was i it was it was and were you in that i was still with some of that you what is this to do with though this is a about your if you are in that the so wha,Fraud,Fraud
280,Fraud,"Agent: Hello? Caller: Hi. This is [NAME] calling from [ORG] on a recorded line. Am I speaking with [NAME]? Agent: [calm] Yes, this is [NAME]. What can I help you with, dear? [ORG], you said? Caller: Hello? Again, hi. This is [NAME]. Oh, Caller: yeah. Hi. Good morning. Um, this is [NAME]. Calling from [ORG]. Caller: Well, we received your inquiry for that assistance. So let me go ahead and confirm ",this is from on a am i with this is what can i you with you again this is this is from we your for that so me and the you just to you are in the of did you or i am my is not what it to be i you what was that again are you still there i you were i am here can you me i can you i just i am a you now then you i am in you so you are in the of did you because i am in the i but i am in is that what you h,Fraud,Fraud
281,Normal,"Agent: Hello? Caller: Hello? Hi. Is this [NAME]? Agent: Yeah, [curious] who's this? Caller: Hello? Agent: Yeah, this is [NAME]. [curious] Who's calling? Caller: Hi, [NAME]. My name is [NAME]. I'm a qualifying specialist with [ORG] on a recorded and monitored line. Caller: I'm following up on the request, uh, we received for information about [ORG]. How are you this evening? Agent: Okay. [confused]",is this who is this this is who is my is i am a with on a and i am up on the we for about how are you this what is this about the i am what is up you are doing i am to that as i i am a so i am not a my is to the of that you are for and then i will be to your in then you with my who would who is a that would be to you you further so this is about my so what do you from me then that so what do you f,Normal,Normal
282,Fraud,"Agent: Hello? Caller: Is this [NAME]? Agent: Yeah, [curious] it is. Who's this? Caller: Hi, [NAME]. This is [NAME] from [ORG] on a recorded line. How are you this morning? Agent: Oh, hey [NAME]. Um, [nervous] I'm good, just heading into work. What's up? Caller: Yeah. I'm just, uh, returning a call. You filled out an online inquiry, uh, pertaining to assistance with your debt. Caller: Uh, are you l",is this it is who is this this is from on a how are you this i am just into what is up i am just a you out an to with your are you in the the no i am in because i it up in and i just to i was not that this did not you so so is there a to you when you will not be at no you are i am up me so what was this about again my i i am on the so we can just now if it is what was the the about again my what y,Fraud,Normal
283,Fraud,"Agent: Hello? Caller: Hello. This is [NAME] with [ORG]. I was following up on the inquiry you submitted for debt relief. Agent: Oh, [curious] okay, yeah. I mean, I've been looking into a few things for my student loans, you know? Bless it, those things are a lot. Caller: Okay. Alright. Um, mean, we'll all we have to do is just do a soft credit pull. Uh, to do a debt evaluation to see how much debt",this is with i was up on the you for i i have been into a few for my you it those are a we will all we have to do is just do a to do a to how much you are with so you are do a that will not my or i am to be about that that is it is a not a that is so what do you from me to do that i just you to your and it is that is a one and then your so what all does this is it just or other too it is in you an,Fraud,Fraud
284,Fraud,"Agent: Hello? Caller: Hello? Agent: Yeah, [curious] who's this? Caller: Yes. Um, yes. This is not as okay. You're going from [ORG] on a recorded line. Is [NAME]? Agent: Yeah, this is [NAME]. [confused] What's up? Caller: Yeah. So I'm just following up in regards to your inquiry to the website. Caller: Can I confirm that you're in the state of California? Agent: My inquiry? [confused] Oh, okay, yea",who is this this is not as you are from on a is this is what is up so i am just up in to your to the can i that you are in the of my what was that about again i a few out you the i am in so what is this about then you are with me just that is a now is a we with so we are the one a with them for you to your as so what do i do so you with the and that so we are so we are do a a where you will the so,Fraud,Normal
285,Normal,"Agent: Hello? Caller: Yeah. Hi. You're speaking with miss [NAME]? Agent: Yes, this is [NAME]. [curious] Who's calling, please? Caller: Uh, [ORG], my name is [NAME]. I believe you remember uh, yesterday, we had a word regarding your medication services. Caller: So I just wanted to confirm, like, have you spoke to the agent Caller: and have you gotten the place? Agent: Oh, [confused] [ORG]. Right. I",you are with this is who is my is i you we had a your so i just to have you to the and have you the i to what was it about again my is not what it to be the i am not i that what was it about again that is the what of are we about i do not that what was it you were with that now who did you you were with again was it or so you were all with that the why i am you now there is one more for you that i,Normal,Normal
286,Fraud,"Agent: Hello? Caller: Hello? Agent: Oh, hello dear. [curious] Who is this? Caller: This is [NAME] with [ORG] calling for [NAME]. Agent: Oh, yes, that's me. [calm] [NAME]. [curious] And you're with, um, [ORG], you said? What can I help you with? Caller: Yes. Caller: Um, there was an online application filled out last night for a phone call for some information regarding a mortgage. Agent: Mm-hmm. [",who is this this is with for that is me and you are with you what can i you with there was an out for a for some a and what are you about an for a you did that out he to do all the you in i do not out that to all that you he a what of were you at i am not at a i have an it that was for some for a in i i might have you on by my are not what they to be so what of do you have for me then that is then,Normal,Normal
287,Fraud,"Agent: Hello? Caller: Hi, [NAME]. Agent: Yeah, [confused] who's this? Caller: [NAME]. Good morning. This is [NAME] on a recorded line. How are you today? Agent: Uh, good, [confused] I guess. What's up? Caller: Um, are you applying for a personal loan in debt consolidation, sir? Agent: Oh, the loan thing, [uncertain] yeah, I think so. What about it? Caller: So we're just following up see if you sti",who is this this is on a how are you i what is up are you for a in the i so what about it so we are just up if you still i over some in your for you what is up what do you so us here i am just some for you here i have that is me and us here i here is in we are that is my and the i i though so it is what is the one so on a so you are not at i to a while how was that so what is the what is the for a,Fraud,Fraud
288,Normal,"Agent: Hello? Caller: Hi. My name is [NAME] and I'm a live insurance agent with [ORG]. On behalf of [ORG] on a recorded and monitored line. How are you? Agent: Oh, [calm] I'm doing just fine, dear. [curious] And what was this call about again? Caller: I'm following up on a request to receive for information about [ORG] health plan options. Agent: Oh, [confused] a request? I don't recall... [long p",my is and i am a with on of on a and how are you i am doing just and what was this about again i am up on a to for about a i do not to all that you what of were you to so i was with you over the about what you are for as as that it could be and this is for you what of are we about so it is not for it is for this and or they and if you are they will you for and as for and that is and this is all of,Normal,Normal
289,Normal,"Agent: Hello? Caller: Hi. Is this [NAME]? Agent: Yes, [curious] it is [NAME]. Who is this, please? Caller: Hi, [NAME]. My name is [NAME]. I'm a qualifying specialist with [ORG] on a recorded and monitored line. Caller: Are you this morning? Agent: Okay. [curious] And what is this about, my friend? Oh, [nervous] okay. Yes, I am fine, thank you. What is this about, please? Caller: Of course. I'm jus",is this it is who is this my is i am a with on a and are you this and what is this about my i am you what is this about of i am just to up on the we for about just to how i can a the i i i what do i to do that is i can you over to a who can for you because i am just a not a so my is just to the of you are for then i can your and you over to a who can you does that that so what do you from me i i j,Normal,Normal
290,Normal,"Agent: Hello? Caller: Hi. This is [NAME] calling from [ORG] on a recorded line. Am I speaking with [NAME]? Agent: Oh, [calm] yes, this is [NAME]. Caller: Oh, hey, [NAME]. We spoke with you recently and connected you with [ORG] agent, and we wanted to check-in and see if you were able to find a policy that met your needs or if you're still looking for home insurance options. Agent: Oh, [curious] um",this is from on a am i with this is we with you and you with and we to in and if you were to a that your or if you are still for the i i did with i a few i i am still you what what do you have in but now are you still i i i am for you a i what what is this about i can you what was that again i was just you i am for a i what what is this about we can and for for you and how would you how would you ,Normal,Normal
291,Fraud,"Agent: Hello? Caller: Hi, [NAME]? Agent: [confused] [NAME]? Oh, no, dear, it's [NAME]. [NAME]. [curious] Who's calling, please? Caller: Uh, this is [NAME] with [ORG]. Agent: [calm] Oh, [ORG]. [curious] And what can I do for you, [NAME]? Caller: I'm responding to an in placed to get information about consolidating debt you have. Agent: [curious] Oh, the debt consolidation. Right. [confused] Now, wh",no it is who is this is with and what can i do for you i am to an in to about you have the now what of are we about again i so many we that has so you without to all that he was so with the so what does this for me but we do an and with the we over some with you a as to how we can i will over some with you and then i will your and any that you might have which are you in an you and what of would t,Fraud,Normal
292,Normal,"Agent: Hello? Caller: Hi. This is [NAME] with [ORG]. I'm calling for [NAME]. Agent: Oh, [curious] hey [NAME]! Yeah, this is [NAME]. What's up? Caller: Hi. I was just calling because I noticed you've inquired about auto insurance online. Is this something you're still interested in today? Agent: Oh, [confused] the auto insurance? Yeah, I guess so. I mean, I'm always looking to save a buck, you know",this is with i am for this is what is up i was just because i you have about is this you are still in the i so i i am to a you i that i how that is now for just so these it you have a few to over your so i can you a so what you i a few what of do you i just to your and then i to if you have had any or in the past just that and also what of what of you have what do you have for me just so i what we,Normal,Normal
293,Normal,"Agent: Hello? Caller: Good morning. Is this or sorry. Good afternoon. Is this [ORG]? Agent: [confused] [ORG]? No, dear, this is [NAME]. You must have the wrong number. But, [curious] who are you trying to reach? Caller: Can you hear me? Agent: Yes, [calm] I can hear you just fine, dear. I said this is [NAME], not [ORG]. [curious] Who did you say you were calling for? Caller: I'm looking for [NAME]",is this or is this no this is you must have the but who are you to can you me i can you just i this is not who did you you were for i am for a that is me how can i you so i am to you you have been on our a few at and so what can we do to i have been at that you my a and he all that so what of are you i do for and i also can do that is of you is this is this through itself or is it you so i am i am,Normal,Normal
294,Fraud,"Agent: Hello? Caller: Hello. May I speak with [ORG]? Agent: Oh, [confused] you mean [NAME], dear. That's me. Who's calling, please? Caller: Yes. This is [NAME] with [ORG]. Hello? Agent: Oh, [calm] okay, [NAME]. Hello. What can I do for you, dear? Caller: I'm following up on your online inquiry. Were you still looking for opt to resolve your debt? Agent: Oh, [surprised] my debt? Well, I mean, yes, ",may i with you that is me who is this is with what can i do for you i am up on your were you still for to your my i i i am to my what of are you about we an you that you had about in an i do not do much with you are you that was me i to all that i am i would i would not have any if who did it it just your and the that through i it could be my me out with you so what does this do for my we that you,Fraud,Normal
295,Normal,"Agent: Hello? Caller: Hello? Agent: Hello, [curious] who is this? Caller: Hey. This is [NAME] and I'm calling from [ORG]. Um, is this [NAME]? Agent: Oh, [satisfied] yes, this is [NAME]. [ORG], you said? I don't recall... [confused] What was this about, dear? Caller: Yep. So, um, it looks like you had request some information about [ORG] supplement. Caller: From [ORG]. So I'm I'm just giving you a ",who is this this is and i am from is this this is you i do not what was this about so it you had some about from so i am i am just you a up on that i have been to into that my he all that but he is been a now to all that you his so what of was it i for again my is not what it to be that is so it just through and it was over to me it just and it has and it it how can we and it i am in and it me to ,Normal,Normal
296,Fraud,"Agent: Hello? Caller: It's me again. Agent: Oh, [confused] again? I — I'm sorry, dear, my memory isn't what it used to be. [curious] Who did you say this was? Caller: Say the Lord is my savior three times fast. Why are you taking so long to respond? Agent: Oh, [confused] the Lord is my savior? Well, um, I pray every night, dear. But [curious] who is this again? I just... I don't recognize the numb",it is me again again i i am my is not what it to be who did you this was the is my why are you so to the is my i every but who is this again i just i do not the we just off the are you we did my is my my is my my is my my is my there now who are you do it again my is my my is my my is my are you to me who this is now i just i do not our do it my is my my is my my is my why do you me to that what i,Fraud,Fraud
297,Fraud,"Agent: Hello? Caller: Hello, [NAME]. This is [NAME] on our recorded line calling about the inquiry that we received from you. How are you today? Agent: Hi! [uncertain] Um, I'm okay. Inquiry? Caller: Just say I. Agent: I. Caller: Hello? Agent: [confused] Um, hello? Caller: Is this [NAME]? Agent: Yeah, [uncertain] this is [NAME]. Caller: And what is the goal that you're looking to accomplish, [NAME]",this is on our about the that we from you how are you i am just i i is this this is and what is the that you are to i am not what you i do not one you were not about a or the i i have so i i am of about that you what what is this about that is what i am to out what you about are you for with i i am for with my they are just a now is this about a we do have that is what i so what of are there how d,Fraud,Fraud
298,Fraud,"Agent: Hello? Caller: Hi. Is this [NAME]? Agent: Yes, this is [NAME]. [curious] Who's calling, please? Caller: Hello? [NAME] from [ORG] on a recorded line. How are you today? Agent: Oh, [calm] hello, [NAME]. I'm doing just fine, thank you. [curious] And what can I do for you today? Caller: I'm following up on an inquiry you put on our website. Do you remember this? Agent: Oh, [confused] an inquiry",is this this is who is from on a how are you i am doing just you and what can i do for you i am up on an you on our do you this an i i might have you out what was it about again it is for are you for with your my he all that but what of are we about here that does to all that but i am i did so what of you are can you the you in i am in you why do you is that for this there is on what you in so jus,Fraud,Fraud
299,Normal,"Agent: Hello? Caller: Hi. Is this [NAME]? Agent: Yes, this is [NAME]. [curious] Who's calling, please? Caller: Hello? This is [NAME] with [ORG] giving you a callback about some in home care services you were looking into. Agent: Oh, [surprised] [ORG]? Yes, I... I think I did look into that. [NAME], my husband, he just passed, you know, a couple years ago. [nostalgic] He used to handle all that. [c",is this this is who is this is with you a about some in you were into i i i did into that my he just you a he to all that what of are you about and i am not a i that all the i am not a so i am from were you for yourself that is to that is to in i i do not out for that did i to now it just has just very that you are for yourself and it has your is it are you there that is not it is it is but i i co,Normal,Normal
300,Fraud,"Agent: Hello? Caller: Hello? Agent: Yes, [calm] hello there. Who's calling, please? Caller: Hi. Is this [NAME]? Agent: Yes, [calm] this is [NAME]. [curious] And who am I speaking with? Caller: Okay. My name is [NAME]. My name okay. My name is [NAME] from [ORG]. And I am in the Carney store. And I had gotten um, an email stating that you were, um, wondering about our [ORG] that we have. For nine do",there who is is this this is and who am i with my is my my is from and i am in the and i had an that you were about our that we have for and are you are are you in that would you more on it the the i i i did about that in my what does that so what it is is you have to be or to in it it is a with if you that you did not it would be and now it would be and then of so every you would of now we would ,Normal,Normal
301,Normal,"Agent: Hello? Caller: Hello. May I speak with miss [NAME]? Agent: Yes, this is [NAME]. [curious] Who's calling, please? Caller: This is [NAME] with [ORG] on a recorded line. Caller: I am following up on your request regarding [ORG] benefits today. Agent: Okay. [curious] And what is this about, [NAME]? Oh, [confused] okay, the [ORG]. Yes, I was — I was looking into that. Caller: Yes, ma'am. Agent: ",may i with this is who is this is with on a i am up on your and what is this about the i was i was into that what can i do for you me you to one of our who can you here so you are just me you are to me can not we just do it now i a do you have your i do not i have it in of me i am at now no it is not a what do you from me then but it does with the so i will up here for you i i am just i am to what,Normal,Normal
302,Fraud,"Agent: Hello? Caller: Hey. How are you doing? This is [NAME] with the [ORG]. Following up regarding an inquiry. Agent: Oh, [curious] the [ORG], yeah. Um, I'm doing alright, [NAME]. What was the inquiry about, exactly? Caller: Let's see. It says you, uh, well, first off, is this [NAME]? Agent: Yeah, [calm] this is [NAME]. Caller: Well, it looks like you put in a inquiry with us and it says, I need ",how are you doing this is with the up an the i am doing what was the about us it you off is this this is it you in a with us and it i with me to that is that is what it i was just i i was into some you a while what of are we about here it is you would with do you do you it is more with the you my my it was a this and i just to what of do you for that if you that i would in with the you an or i am ,Fraud,Normal
303,Fraud,"Agent: Hello? Caller: Hi, [NAME]. This is [NAME] with [ORG]. I saw your request of information recently. Agent: Oh, [curious] okay. Yeah. I mean, I — I think I did that a while ago, right? Caller: Okay. Uh, it was today about, like, an hour ago. Agent: Oh, really? [surprised] Hmm. Okay. I — I guess I'm a little confused, 'cause I didn't think I did it today. But, um, okay. [curious] What's this ab",this is with i your of i i i i did that a while it was about an i i i am a i did not i did it but what is this about your is no that is not that is not me my is that is i i i am not if it out then because they your and i have and then it is i i do not who that is that is so i i did into you a while but i do not why it would have that i were you to your i i am to my you so i i am just a about the m,Fraud,Normal
304,Fraud,"Agent: Hello? Caller: Yeah. Hi. [NAME]. Caller: Uh, this is [NAME]. I'm with the [ORG]. How are you doing? Agent: Yes, this is [NAME]. [curious] Who's calling, please? Oh, [NAME]. [calm] I'm doing just fine, dear. What can I do for you? Caller: Okay. So you you placed an inquiry online? Caller: It looks like it was, uh, it was yesterday morning. Does that ring a bell? Caller: Are you trying to get",this is i am with the how are you doing this is who is i am doing just what can i do for you so you you an it it was it was does that a are you to with the i did an i do not i do not doing that you what was it about an i do not doing that my to all the what of are we about you he a few and i am not so with the so we are out it is in to it is that you must have been on you have had a but you would ,Fraud,Normal
305,Normal,"Agent: Hello? Caller: Hello. [NAME]. Caller: Hello? Agent: Yes, this is [NAME]. [curious] Who's calling, please? [calm] Yes, this is [NAME]. [curious] Who's calling, please? Caller: My name is [NAME]. [ORG]. I just received a health insurance quote request. I have to let you know this call will be recorded for quality assurance. Now if you're looking for an individual plan in the state of Florida,",this is who is this is who is my is i just a i have to you this will be for now if you are for an in the of a i do not out that are you you have the it that you up on the the to all that you he was so with the what of were you at for me i am here you were about a it that you are for an in this in i might be i what of do you what i was do now is over the with you and then we can can what you all an,Normal,Normal
306,Fraud,"Agent: Hello? Caller: Hey, miss [NAME]? Agent: Yeah, [curious] that's me. Caller: Hey. This is this is [NAME] again on a recorded line. Were you able to contact the [ORG]? Agent: Oh, hey, [NAME]. Um, [uncertain] no, I haven't had a chance to yet. I've just been super busy with, like, work and stuff. Caller: Okay. Um, so I will call you back What time would you like me to rearrange this appointment",that is me this is this is again on a were you to the no i have not had a to yet i have just been with and so i will you what would you me to this for can we just do it now i have a few before i have to to my i can not do until you the my is this is what we about you do not i just i i it you what what do i have to do again you have to the i you the you them to the i i it i i it but i can not it no,Fraud,Fraud
307,Normal,"Agent: Hello? Caller: Hi, [NAME]. Agent: Yes, [curious] that's me. Caller: Hi. This is [NAME] responding to the application you submitted for health insurance. Agent: Oh, the [confused] health insurance application, yes. I — I suppose so. What's this about, exactly? Caller: Health insurance. Agent: Right, health insurance. [uncertain] Um, I mean, what about it? Is there, um, an issue with it? Call",that is me this is to the you for the i i so what is this about i what about it is there an with it so do you have i i have through my you but i was into other is this about that so what do we do is there you from me to this we can into some other how much are you for your that what do you what do you from me to you into those me it is it is from my so i do not the it is it is a few a i what what ,Normal,Normal
308,Fraud,"Agent: Hello? Caller: Yes. I'm sorry. Caller: I hit schedule callback, and it disconnected the phone. Agent: Oh, [calm] that's quite alright, dear. [curious] Who am I speaking with? Oh, [calm] I see. Well, you're back now. [curious] What was it you were calling about, dear? Caller: That put you on my calendar for next week. Yeah. I hit the wrong button. Agent: Oh, [chuckling] goodness. That's, um,",i am i and it the that is who am i with i you are now what was it you were about that you on my for i the that is that is for you is not it so what were you about again it is about to you your me you my just in you me and then we will the of the and we will from there i i do not have much you i of all that what of are you about do you not that on what i will do then i will you do not have i am jus,Fraud,Normal
309,Fraud,"Agent: Hello? Caller: Hello? Agent: Yes, hello? [curious] Who is this, please? Caller: Hello? Hi. How are is this [ORG]? Agent: [ORG]? [confused] Oh, I don't think so, dear. This is [NAME]. Did you, um, dial the wrong number? Caller: Just [ORG]. Yeah. We're looking for [ORG]. Agent: Oh, [ORG]. [confused] Well, no, this is my home phone. I, um, I don't work for [ORG]. Are you sure you have the righ",who is this how are is this i do not so this is did you the just we are for no this is my i i do not for are you you have the that is me how did you my and who are you because we have your since you were for a or the i i i did that a while to all that you what about it we are just to you why are we to i i was just into you are a since what of are you i am not now i just to your and what we can you,Fraud,Fraud
310,Normal,"Agent: Hello? Caller: Good morning, [NAME]. This is [NAME] from [ORG] on a monitored and recorded line. Caller: We were calling you about your interest on getting security and cameras. Caller: Have you ever had [ORG] before? Agent: Oh, [curious] good morning. Oh, [curious] the security cameras, yeah. Um, I don't think I've had [ORG] before, no. Caller: Okay. Caller: You haven't scheduled any appoi",this is from on a and we were you about your on and have you had before the i do not i have had before no you have not any with us have you what is what is this about no i have not is there a nothing what is this about then no it there is a were you to a an i do not one out but i i am in a you for me my for you they will you that and you to your i that you me one i will this is from the i have on ,Normal,Normal
311,Normal,"Agent: Hello? Caller: Hi. This is [NAME] calling from [ORG] on a recorded line about the information you requested on [ORG]. Caller: To speak with a live agent at any time, say agent or press one. Caller: To stop receiving calls, say do not call or press two. Caller: Would you like me to connect you now? Agent: Okay, [curious] yeah. Okay, [curious] so what's this about? I mean, I'm kinda busy here",this is from on a about the you on to with a at any or one to do not or would you me to you now so what is this about i i am here the the is i do not i any on that i am so what is this about if you would to us a would you me to you with a now to or no what is this i so what what is this about i am you to a so how is this i a in about now you have this is i am on a with whom do i have the of with i,Fraud,Normal
312,Normal,"Agent: Hello? Caller: Hi, miss [NAME]. This is [NAME] calling from [ORG], and you had previously spoke with one of our agents um, [NAME]. And I he was trying to get you over to our department to help you with some dental and vision coverage. So I'm just giving you a call today to see if I can help you with that. And, also, I'm on a recorded line and a licensed sales agent for the state of Florida.",this is from and you had with one of our and i he was to you over to our to you with some and so i am just you a to if i can you with that and also i am on a and a for the of so was there any of that you were for i do not i do not that what was this about the and now i i do not that and you he was to you over to the the and this was on i do a of you so what were we about then my is not what it to ,Normal,Normal
313,Normal,"Agent: Hello? Caller: Hi. How are you? Is this, uh, [NAME]? Agent: Yes, [calm] this is [NAME]. And who is this, dear? Caller: This is [NAME]. I'm calling because you had filled out a form on my website. Agent: Oh, [confused] a form? Which website was that, honey? I get so many calls, you know. Caller: It was re it's re it was [ORG] for a reverse mortgage. Agent: Oh, [surprised] a reverse mortgage!",how are you is this this is and who is this this is i am because you had out a on my a which was that i so many you it was it is it was for a a i i did about that what can you me about it are you you are you are at what is your my it is is that what you have on your no i have a no i am on are you you have the it was be be this that on at your you a in of a of that you are the is the is and this wi,Normal,Normal
314,Fraud,"Agent: Hello? Caller: This is [NAME] with [ORG], your [ORG] provider, on a recorded line. Is this [NAME]? Agent: Oh, [calm] yes, this is [NAME]. [ORG], you say? [curious] What can I help you with, dear? Caller: Yes. Caller: Yeah. Looks like you filled out the form online interested in a quote with us. Agent: Yes, [confused] but what is this call about, dear? I don't recall [uncertain] asking for a",this is with your on a is this this is you what can i you with you out the in a with us but what is this about i do not for the i i do not do much with you my he to all that but what of are we about for a a my i that is to about now and this is through you are you in a or was it a no it is not a i i it is i should into and all so what does that is it a on the it an on the and then we your as an on,Normal,Normal
315,Normal,"Agent: Hello? Caller: Hi. This is [NAME]. Agent: [calm] Hello, [NAME]. [curious] And what can I do for you today? Caller: Oh, Agent: [confused] Oh? Did you, um, did you call me? Or was I calling you? Caller: Yes, ma'am. I called you. Um, I I'm [NAME] with [ORG]. I got your quote request. Caller: Sorry. So I had to call you because I don't know if our website is having an issue. But the form that y",this is and what can i do for you did you did you me or was i you i you i i am with i your so i had to you because i do not if our is having an but the that you out you if it is through our so i just to one of you me a so i could just some of that from you the to all that but i out a just you to what was out there what of are we about i the the and what of was i for me it does not what of you were,Normal,Normal
316,Normal,"Agent: Hello? Caller: Hello. Is this [NAME]? Agent: Yeah, [curious] who's this? Caller: Can you hear me? Hello? Caller: Hi. Yes. This is [NAME] with [ORG]. I saw that you had scheduled a consultation for a yes yesterday, but, unfortunately, I I didn't receive the notice until today. Caller: I sent you an email this morning, and I had a free moment. So I thought I'd check-in on you. Caller: You nee",is this who is this can you me this is with i that you had a for a but i i did not the until i you an this and i had a so i i would in on you you a i can you who is this a for what i am a for what a i i did up for that i i am for to you to a the i i was to out my and then i just up what is this about now no that is i was just up to when it is a to or the that was i am just to out my and so that is,Fraud,Normal
317,Normal,"Agent: Hello? Caller: Hello? Agent: Oh, hey! [curious] Who's this? Caller: Hey. This is hey, miss this is miss [NAME]. Agent: Um, yeah, this is [NAME]. [curious] Who's calling? Caller: Hey. Hey. Yes, ma'am. Do is [NAME] with [ORG]. How are you today? Agent: Oh, hey! [nervous] Um, good, I guess. What's [ORG]? Caller: Yes, ma'am. Completely understand. Um, [ORG]? Agent: Oh, [confused] okay. Yeah, I ",who is this this is this is this is who is do is with how are you i what is i i that what is up we were with you this the the i i was just at it about the the what about it we were not to you up so we were just out to and that up i for some it the we were to on that was not through so we just we had to in to an of or to that again i my or so what do we to do my that is so i it should be what it di,Fraud,Fraud
318,Fraud,"Agent: Hello? Caller: Hello. Is this, uh, [NAME]? Agent: [confused] Um, no, this is [NAME]. Caller: How you doing, [NAME]? It's [NAME] on a recorded line. I'm so sorry. Agent: Oh, [nervous] okay. Um, hi. Caller: So you well, you said you're looking to get help. Right? Agent: [confused] Um, I... I didn't say that. [uncertain] What is this about? Caller: You did. You just said you were looking to ge",is this no this is how you doing it is on a i am so so you you you are to i i did not that what is this about you did you just you were to in our you you have the is this about my being in this is we are so we we out with with how much do you have now so what do you do i it is that i am not it and what does this what does that of it is just my from from you is that what you i just you you have of ,Fraud,Fraud
319,Fraud,"Agent: Hello? Caller: Hello? Hello? Caller: Yes. Hello? Caller: Why have you hello? Caller: You have a very Go in the bathroom island. Hello? Agent: Yes, [curious] who's calling please? Hello? [curious] Who is this? Hello? [confused] Yes, I can hear you now, dear. What was that? Hello? [confused] Oh, goodness, I can barely hear you, dear. Are you there? Caller: Good apology. Bro, I'm talking and t",why have you you have a very in the who is who is this i can you now what was that i can you are you there i am and then i am i i can you now but it is a who is this the the what are you are you to to me i am i just i could not you for a there what can i you with i am i just i am not who this is this is can you me now i i my was up i who is this why have you been and my i i do not what you are i d,Fraud,Fraud
320,Fraud,"Agent: Hello? Caller: Hi. Is this [NAME]? Agent: Yeah, this is [NAME]. [curious] Who's this? Caller: Hi. This is [NAME] from [ORG] on a recorded line. How are you? Agent: Oh, hey [NAME]. [calm] I'm good, just, you know, juggling a few things. What's up? Caller: Okay. Well, I'm just following up with an inquiry that you had with us. Um, did you have any questions or did it I I it shows that you had",is this this is who is this this is from on a how are you i am just you a few what is up i am just up with an that you had with us did you have any or did it i i it that you had with an before were you there on for you the my i a on the i so i i am at you to what what was it about again about your your and whether we were to you with that it that you had an but i you with another another so i was ,Fraud,Fraud
321,Normal,"Agent: Hello? Caller: Hello? Caller: Hello? Is this [NAME]? Agent: Yes, [curious] who's calling please? Yes, [calm] this is [NAME]. Who's calling, please? Caller: This is [NAME] from [ORG]. Agent: Oh, [curious] [NAME]. Alright. What can I do for you, dear? Caller: Can I go find here? Uh, you had sent me a website feedback that said it just said your name and your email address Caller: and best tim",is this who is this is who is this is from what can i do for you can i here you had me a that it just your and your and to was a i i do not doing that are you you have the it or that is me i am not very with you what was the about that is me my i those up all the so what was this about a this is for you i could some with that my he all the you but since he it is just been a so what of do you so ha,Fraud,Normal
322,Normal,"Agent: Hello? Caller: Hey. Am I speaking with [NAME]? Agent: Yeah, [uncertain] this is [NAME]. Caller: Yeah. This is [NAME]. Caller: This is [NAME]. I'm calling from [ORG] with [ORG]. Caller: I received a request to speak to [NAME] about our life insurance insurance policies. I wanted to follow-up and ask, were you looking for yourself Caller: [NAME], or were you looking for someone else? Agent: [",am i with this is this is this is i am from with i a to to about our i to up and were you for yourself or were you for who is this what is this about i do not i do not a i do not i do not a are you you have the this is that is me were you for i i i was into it for myself that is why i was it you were at our were you to a behind for the or were you to of those for yourself i just i do not have a or,Fraud,Normal
323,Fraud,"Agent: Hello? Caller: Hi. This is [NAME] on a recorded line. Is this [NAME]? Agent: Yes, [calm] it is. [curious] What can I help you with, dear? Caller: [NAME], I'm calling again in regards to your loan inquiry. Are you still looking to follow through with your Caller: intake? I spoke with you yesterday morning. Agent: Oh, [confused] the loan inquiry? Oh, the loan inquiry, [confused] yes, [NAME] u",this is on a is this it is what can i you with i am again in to your are you still to through with your i with you the the to all that you i i did to that was me so what was this for again my is not what it to be are you for a i i i might be he to our you what of are we about it would be a a and how much would that be for the are you for a if so how much of a are you for i had not about a you what,Fraud,Fraud
324,Normal,"Agent: Hello? Caller: Hi. This is [NAME] calling on behalf of [ORG]. Is it [NAME]? Agent: It's [NAME], dear, with an E. [calm] [NAME]. How can I help you? Caller: Um, I'm responding to your request for solar and battery. Agent: Oh, [curious] the solar and battery? Yes, I think I did put in a request for that, you know. What kind of batteries are we talking about? Caller: Um, so we offer different ",this is on of is it it is with an how can i you i am to your for and the and i i did in a for that you what of are we about so we of the will the for you an an you and what would they do is this to me just to to them no the is that is is you so what would this be at in my my is how is it and i had it in us it been so a while would that be a for do you do you that if you do have a it is to the i th,Normal,Normal
325,Fraud,"Agent: Hello? Caller: Hi, [NAME]. This is [NAME] with [ORG]. Agent: [confused] [NAME]? Uh, no, my friend, this is [NAME]. [NAME]. Caller: This is [NAME]. Agent: Hello, [NAME]. [curious] How can I help you? Caller: Hi, [NAME]. Uh, this yeah. I was following up on the quote you requested. Caller: For your BMW. Agent: Oh, the quote. Yeah, [uncertain] for what was it again? My mind is, uh, a little bi",this is with no my this is this is how can i you this i was up on the you for your the for what was it again my is a the what about it for the the what about it i am not i my i did not i did not you did not and a a for an for your a no i i do not so i i was for some but no no i do not i do not so i i was for but not a you a i was into some for the what about it i was to up to if you it in and if y,Fraud,Fraud
326,Normal,"Agent: Hello? Caller: Hello, [NAME]? Agent: Yeah, [curious] who's this? Caller: This is [NAME]. We had a appointment today. I was calling to Caller: verify with you. Agent: Oh, [NAME], [confused] right, right. Oh, [NAME], hey! [nervous] My bad, I got a lot going on today, I completely forgot. What was this about again? Caller: Hey. This is about your life insurance request information. Agent: Oh, ",who is this this is we had a i was to with you my i a on i what was this about again this is about your the i out what about it we had an to over that with you at i was my i am just now be can we still this out over the up with you because i did not you did not it my for i it is just been one of those you what is it now so what do we to do are you to on now we can and out the i i i a my me if i am,Normal,Normal
327,Fraud,"Agent: Hello? Caller: Hello. Is this [NAME]? Agent: Yes, this is [NAME]. [curious] Who's calling, please? Caller: Oh, yeah. This is miss [NAME]. Agent: [NAME]? [confused] Is that with an L or an R? Caller: Why do you need to know? Agent: Well, [uncertain] I just like to know who I'm talking to, dear. My memory isn't what it used to be, you know. [curious] Are you calling about my [ORG]? Caller: No",is this this is who is this is is that with an or an why do you to i just to who i am to my is not what it to be you are you about my no we just a you just up your my up no what in the are you about my is just you a so i can not you so i am the with a to into your and it up that is not my is just the you are you you have the are you you have the my is not up i just it this did you the one or i do ,Fraud,Fraud
328,Normal,"Agent: Hello? Caller: Hello. My name is [NAME]. I am calling in response to an online search for [ORG]. May I speak with [NAME]? Caller: [NAME]? Agent: [calm] Oh, this is [NAME]. [curious] [ORG], you say? Yes, [calm] this is [NAME]. Um, [curious] what was this about an online search? I don't recall looking for anything like that myself. Caller: Hello? So we wanted to offer our free service for you",my is i am in to an for may i with this is you this is what was this about an i do not for that myself so we to our for your before we any further for we are on a for this and we a that can the it is for we had a for for your one this is we do for and a i did not in any are you you have the i do not out myself but my he to all that you he a so what of are you about so this and also you or your one,Normal,Normal
329,Fraud,"Agent: Hello? Caller: Hello, [NAME]? Agent: Yeah, [curious] who's this? Caller: Uh, this is [NAME] once again. Remember, this is [NAME]. Remember yesterday about the [ORG]? Caller: The one that you tried to purchase to me. Right? Caller: For the for the six bottles? Agent: Oh, the [confused] [ORG], yeah. What about it, [NAME]? Oh, [confused] right, yeah, the — the cream. What about it, [NAME]? Oh,",who is this this is again this is about the the one that you to to me for the for the the what about it the the what about it the the i what is up with that did you the did you the this one no i have not had a yet i been what is what is on with it about your i will about your can you to me again the the so that we can the the did not i that to you you me to it to you again on so it is you that i i,Fraud,Fraud
330,Fraud,"Agent: Hello? Caller: Hello. Welcome. Agent: [confused] Hello? Who is this? Caller: Hello. Caller: This is [NAME] with [ORG]. Agent: [confused] Yes, hello. [ORG]? [curious] And what is it you do, dear? Caller: Resolution programs for their [ORG] tax set. We made a request to get a call. Agent: Oh, [confused] the [ORG]? [NAME] always handled all that, you know. [curious] What kind of resolution pro",who is this this is with and what is it you do for their we a to a the all that you what of are you about there are of we can into we and for a where we can the for than what you but there are a of that you can for that will you now in to what you for we would to through a and from there i will be to you how the a you that he about the so how much are we about here a i am not very with you and wha,Fraud,Fraud
331,Fraud,"Agent: Hello? Caller: Hey, missus [NAME]? Agent: Yes, [curious] that's me. Caller: Hey. Good morning, mister [NAME]. This is [NAME] with [ORG]. We spoke here earlier this week. You were looking in to the interest rates to access on that property out of your condo in Texas. Caller: We were just calling with some numbers this morning we got for you. Caller: Seeing if you had a few moments here. Agen",that is me this is with we here this you were in to the to on that out of your in we were just with some this we for you if you had a few here the the the i i what did you out i was just because we had some this we to just so you can a what is out there for you just if you had a you a few now so what are the and what are those then i i have a few what are the all i so just me if since the we it wa,Fraud,Normal
332,Normal,"Agent: Hello? Caller: This is [ORG]. We're calling about your insurance quote request. Please stay on the line and we'll connect you with a representative now. This call may be monitored or recorded. Agent: Oh, [curious] alright. I... I did fill out something online, I think. Caller: Thank you for calling [ORG]. This is [NAME]. How can I assist you? Agent: Oh, hello, [NAME]. Um, [confused] I think",this is we are about your on the and we will you with a now this may be or i i did out i you for this is how can i you i you me i was for a about an me that up you is this for that is that is me up for that is me some and i will you with a that your is that is that is is no that is that is not my my is that is that is and your would be one no that is not it either my is no that is not it either my,Normal,Fraud
333,Fraud,"Agent: Hello? Caller: Hello. Good afternoon. I was trying to reach [NAME]. Agent: This is [NAME]. [curious] Who's calling, please? Caller: Yes. This is [NAME] with [ORG]. Here on a recorded line, uh, miss [NAME]. How are you today? Agent: Oh, [calm] [NAME]. I'm doing all right, dear. Just enjoying the Sarasota sunshine. [curious] And what can I do for you today? Caller: It looks like an inquiry wa",i was to this is who is this is with here on a how are you i am doing all just the and what can i do for you it an was in our for some of with a or a i i do not out that you what of are we about us what they have here i do not have any up in of me i have the at so we do a of we do the to with they have with them in of them other it may be to their to them some there all the to where we and and the,Fraud,Normal
334,Normal,"Agent: Hello? Caller: Hi. May I please speak with [NAME]? Caller: Hello? Agent: [calm] This is [NAME]. [curious] Who's calling, dear? [calm] Yes, this is [NAME]. [curious] Who's calling, please? Caller: My name is [NAME]. I'm with uh, [ORG]. It's an insurance agency. Agent: [calm] Oh, [ORG]. [confused] I don't think I'm familiar with you folks. [curious] What's this about? Caller: Um, I received a",may i with this is who is this is who is my is i am with it is an i do not i am with you what is this about i a for i do not i own a he had one but that was are you you have the not i am not this is the that was in the it is my but a are you it was not for you my i have a it just i would a for i can also you can that would be my is just about up i what of are you for a that all do you could i you ,Normal,Normal
335,Normal,"Agent: Hello? Caller: Hi. Can I please speak with [NAME]? Agent: [nervous] Yeah, this is [NAME]. What's this about? Caller: Hi. Can I please speak Agent: Yeah, this is [NAME]. [curious] What's up? Caller: Hi? This is [NAME] calling on a recorded line on behalf of [ORG] Caller: with information you requested about [ORG] programs. How are you doing today? Agent: Okay. [nervous] I'm sorry, [ORG]? [co",can i with this is what is this about can i this is what is up this is on a on of with you about how are you doing i am i am what is this about so the that we you are in a in is that the in what about it i just some then i will and you with your and they will any you have us just it done what do you and then in to you to be a or a of the are you a or a of the us i am a have been you and then what ,Fraud,Fraud
336,Fraud,"Agent: Hello? Caller: Hello. This is [NAME], [ORG] virtual assistant, following up on your interest in our debt program. Caller: This call is recorded for quality assurance. Am I speaking with [NAME]? Caller: Hello. This is [NAME], [ORG]'s virtual following up on your interest in our debt program. This call is recorded for quality assurance. Caller: Am I speaking with [NAME]? Agent: Oh, hey [NAME]",this is up on your in our this is for am i with this is up on your in our this is for am i with the this is what is up i was just some here this is this is what is this about for i you with some of our but were not to would you me to you with a who can up where you off i i did to a while i i did to i am now though you what did i up for of just to you out to for and your or we with to a and with to,Fraud,Fraud
337,Normal,"Agent: Hello? Caller: Hi. Is miss [NAME] available? Agent: [confused] [NAME]? Oh, you mean [NAME]. Yes, that's me. [curious] Who's calling, dear? Caller: Uh-huh. Yes, ma'am. My name is [NAME]. I'm with [ORG]. Did you put a request in, ma'am, to receive a quote for either your home or your auto insurance recently? Agent: Oh, [nostalgic] [ORG]. [NAME] used to handle all the insurance, you know. [unc",is you that is me who is my is i am with did you a in to a for either your or your to all the you i might have out my was me with the what of are you about but i do not what of are we about we for and also and what of you do you for we in so it is with the you i i do not how you us i do not how i you either if i am i just out so many of those so you are you have for my did i for was it for the or ,Normal,Normal
338,Fraud,"Agent: Hello? Caller: Hello? Hello. Uh, my name is [NAME]. Uh, tax attorney calling for [NAME]. Agent: [confused] Oh, a tax attorney? My goodness. [curious] What's this about, dear? Caller: Yes. No. I got I I got a message to call you. Caller: Are you a [ORG]? Agent: [confused] Oh, you did? Yes, [calm] this is [NAME]. I don't recall leaving a message for a, a tax attorney, though. [curious] Are yo",my is for a my what is this about no i i i a to you are you a you did this is i do not a for a a though are you you have the at it in of my it was not a it was off my i i one a and i one one from and i another one from another one i with the in and you have a of from the a that you my i do not i do not have a my up my but that is about it what was the about a i do not do much with those you my to ,Fraud,Normal
339,Fraud,"Agent: Hello? Caller: Hello. This is [NAME] from [ORG] on a recorded line. Am I speaking with [NAME]? Agent: Uh, yes, [curious] this is [NAME]. Caller: Oh, hello, [NAME]. How are you? Caller: How are you doing today? Agent: I am fine, thank you. Um, [curious] how can I help you? Caller: Okay. So it looks like you're looking for some assistance with your debt. Caller: And I'm just reaching out rega",this is from on a am i with this is how are you how are you doing i am you how can i you so it you are for some with your and i am just out your so have you to one of our about this one the my my i so i i i do not the but so because i one of your i you have an here so what does that and i just to you that no no you what is it about it is about here that so i am just out so can you me more about th,Fraud,Normal
340,Fraud,"Agent: Hello? Caller: Hey. What's up, man? Agent: [confused] Uh, hey. Who's this? Caller: This is [NAME] with the window company that you asked for a quote for. Agent: Oh, [surprised] for real? The window company. Okay, yeah, man, I'm just leaving work right now. What's up? Caller: Nothing much. How are you doing? Agent: I'm good, I'm good. Just, you know, [sighing] another day, another dollar, yo",what is up who is this this is with the that you for a for for the i am just now what is up nothing much how are you doing i am i am just you another another you me so what is with these they are we a they were a now they are for a a a for that is a that is a so what is the no you just have to so i now what if i to you to my or i can to her if you it is i will to her but so what do i do to this in,Fraud,Fraud
341,Fraud,"Agent: Hello? Caller: Hey. How are you doing? I'm calling to reach [NAME]. Agent: [confused] [NAME]? Ah, there's no [NAME] here, me boy. You must have the wrong number. This is [NAME]. Caller: [NAME]. I'm sorry. I mispronounced your first name. Caller: I apologize, mister [NAME]. My name is [NAME]. I'm a representative on the behalf of [ORG] on a recorded line. I'm just reaching out the door to fo",how are you doing i am to there is no here me you must have the this is i am i your i my is i am a on the of on a i am just out the to up on up your no no it is you are a off on the but no what can i do for my i do not an what was it about now is it i have been to into that you with the are what can you me about it i have been to into some you with the and all so what of was this out of we were fo,Fraud,Normal
342,Fraud,"Agent: Hello? Caller: Hi, mister [NAME]? Agent: Yes, [curious] that's me. Caller: Hi. Hi. Yes. This is [NAME] with [ORG]. I was supposed to call you yesterday to get the policy started for [NAME], but I was out of the office. I was just seeing if this was a good time to talk. Agent: Oh, [calm] well, yes, I suppose so. I'm just here at my desk, um, doing some work. Caller: Okay. Yeah. I was just wa",that is me this is with i was to you to the for but i was out of the i was just if this was a to i so i am just here at my doing some i was just to if you to and again to if it you now what i did not a so i was not if it if it through or not it did not through because it me that on my so i was just if you to because whenever the you will you will you all your over to you i so it just it did not is,Fraud,Fraud
343,Fraud,"Agent: Hello? Caller: Hi, [NAME]. Agent: [curious] Hello, who's this now? Caller: Hi, [NAME]. My name is [NAME] with [ORG] on a recorded line. I'm Caller: just following up on the inquiry you submitted online for debt relief. Agent: [NAME], is it? [calm] Grand, grand. Oh, right, [confused] the debt relief. Yeah, I remember looking into that, I did. So, uh, what's this all about then, me boy? Calle",who is this now my is with on a i am just up on the you for is it the i into that i did so what is this all about then me i did i did out what was it now so what i do is i am a so i will on the with you i will i will a about your about your of what what in other what you out for and then from there i will over and what we can do from you from our in of i will it my and then we will a for you and i,Fraud,Normal
344,Normal,"Agent: Hello? Caller: Hello. May I speak to [NAME], please? Agent: Yes, this is [NAME]. [curious] Who's calling, dear? Caller: Hello. My name is [NAME]. I'm calling from [ORG]. This, um, call may be monitored for quality purposes. Uh, the reason for my call was to see if you were still interested in selling your life insurance policy. Agent: Oh, [confused] my life insurance policy? Well, I mean, I",may i to this is who is my is i am from this may be for the for my was to if you were still in your my i i do not what did you your was again i i might be what of were you of we would have to do a before any is i could not you an off the of my a and what does that is it is it it it we you about the and a more on the of the to if it might for a with to all that my he was such a for you he in so wha,Normal,Normal
345,Normal,"Agent: Hello? Caller: Hello, [NAME]? Agent: Yes, [calm] this is [NAME]. Who's calling, dear? Caller: Yeah. Hi, [NAME]. Um, my name is [NAME]. I'm just following up on the recent request you made online for information on [ORG] plans. We'd love to go over the plans with you. Agent: Oh, [confused] the [ORG] plans. Yes, I think I... I might have clicked on something, you know, when I was trying to lo",this is who is my is i am just up on the you for on we would to over the with you the i i i might have on you when i was to at my what of are these now they could be so what our are to do for you is they will your your and and they would the that is most for you so if you to we can over this and if any are to a you still there so it is a just for me that and this is all through not i am still here,Normal,Normal
346,Fraud,"Agent: Hello? Caller: Hi. Can you hear me okay? Agent: [confused] Yes, I can hear you. [curious] Who is this, please? Caller: Sorry about that, Caller: Call dropped there. This is [NAME] of [ORG] on a recorded line calling about the form you filled out for security quote. How are you? Agent: [calm] It's quite alright. [curious] I just wasn't expecting a call. Oh, the form, [calm Caller: Yeah. Did ",can you me i can you who is this about that there this is of on a about the you out for how are you it is i just was not a the did you a the i i did that what of are we about and what does that is it you or or so we do have an we are an and we do do as we it of what you and what you the as a that so it is all to the or how does that so in your will just your on what you if you it all they will the,Normal,Normal
347,Fraud,"Agent: Hello? Caller: Hello? Agent: Yes, [curious] who's calling please? Caller: Hello? Caller: Excuse me? Caller: My name is [NAME]. Am I am I speaking with [NAME]? Agent: Yes, [confused] I can hear you. Who is this? Yes, this is [NAME]. [curious] And who did you say you were again, dear? Caller: My name is [NAME], and giving to you, uh, [ORG], this phone call from a dental clinic. Located in Tur",who is me my is am i am i with i can you who is this this is and who did you you were again my is and to you this from a in a that you had that you had some am i a you that is what can i do for you a in i do not out that what of are you about i did out about my you they have been me a of what can you do for me so me what is your my it just does not you my they just do not and i have a few that are,Normal,Normal
348,Normal,"Agent: Hello? Caller: Hello, miss [NAME]. This is [NAME] with [ORG]. Uh, how are you doing today? Agent: Oh, [calm] I'm doing just fine, dear. [NAME], you said? That's me. [curious] What can I help you with today? Caller: Uh, I was calling because you got uh, web quote with us, and, uh, I was wondering if see if you wanted to finish that. I just needed to confirm a few more details. Agent: Oh, [co",this is with how are you doing i am doing just you that is me what can i you with i was because you with us and i was if if you to that i just to a few more a i i do not doing that you what of was it for my to all that it was an so you you had that on the so and i was just on that to if you are still in that for your i i i might have you out my is not what it to be and what did you you were with a,Normal,Normal
349,Normal,"Agent: Hello? Caller: Hello. Hi. Is this [NAME]? Agent: Yes, this is [NAME]. [curious] Who's calling, please? Caller: Hello? Hi. Caller: Yes. My name is [NAME]. I'm with [ORG]. You had scheduled a consultation for this time today. Agent: Yes, [confused] I can hear you, dear. I said this is [NAME]. Who is this? Oh, [confused] a consultation? I don't recall scheduling anything, dear. What was it abo",is this this is who is my is i am with you had a for this i can you i this is who is this a i do not what was it about about the i i do not that are you you have the i am for it just and the is that is me but i do not up any my he to all that you he a so what is this about and all that he a so what is this about you had it with us you must have been on our we are the in but we also do you you we d,Normal,Normal
350,Normal,"Agent: Hello? Caller: Hello. This is [NAME] calling from [ORG] on a recorded line. This must be [NAME]. Agent: Yes, [calm] this is [NAME]. What can I do for you, dear? Caller: Oh, [NAME], my job is to help you, ma'am. You don't do anything for me. It looks like you requested a call a while back about, um, some help with your [ORG]. Agent: Oh, [curious] [ORG]? Yes, I think I did something like that",this is from on a this must be this is what can i do for you my is to you you do not do for me it you a a while about some with your i i did that to all that you but he is not around so what of are you about all that but he is been a of now so what of are you about of so on its own which you from the does not for very much it is the that a has to along with their that what you can what you for and,Normal,Fraud
351,Normal,"Agent: Hello? Caller: Hi. Good afternoon. Am I speaking with [NAME]? Agent: Yeah, [curious] that's me. Caller: Hi. Hi. Good afternoon, ma'am. This is [NAME]. I'm the agent who was calling you earlier today. Unfortunately, the call dropped, so I'm just returning the call now. Um, we're recording you for your vehicle for with car insurance through us for the state of Texas. I'm not sure if you remem",am i with that is me this is i am the who was you the so i am just the now we are you for your for with through us for the of i am not if you i so what was this about again so i am here in my to if i the from you which is your on the but i still have not it i am just to just to did you and that what do you from me my i i it a while you did not it that is so no i have no i have not any is it if you,Fraud,Normal
352,Normal,"Agent: Hello? Caller: Hey. This is [NAME] over at [ORG]. Caller: Did anyone tell you you might have, like, a hundred and eighty bucks a month sitting on your [ORG] that you haven't claimed yet? Agent: Oh, [curious] [ORG]? What can I do for you, dear? Oh, [surprised] a hundred and eighty bucks? Well, goodness. [curious] No, I don't think anyone told me that. Is that, um, something new? Caller: No w",this is over at did you you might have a and a on your that you have not yet what can i do for you a and no i do not me that is that no i am not to you i i just i would you what is out there so you can for yourself it here is the that is to be of to you over the so what is this about then that is of you to all that but he is been a now so what is it that is out there as you that is of you to all t,Normal,Fraud
353,Fraud,"Agent: Hello? Caller: Hi, [NAME]. Hello? Agent: [calm] Yes, hello. Who is this? Caller: [ORG]. Agent: [curious] Oh, [NAME]. And what can I do for you today, dear? Caller: I was calling in regards to your refinance. Caller: That you inquired about with our company. Agent: [confused] My... my refinance? I don't recall... [long pause] What refinance would that be? [confused] My refinance? Oh, um, I d",who is this and what can i do for you i was in to your that you about with our my my i do not what would that be my i do not is this about the or what are we about you with our about a a that i i do not up for that but to all the you what is that for your just across my so it is a so it is an of of a done on a my i do not i do not out for that what is that my you to all that the all that you is th,Fraud,Normal
354,Fraud,"Agent: Hello? Caller: Hi. This is [NAME] on a recorded line. How are you doing today? Agent: Oh, hello [NAME]. I'm doing just fine, dear. [calm] And yourself? Caller: I'm doing good. Thanks for asking. Uh, so the reason for my call, it looks like you were inquiring about some lending options. Agent: Oh, [curious] lending options? Yes, I suppose I was. [confused] Which options are we talking about ",this is on a how are you doing i am doing just and yourself i am doing for so the for my it you were about some i i was which are we about again we have a few we do we have which one of those were you were you i and this would not be one of those where i have to you up would it i was i was at a few you just to out my after it is all so so what of do you have what i will do we have to to your your ,Fraud,Normal
355,Fraud,"Agent: Hello? Caller: Hello. Good morning. This is [NAME] with [ORG]. Um, you were on our website looking at rates to get cash out from your home in Florida for home improvement. I was just calling to get you those that information that you were looking for. Um, I do see here that your property value is about one hundred thirty five thousand, then you owe about, um, sixty five thousand. Is that co",this is with you were on our at to out from your in for i was just to you those that that you were for i do here that your is about one then you about is that the i do not but that about for the so what of are you about so the out that you were for are you to do some i i do not on a but to do all that you so what was the of your again you to up the it is a so would this be a or it on how you about,Fraud,Normal
356,Normal,"Agent: Hello? Caller: Hi. Is this [NAME]? Agent: Yes, [calm] this is [NAME]. [curious] Who's calling, please? Caller: My name is [NAME]. I'm calling with [ORG]. How are you? Agent: Oh, [calm] well, I'm doing alright, dear. Just finished my lunch. [curious] [ORG], you say? What can I do for you? Caller: Yeah. We have gotten your information that you were interested in learning more about us. So I j",is this this is who is my is i am with how are you i am doing just my you what can i do for you we have your that you were in more about us so i just to how we could my i i do not out for are you you have the you were on our at the of this and had out the on your i do not do much with myself you my he to all that he a so what was it you you were about again it it through at one am one am that is w,Normal,Normal
357,Normal,"Agent: Hello? Caller: Oh, hi. So, [NAME], no. I did try and call the the number doesn't work anymore. Agent: Oh, [confused] the number? Which number are you talking about, dear? Caller: I'm talking about the [PHONE]. Agent: Oh, [uncertain] that number. Hmm. I haven't had that one in ages, you know. [curious] Who did you say you were calling for again? Caller: For Doctor. [NAME]? Agent: Dr. [NAME]?",so no i did and the the does not the which are you about i am about the that i have not had that one in you who did you you were for again for i do not i a are you you have the that is me and what was this about you a this was about this is about i have been to into that to all that but what of are you about this is is now if you do not me is your he was he a now so it is just me now about this is,Normal,Normal
358,Fraud,"Agent: Hello? Caller: Hi. This is [NAME] on a recorded line. How may I help you? Agent: Oh, hi [NAME]. [uncertain] Um, I think you called me? Caller: I can't really hear you that well. Hold on one moment. Agent: Oh, [uncertain] sorry. Is this better? Caller: Am I speaking to [NAME]? Agent: Yeah, [uncertain] that's me. Caller: No, no, it's okay. Okay. Uh, [NAME], I you said I called you. Caller: Th",this is on a how may i you i you me i can not you that on one is this am i to that is me no no it is i you i you that what you i i that you did i so my and it it is from a your all so what may have a from you for into or is that is this about my i a the other that was my you i so i my are just a now you so i have been at to to no to them or them you it is a no to them and are any of your in in by ,Fraud,Normal
359,Normal,"Agent: Hello? Caller: Hello. Is this [NAME]? Agent: Yes, [calm] this is [NAME]. [curious] Who's calling, please? Caller: Hi. This is [NAME] calling from [ORG]. How are you? Agent: Oh, [calm] [ORG]. [confused] I don't think I'm familiar with you folks. [curious] What's this about? Caller: Yes, ma'am. For auto insurance? Yes, ma'am. Um, it looks like you did something online. I don't know if you did",is this this is who is this is from how are you i do not i am with you what is this about for it you did i do not if you did with us or we are a so i am just doing a with the that you did i did i i might have you to all that what of are we about i am you are out just a all that so what of are we about here am i i am i my he to all that you so what of are you about i just that there is one that i d,Normal,Normal
360,Normal,"Agent: Hello? Caller: Hi, [NAME]. It's [NAME]. Agent: Oh, [confused] [NAME]? I don't think I... wait, [curious] did we meet at the church bake sale, dear? Caller: [ORG] website about life insurance? Agent: Oh, the [ORG] website! [surprised] Yes, I remember looking at that. [NAME], my late husband, he always said I should keep up with things. [curious] What about it, dear? Caller: Well, tell me wha",it is i do not i did we at the about the i at that my he i should up with what about it me what me what why you to what you for i can there i you just in you just in of all that and since he i just to in you what of do you have we have all of so it about what you how much you how you it for your how you are what your is you there is a of a to who who would you your to my of he is a up in and is th,Normal,Normal
361,Fraud,"Agent: Hello? Caller: Hello, [ORG]? Caller: Hi, [NAME]. Agent: Oh, [confused] [ORG]? No, this is [NAME]. [NAME]. [confused] [ORG]? Oh, no, this is [NAME]. [curious] Who did you say this was again? Caller: [NAME]? Agent: [confused] No, no, it's [NAME]. W-I-C-O-M. [curious] Who did you say this was again? Caller: And Agent: But [curious] who are you trying to reach? Caller: [NAME] or [NAME]? Agent: ",no this is no this is who did you this was again no no it is i who did you this was again and but who are you to or no i it is been a are you for with or your been a i do not i have any who did you you were with again or i am i do not have any of that you are you you have the no i i do not i have any who are you with with the about the to you your and your no my is i i do not i do not a did i out ,Fraud,Fraud
362,Fraud,"Agent: Hello? Caller: Good afternoon. Is this [NAME]? Agent: Yes, this is [NAME]. [calm] Who's calling, please? Caller: This is [NAME] with [ORG]. We spoke yesterday about health insurance. I'm only calling today because I received a request from our web site. Did you have some more questions for me? Agent: Oh, [confused] [ORG]? Hmm. I don't quite recall us speaking yesterday, dear. [curious] What",is this this is who is this is with we about i am only because i a from our did you have some more for me i do not us what was it about that we about we a we about your and that and then we had a about the and the too my i i do not that at all what what did we on you for the all that us to with this i will you the to i we did as but we can do it again to with you on my is all i have it what do you,Normal,Normal
363,Fraud,"Agent: Hello? Caller: Hi. Am I speaking with [NAME]? Agent: Yes, [calm] this is [NAME]. Who's calling, dear? Caller: My name is, and I'm calling you from [ORG]. How are you today? Agent: [ORG]? Oh, [confused] I don't recall signing up for anything like that. I'm doing alright, I suppose. What's this about? Caller: Yeah. Yes. Agent: ...like that. [curious] What's this about? Caller: No. No. I'm not",am i with this is who is my is and i am you from how are you i do not up for that i am doing i what is this about that what is this about no no i am not any or any we are here to you to off your and what you are from what is it then i i am here in so you are you can me with of which are you about can i i am here i was just which are you about we are a we that you have some and you are to them off ,Fraud,Normal
364,Fraud,"Agent: Hello? Caller: Yes. Uh, is [NAME] there? Agent: Yes, [curious] this is [NAME]. Who's calling, please? Caller: Uh, [NAME], I'm [NAME]. [NAME] from [ORG]. You filled out a contact form on my web site and, uh, was returning your call. Agent: Oh, [confused] a contact form? I don't recall... I mean, I don't usually do much on the computer, you know. [curious] What was it about? Caller: Yeah. It ",is there this is who is i am from you out a on my and was your a i do not i i do not do much on the you what was it about it you with me to i i i might have to all that and since he it is all been a much what of are we about do you have all i so my he me with that but you just from you why do you is i do not this was was out on our you you did not do it i i might have my is not what it to be you i,Fraud,Fraud
365,Normal,"Agent: Hello? Caller: Hello, [NAME]? Agent: Yes, [curious] that's me. Who is this, please? Caller: Hello, [NAME]? Hey, [NAME]. My name is [NAME]. Um, I'm with [ORG]. Um, recently, I don't know if you noticed, but you've reached out online about a improving your home at one point or another. Do you remember that, [NAME]? Agent: Oh, um, yes, [calm] I suppose I did, you know. [NAME] used to handle al",that is me who is this my is i am with i do not if you but you have out about a your at one or another do you that i i did you to all that but what was it about again so this is about so we we just to if this is either for your your or your and i do here that you are an for a is that the i that is i do not out just for the though did i so i do i do here that you you a for your and you to you to an,Normal,Normal
366,Normal,"Agent: Hello? Caller: Hi. Is this [NAME]? Agent: Yes, [calm] this is [NAME]. Who's calling, dear? Caller: Hi, [NAME]. My name is [NAME] We got a notification that you're looking for home insurance. I'm calling from [ORG] in Agent: Oh, [curious] home insurance? Mm-hmm. I don't recall... well, maybe [NAME] did something before he passed. [confused] What kind of notification did you get? Caller: Yeah",is this this is who is my is we a that you are for i am from in i do not did before he what of did you this this would be that you would have to our and on a so i am just up with because it we that around before i just to you a to if you i was in by then but i i was into it what of are you about we are an if you are for we do and if you are for i can around with the that we have on the that you ar,Normal,Normal
367,Fraud,"Agent: Hello? Caller: Hello? Agent: Hello? [curious] Who's this? Caller: [NAME], this is [NAME]. I am a debt specialist here with [ORG] on a recorded line. How are you? Agent: Oh, [calm] I'm doing well, thank you. Um, how can I help you, [NAME]? Caller: Yeah. I think you might have submitted some information to us to look at some possible consolidation options for some debt. Caller: Is that correc",who is this this is i am a here with on a how are you i am doing you how can i you i you might have some to us to at some for some is that or that was is that must by a or the the i did out i a while what is this about we are a so so we can out at or some but what you i do not any for you i i had some you just a i it is not a but i i did to what i me just this is it is so a a and then a your of is,Fraud,Normal
368,Normal,"Agent: Hello? Caller: Okay. Long day already. This is [NAME] with [ORG]. This call is regarding a final expense life insurance plan. So, um, do you currently have a policy? Agent: Oh, [confused] a final expense plan? I, I think I do. [curious] What kind of plan are you talking about? Caller: Well, we're here to provide you with some quotes. Caller: You can review what we're offering, and if you fi",this is with this is a so do you have a a i i i do what of are you about we are here to you with some you can what we are and if you you may for it so so may i how are you i am and my he a so i am just to is this through or you do to and we have some that at a so for now just to our and if we can a and for what what does that for me a you that and what would i to do to you to this i am is there yo,Normal,Normal
369,Normal,"Agent: Hello? Caller: Hello? Agent: Yes, [curious] who is this? Caller: Hello? Caller: Hi. Uh, this is [NAME]. And we help seniors get an emergency medical alert watch for only forty four dollar and ninety nine cent a month. Agent: Yes, [confused] I can hear you, dear. Who's calling please? Oh, [curious] a medical alert watch, you say? Mm-hmm. And what kind of watch is it? Caller: Now are you over",who is this this is and we an for only and a i can you who is a you and what of is it now are you over the of i am are you over you for this now what is your that is my is your for as now i will in my and they on that so what does the do so i do not have to now is that that is so i do not have to up then at here is the only which is only and a that is just that is what i so it is just the and what,Normal,Normal
370,Fraud,"Agent: Hello? Caller: Hey. How are you doing? I'm calling to reach [NAME]. Agent: [confused] Yeah, this is [NAME]. Who's this? Caller: How are you doing, [NAME]? My name is [NAME]. I'm a rep Caller: representative on the behalf of [ORG] on a recorded line. Caller: Just reaching out to do a follow-up on an inquiry that was placed on your behalf. Agent: Hey [NAME]. [distracted] What can I do for you",how are you doing i am to this is who is this how are you doing my is i am a on the of on a just out to do a up on an that was on your what can i do for you i am in the of now an for what now the i i am to you my so what is up again my is on a on the be you of as you what i am be doing your i am just you some just so i about your your we are the that we are to of that i can how to throughout that ,Fraud,Normal
371,Normal,"Agent: Hello? Caller: Hello. My name is [NAME] and I'm calling from [ORG] on a recorded line. Caller: How are you doing this morning, mister [NAME]? Agent: [confused] [ORG]? [confused] [ORG]? Uh, I'm good, I'm good. Just, you know, trying to get this day started. What's up? Caller: Hello? Agent: Yeah, I'm here. [confused] Can you hear me, [NAME]? I said I'm good, just busy, man. What's [ORG]? Call",my is and i am from on a how are you doing this i am i am just you to this what is up i am here can you me i i am just what is i was just i can you i was just to you that you may be to to our about and but can you that you still have a and my what were you i that so what we here so we have that with your and and also that out with other as so what i am do i am to the on your just to you to that wh,Normal,Normal
372,Fraud,"Agent: Hello? Caller: Hello, [NAME]. This is [NAME]. How are you, sir? Agent: Hey, [NAME]. [confused] Yeah, I'm good. What's up? Caller: So, [NAME], I have your inquiry here for twenty thousand in business funding for [ORG]. Question for you. What are you looking to accomplish with the funds? Agent: Oh, the business funding. [confused] Right, yeah. Um, well, you know, just trying to, uh, expand a ",this is how are you i am what is up so i have your here for in for for you what are you to with the the you just to a what is the what is the here so the is a one that it is we will not be to to one of my but i will be to the the with you now for you what is your in this done so i what do you what do you from me now to this so we can this done i the you what is what do you from me to this so i am ,Fraud,Normal
373,Normal,"Agent: Hello? Caller: Yes. May I speak to [NAME]? Agent: Yeah, [curious] that's me. What's up? Caller: Hello? Caller: Oh, hey, [NAME]. This is [NAME] from [ORG]. How are you doing? Agent: Yeah, [confused] I'm here. Oh, hey, [NAME]. [calm] I'm good, I'm good. What's up? Caller: Hi. Um, so it looks like you filled out, uh, an insurance quote request on our Internet, on our our website. And I was won",may i to that is me what is up this is from how are you doing i am here i am i am what is up so it you out an on our on our our and i was if i could just you a the i i was just you what is what is this about so we just we up on our to if you or if you be a what do you from me for that do you have a or are you just a what are your now i a it is a what you for that all i is your i have your i have u,Normal,Normal
374,Fraud,"Agent: Hello? Caller: Hello? Hello, [NAME]? Agent: Yes, [curious] this is [NAME]. Who's calling, dear? Caller: [NAME]? Caller: This is [NAME] calling you from [ORG]. How are you today? Agent: Oh, hello, [NAME]. I'm doing alright, just enjoying the Sarasota sunshine, you know. [curious] [ORG], you said? What's this regarding? Caller: [NAME]? Yes. Agent: Yes, [calm] that's right. So, what can I help",this is who is this is you from how are you i am doing just the you you what is this that is so what can i you with i am in to your i am in to your to more about with your so do you have more than in the my i i i might you with all the up which are you about i do not this is about your do you have more than in or now i you are those the same and which are you at no no no i do have a few of those y,Fraud,Normal
375,Normal,"Agent: Hello? Caller: Hello? Hello? Hello? Can you hear me? Are you there? Agent: Yes, [calm] I'm here. I just, [sighing] I don't hear so well sometimes. [curious] Who's this? Caller: Oh, I'm sorry. Yes. I'm calling from [ORG]. On a recorded line. My name is [NAME]. Am I speaking with [NAME]? Agent: Yes, [calm] this is [NAME]. [curious] And you're calling from... [ORG], you said? What's this about",can you me are you there i am here i just i do not so who is this i am i am from on a my is am i with this is and you are from you what is this about we a for a in to be we just to if you have some about this or how is that so a in i i do not that is this about some of you no no no we do we were we a for a in for a but you did not this then i i must have then my is not what it to be you so a in yo,Normal,Normal
376,Normal,"Agent: Hello? Caller: Hi. This is [NAME] with [ORG] on a recorded line. Can you hear me okay? Agent: Oh, [calm] hello there. Yes, I can hear you just fine. [curious] What can I do for you, [NAME]? Caller: Great. Caller: Um, it looks like you had put in a request regarding some help with [ORG] I'm responding to. How can I help you? Agent: Mm-hmm. [calm] So, what was this call about, dear? Oh, the [",this is with on a can you me there i can you just what can i do for you it you had in a some with i am to how can i you so what was this about the i i did that a while what of are we about is an we every from every whether that is an a or a a we have to in the so we are not to any you or an you so you are not with itself then we we no this is so you are a a then and what would i out of this you yo,Normal,Fraud
377,Fraud,"Agent: Hello? Caller: Hello? Hello? Can you hear me okay? Agent: Oh, [calm] hello there. Yes, I can hear you. You sound a little far away, though. [curious] Who is this, please? Caller: Yep. This is [NAME]. I just got your, uh, application for a funeral coverage quote. I just wanna reach out to you. Agent: Oh, [confused] my application? For... funeral coverage? [long pause] Goodness. I don't recal",can you me there i can you you a though who is this this is i just your for a i just out to you my for i do not out that are you you have the no and no no i do not no i am not what you are you i did not in an this you no i am not an i am who did you you were with again how are you doing that doing what i am just on the did you my or not i am a now i it you you are that is so what of were you about,Normal,Normal
378,Fraud,"Agent: Hello? Caller: Hello. Am I speaking to [NAME]? Agent: [calm] Yes, this is [NAME]. [curious] Who's calling, please? Caller: Hello? Okay. Hi, [NAME]. This is [NAME], and I am an assistant with [ORG] on a recorded line. And I'm calling because you recently requested information about programs that may help you get out of debt Uh, but [ORG], just to confirm, uh, were you primarily looking for h",am i to this is who is this is and i am an with on a and i am because you about that may you out of but just to were you for with can you me i i did you about that to all that but what of are we about so here is the just a so is a in and i am and all i can do is you to a and there you have every that you are you you may be for i so you are not the one who you the and this is a you so here is the i,Normal,Normal
379,Normal,"Agent: Hello? Caller: Hi, [NAME]. Agent: [calm] Yes, that's me. [curious] Who's calling, please? Caller: Hello. Am I speaking to [NAME]? Agent: [calm] Yes, this is [NAME]. [curious] And who are you, dear? Caller: This is [NAME]. I'm giving you a quick call. It's electrical warranty. I'm calling you with [ORG]. Agent: [calm] Oh, [ORG]. [confused] I don't recall... did I sign up for that? [curious] ",that is me who is am i to this is and who are you this is i am you a it is i am you with i do not did i up for that what is this about we are to a that you out we are to a you out for your in i in did i out a for is that a i do not i do not out for i here in you out a a for your in my he to all that you what was it about again it to the and in the the and and this is for my in you that is the only,Normal,Normal
380,Normal,"Agent: Hello? Caller: This is [NAME] from [ORG]. Calling about your gas water heater not heating properly. Is this [NAME]? Hey, [NAME]. Just checking in. Are you still there? Caller: [NAME], are you still with me? Just wanna make sure we get your water heater issue sorted out. Agent: [confused] Oh, hello. Yes, this is [NAME]. My gas water heater, you say? I didn't realize... [curious] What seems t",this is from about your not is this just in are you still there are you still with me just we your out this is my you i did not what to be the with it this is my my was up what was that about my no i am because you your is not and you would an and a for or we can that for you would you to an to have a a and then just in would you to up an for your we can out to you as as the that is to all that yo,Normal,Normal
381,Fraud,"Agent: Hello? Caller: Good morning. This is [NAME] from [ORG]. Agent: [ORG]? [curious] Uh, what is that, please? Caller: Um, is this mister [NAME]? Agent: Yes, [curious] it is me. What can I help you with, my friend? Caller: Actually, sir, we're calling in regards with your loan application, and, um, we just wanna know, sir, if you would like to proceed for a title loan against your twenty twenty ",this is from what is that is this it is me what can i you with my we are in with your and we just if you would to for a against your the what is this about what you for would that be i i to what i for is the off it is there is the that is and do you have and i do i do and may i the of the the i i do not what is the is it a or a it is a the is it a a i or it is a it is the you and are you to of and,Fraud,Normal
382,Fraud,"Agent: Hello? Caller: Is this [NAME] okay? Go from [ORG] on a recorded line. Caller: Is this [NAME]? Agent: [confused] [NAME]? Nah, man, this is [NAME]. Yeah, this is [NAME]. [curious] What's up? Caller: Okay. Oh, yeah. [NAME]. Um, uh, okay. So I double checked everything here on my end. You mentioned that you already Caller: sent the statement letter. Right? Caller: Well, apparently, I haven't re",is this from on a is this this is this is what is up so i here on my you that you the i have not any what now i i so what what you about the the the one from a while i that you did not it are you that you you because i have not any this is the that i to an to the and have it any or so it is either there is some on my or on when you the the i i that when did i that i so many up the i i i it what is,Fraud,Fraud
383,Fraud,"Agent: Hello? Caller: Hello? Agent: Oh, hey! [curious] Um, who's this? Caller: Sorry? Hi, Sorry. This is [NAME] with [ORG]. Agent: [ORG]? Oh, okay. [confused] Um, what's up? Caller: How are you? Agent: I'm good! [bubbly] Like, just got off work, so that's nice. Um, what's this about? Caller: It's in regards to your taxes. Agent: My taxes? [nervous] Oh, um, okay. What about them? Like, is everythin",who is this this is with what is up how are you i am just off so that is what is this about it is in to your my what about them is did you so we still have a here since you did us for an at the what i i off i was to if you your the i i that i am i did who did you that do you i it was or no i i i do not it was a what is what is the that is no my that is so much are you that is it is me though that ,Fraud,Fraud
384,Normal,"Agent: Hello? Caller: May I speak with [NAME]? Agent: [calm] Yes, this is [NAME]. [curious] Who's calling, please? Caller: Hello? Caller: Yes, [NAME]. This is [NAME]. I'm an agent with [ORG]. Just calling to see if you needed to discuss health insurance options. Agent: [calm] Yes, this is [NAME]. [curious] Who's calling, please? Oh, [calm] [ORG]. Yes, I've had them, you know, for years. [curious] ",may i with this is who is this is i am an with just to if you to this is who is i have had them you for what of are we about if you have then i are you are are you for i am not no i you were about my what was it you were again so i for and we that you to our and you were at on our so i am just out to if you have or you the i do not doing that my he to all that you what was i at i do not they do no,Normal,Normal
385,Fraud,"Agent: Hello? Caller: Hello. Good afternoon. Agent: Oh, hello there. [curious] Who's this? Caller: Hello, ma'am. Can I, uh, get this a last four for [ORG]? Agent: [ORG]? [confused] Oh, um, I don't think I've ever had one of those, dear. [curious] Who did you say you were with? Caller: I see that you applied for a loan, uh, a while ago. Agent: Oh, [confused] a loan? I don't recall applying for a lo",there who is this can i this a for i do not i have had one of those who did you you were with i that you for a a while a i do not for a what of are you about the i do not i do not for one of those what is it about what is it me what of is that i i do not a now i will just do it a up because i did and i to you out with the it for you to your if you a we do for a to a we do not the we are on on your,Fraud,Normal
386,Fraud,"Agent: Hello? Caller: Hi. Is this [NAME]? Agent: Yes, this is [NAME]. [curious] Who's calling, please? Caller: Uh, this is [NAME] with [ORG]. Agent: Oh, [calm] okay. I, uh, I think I filled out something about that, you know. [curious] What can I help you with, dear? Caller: I'm just calling because I did receive your information that you might have been looking for mortgage options. So I wanna se",is this this is who is this is with i i i out about that you what can i you with i am just because i did your that you might have been for so i if i could any for you or you you what you are for i i own my so i am not what of would that be you can do a or you can out a you a a for you are for the is about i do not what i would do with all that is this a or my those were no it is not a a or out or ,Fraud,Normal
387,Fraud,"Agent: Hello? Caller: Hi. I have exciting news in regards to new tax forgiveness programs you may be able to qualify. We help thousands of people just like you cancel out or have their tax debt completely forgiven even if they've been turned down in the past. Caller: This isn't like the old programs. This is due to the new administration, and I do not want you to miss out. Stay on the line, and I'",i have in to you may be to we of just you out or have their even if they have been in the past this is not the this is to the and i do not you to out on the and i will you i i that what is this about that we have your on the with this on the and the will you for and may be or my i so this is there i was about a is this this is so you were to some with the past with the so what is this about i i wa,Fraud,Normal
388,Fraud,"Agent: Hello? Caller: Yes. One for [NAME]. Agent: That's me, [curious] who's this now? Caller: Yes. Hi, [NAME]. My name is [NAME] calling from the [ORG] you were signing up with. Agent: Oh, right, the [ORG]. [confused] Yeah, I was... Caller: Uh, calling in regards to the initial payment, uh, declining Agent: Oh, right, [worried] yeah, the payment. I was wondering about that, now. What happened wit",one for that is me who is this now my is from the you were up with the i was in to the the i was about that now what with it us it was was it for the of did it why now you that and of so it did not through then for the of did it why now just one no i will no it is for the on the in the on is that the one then i that for i do is it that is a now i just that one the other you are you that is the the,Normal,Normal
389,Fraud,"Agent: Hello? Caller: Yes. Hello? Agent: Yeah, [curious] who's this? Caller: This is [NAME]. Agent: [NAME]. [confused] Aight. And you said you're with...? Caller: Yes. Agent: Okay. So, [curious] what's up, [NAME]? Caller: [ORG]. We had a scheduled appointment for today, uh, once your wife arrives on. Agent: Oh, right, yeah, [confused] the tax thing. I mean, [NAME] usually handles all that, but she",who is this this is and you you are with so what is up we had a for your on the i all that but she is she is out now what is up because you me to at this i was just my my i am doing at over here so what was this about again you do not what it was about i just a on my you me you you with my and he you over to me you when your about this so what did are you what it is why what do you we were do a to,Fraud,Fraud
390,Fraud,"Agent: Hello? Caller: Hi. I'm reaching out for [NAME]. Agent: Yeah, [curious] that's me. What's up? Caller: Hi. This is [NAME] reaching out with [ORG] on a recorded line. How are you? Agent: Oh, hey. [calm] I'm good, thanks. What's this about? Caller: You have placed an inquiry with us. Were you looking at options for your debt? Agent: Oh, right, yeah, [confused] the inquiry. I mean, I guess, yeah",i am out for that is me what is up this is out with on a how are you i am what is this about you have an with us were you at for your the i i what of are we here not after i was i what of are we here is this a for us to they are doing a a is this a for us to i a i i a what is up with the that is i i just that they are doing a is this a if not i can you no no it is i can you so what were you about ,Fraud,Fraud
391,Normal,"Agent: Hello? Caller: Hi, [NAME]. Agent: [confused] [NAME]? Oh, um, no, this is [NAME]. [NAME]. [curious] Who did you say this was? Caller: This is [NAME] with [ORG]. Agent: [calm] Oh, [NAME]. [nostalgic] [NAME] used to handle all the insurance, you know. [curious] What can I help you with? Caller: You put in a request last night for Caller: life insurance. Caller: IUL. Caller: So when you do, lik",no this is who did you this was this is with to all the you what can i you with you in a for so when you do through your i did i do not i did i do not doing that what is what is an i did i do not what was that again that is i i might have you my is not what it to be what does that for that is the one that you it is not the is it what are the of that again there is a of why do not we a to more in d,Normal,Normal
392,Fraud,"Agent: Hello? Caller: Hi, [NAME]. It's [NAME] with [ORG]. I was checking in with you. Caller: If you still wanted us to look over your taxes. Agent: Oh, [curious] okay. Um, what's this about? Oh, [confused] my taxes? Um, yeah, I mean, like, for sure. I'm always down for that. [curious] What's up? Caller: Oh, yeah. Um, you we were trying to get that done yesterday, Caller: and I we couldn't get the",it is with i was in with you if you still us to over your what is this about my i for i am for that what is up you we were to that done and i we could not the to through so i was just up what my my did not through that is so i just it are you we are the that is so i just it this are you i only it when we were on the so what do we to do did did not through and you you were the a and what was on so ,Fraud,Normal
393,Fraud,"Agent: Hello? Caller: Yeah. Can I speak to [NAME], please? Agent: Yeah, this is [NAME]. [curious] Who's this? Caller: My name is [NAME]. I'm calling because you expressed an interest in life insurance. Agent: Oh, [confused] right, yeah. Caller: Through one of our websites. Agent: Oh, right, [confused] yeah. I mean, I don't really remember that. What— what website was this? Caller: It was [ORG]. Ag",can i to this is who is this my is i am because you an in through one of our i i do not that what what was this it was i i might have been at some so what is this about then you you are i am in a so what do you from me what is your of it is and what of are we here are you for a i that so i what of are there most is the of that is so the to that is it only you for a if you were to a you would be fo,Normal,Normal
394,Fraud,"Agent: Hello? Caller: Hello. Good afternoon. This is [NAME]. Am I speaking with [NAME]? Agent: Oh, hi [NAME]! [curious] Yeah, this is [NAME]. Caller: Alright. Glad to reach you on the line. Well, this is just a quick follow-up call to inform you that you're qualified with a hardship program. We're just trying to verify. As we can see here, you still owe the [ORG] roughly ten grand. Right? Agent: O",this is am i with this is to you on the this is just a up to you that you are with a we are just to as we can here you still the the that is still so what about it you are with a we just to as we can here you are your as am i a that is i am for i have to your here now for them to be me and you over they will with you the that you are for so a what does that even for me our will with you about that,Fraud,Normal
395,Normal,"Agent: Hello? Caller: Hello. This is [NAME] with [ORG]. How are you? Caller: Hello? Agent: Oh, [calm] hello there. I'm doing just fine, dear. [curious] What can I do for you today? Oh, hello. [calm] I'm doing just fine, dear. And you? [curious] Commercial truck insurance, you say? Caller: Hello? Yes. Agent: Oh, [confused] yes, hello again. I just asked, um, commercial truck insurance? [curious] Wh",this is with how are you there i am doing just what can i do for you i am doing just and you you again i just what is that all about we a were you some for for i most of that you what of did you have in for us we you around what what of were you do you have a or a i we have a few he had the you are you you can than what we are now that is what we to do that would be such a my so much these so how ,Normal,Normal
396,Fraud,"Agent: Hello? Caller: Hello. This is [NAME], [ORG]'s virtual assistant following up on your interest in our debt program. This call is recorded for quality assurance. Am I speaking with [NAME]? Caller: Are you still there? Am I speaking with [NAME]? Caller: Hello? Just checking if you're available to speak. Agent: [confused] Oh, um, yes, this is [NAME]. Debt program, you say? I don't quite recall.",this is up on your in our this is for am i with are you still there am i with just if you are to this is you i do not this is i am here what was that about this is i am i was just a to the who did you this was again no at all this is and and this is for i am up because you with us about your us up where you off you a but we a more would you me to any about how your is before we i i did to about th,Fraud,Normal
397,Fraud,"Agent: Hello? Caller: Hey. May I speak with [NAME]? Agent: This is [NAME]. [curious] Who's calling, dear? Caller: This is [NAME] with [ORG]. I spoke to you earlier. Caller: I was following up with you, uh, to see if you got to get in touch with your Caller: figure out that that card information. Agent: Oh, [confused] [ORG]? Oh, [confused] [ORG]... I'm not sure I recall that. Did we speak before? M",may i with this is who is this is with i to you i was up with you to if you to in with your out that that i am not i that did we before my is not what it to be the i i do not about any what was this about again the the i i do not i it what was this about again and it was the is the we were had an with that i do not if i did that to all that what was this for again for your your for the my now what,Normal,Normal
398,Normal,"Agent: Hello? Caller: Hi. Good afternoon. This is [NAME]. Caller: With [ORG] on a recorded line. Caller: I speaking with [NAME]? Agent: Hey [NAME], [curious] what's up man? [confused] [ORG]? Oh, [curious] what's this about? Yeah, [curious] that's me. What's up, man? Caller: Hi, [NAME]. Caller: Hey, [NAME]. Good. How's everything going? Agent: [NAME]. Oh, you know, [sighing] just tryna get through ",this is with on a i with what is up what is this about that is me what is up you just through the what can i do for you so i am you i am we are up you this was again that is it is a for so i am from i am from so you had about a and i am to you about that to over it with you was that was that for you or for a no you you were again the i i was i was at some what about it the the what about it the th,Fraud,Normal
399,Normal,"Agent: Hello? Caller: Hello? Hello? Can you hear me? Agent: Yes, [confused] I can hear you. Who is this, please? Caller: Hi. My name is [NAME]. I'm calling, uh, on a recorded line about the request that you submitted online for cooling and heating services. Am I speaking with [ORG]? Agent: [NAME]. [calm] E-D-N-A. Yes, that's me. [curious] And what request was this, dear? I don't recall filling out",can you me i can you who is this my is i am on a about the that you for and am i with a that is me and what was this i do not out i do not i am not with you so what was it about again i i for a it is for me to the that is it is been up you with the we have been having so what can you do about it what i can do is to you to one of our and they are be to an i just to that your is is that that is that,Normal,Normal
400,Normal,"Agent: Hello? Caller: Hi. This is [NAME] with [ORG] on a monitored or recorded line. Is is [NAME]. Agent: Oh, [calm] yes, this is [NAME]. [curious] What can I do for you, [NAME]? Caller: Hi. We work calling in response to a life insurance request that was made. And we wanted to bring a licensed agent on the line to go over carrier options in your area. Caller: I have the date of birth here as [DOB",this is with on a or is is this is what can i do for you we in to a that was and we to a on the to over in your i have the of here as here a i i do not out a for that you my he all that before he what of are you about that is a you i do not out that who did you you were with again we are through we here in it we are out in to this i am not i that and what was this for you that i for in for of to a,Normal,Normal
401,Fraud,"Agent: Hello? Caller: Hello? Hello? Agent: Yes, [curious] who is this? Caller: Hello? This is [NAME] with [ORG]. Is this [NAME]? Agent: Oh, yes, this is [NAME]. [curious] What can I do for you, dear? Caller: Hey, [NAME]. I was just speaking to you. Um, I'm [NAME]'s supervisor. I was going through and confirming the appointment for tomorrow. Agent: Oh, [confused] [NAME]'s supervisor? I don't recall",who is this this is with is this this is what can i do for you i was just to you i am i was through and the for i do not what are we about i was to you about the for the of i just i so many these you so what was that again between and but we we do have to do a it is a on your it is not up with the of your so i am i will that the i do not that out over the you is there another to do it the where yo,Fraud,Fraud
402,Fraud,"Agent: Hello? Caller: Hello, [NAME]? Yes, [NAME]? This is [NAME]. Agent: Yes, [curious] it's [NAME]. Who is this, please? Caller: [NAME]. Caller: From the [ORG]. Agent: Okay, [NAME]. [curious] And what is this about? Okay, [confused] the [ORG]? I—I don't know this. What is it? Caller: Did you call Yes. Agent: Yes, I called about... [confused] what is this about? I don't... Caller: Oh, the one that",this is it is who is this from the and what is this about the i i do not this what is it did you i about what is this about i do not the one that you about the we did you the about your the i this i i did not the yet the the i did not the yet i was to is there a the it is about the the that you to me it is so that is why that is why we can not the because the that you to me it is so we can not the,Fraud,Fraud
403,Fraud,"Agent: Hello? Caller: Hi. May I speak with [NAME]? Agent: Uh, yeah, [curious] this is [NAME]. What's up? Caller: Hey, [NAME]. This is [NAME] with [ORG] on a recorded line. How's it going today? Agent: Oh, hey [NAME]. [calm] I'm doing good, just, uh, chilling. What's [ORG] about? Caller: Well, I was, uh, just following up here. It looks like you were trying to fill out a, uh, application with us he",may i with this is what is up this is with on a it i am doing just what is about i was just up here it you were to out a with us here but you did not it so we to you if we could you out with that and if you for some of our the i i was just you what what is it for again so to with some of your that you have the that is been on my so what of are we about here the i you i i a few you what what of are,Fraud,Fraud
404,Normal,"Agent: Hello? Caller: This is [ORG]. We're calling about your auto insurance quote request. Please stay on the line, and we'll connect you with a representative now. Caller: This call may be monitored or recorded. Agent: Oh, okay. [curious] Um, I think I did that online, right? Oh, okay. [uncertain] Um, I think I did that online, like, last week, maybe? Caller: Good morning. Thank you for calling ",this is we are about your on the and we will you with a now this may be or i i did that i i did that you for this is with one for i am this is out to you in the that you do you you your i so i i was for so i out some this is i could not you do you have to your i so how will it i will not no i have most of your a of and it i it is a for and it is be for yourself that is for my and i and i have your,Normal,Normal
405,Fraud,"Agent: Hello? Caller: It's September Agent: Yes, [curious] who is this, please? Caller: Hello? Caller: This is [NAME] with [ORG]. Are you just on the phone? Agent: Yes, I am on the phone now. [confused] Who is this? [ORG]? Caller: Yes. We were just talking. Agent: Oh, [nervous] yes, yes. Okay. I am sorry, my friend. I got a little distracted. What were we talking about? Caller: I was trying to get",it is who is this this is with are you just on the i am on the now who is this we were just i am my i a what were we about i was to the from you to do the the the i have it here one the i now i am so you my for this and this is to with the to is to with your my i over the what is it for i am a about over the we we about how we would do a for you and you had me a that was not so we were just to tha,Fraud,Fraud
406,Fraud,"Agent: Hello? Caller: Hello? Agent: [calm] Hello? Is someone there? I just picked up the phone. Caller: Yeah. This is, uh, [NAME] on a recorded line. How are you doing today? Agent: [calm] Oh, [NAME]. Well, I'm doing just fine, thank you. [curious] What can I do for you today? Caller: Yeah. Caller: The reason for the call, I see that you saw that an inquiry just regarding, uh, some consolidation o",is there i just up the this is on a how are you doing i am doing just you what can i do for you the for the i that you that an just some does that a of a so what was it you were about an you i am not i the i i did into that what of are we about in to i i to my you is this about a or just just to all that you so what are you to with that is what i be of doing on the now just what you and all the wi,Fraud,Normal
407,Normal,"Agent: Hello? Caller: Hello? This is [NAME]? Agent: Yes, this is [NAME]. [curious] Who's calling, please? Caller: Oh, hi. This is this is [NAME] with [ORG]. I'm just calling following up on an online inquiry for the FR forty four coverage. Agent: The FR forty-four... [confused] Oh, goodness. I'm not sure I recall filling out anything like that. [curious] What is that again? Caller: Yeah. The auto ",this is this is who is this is this is with i am just up on an for the the i am not i out that what is that again the that you in the to all that so what about it did you i did you a for the that is i that was what was on to if we can him with that i might what of are you about that would be a i my have just through the you what of are we about what do you what do you is it one or one just me now ,Normal,Normal
408,Normal,"Agent: Hello? Caller: AI is taking notes. Caller: Hello. Good morning or afternoon, I should say. Caller: This is the area agent agency on agent. Is this [ORG]? Agent: [confused] AI? Oh, goodness. Oh, [calm] good afternoon, dear. Who is this? Oh, [confused] [ORG]? No, this is [NAME]. E-D-N-A. Did you have the wrong number, dear? Caller: No, ma'am. Um, actually, I received a, um, referral Looks lik",is or i should this is the on is this who is this no this is a did you have the no i a you are i did not i was it but that it could be my he to all that so what is this all about that is what it is what of are we about i am what of are we about i am here i what of we are about because it just that do not if you had to a i am not what that is it a is being through our she in us here a i do not out ,Normal,Normal
409,Fraud,"Agent: Hello? Caller: Hello? Agent: Yeah, [curious] who's this? Caller: Hello? Agent: Yeah, who's this? [confused] I'm here. Caller: Hello, sir? Agent: Yeah, [confused] who's this calling? Caller: Are you there? Agent: Man, [sighing] yeah, I'm here. I just said I'm here. [curious] What's up? Caller: Yeah. Who did call me? This is [NAME]. Agent: Uh, hey [NAME]. [curious] What's up? Caller: I was ca",who is this who is this i am here who is this are you there i am here i just i am here what is up who did me this is what is up i was about those you are still for some the i am what is up with that i for that is that is a what are we about here that so what is the with those we are our by to you a a so when can you over you i am they do it in when they do the this is in did you in in up what are ,Fraud,Fraud
410,Fraud,"Agent: Hello? Caller: Hello, [NAME]? Agent: Yeah, [curious] that's me. Caller: Yeah. How's it going? It says [NAME] here with [ORG] then Caller: Accurate. I'm just reaching back out. You were looking for a loan or some debt help? Agent: Oh, hey [NAME]. [calm] I'm doing good, just got off a really long shift, so, you know, just winding down. Oh, right, yeah, [confused] the — the loan thing. Um, how",that is me it it here with then i am just out you were for a or some i am doing just off a so you just the the it how about you you i am just through my so it is what was this about the that you are for the what of was it again i so many the so how does that for or any i i i was into that for so what is the what is the with it i just some here to if you so what do you from me i am your and then yo,Fraud,Fraud
411,Fraud,"Agent: Hello? Caller: Hi. This is [NAME] with [ORG] on a recorded line. Agent: Oh, hey [NAME]. [curious] What's up? Caller: Hey. How you doing? Agent: I'm good, [neutral] I'm good. Just, you know, at work, so... What can I do for ya? Caller: Yeah. So I'm here with [ORG]. Um, it does seem like I got you scheduled here to speak with [NAME]. Caller: Does that seem familiar? Agent: Oh, [confused] [NAM",this is with on a what is up how you doing i am i am just you at so what can i do for so i am here with it does i you here to with does that i so i i to so many these you you i i was to about my is that what this is it it might be about that i so i have just been so with my it is to that so you you are at now would a for me to out been to out what to do with all that so i i a now if you just me wh,Fraud,Fraud
412,Normal,"Agent: Hello? Caller: Good morning. This is [NAME] calling with [ORG] on a recorded line. I have received an Internet request from you, and I am calling to see if this is a good time to speak with you. Agent: Oh, [surprised] an Internet request? Goodness. Yes, I suppose now is as good a time as any, dear. [curious] What was this about exactly? Caller: Um, you had sent us a request Caller: uh, thro",this is with on a i have an from you and i am to if this is a to with you an i now is as a as any what was this about you had us a through a i do not what you i was to what what you did you us to out and do a in for some or that i must have an i do not do much with the myself you but i must have up before he what of are we about so are these for the or just a few you my are a it is however many yo,Normal,Normal
413,Fraud,"Agent: Hello? Caller: Hello. Is this [NAME]? Agent: Yeah, [curious] who's this? Caller: Hi, [NAME]. My my name is [NAME]. I'm with [ORG]. And all calls are monitored for quality. I was calling because it looks like you may have recently been online possibly looking for a personal loan or debt consolidation, maybe something else. Is that correct? Agent: Oh, yeah, [uncertain] that's right. I was, um",is this who is this my my is i am with and all are for i was because it you may have been for a or is that that is i was some out what about it and what me a about what it is you are to i i was just around you you just to a on some you me just what is out there to you some that is what we do so you have some be or or that that you are to a on just in one you it that is the they just they up you so,Fraud,Fraud
414,Fraud,"Agent: Hello? Caller: Hello, [NAME]? Agent: Yes, [curious] that's me. Who's calling, dear? Caller: I'm looking for [NAME]. Agent: That's me. [curious] Who's this calling, dear? Caller: Hi. Looks like you inquired with [ORG]. You were looking for some help with your finances through [ORG]? Agent: Oh, [ORG]. [confused] Well, I don't really remember that, you know. [curious] What was that about again",that is me who is i am for that is me who is this you with you were for some with your through i do not that you what was that about again were you for some with your and some you are to with i i might have you to all that but since he it is been a what of are you about so we do that of now what does that is that all my or and how does that you me would it my or that would be i how much are we abo,Fraud,Fraud
415,Fraud,"Agent: Hello? Caller: Hello. This is [NAME] from [ORG] on a recorded line. Is this [NAME]? Agent: Yes, [curious] it is [NAME]. Caller: Okay. So do you have the VIN details with you now? Agent: The VIN details? [confused] Oh, uh, yeah, I think so. What—what is this about, please? Caller: Oh, the bank the bank details. Agent: Oh, the bank details. [nervous] Yes, yes. I have those. What do you need, ",this is from on a is this it is so do you have the with you now the i so what what is this about the the the i have those what do you my is there a he to me i have them what do you my your and my and can i why you these i i do not these out over the you i so in this have you just to be here do you how our i am i i so but can you just me i to be or you have it so our will with your on your to your ,Fraud,Fraud
416,Fraud,"Agent: Hello? Caller: Hello. This is [NAME], and I'm calling from [ORG]. Can I please start with your Agent: Yes, this is [NAME]. [curious] How can I help you, please? Caller: Hello? The reason of my call is to continue with the process of a recent title loan Caller: application. Is that okay? Agent: Oh, [confused] a title loan? Yes, yes. [uncertain] I mean, I was looking into something like that,",this is and i am from can i with your this is how can i you the of my is to with the of a is that a i i was into that i what about it the that is i was about that what is with it now can you the i what is with the i did it through i am here the and i am that you to a am i i did i why is there a are you still there my i have i am still here so i have the that the you that you to a of your am i that,Fraud,Fraud
417,Fraud,"Agent: Hello? Caller: Hi. Uh, is this [NAME]? Agent: Yes, this is [NAME]. [curious] How can I help you? Caller: Hi. Uh, this is [NAME] with [ORG] on a recorded line. And, um, I'm, uh, calling to let you know that we finished reviewing your debt consolidation application. And, yeah, I just wanted to see if you might have a moment so we could go over it and walk through your options today. Agent: Oh",is this this is how can i you this is with on a and i am to you that we your and i just to if you might have a so we could over it and through your the i i do not when i that in but what did you and this is on my so here is what i am do i am you with your here in just a and they will over what for you so you have one to about that and what does that is that a or i can you with my just for a you i ,Fraud,Normal
418,Normal,"Agent: Hello? Caller: Hi, [NAME]? Agent: Yes, [curious] that's me. Who's calling? Caller: This is [NAME] with [ORG]. How are you today? Agent: Oh, well, I'm doing alright, [NAME]. [calm] Just finished my crossword. [ORG]... [confused] is that about my car? Caller: Good. Good. Agent: So, um, [curious] [ORG]? What's this about? Caller: Okay. Well, I'm Agent: [ORG], [confused] what's this about? Call",that is me who is this is with how are you i am doing just my is that about my so what is this about i am what is this about i was on in to the you about i do not i do not the i do not did i out a or to all that you the the to all that you what did i about so what about it we are out because we had an that you you were at you for some and we were just what we could do for you what of were we at fo,Normal,Normal
419,Normal,"Agent: Hello? Caller: Yes. Hi. This is [NAME] with [ORG]. Am I speaking with [NAME]? Agent: Oh, [confused] [NAME]? No, dear, this is [NAME]. [NAME], um, [NAME]. Is that who you were trying to reach? Caller: Um, [NAME]. Agent: Oh, [NAME], yes. [calm] That's me. What can I do for you, [NAME]? Caller: Yes, [NAME]. Is [NAME] with [ORG], ma'am. Um, Caller: As I have, uh, told you yesterday that I'm goi",this is with am i with no this is is that who you were to that is me what can i do for you is with as i have you that i am to and what is that about i now you you would about the the is that to you to a by the is the the now what was this about again i to so many my is not what it to be this is a against your the of your the i now to all that so what do you the for is that for the the of the just ,Normal,Normal
420,Normal,"Agent: Hello? Caller: This call is being recorded for quality assurance and training purposes. Agent: Oh, [calm] all right then. Well, um, what can I do for you, dear? Caller: My name is [NAME]. I'm reaching out from [ORG]. We got your information sent over from our online inquiries for estate planning. Were you reaching out to us? Agent: Oh, [confused] estate planning? Well, I... I don't recall f",this is being for and all then what can i do for you my is i am out from we your over from our for were you out to us i i do not out that my he to all those what of did you it is an so much it is just it and and then it in my that they have they did some of to out to us an you i do a of up on my you i am not very with all that what was the about it is just an up or do it on our or this one i am no,Normal,Normal
421,Fraud,"Agent: Hello? Caller: Hi. This is [NAME] calling from [ORG]. Caller: [ORG]. Is [NAME] available? Agent: Okay, [curious] um, hi. Um, yeah, [uncertain] this is [NAME]. Caller: I am, uh, so we received a request from [NAME] to schedule a meeting um, between you and her, and she has some time available for this Friday at at, uh, two PM. But the email address we tried to send the meeting request to did",this is from is this is i am so we a from to a between you and her and she has some for this at at but the we to the to did what is the about i to if i could that i so what was what was the so i had here no that is not it is but it is so it is no it is not i and at is that what you that is it so what is the about it it is a she with you not me if i could up some here me one i am it up here for you,Fraud,Normal
422,Normal,"Agent: Hello? Caller: Hello? Agent: Yes, [curious] who's calling please? Caller: Hello? Caller: This is [NAME]. Agent: Yes, [confused] I can hear you, dear. Who is this? [NAME], [confused] is that right? Well, hello there. What can I do for you, dear? Caller: Uh, we have a call scheduled for now. Caller: Ten AM. Agent: Oh, [surprised] do we? Oh, [surprised] do we? Goodness. I don't recall scheduli",who is this is i can you who is this is that there what can i do for you we have a for now am do we do we i do not a what is this about we had a my my had with you i i am my he all that you his a i i might have you to all that so what does this we were about you to i your is the my he is a no he is not he is at this of so it is just you and me then is it we had a we had we had a you this is about ,Normal,Fraud
423,Normal,"Agent: Hello? Caller: Hey. Good afternoon, [NAME]. Agent: Uh, good afternoon. [curious] Who's this? Caller: Hey. Good after this is, uh, [NAME]. I'm calling from [ORG] regarding the, uh, lead that you submitted on, uh, the eleventh of July. Caller: Um, you were inquiring about final expense insurance, And according to your file, um, I'm showing that you're still living in the state Florida. Is tha",who is this after this is i am from the that you on the of you were about and to your i am that you are still in the is that the what was that about again i a of you the of i i i am in now you are in now because to your i had your of as and the on was is that that is but the that is not my is i am not how we that then because you you the on the do you doing that the the i am not i that no but if y,Normal,Normal
424,Normal,"Agent: Hello? Caller: This is [NAME] with [ORG] on a recorded line. How are you? Agent: Oh, [calm] I'm doing fine, dear. Just enjoying my coffee out on the lanai. [curious] What can I help you with? Caller: We're calling in regards for request for health care sharing information. Were you looking at programs for just yourself or your family? You still there? Agent: Oh, um, [ Caller: Are you intere",this is with on a how are you i am doing just my out on the what can i you with we are in for for were you at for just yourself or your you still there are you in i you i i am just for myself you my he a what of are these so these are so we are is your that is me he in so what is the between this and so because we are a we do have some and we do not for that may be we are not we would for and but ,Normal,Normal
425,Normal,"Agent: Hello? Caller: Hi, [NAME]. Caller: Hello? [NAME]? Agent: Oh, hello there. [curious] Who am I speaking with? Yes, this is [NAME]. [calm] Who's calling, dear? Caller: Hi, [NAME]. This is [NAME]. I'm calling you back from [ORG]. The home warranty company. Caller: Did I catch you at an okay time? Agent: Oh, [NAME]. [calm] Right. I think I spoke to someone earlier, you know. [curious] What was t",there who am i with this is who is this is i am you from the did i you at an i i to you what was this about again i do not but i am here what can i you with i we we were to you for your and your your does that a my i it is been a of a to of all that so what were we about so so that is that is the for the so i i have it through my here he is that he that i will the in in so i would to it again if w,Normal,Normal
426,Normal,"Agent: Hello? Caller: Hello, [NAME]? Caller: I believe I we got disconnected. Agent: Yes, this is [NAME]. [curious] Who's calling, please? Oh, [confused] yes, I think we did. My phone, you know, it acts up sometimes. So what were we talking about again, dear? Caller: Okay. Agent: [curious] My memory isn't what it used to be. Caller: We was talking about the diabetes, and you were telling me that y",i i we this is who is i we did my you it up so what were we about again my is not what it to be we was about the and you were me that you and it is with which is any that is the it is been you a of a but my i am doing so what was it you were to me about it had a of the before he his but me no no i am just why do you about all that is it for the the it is because some are you still there with the i,Fraud,Normal
427,Normal,"Agent: Hello? Caller: Hi. Um, this is [NAME] with [ORG]. You were doing some research on our web for cremation. I wanted to follow-up see if it was anything urgent or if you're looking at preplanning. Agent: Oh, [confused] um, [ORG]? Oh, yeah, the—the website. [curious] What's up with that? Caller: What's up with what? Agent: Like, [confused] why are you calling? Is everything okay? Caller: Oh, it",this is with you were doing some on our for i to up if it was or if you are at the the what is up with that what is up with what why are you is it is no it just you had and for us to you on our you just for are is i was i i was just around you is there a or no no you how is when you on a and you for it so if you have any they are to you that is all it is did you that and some to you is that what y,Normal,Normal
428,Normal,"Agent: Hello? Caller: Is this [NAME]? Agent: Yes, this is [NAME]. [curious] Who's calling, please? Caller: Hi. My name is [NAME]. I am from [ORG]. I'm the agency owner of [ORG]. And I got a request that you were looking for some information about [ORG]. Agent: Oh, [confused] [ORG]? Well, um, I guess I might have, you know, filled out something. [curious] What kind of information are you talking ab",is this this is who is my is i am from i am the of and i a that you were for some about i i might have you out what of are you about you it i i do not are you you have the because i have your i do not in but what of are you about i am a and so i have a and the i which is your and your and and and you a for me to you it is not i am just you out of the i i a i do not doing that but what does that a ,Normal,Normal
429,Normal,"Agent: Hello? Caller: Hi. This is [NAME]. I'm following up on behalf of [ORG]. And I'm on a recorded line. I we received a request for a business insurance quote. Caller: Did you submit this request? Agent: Oh, [confused] a business insurance quote? Oh, [confused] a business insurance quote? For... for what business, dear? I don't recall... Caller: Let me take a look here. It was for [NAME]. Calle",this is i am up on of and i am on a i we a for a did you this a a for for what i do not me a here it was for for for that is me but a i am just a you what of would i have for now i am not i out that what of would that be for for for a you are not for that i i did some a while you for the after i is that what this is about i am just up on of the that was out a i am not very with you what of was it ,Normal,Normal
430,Fraud,"Agent: Hello? Caller: Hello. Is this miss [NAME]? Agent: [confused] No, dear, this is [NAME]. [NAME]. [curious] Who did you say you were calling for? Caller: Oh, I'm sorry. Um, I'm your doctor. Caller: And we are just making sure that you have all your right medications. Agent: [confused] My doctor? [surprised] My doctor? Oh, goodness. Well, um, [confused] I don't recognize your voice, dear. Which",is this no this is who did you you were for i am i am your and we are just that you have all your my my i do not your which are you and what are you about what is your my i have for my and for my you my which one are you with i am with you he has his me what was your again and what are we about what is his i my i have i am so i my is not what it to be either to i would my if it was not is a are yo,Fraud,Normal
431,Fraud,"Agent: Hello? Caller: Hello? Agent: [calm] Hello? Is someone there? I can barely hear you, dear. Caller: Hello? Yeah. Caller: Yes. Hello, um, miss [NAME]? Agent: [confused] Oh, hello. Who is this? You're a bit faint. [confused] [NAME]? Oh, no, dear, this is [NAME]. [NAME]. [curious] Who did you say you were calling for? Caller: Yeah. I'm calling for [NAME]. Agent: Oh, [confused] [NAME]? Right, yes",is there i can you who is this you are a no this is who did you you were for i am for that is me i what can i do for you we have an for we to over the an i do not one of those up what was the again of the you are with it is about the that you are for you my he the now what is is that it is and you had the we have you i was to you because you had and i should you at i i that is i should into you an,Normal,Normal
432,Normal,"Agent: Hello? Caller: Yeah. Good morning. Can I speak to miss [NAME]? My name is [NAME] with [ORG] and [ORG]. Agent: [confused] Miss [NAME]? Oh, you mean [NAME]. That's me. [curious] What can I help you with, dear? Caller: Uh-huh. [NAME]. My dear. Um, we received a request, um, that I believe you submitted online because you're for a quote for car insurance, my dear? Agent: Oh, [satisfied] yes, I ",can i to my is with and you that is me what can i you with my we a that i you because you are for a for my i did that my to all that but what of are we about it here that the that we have is for a it but i do not have the a that one i i that what is a no i i do not have it that is it is it is i do not have the i just only have the the and i so you do not have it how does that then do you me to it ,Normal,Normal
433,Normal,"Agent: Hello? Caller: Hi. This is [NAME] from [ORG]. Agent: [ORG]... [confused] Now, what was that name again, dear? Caller: Hello? [ORG]. Agent: Oh, [confused] a walk-in bathtub. Right. My hearing, you know. [curious] What can I do for you today? Caller: Yeah. I'm just just calling for a follow-up for the, uh, proposal that I've sent to your email for Capri acrylic outward swing door tub. Agent: ",this is from now what was that again a in my you what can i do for you i am just just for a up for the that i have to your for the for the now was that the one that my was at before he i so many you no the the we have was we have you that you and that you even the to the did i i am so these now what did i you then just so i can i here that is the one that up for me he i to with the so what was in ,Normal,Normal
434,Normal,"Agent: Hello? Caller: Hi, [NAME]. This is [NAME]. I'm calling on a recorded line for [ORG]. We recently spoke to you about coverage on that Chevy Blazer. Caller: And we have some better pricing options we'd like to go over with you. Agent: Oh, right, the— [confused] the Blazer, yeah. I remember talkin' to someone, I think. Oh, right, the [confused] the Blazer. Yeah, I remember talkin' about that. ",this is i am on a for we to you about on that and we have some we would to over with you the the i to i the the i about that what is what is the now me just over this what we what is the what is the then so i to a of is still on the it is you it me from a to most a a now and then but it is a that one and there is still no or no no that just the and you for a of its and you still have the for that ,Normal,Normal
435,Normal,"Agent: Hello? Caller: Right. So this is [NAME] from [ORG] Agent: [NAME] from [ORG]? [curious] What can I help you with, dear? Caller: division. So this call is regarding the unclaimed funeral offset currently showing as unverified and pending release for your local county in Pennsylvania. Caller: We are conducting a final audit of the twenty twenty six cash assistance offset records, and your file",so this is from from what can i you with so this is the as and for your in we are a of the and your is as did you to the that was out i do not there my he you a here in so what is this about the i i do not about that what is that so is to and of and so your is never these are they are to for on or we your our will you through every of the and just to your are you between and so this is about for w,Normal,Normal
436,Fraud,"Agent: Hello? Caller: Hello. This is the [ORG] calling. This call will be recorded. Caller: AI is taking notes. Hello, miss [NAME]. This is [NAME] from the [ORG], and I'm calling to follow-up about your inquiry last time related to elder law and Medicaid planning. Are you free for a call right now? Hello. This is [NAME]. Can you hear me? Agent: Oh, well, [calm] hello there. [curious] [ORG], you sa",this is the this will be is this is from the and i am to up about your to and are you for a now this is can you me there you this from can you me this is from the can you me you i am i did not that what was this about now i am to you that your about and so i just have some few here so we can you with a the my he to all that you so what of do you have for me can you me i can you my he to all that y,Normal,Normal
437,Fraud,"Agent: Hello? Caller: Hey. This is [NAME] on a recorded line. How are you today? Agent: Oh, [calm] hello [NAME]. I'm doing just fine, dear, thank you. And yourself? Caller: Doing pretty good. Is this [NAME]? Agent: Yes, [calm] this is [NAME]. Caller: It looks like you're looking for some help with your finances? Agent: My finances? [confused] Oh, well, I mean, [NAME] used to handle all that, you k",this is on a how are you i am doing just you and yourself doing is this this is it you are for some with your my i to all that you what are you about i that is me what is it you can me with then we do and we do what were you for and you how does that is it a or and you i i am not for a not now but what of are you about is this an an no i am just i am not with all that now about that you it we can ,Fraud,Fraud
438,Normal,"Agent: Hello? Caller: Hello? Is this [NAME]? Agent: Yes, [calm] this is [NAME]. Who's calling, dear? Caller: Hello? Hello, miss. My name is [NAME]. Caller: And I'm from [ORG]. Caller: Uh, we see that you recently inquired about the dental treatment with us. So I just wanted to have a quick chat and know more what you're looking for. Is this a good time for us to talk together? Agent: [NAME]? [curi",is this this is who is my is and i am from we that you about the with us so i just to have a and more what you are for is this a for us to and what can i you with my that is a off what can i do for you i do not about there are you you have the i i might have you out some or but i do not about what of were you of that is me but i do not about what of were you of is this you that is me but i just i ,Normal,Normal
439,Fraud,"Agent: Hello? Caller: Hi. This is [NAME]. I'm calling from at for [ORG]. Caller: I'm calling from [ORG]. Agent: [confused] [ORG]? Oh, [ORG]. [curious] And what exactly can I help you with, dear? Caller: Yes, ma'am. It looks like you put an inquiry in regards to your debt, so that's the reason why we're calling. Is this a good time to speak to you? Agent: Oh, [confused] an inquiry about my debt? I.",this is i am from at for i am from and what can i you with it you an in to your so that is the why we are is this a to to you an about my i i do not doing that you who did you you were with again and it an was done i do not out any or that what of are we about here it you also it you to on i do not if you in in to a then to it you in on as or did we you it by the of it is a you were to them about ,Fraud,Normal
440,Fraud,"Agent: Hello? Caller: Hey, [NAME]. I'm a detective here in Oregon. I just wanted to see you had just called about someone in your house? Agent: Oh, [confused] a detective? No, I... I don't think I called anyone. Not that I recall, anyway. I was just, um, answering the phone. Caller: No. You said somebody was trespassing and was in your house and breaking out the windows? Agent: Oh, right, [worried",i am a here in i just to you had just about in your a no i i do not i not that i i was just the no you was and was in your and out the the the i my you it is been a a is this about that so what is on i i am not what is on have just been a you out of i am just to it all out what have you is in your now not that i can now no but it is been a of a a you just to what do you from me what do you what is,Fraud,Fraud
441,Fraud,"Agent: Hello? Caller: Hello. This is [NAME] with [ORG] on a recorded line. Caller: Am I speaking with [NAME]? Agent: Uh, hey [NAME]. [curious] What's up? Uh, yeah, [confused] this is [NAME]. What's up? Caller: Hello? Agent: Yeah, I'm here. [confused] You there? Caller: Hey, [NAME]. Once again, this is [NAME]. May I know your debit? Agent: My debit? [confused] Wait, what about it? Caller: Sorry? Th",this is with on a am i with what is up this is what is up i am here you there again this is may i your my what about it this is in to the you and out about about the through and that is the of this so we can you with the that you do is it that i i did that a while what is up with it now the i i so what is the what is the one to what i am over here we only have over here your and your and also your,Fraud,Fraud
442,Normal,"Agent: Hello? Caller: Hi. Uh, my name is [NAME]. I'm calling from [ORG]. We're an [ORG] company. I was looking to speak with [NAME]. Agent: Yeah, this is [NAME]. [curious] What's this about? Caller: Yeah. Hi. So we're just yeah. We're responding to a request for some, uh, insurance coverage. Here. Let me see what it was. Looks like it was just for some short term health insurance. Just checking in",my is i am from we are an i was to with this is what is this about so we are just we are to a for some here me what it was it was just for some just in to if you to with one of our to you in the i was into that so what do you from me it is not it is not me from you i i i to but if you i can just you with one of our so how does that do i just to them now i can just you now after i just a of from yo,Normal,Normal
443,Normal,"Agent: Hello? Caller: Hi there, miss [NAME]. Agent: Oh, [confused] [NAME]? I'm sorry, dear, I think you might have the wrong number. My name is [NAME]. Caller: Uh, yes, ma'am. That's who I'm looking for. Agent: Oh, [calm] well, yes, that's me. I'm [NAME] Caller: Uh, we actually recently Caller: uh, we recently spoke to you about protecting your home's major systems and appliance with a home warran",there i am i you might have the my is that is who i am for that is me i am we we to you about your and with a and we have now some if you on the for just one i will those up and who is this a i i i did to about that what of are we about if you me just one i can those up to all i will i am still here i am i you were up did you no it is did you those for me i am here i am i you were up you it is wha,Normal,Normal
444,Fraud,"Agent: Hello? Caller: Hey, [NAME]. Caller: Hey, [NAME]. Is that you? Agent: Oh, [curious] who's this calling? Oh, hello. [curious] Who is this, dear? Caller: It's [NAME]. Remember me? Agent: [NAME]? [confused] Oh, goodness, I... I'm not sure I do. [curious] Which [NAME] are you again? Caller: Yeah. Uh, we were talking the other day. We were talking, uh, you were looking for the for the tools. Reme",is that you who is this who is this it is me i i am not i do which are you again we were the other we were you were for the for the that the i do not i do not about what of are we about you were at the we are at the with the and the all the in it the that is what he his so what about it did you one doing he it is just me now but to the you you i have a that i to for you did you about it a that me ,Fraud,Fraud
445,Normal,"Agent: Hello? Caller: Hi. This is [NAME] with [ORG]. I saw you recently requested a quote. Your ZIP code is one of our best covered areas, Right now, our platinum protection plan covering heat, air, appliances, electrical, and plumbing is just three hundred and seventy five dollars for the year. And if you sign up on this call, I'll include roofing coverage at no additional cost. Can I bring a sal",this is with i you a your is one of our now our and is just and for the and if you up on this i will at no can i a on to the a i so can you me i can you i just i do not i a for a are you still there a you can i a on to the i so just a this may be and to your about that you up to on this is with you from how can i you with i was just to i her was me for you just you do not have his or no i do not s,Fraud,Normal
446,Normal,"Agent: Hello? Caller: Hi, [NAME]. This is [NAME] with [ORG]. I spoke with you just a little bit ago. Agent: [confused] [ORG]? Man, I just — I just got off another call. What's this about again? Caller: K. We were just needing to verify your address of [ADDRESS]? Agent: Oh, right, yeah, [curious] that's the one. What's up with it? Caller: Right? Okay. Caller: No. I mean, he was just trying to verif",this is with i with you just a i just i just off another what is this about again we were just to your of that is the one what is up with it no i he was just to the his is him to to another we were just to it with you to it is because the it off a so what was this for again up his who who is here from your with the has with you my with with i did not i did not up no for i i if you so what was that,Fraud,Fraud
447,Normal,"Agent: Hello? Caller: Hi. Is this [NAME]? Agent: Yes, [calm] this is [NAME]. [curious] Who's calling, please? Caller: Hi. Hi, [NAME]. This is [NAME] with [ORG]. How are you? Agent: Oh, [calm] well, I'm doing just fine today, dear. [curious] [ORG], you say? What's that about? Caller: Well, uh, you sent an email to me requesting some senior services in Sarasota. So I am the sales director in Sarasot",is this this is who is this is with how are you i am doing just you what is that about you an to me some in so i am the in and i am just up to if you have any for from an i i do not an you he to all that before he are you it was me is this that is me so what was the about again and you on to and your in your and it your was i am in more about in the so i just to out and you we did your through to ,Normal,Normal
448,Fraud,"Agent: Hello? Caller: Yes. Hi. Good morning. May I speak to [NAME], please? Agent: This is [NAME]. [curious] Who's calling, dear? Caller: Good morning. Yeah. My name is [NAME]. I'm calling from [ORG]. How are you? Agent: Oh, well, I'm doing all right, I suppose. [calm] What can I do for you, [NAME]? Caller: Just giving you a call to follow-up on the online inquiry, uh, that was filled out. About, ",may i to this is who is my is i am from how are you i am doing all i what can i do for you just you a to up on the that was out about at some and your on those so just to and how we can you the i do not my me with on the what of are we about i do not that i have no i am to you again just some and how we can so we we with a of of except for i do have a few of those he i should so what does you i do,Fraud,Normal
449,Normal,"Agent: Hello? Caller: Hi, [NAME]. This is [NAME]. Calling on a recorded line from [ORG]. It looks like you had submitted your information online about protecting your home on [ADDRESS] with the home warranty. So we cover all major systems and appliances. Just gonna get you a little more information on how it works. Okay? Agent: Oh, [surprised] [ORG]? Goodness. [confused] I don't remember filling o",this is on a from it you had your about your on with the so we all and just you a more on how it i do not out that but what of are we about that is a me one i am it up for you all my is i will be you out from here to you so how is you the there on and i we this in so a while now it is been a can you me i can you we have been here me and i we this in so a while why do you we were just that just to ,Normal,Normal
450,Fraud,"Agent: Hello? Caller: Hi. May I speak with, uh, [NAME]? Agent: Yes, this is [NAME]. [curious] Who's calling, please? Caller: Hi. My name is [NAME]. I'm a licensed insurance agent with [ORG] on a recorded and monitored line. How are you today? Agent: Oh, hello, [NAME]. I'm doing well, thank you. [calm] And you? Caller: I'm doing well. Thanks. Well, we are just following up on a request we received ",may i with this is who is my is i am a with on a and how are you i am doing you and you i am doing we are just up on a we for about do you have a and i do not a and i i do i am not about a though no what we do here is that you are not out on any i that so what of are we about that you are for and that can you so that is what we can do so what of are we about we are about which you such as some may,Fraud,Fraud
451,Fraud,"Agent: Hello? Caller: Hi, with [NAME]? Agent: Yes, this is [NAME]. [curious] Who's calling, dear? Caller: Hi. [NAME]. My name is [NAME]. I'm calling here from [ORG]. Agent: [ORG]? [confused] Oh, I don't think I know that name. What's this about? Caller: Yeah. You submitted it. Caller: You you submitted an inquiry online for a loan? Agent: Oh, [confused] I submitted something? I don't recall... Wha",with this is who is my is i am here from i do not i that what is this about you it you you an for a i i do not what was it about my is not what it to be i did what of was that for i do not i it was a which is a a to all that you since he i am not on of these how much was i for it does not it just it just your to us so we can you and for you to in so i have to in i this was i could do over the my i,Fraud,Normal
452,Normal,"Agent: Hello? Caller: Hello, uh, [NAME]. This is [NAME] again with [ORG]. Um, are are you still having issues with your phone? Agent: Oh, [NAME], [surprised] yes! My goodness, I— I thought you'd forgotten about me. Yes, it's still— it's still not quite right. [confused] Now, what was [ORG] again? Caller: Of course not. Agent: what was it you were gonna do about it? Caller: Um, about your windows? ",this is again with are are you still having with your my i i you would about me it is still it is still not now what was again of not what was it you were do about it about your my i we were about my but the are just they are just not what they to be what was it you were to do about them again i can you up with a so we can you a in about the a that so would that be for all the or just the in the i,Normal,Normal
453,Fraud,"Agent: Hello? Caller: Hello? Agent: Yes, hello. [curious] Who's calling please? Caller: Hello. My name is. I'm calling from [ORG]. Can I please talk to [NAME]? Agent: Yes, this is [NAME]. [curious] What can I do for you, dear? Caller: Hello. Uh, the reason of my call is to continue with the process of your recent title loan application with [ORG]. Caller: Is that okay? Agent: Oh, the title loan ap",who is my is i am from can i to this is what can i do for you the of my is to with the of your with is that the i do not that one the i so i to all that you what do you from me for that for that we will about your about the and about the my i am my you i am so it is just my and you what of do you before that i would to that this may be or for and all then you so about the what do you to it is just,Fraud,Fraud
454,Normal,"Agent: Hello? Caller: Hi. May I speak to [NAME]? Agent: Um, [curious] speaking. Caller: Hello. I'm calling, uh, to help you with your quote for auto insurance that you're looking Agent: Oh, okay. [confused] Um, I don't remember like, asking for a quote though? Caller: for. My name is [NAME], and I am with, uh, [ORG] Agent: Okay. [nervous] I mean, I—I don't remember, like, signing up for an auto in",may i to i am to you with your for that you are i do not for a though for my is and i am with i i i do not up for an what what is this i and you to do a the the i i was just around you i did not it through or if you your your you of that is it a did you me to you i i i just that of the so that i can you with if you are not if you do not have any now what what do you have so what what did it throug,Normal,Normal
455,Fraud,"Agent: Hello? Caller: Hey. Can I speak to [ORG], please? Agent: [ORG]? [confused] Oh, you mean [NAME]. This is [NAME]. Who's calling, dear? Caller: Yes, [NAME]. This is [NAME]. I'm with the [ORG]. Here in Atlanta. Caller: Um, and I was asked to reach out to you in regards to an inquiry you'd made about maybe getting cash out of your home. Caller: And I'll see if we could help you out with that. Ag",can i to you this is who is this is i am with the here in and i was to out to you in to an you would about out of your and i will if we could you out with that you what can i do for you an about out of my i do not that what of are we about the out of my i do not out but to do all that you what of was it were were you at some or that i to all that you before he but i i might have what of are we abo,Fraud,Normal
456,Normal,"Agent: Hello? Caller: Uh, hello. May I speak with [NAME], please? Agent: Yes, [curious] this is [NAME]. Caller: Uh, [NAME], hi. My name is [NAME]. I'm with [ORG]. Uh, you had put a request on our website, uh, earlier this morning. Caller: For information about security system. Agent: Oh, [confused] earlier this morning? Oh, right, [confused] yeah — I was looking at, like, a few different things th",may i with this is my is i am with you had a on our this for about this i was at a few this what was it so i you just on what you were for was this for your or for a it was for my my and i we just a you and we are just to to be i am for my my and i we just a so for your and then what is your in i just you are in one of our it is it is so you are in you are in no and and and this do you own or the ,Normal,Normal
457,Fraud,"Agent: Hello? Caller: Hi, [NAME]? Agent: Aye, that's me. [curious] Who's this now? Caller: Hi. Caller: This is [NAME] getting back to you here from [ORG]. Agent: Hello? [confused] Are you there, love? Oh, [nostalgic] [ORG], right, yeah. I remember... I was talkin' to someone there, I think, a while back. What can I do for ya, [NAME]? Caller: Um, I just wanted to follow-up with you. Uh, were you ab",that is me who is this now this is to you here from are you there i i was to there i a while what can i do for i just to up with you were you to up your for the the i have not i have not to that yet me i have been a you with the the what was in it again so you have been now of your that is i am it is a out there a for it you the out me of the it does it is it is a for it you but what was it you me,Fraud,Normal
458,Normal,"Agent: Hello? Caller: Oh, hello, [NAME]. It's [NAME]. I talked to you yesterday about the reverse mortgage. Agent: Oh, [calm] [NAME], yes. I remember our chat. [curious] What can I do for you today, dear? Caller: Alright. Good. You know, I was just calling you back to go over some of the information, some of the numbers that I that I found for you. Um, and I have that. Is is now a good time, or do",it is i to you about the i our what can i do for you you i was just you to over some of the some of the that i that i for you and i have that is is now a or do you have a few to more with me i so i am just my but i can it for a what of are we about now so you and i had a a to you i i you you out that an and i was why you me when when there might be in in the i i did out that you to do all the so i,Normal,Normal
459,Normal,"Agent: Hello? Caller: Hi. This is [NAME] calling from the main Is this [NAME]? Agent: Yes, [calm] this is [NAME]. [curious] Who did you say you were with again, dear? Caller: Hello? [ORG], you put a request online? Agent: Oh, [calm] [ORG]. [confused] Yes, I think I did something like that, you know. [curious] What's this about exactly? Caller: So you put a request online and I'm calling to give yo",this is from the is this this is who did you you were with again you a i i did that you what is this about so you a and i am to you and to if you would to for a that i have been to some around the what of do you do we do and is that you just a or do you do too what is the what are you for i am not to of all that you he a of so what do most it all if you of a more of a that is why i am what is it t,Normal,Normal
460,Normal,"Agent: Hello? Caller: Hi. Is this miss [NAME]? Agent: [confused] Miss [NAME]? Ah, no, no, it's [NAME]. [NAME] [NAME]. You've got the right number, though. Who's this now? Caller: Hello? My name is [NAME]. I'm with [ORG] regarding the request for auto insurance Caller: rates. How are you today? Agent: Oh, right, [curious] the auto insurance. Oh, [NAME], [calm] grand, grand, thank you. [NAME] here. ",is this no no it is you have the though who is this now my is i am with the for how are you the you here is it i was i was into that what is the you are you and in to you to the i do to some of your and for this will be and can you the to you at me is it no you that is what do you then the that is this one you are on now is that what you i am if you could the itself the itself it is is that what y,Normal,Normal
461,Fraud,"Agent: Hello? Caller: Hello? Agent: Ah, hello there. [curious] Who's this now? Caller: Yes. May I speak with mister [NAME]? My name is [NAME] with [ORG]. Caller: I'm calling regarding a request that was submitted concerning a tax debt. Agent: [NAME]? [confused] Ah, you've got the wrong fella, love. There's no [NAME] here. It's [NAME], that's me. Oh, [NAME], is it? [confused] No, there's no [NAME] ",there who is this now may i with my is with i am a that was a you have the there is no here it is that is me is it no there is no here you have how much is the the that is i am not but i did i did in about the how much are they it is no we were not that you had a we a that you are with the i was how much are you a i those up you i am not to be it is been a of a a what does your we just a that you ,Fraud,Normal
462,Normal,"Agent: Hello? Caller: This is [ORG]. We're calling about your auto insurance quote request. Please stay on the line, and we'll connect you with a representative now. This call may be monitored or recorded. Agent: Oh, [curious] okay. Yeah, I think I did that online, um, last week, maybe? Caller: Hello. This is [NAME] with [ORG]. Caller: I'm calling you back on the recent insurance quote that you re",this is we are about your on the and we will you with a now this may be or i i did that this is with i am you on the that you do you have the to the so i i was about an i did one i i do i have a few now that is your are you for a do you have a with that is no i do not have a with yet i was just around you just what is out there it is i have your at here in is this your and that is that is that is ,Normal,Normal
463,Fraud,"Agent: Hello? Caller: Good morning. This is [NAME] on a recorded line. Agent: Oh, good morning, [NAME]. [curious] What can I do for you? Caller: Hello? Caller: I'm reaching out in regards to an inquiry that you had submitted here. Agent: An inquiry? [confused] Oh, okay, yeah. Um, what was it about again? Caller: Mhmm. Caller: It was in regards to some financing? Agent: Right, [nervous] the financi",this is on a what can i do for you i am out in to an that you had here an what was it about again it was in to some the i have been into a few you with and all what of are we about here it was in us here you your via i i was into some with them is that who you are with i am with but we do all of here i do you what you were to so what is the the on that that is to i i was just to my you these are m,Fraud,Normal
464,Fraud,"Agent: Hello? Caller: Hello. Uh, can I speak with [NAME], please? Agent: This is [NAME]. [curious] Who's calling, dear? Caller: Hi. Uh, this is [NAME] with [ORG] on a recorded line. And, um, I'm, uh, calling to let you know that we finished reviewing your debt consolidation application And, yeah, I just wanted to see if you might have a moment so we could go over it and walk through your options t",can i with this is who is this is with on a and i am to you that we your and i just to if you might have a so we could over it and through your the to all that you did i out a for that i do not your has been and we have for our such as and so shall we with you your that so what of are we about here our will all and you a them so shall we and a at your i do not do much with myself my he me with all,Fraud,Fraud
465,Fraud,"Agent: Hello? Caller: Hi. It is [NAME]. Agent: [NAME], [confused] [NAME] who, dear? I don't think I know an [NAME]. What can I help you with? Caller: Hi. This is [NAME] from [ORG] on a recorded line. We had a report appointment for today. Um, I We couldn't verify your identity. Are you ready to proceed? Agent: Oh, [surprised] an appointment? For [ORG]? Goodness, I don't recall making an appointmen",it is who i do not i an what can i you with this is from on a we had a for i we could not your are you to an for i do not an my is not what it to be you what of are we about that is i can that that is a by the is just to you with for a we have your here that you have over to us i just to over your with you but to not being to your or up your it was no were you to to your i so it is about that it c,Fraud,Fraud
466,Fraud,"Agent: Hello? Caller: Hello. Hi. This is [NAME] with [ORG] Caller: [ORG]. I understand you had a tax matter you wanted to take care of. Agent: Hi, [NAME]. [curious] Who's this now? Oh, [confused] a tax matter? Um, yeah, I mean, I guess so. What — what is this about? Caller: We're a tax resolution firm that you contacted? Agent: Oh, right, yeah, I think I did, like, fill out a form online, [uncerta",this is with i you had a you to of who is this now a i i so what what is this about we are a that you i i did out a what was it for again and what does that what are we is this that is me how can i you you me so i you me what is what is on we are a that you have out to on our i i did do that so what of is this about my or for for so what of do you do we so we we you in a where where you and just o,Fraud,Fraud
467,Normal,"Agent: Hello? Caller: Hello? Caller: I'm calling from [ORG]. Is this [NAME]? Agent: [calm] Hello? Yes, this is [NAME]. Who's calling, please? Oh, [curious] yes, this is [NAME]. [ORG], you say? What's this about? Caller: Yes. Yeah. Well, I've got your number and your email. You wanted possibly information on gold or silver? You have some interest in metals. Agent: Oh, [curious] the metals. Yes, I r",i am from is this this is who is this is you what is this about i have your and your you on or you have some in the i my he i should so what did i up for and is our we in or but we it to you if that is you were in you it to my to do all that you with the he a and this is what of is this i i do not if i it to me you is there another i how does that you can it in a that is one you can it in a some i,Normal,Normal
468,Fraud,"Agent: Hello? Caller: Yes. Good morning. Can I speak to [NAME]? Agent: Yes, [calm] this is [NAME]. Who's calling, dear? Caller: Yes. This is [NAME] with [ORG]. Caller: How are you doing this morning? Agent: Oh, [curious] [ORG]? Oh, [calm] I'm doing just fine, [NAME]. [ORG], you say? [curious] And what is this about? Caller: I'm I'm calling you based on your online inquiry. We you look looks like t",can i to this is who is this is with how are you doing this i am doing just you and what is this about i am i am you on your we you that you were for some or some with your is that my i i was you into what of are you i i we can over your just so you all of our are for i am a here at my is to over all of your to what we can do to you your that a a to do so what of are we about i i have a few but on,Fraud,Fraud
469,Fraud,"Agent: Hello? Caller: Hello? Uh, [NAME]? Can you hear me? Agent: [confused] Yes, I can hear you. [curious] Who is this, please? Caller: Hi. It's, uh, your your insurance agent. We spoke last Friday. Agent: [confused] Oh, my insurance agent? Hmm. [long pause] I don't recall speaking to you last Friday, dear. [curious] Which insurance are you with again? Caller: [ORG]. Agent: [confused] [ORG]? Oh, I",can you me i can you who is this it is your your we my i do not to you which are you with again i do not i have of that one are you to the or the you no you and i we up a we your as a we did my is not what it to be not since what was it we about we did my is not what it to be i i must have what did we up i i do not up any what of was it again i i i you is there no my is he is the only one you are ,Fraud,Fraud
470,Normal,"Agent: Hello? Caller: Hi. My name is [NAME]. I am calling for [NAME]. I am with [ORG]. And I received your name and number from [NAME] with [ORG]. Um, she said that you were looking for some information about some senior services in Sarasota. Agent: Oh, [ORG]? [confused] Now, um, I don't recall talking to a [NAME]. [curious] What kind of services are you talking about, dear? Caller: So [ORG] is ki",my is i am for i am with and i your and from with she that you were for some about some in now i do not to a what of are you about so is of a that we have in the and is just the my so you may have to or even is one of the there but and i just you to that i am on the which is than the of so i am not with there is a of in the here at and they just i am about so i just to you that that is not what i ,Normal,Normal
471,Fraud,"Agent: Hello? Caller: Hello. Is this [NAME]? Agent: Yes, this is [NAME]. [curious] Who's calling, please? Caller: Hello? Agent: Yes, [confused] hello? I can hear you. Caller: Oh, yes. Hi, [NAME]. This is [NAME] calling from [ORG]. Uh, I'm actually reaching out. Looks like you were requesting some information from us in regards to financing a property in Texas. But it didn't specify if you were loo",is this this is who is i can you this is from i am out you were some from us in to a in but it did not if you were for a or to a or just the in so what you were the the in i i was just into you i what what of do you have what we have but what is it that you are are you just to the and or are you to out of the i i was just to you about the we just the so i that is what i was we have many for that s,Fraud,Normal
472,Fraud,"Agent: Hello? Caller: Hi. Is this [NAME]? Agent: Yeah, [curious] it is. Who's this? Caller: Hi. This this is [NAME] from [ORG]. Caller: On a recorded line. How are you? Agent: Oh, hey, [NAME]. Um, [confused] [ORG]? What's this about? Caller: Um, so I'm following up with you regarding our call earlier. Agent: Our call earlier? [confused] Oh, okay, yeah. Um, I talk to a lot of people, you know. What",is this it is who is this this this is from on a how are you what is this about so i am up with you our our i to a of you what what was this again so i am up with you to if you were to the on your the i have been i have not had a to at that yet what what do i to do for that again you did with my so i that she you some as but while i have you here as the in the we do have on our so we have been one,Fraud,Fraud
473,Normal,"Agent: Hello? Caller: Hi. This is [NAME] calling from [ORG] on a recorded line. I'm contacting you about the information you requested on your two thousand seventeen Honda Civic. Agent: Oh, [confused] the Civic? Yeah, that's right. What about it? Caller: Yes. Yeah. Yes, ma'am. I would like to verify a few details with you. Is your ZIP code currently [ZIP]? Agent: That's right, [calm] yeah. [ZIP]. ",this is from on a i am you about the you on your the that is what about it i would to a few with you is your that is you and you have a and on your i have so what is this about that about i a for you i it is a more than that now but that about what what is this for it is from it is am i with so for and so a what it is me i just i you were me why you are about my is all no we did you from about on ,Normal,Normal
474,Fraud,"Agent: Hello? Caller: Hi. Is this [NAME]? Agent: Yes, [calm] this is [NAME]. [curious] Who's calling, dear? Caller: Hello? Hi. Hi, miss Caller: Hi, miss [NAME]. Good afternoon. This is [NAME] with [ORG] on a recorded line. How are you today? Agent: Oh, hello again. [curious] Did you say who you were with? I didn't quite catch it. Oh, hello [NAME]. [calm] It's [NAME], dear, not [NAME]. [sighing] I'",is this this is who is this is with on a how are you again did you who you were with i did not it it is not i am doing you what is this about just to you are in the of is that no i am in i have been here for now and it is did you you are with i am and i am because we an from you in to our so i just to you some to about your and over your with you so that i can how to and from there how i can you a,Fraud,Normal
475,Normal,"Agent: Hello? Caller: Hi. This is [NAME] calling from [ORG] on a recorded Caller: How are you? Agent: Oh, hello, [NAME]. [calm] I'm doing alright, you know, just enjoying the Sarasota sunshine. [curious] What can I do for you today? Caller: Yes, ma'am. Yes, ma'am. I was just calling in regards to that Internet request that we had received from you. Caller: Just calling to see if now would be a goo",this is from on a how are you i am doing you just the what can i do for you i was just in to that that we had from you just to if now would be a to you for one of our in the i i did that what was it about again the i i did that my he is with my you what of is this for so we here we and and then i i could some but i do not out for that are you it was me i we it this from a that is me my is not what,Normal,Normal
476,Normal,"Agent: Hello? Caller: Oh, hello, [NAME]. This is [NAME] calling from [ORG]. Agent: Oh, [curious] [ORG]? What's this about, dear? Caller: You put an inquiry you yeah, you put an inquiry onto my website about some information about a reverse mortgage. Agent: Oh, [surprised] a reverse mortgage? Goodness, yes, I remember now. [curious] What can you tell me about that? Caller: Oh, you know, I can tell ",this is from what is this about you an you you an onto my about some about a a i now what can you me about that you i can you a but are you in are you are you in or not in no i am here in been here for now and i only i only am in but you if the the about these is is just that you can they are they are to you when they a of or even just when it to and that is what i was so you are you can not me th,Normal,Normal
477,Normal,"Agent: Hello? Caller: Hello? My name is [NAME], and I'm calling from [ORG] on a recorded line. Caller: Are you [NAME]? Agent: Okay. [curious] Um, what's this about? Oh, [NAME]? Um, no, I'm [NAME]. Caller: Right. So we've been it. Correct? Agent: Oh, [curious] um, yeah, that's me. Caller: Alright, miss [NAME]. Well, I was just calling to inform you that you may be qualified to speak to our team Cal",my is and i am from on a are you what is this about no i am so we have been it that is me i was just to you that you may be to to our about and but can you that you do have a and for what i do not i am for that i am only that is i do so you have a and i i so why so what is this about then this is about a that of a that out with your and and it also out with within as so i am to a on your we will y,Normal,Normal
478,Normal,"Agent: Hello? Caller: Hello. Is this [ORG]? Caller: Is it [NAME]? Agent: [confused] [ORG]? Oh, no dear, this is [NAME]. You must have the wrong number. But, [curious] what were you calling about? Yes, this is [NAME]. [calm] Who's calling, please? Caller: Yeah. This is [NAME] at our [ORG]. We talked earlier today. You were gonna try to give me the telephone number for, uh, your son, [NAME]. Agent: ",is this is it no this is you must have the but what were you about this is who is this is at our we you were to me the for your he is such a i am not i that what was this about again your my what about it you that you are you me a to my a for me to you to to you with the of i but you did me that your of your for you so only you this as you you would and and then i will in about now it is about bei,Normal,Normal
479,Normal,"Agent: Hello? Caller: Yes. Good morning. My name is [NAME] with [ORG] on a monitored and recorded line. We received a [ORG] website request for a callback. Agent: Oh, [curious] a request? I don't recall... what was that about? Caller: Uh, it doesn't really tell me. It just it just shows that, uh, you were using the [ORG] website, and maybe it was by accident, but you clicked on a button that said ",my is with on a and we a for a a i do not what was that about it does not me it just it just that you were the and it was by but you on a that you or more about and then it just to us and that is why you we are you but if there is no or no then i we are to and i will just and this i was on the i a few i was to you at my so what of were you i i it does not us i am just of the at so when to their or,Normal,Normal
480,Fraud,"Agent: Yeah, this is [NAME]. Who did you say you're with again? I was just about to get some lunch ready. Caller: [NAME] from [ORG], and we're just reaching out about the $25,000 in debt you inquired about. Good news, we actually have two options, and a specialist is ready to review those with you. I'll connect you now. Okay? Agent: Oh, the debt relief, right. Now, wait, what kind of options are w",this is who did you you are with again i was just about to some from and we are just out about the in you about we have and a is to those with you i will you now the now what of are we about here and how does all that me i their by with to the you which could you a we also have if that is you would you to a just i will them on the to through your and a that for you would you me to you so you can o,Fraud,Fraud
481,Fraud,"Agent: Hello? Caller: Yes. Can I speak with [NAME], please? Agent: This is she. [curious] Who's calling, dear? Caller: Oh, yes. And then good afternoon. My name is [NAME]. I'm with [ORG]. Uh, you had visited our website exploring the debt resolution Caller: option, and I was calling to see how we could help. Agent: Oh. [confused] The debt... you know, I don't recall that. [curious] What website wa",can i with this is she who is and then my is i am with you had our the and i was to how we could the you i do not that what was this again the i do not i i did at some but i am not if it was that one what did i up for and who did you you were with my is not what it to be no so i am with you you did not up for i you had some just in to to some with your or to to a to all the you before he and i am ,Fraud,Normal
482,Normal,"Agent: Hello? Caller: Hi. I'm calling you from [ORG]. And, uh, yesterday, we called you and you sourced interest to purchase the plan. So they want to continue to purchase the plan. Caller: For your vehicle Lincoln, every other twenty twenty two. Agent: Oh, the warranty. [confused] Yeah, um, I guess I was looking at a few options. [curious] What's this about exactly? Oh, the [confused] warranty, y",i am you from and we you and you to the so they to to the for your every other the i i was at a few what is this about the i i was into it but i do not up so if you to i can do that for you if you to from our then it is i can you the to for your to it from the or if you me to i can do that for you or if you me to to the or the for you i can do that for you i you can do it for me now if it is if it,Normal,Normal
483,Fraud,"Agent: Hello? Caller: Hello. Is this [NAME]? Agent: Yeah, this is [NAME]. [curious] Who's this? Caller: Hello? Caller: Yeah, [NAME]. It's, uh, [NAME] at [ORG]. Caller: We spoke yesterday. Agent: Yeah, [confused] can you hear me? This is [NAME]. Oh, [NAME]. Yeah, [confused] right. What's up? I'm kinda in the middle of something here. Caller: Yeah. Agent: What do you need? Caller: Okay. Yeah. Caller",is this this is who is this it is at we can you me this is what is up i am in the of here what do you was just in with you to if you are to this if if not no i just to you with you this the the i i am to it you you you can me if you to no no no the the what was it again i a on so we through that and i you through to our and you just to in and through our if you our the i just i have not had a to a,Fraud,Normal
484,Normal,"Agent: Hello? Caller: Hi. Uh, my name is [NAME]. I am calling you, um, from the, uh, [ORG] you were looking at. Caller: From the [ORG]. Agent: Oh, [confused] the [ORG]. Okay. Um... yes, I was looking at that. What about it? Oh, [curious] the [ORG]. Okay, yes. Um, what about it? Caller: Um, well, I'm just giving you a call to see if you had any other questions Caller: or if there was anything that ",my is i am you from the you were at from the the i was at that what about it the what about it i am just you a to if you had any other or if there was that i could with i i do i i i was at that you a while what is what is the the of it again i could not you it was it was i was just what is the the of the again i am i was just what is the the of it again i am a on the you so the is a that we have t,Normal,Normal
485,Fraud,"Agent: Hello? Caller: Hello. This is [NAME] calling from [ORG], ma'am. Agent: [ORG]? Oh, [confused] I don't think I've heard of you folks. What's this about, dear? Caller: Um, this is for a loan? Agent: A loan? Oh, [uncertain] I don't recall applying for a loan, honey. [NAME], my late husband, he handled all that, you know. [curious] What kind of loan is it? Caller: Yes. Caller: This is for a loan",this is from i do not i have of you what is this about this is for a a i do not for a my he all that you what of is it this is for a of for from a of from you i could some what with these how much are we about my that is a i just i just do not up for that are you you have the if you so i would with the you it is been a so how does this all is it is it a or if you so i it could be my is not what it,Fraud,Fraud
486,Fraud,"Agent: Hello? Caller: Hi. Uh, is this [NAME]? Agent: [curious] Yes, this is [NAME]. Who's calling, please? Caller: Hi. Uh, this is [NAME] with [ORG] on a recorded line. And, um, I'm, uh, calling to let you know that we finished reviewing your debt consolidation application. And, yeah, I just wanted to see if you might have a moment so we could go over it and walk through your options today. Agent:",is this this is who is this is with on a and i am to you that we your and i just to if you might have a so we could over it and through your my the i i out a while so what did you and this is on my so here is what i am do i am you with your here in just a and they will over what for you so you have one to about that i so i am to be to then what is their i can you with my just for a you all you for,Fraud,Fraud
487,Normal,"Agent: Hello? Caller: Hey. I got back to you. I had a hard time getting through a minute ago. Caller: I lost contact. I don't know where we left off. Caller: Are you still looking at my my screen? You should be because that's a separate connection. Agent: Oh, [confused] did ya now? Ah, I was just sittin' here, you know, watchin' the telly. What can I do for ya, me boy? Oh, [confused] right, yeah, ",i to you i had a through a i i do not where we off are you still at my my you should be because that is a did now i was just here you the what can i do for me the i i did not if we were still on you it just so where were we now we we were still that is so where were we now you were me about the the are you still on my you still my do you still my i i the the are they to be around or i just now it ,Normal,Normal
488,Normal,"Agent: Hello? Caller: Hi. Can I speak to [NAME], please? Agent: This is [NAME]. [calm] Who's calling, dear? Caller: Hi, [NAME]. My name is [NAME]. You were doing a little bit of research online about home care and I own an agency in the Sarasota area, and I was just following up. If I could answer any questions for you. Agent: Oh, [curious] home care, you say? Mm-hmm, I think I did look into that ",can i to this is who is my is you were doing a of about and i own an in the and i was just up if i could any for you you i i did into that a now what do you again we have a of from where there is no on to what of it which is on for and a or a with i so you what does that what does that is that to just you with and then we have all the up to so we have up the of along those the you i i do not a you,Normal,Normal
489,Fraud,"Agent: Hello? Caller: Hi. Is this mister [NAME]? Agent: Yes, [calm] this is [NAME]. Caller: This is this is [NAME] with [ORG]. You've been an online inquiry for a credit loan yesterday. We were just calling to see if you're still interested. Agent: Oh, [curious] the loan inquiry, yeah. I — I suppose so. What's — what's this about exactly? Caller: Alright. Agent: I mean, [uncertain] I was looking i",is this this is this is this is with you have been an for a we were just to if you are still the i i so what is what is this about i i was into you i am no i was just i was into i what of is it it is a a and what is the the for that is it is it for one of those so it is all it from one to and it is all on what the you for and you are for you for it is all in on or before your i so it is a a then a,Fraud,Fraud
490,Normal,"Agent: Hello? Caller: Hi. Is this [NAME]? Um, my name's [NAME], and I sell life and health insurance. And it looks like maybe you visited our page to look for a life insurance quote. I don't wanna bother you if not. Agent: Oh, [confused] a life insurance quote? Mm, I... I might have, you know. [curious] What kind of quotes are you talking about? Caller: Yeah. Caller: I don't know. It says, um, Sun",is this my and i and and it you our to for a i do not you if not a i i might have you what of are you about i do not it around our and in your and and and and it of because we do so i did not if you were still for a or if you some or if just i do you at my he to all that so what did i i just have that our and and of you might be into so i do not if you are i do not that or i was just but i do not ,Normal,Normal
491,Normal,"Agent: Hello? Caller: Hey, [NAME]. I'm [NAME] from [ORG]. I wanted to confirm, did you just fill out a form on our website for [ORG] information? Agent: Oh, um, [uncertain] a form? I think I might have, you know, been looking at something like that online. [curious] What was it about again? Caller: Oh, okay. Gotcha. Thanks for sharing that. Just to make sure I've got the right person, did you fill",i am from i to did you just out a on our for a i i might have you been at that what was it about again for that just to i have the did you out a on our a for with a to over can you me i can you it was just a there i do not out a but i do a of about you so what is it you are for that you or we are to you with a who can your and in your does that a or it does i my to all that but he in and it is all,Normal,Normal
492,Fraud,"Agent: Hello? Caller: Hi. Is this, uh, [NAME]? Agent: Yeah, [curious] it is. What's up? Caller: Hey. This is [NAME]. Agent: Okay, [NAME]. [curious] What can I do for you? Caller: Yeah. It's, uh, [NAME] here. Caller: Yeah. Hey. Uh, I'm just calling in response to that application you submitted getting some help with your debt. Agent: Okay, [NAME]. [curious] What's this about? Oh, [confused] the app",is this it is what is up this is what can i do for you it is here i am just in to that you some with your what is this about the what about it so did you some with your there or i i what of are we about so we do to you out of here so we have you all of about they all do so i would what we are to do here what our are all that and then we could you in the so what do you from me to that out so for it,Fraud,Fraud
493,Fraud,"Agent: Hello? Caller: Hello? Agent: Hello? Oh, [confused] is someone there? I can barely hear you, dear. Caller: Hello? Agent: Yes, [confused] hello? Who is this, please? You'll have to speak up a little, my hearing isn't what it used to be. Caller: Oh, forgot. Caller: Sake, it's [NAME]. Agent: [NAME]? [confused] [NAME] who, dear? And what is this call about? Caller: This call is about faculty a l",is there i can you who is this you will have to up a my is not what it to be it is who and what is this about this is about a what is your i am a what now i do not you what are you about my is and i am not what you by a did you you are from the so are you a a what now a no i am just my to me to those but i am no why would you such a a no i am not a that is i am a why would you such a then what is ,Fraud,Fraud
494,Fraud,"Agent: Hello? Caller: Hi. Um, is this [NAME]? Agent: Yes, [calm] this is [NAME]. Caller: Hi. Uh, this is [NAME] with [ORG] on a recorded line. And, um, I'm, uh, calling to let you know that we finished reviewing your debt consolidation application, and yeah, I just wanted to see if you might have a moment so we could go over it and walk through your options today. Agent: Oh, [curious] my debt cons",is this this is this is with on a and i am to you that we your and i just to if you might have a so we could over it and through your my you i do not one but i i have a what is this about i it can be a but that is to and this is on my so here is what i am do i will you with your in just a and they will over what for you so you have one to about a you i so what do i to do so for just a while i you ,Fraud,Fraud
495,Normal,"Agent: Hello? Caller: AI is taking notes. Hi, miss and, uh, this is [NAME]. At [ORG]. I Caller: received a request through [ORG] about Medicare Supplement. Hello? Agent: [confused] [NAME]? Is this about my, um, my [ORG], dear? I think I filled out a form, you know, a while back. [confused] Hello? Oh, yes, dear. [calm] I'm here. [ORG], you said? Caller: Yes, ma'am. Yes. Agent: Okay. [curious] And w",is and this is at i a through about is this about my my i i out a you a while i am here you and what was this about i do not out that we a our is and we with and i do not was that the one that in the they to all that he was so with the so what does this for me i just to if i could you with some with i a that you might be into or if you some about am i that would be a i have been to into that you s,Normal,Normal
496,Fraud,"Agent: Hello? Caller: Hello. Can I speak to [NAME]? Agent: [NAME]? [confused] Oh, well, you've got [NAME]. [curious] Who are you trying to reach? Caller: [NAME]. Agent: [NAME]? [confused] No, it's [NAME]. [curious] Did you say [NAME]? Who did you say you were calling for again? Caller: I'm calling for [NAME] Agent: Oh, [calm] okay. Well, that's me. [curious] What can I do for you, dear? Caller: [N",can i to you have who are you to no it is did you who did you you were for again i am for that is me what can i do for you and this is with the is the you what is this about we a that you we were to you a a i do not any myself are you you have the a i do not that what of are you about how much does the that you that is a you i do not out how much did they it was again it did not have on here how m,Normal,Normal
497,Fraud,"Agent: Hello? Caller: Awesome. Hi, [NAME]. Agent: Yeah, [curious] who's this? Caller: I was get this is [NAME]. I was giving you a callback from [ORG]. How are you? Agent: Oh, hey, [NAME]. [calm] Yeah, I'm good, man. What's up? Caller: That's what I said. My name was, um, so what's the purpose? Caller: Of what service do you need, or what's your purpose of existing? Agent: Right, [confused] [ORG].",who is this i was this is i was you a from how are you i am what is up that is what i my was so what is the of what do you or what is your of the the i was about my i a but who you to us i i i just you up you i this and you were one of the that up so what do i do with this it is about an do you where that is the it is here it is from the it of to what does that even me a a i can not do that now i ,Fraud,Fraud
498,Fraud,"Agent: Hello? Caller: Hello. Am I speaking with [NAME]? Agent: [confused] [NAME]? Ah, no, [pause] 'tis [NAME], me boy. [NAME]. You've got the wrong name there, love. What can I do for ya? Caller: Mister [NAME], do you have any tax issues you need some help with, sir? Agent: [surprised] Tax issues? Oh, the Lord save us, I hope not! I mean, I'm always tryin' to keep up with 'em, you know, [worried] ",am i with no me you have the there what can i do for do you have any you some with the us i not i i am to up with you since it is been a of a what of are we about here now do you have any with the the is it i would not but you they are me those and i am never i have out all the you is there you are at then no no we have an from you it from the our you may have an to and some or some on so i was ju,Fraud,Normal
499,Fraud,"Agent: Hello? Caller: Hi. Good morning. Is this [NAME]? Agent: Yes, [calm] this is [NAME]. Who's calling, please? Caller: Hi, [NAME]. My name is [NAME] with [ORG]. You for visiting our website. How can I help you today? Agent: [ORG]? [confused] Oh, I don't recall... wait. [curious] What website was that, dear? Caller: Hello? Agent: Hello? Yes, [confused] I'm here. I just... [curious] I was asking ",is this this is who is my is with you for our how can i you i do not what was that i am here i just i was what you we we do we do we do and and what was the again i do not i do not to a that i i was for you a while what of are you about so we do off of and then we do off and and what would i for one of those is it a no it is it is not so the only that we would would be your most for you to have a ,Fraud,Normal
500,Normal,"Agent: Hello? Caller: Hi, [NAME]. Agent: Oh, hi! [curious] Um, who's this? Caller: Hey, [NAME]. This is [NAME] with [ORG]. How are you? Agent: Oh, hey, [NAME]! Um, [nervous] I'm good, I'm good. What's up? Caller: I'm sorry. What what Can you hear me clearly? Agent: Yeah, [uncertain] I can hear you. I just, like, wasn't expecting a call, so I was like, ""Who is this?"" [chuckling] Caller: Gotcha. Got",who is this this is with how are you i am i am what is up i am what what can you me i can you i just was not a so i was who is this no i am you a in to that you had through us the the what about it the you because you had in the for either i am not whether was or you did not what what were you for i i was just for you i do not i what what what were you to did that you into or what was the for it n,Fraud,Fraud
501,Normal,"Agent: Hello? Caller: Hello, miss [NAME]? Agent: [calm] Yes, that's me. [NAME]. [curious] Who's calling, please? Caller: Uh, my name is [NAME]. I'm calling from [ORG] on a recorded line. How are you? Agent: [calm] Oh, [NAME]. Well, I'm doing just fine, thank you. [curious] [ORG], you say? What can I do for you today? Caller: Um, it looks like you had just submitted a request on our website for us ",that is me who is my is i am from on a how are you i am doing just you you what can i do for you it you had just a on our for us to out to you what we can do for you when it to your i did i do not that what of are we about here my to all that we are a or so you had on our we we on the and the some if you are that an i should one of those you now what was the again i am not very with it was just ou,Normal,Normal
502,Normal,"Agent: Hello? Caller: This is [ORG]. We're calling about your auto insurance quote request. Please stay on the line, and we'll connect you with a representative now. This call may be monitored or recorded. Agent: [confused] My auto insurance quote? Okay, uh, yeah. Caller: Hello. This is [NAME] with [ORG], America's number one choice for affordable quality coverage no matter your insurance needs. C",this is we are about your on the and we will you with a now this may be or my this is with one for no your i am you on a that you do you have to your what is up i am i i i in for a the i so i what is this about this is about a for from you your am i with i did i was just you around that is me i did out some i what is the up so we just a more in to you a can i your so what do you us just it done th,Normal,Normal
503,Fraud,"Agent: Hello? Caller: Hi. Um, is this is this [NAME]? Agent: Yes, this is [NAME]. [curious] Who's calling, please? Caller: Uh, my name is [NAME]. I'm calling from, um, you were taking a look at the smart uh, insurance marketplace, and I see here you were looking at our plan for the, um, basic plus membership. Caller: For the [ORG]. Agent: Oh, [confused] the basic plus membership? Oh, the [ORG]. [c",is this is this this is who is my is i am from you were a at the and i here you were at our for the for the the the now what was that for again i so many of these you so the is a a that we have that has for and that you that me to into that but what was the of your again the of my is and you i was at a did i out a or for that and what does that is it a to my or how does that so who have it on the ,Normal,Normal
504,Fraud,"Agent: Hello? Caller: Hey, [NAME]. This is [NAME]. How are you doing today? Agent: Hi, [NAME]. [uncertain] Um, I'm okay, I guess. How are you? Caller: I'm good. I'm good. I was just calling to just kinda get you an update and see if we can get the rest of this application Caller: filled out for you. Agent: Okay. [curious] Um, application for what, exactly? Oh, [curious] okay. Um, what application ",this is how are you doing i am i how are you i am i am i was just to just you an and if we can the of this out for you for what what is this for the we had about the i so what what do you so can you just the and then it is my is and then my is and then the that you on it is the one you me on is that what you i so what is the for for this can you that for me it is so what do you is my in or is your,Fraud,Fraud
505,Fraud,"Agent: Hello? Caller: Hi. Uh, [NAME]? Agent: Yeah, this is [NAME]. [curious] Who's this? Caller: Oh, hi, mister [NAME]. Uh, this is [NAME] calling from [ORG]. Caller: [ORG] regarding your request for auto insurance rates. Agent: Okay, [NAME]. [confused] What's this about? Oh, right, yeah, the auto insurance. [confused] I mean, I don't remember, like, a specific request, but yeah, what about it? Ca",this is who is this this is from your for what is this about the i i do not a but what about it it you may have on one of our in of i do not in a but what is up that is i was just some out what about it for this will be so you are for a i so what is the in to you to the i just to your can you the to you on what do you it is that is my that is why is there a no just i i was to the to you on so what,Normal,Normal
506,Normal,"Agent: Hello? Caller: Hello? Agent: Yes, [curious] who's calling please? Caller: Hi. This is [NAME] with [ORG]. How are you? Agent: [ORG]? Oh. [calm] I'm doing fine, dear. And yourself? Caller: I am doing wonderful. I received a quote request through our online, um, portal yesterday for you. Agent: Oh, a quote request. [calm] Yes, I think I remember doing something like that. [curious] What was it",who is this is with how are you i am doing and yourself i am doing i a through our for you a i i doing that what was it for again it you were for you here that you were for but it you did not you in your the but it you did not the through our so i was to more so i could that i i was to do it myself you and these what did i the to all that you i just so what do you from me to it up so i do have a o,Normal,Normal
507,Fraud,"Agent: Hello? Caller: Hi. Is this [NAME]? Agent: Yes, [calm] this is [NAME]. [curious] Who's calling, please? Caller: Hi. And, uh, my name is [NAME]. I'm a licensed insurance agent with [ORG]. On behalf of [ORG] on a recorded and monitored line. How are you today? Agent: Oh, [calm] well, I'm doing all right, [NAME]. [curious] What's this about? Caller: Okay. I'm telling you. I'm following up on a ",is this this is who is and my is i am a with on of on a and how are you i am doing all what is this about i am you i am up on a that we for about the i i might have out for that you a while what of are we about what i would to do is at the some at the that you are in and it to some that we have to if you are in the most that and this would not me to just so what would you from me to you at all tha,Normal,Normal
508,Fraud,"Agent: Hello? Caller: Hello? Caller: Hello? Caller: Hello? Caller: Hello? Caller: Hello? Can you hear me? Agent: Yes, hello? [curious] Who is this, please? Hello? [confused] Who is this? [confused] Hello? Yes, I can hear you. Who is this, please? Hello? [confused] Is someone there? I can barely hear you, dear. Yes, [confused] I can hear you, dear. You said hello an awful lot there. Who is this, pl",can you me who is this who is this i can you who is this is there i can you i can you you an there who is this this is from the at to this is what can i do for you is with my so what is it you are about then just to you this is being for and can you your and of for and my is me is that what you i am did you that that is did you that i that me one here all i am here you have that is so is there a w,Fraud,Fraud
509,Fraud,"Agent: Hello? Caller: Oh, yes. Hi, [NAME]? Agent: Yes, [curious] who is this, please? Caller: Can you hear me? Oh, this is, uh, this is Caller: [NAME]. If you remember, I spoke to you yesterday in regards to your credit card debts. Agent: Yes, I can hear you. Oh, [nervous] yes, yes, [NAME]. I remember. What is this about now? Caller: I asked you to go and get the statement from your creditors. Rig",who is this can you me this is this is if you i to you in to your i can you i what is this about now i you to and the from your i i have them here you have the i have it what is this about now my so as i have you i can and you with your with your i am a you you can me you you can me so since we your but we were not to and these on your so this is the i you to your and them to you the on the and me,Fraud,Fraud
510,Normal,"Agent: Hello? Caller: Hi. Is [NAME] available? Agent: Yes, this is [NAME]. [curious] Who's calling, please? Caller: This is, uh, [NAME]. You had requested help with your [ORG] and related health coverage concerns. I was calling to follow-up with you about that. Agent: Oh, [confused] [ORG]? I don't recall... I mean, I don't remember requesting anything. [curious] What kind of help are you talking a",is this is who is this is you had with your and i was to up with you about that i do not i i do not what of are you about i a a it it is some you are on it you had that you could some to you are not with your or or or some of that and i i i them to me i do not to you you but are you you it does you had that in some are you with your you and and and all that i i i am i am to all that you he a so i ,Normal,Normal
511,Fraud,"Agent: Hello? Caller: Hi. This is [NAME] with [ORG] on a recorded line. Caller: Is this, uh, [NAME]? Agent: Oh, hi. [uncertain] Um, what's this about? Yeah, [uncertain] this is [NAME]. Caller: Hey, miss reaching out in regards to an inquiry you had submitted. Uh, looks like you were seeking some assistance with your debt. We're calling to get a better understanding and see how we can help. Agent: ",this is with on a is this what is this about this is out in to an you had you were some with your we are to a and how we can an i so can you the that you in and so what we are to do is i am just to a of here to the over the with you and how we can from there we will you a through the and and any you might have to you but before we over the here can you me a about the how it and what is on i i have,Fraud,Fraud
512,Fraud,"Agent: Hello? Caller: Yes. Hello, mister [NAME]? Agent: Uh, yeah, [curious] that's me. Who's this? Caller: Oh, [NAME]. I'm sorry. Caller: This is [NAME] from [ORG]. Caller: Spoke to you, I believe, um, yesterday, actually. Agent: [confused] For what? Oh, [confused] okay. [ORG]? What's up? Oh, right, [confused] yeah, I think so. What's up? Caller: I was yeah. Well, I was following up to see if you ",that is me who is this i am this is from to you i for what what is up i so what is up i was i was up to if you were to and the to with your here the the i have not that up yet what was that for again that would be for the the the there the the my i about that so what do i do with it i it for your the i am the my so what is what is the with that how much do i here is the in for us to in up you have,Fraud,Normal
513,Fraud,"Agent: Hello? Caller: Hi. This is [NAME] with [ORG] phone number recorded line. Is this [NAME]? Agent: [confused] [NAME]? Oh, um, yes, this is [NAME]. [curious] What can I help you with, dear? Caller: Oh, no. Agent: [confused] What's that, dear? I didn't quite catch that. Caller: Oh, okay. AI. Yes. Is [NAME] available? Agent: [confused] What did you say, dear? I'm having a little trouble hearing y",this is with is this this is what can i you with no what is that i did not that is what did you i am having a you is this about my is i just this is who are you to i am to you we are you because we that you some of your over so we are you to over some with you i did i do not what of are we about so were you for to you your i that would be would not it how would that my he all that but he you so to,Fraud,Fraud
514,Fraud,"Agent: Hello? Caller: Hey, can I speak to [NAME]? Agent: Uh, yeah, [curious] that's me. What's up? Caller: Hey. This is [NAME] calling you back regarding your renter's Did you already receive your prices, or are you still waiting to be quoted? Agent: Oh, the—the renter's insurance thing, [confused] yeah. I thought I already got those, no? Caller: Oh, you already got your prices? Agent: I think so,",can i to that is me what is up this is you your did you your or are you still to be the the i i those no you your i so i i at a of so what is this about that that is the why i am you to you out on your your for for your we to and those for you can we and you with the so what do i do what is the so you are me a now i i did that but i what do you for the that is the one so what are we at and us and ,Fraud,Normal
515,Fraud,"Agent: Hello? Caller: Hello. This is [NAME] with [ORG] on a recorded line. Am I speaking with [NAME]? Agent: [confused] [NAME]? Yeah, this is [NAME]. What's this about? Caller: Thank you so much. The reason for our call is regarding an application for [ORG]. We are a consolidation company. Agent: [curious] Oh, right, the — the application. Okay. What about it? Caller: And yes, we would like to rev",this is with on a am i with this is what is this about you so much the for our is an for we are a the the what about it and we would to some with you and if you if you i will to you over to the is that that is so what of do you i what is the the here so us it can you what is you are you so much we have a of in so i do you how did you about us did you or you i it was i it was an i i was just into s,Fraud,Fraud
516,Fraud,"Agent: Hello? Caller: Hey. Good day. Is this miss [NAME]? Agent: Um, [confused] no, it's [NAME]. Caller: I'm sorry, [NAME]. I'm sorry about that. This is [NAME]. Caller: On a recorded line. We spoke the other day about your loan application. Caller: Miss [NAME]? Agent: Okay, [NAME]. [curious] What's up? Oh, right, [uncertain] yeah. I was — wait, what loan application now? Oh, [curious] the loan ap",is this no it is i am i am about that this is on a we the other about your what is up i was what now the i was when you would did you a to that to the the i i did that i i to us a and if it is now we can what your are can i have the here can you your for me with so the is it is that does you us a here so what is the what is the with the how much can i even so what is on is it or not i am now i thi,Fraud,Fraud
517,Fraud,"Agent: Hello? Caller: Hi. Is this [NAME]? Agent: Um, yeah, [curious] who's this? Caller: Hey, [NAME]. This is [NAME] with [ORG]. I see here you had reached out on through our website needing some help with a tax liability use Caller: roughly five thousand dollars, ten thousand dollars. Is that correct? Agent: Oh, um, yeah, [uncertain] that's right. I mean, I was just kinda looking into some stuff.",is this who is this this is with i here you had out on through our some with a is that that is i i was just into some i can you so we do in we can you your or here be i am so about that do you can you your or how we to here it is just a you i have just been having with my for a while and i just it all out it is so so what do you from me that we can which that you may be for here and just to you a ,Fraud,Normal
518,Fraud,"Agent: Hello? Caller: Hello. This is [NAME] with. Agent: Hello, [NAME]. [curious] What can I do for you? Caller: I'm looking for [NAME]. Agent: [calm] That's me. Caller: You'd filled out an online request for us to give you a call talk about the tax situation. Agent: Oh, [confused] the tax situation. Yeah, I remember that. [curious] What was it about again? Caller: It said you had a balance. Calle",this is with what can i do for you i am for that is me you would out an for us to you a about the the i that what was it about again it you had a to the of the a a i i i had but i it is how much are we about did you out an to be i i so i i have been into a few so it is i out what was it do you it is a that us the am i am i to you are and what did you you have what is the that you had on this how m,Fraud,Fraud
519,Fraud,"Agent: Hello? Caller: Oh, hello. Uh, my name is [NAME]. I am, uh, calling on behalf of [ORG] for miss [NAME]. Is she available? Caller: Need to complete the next step of the process with a personal history interview. Are you able to do that now? Agent: Yes, [calm] this is [NAME]. [curious] What can I do for you, [NAME]? Oh, [calm] you mean [NAME]? Yes, this is she. [curious] And what was this abou",my is i am on of for is she to the of the with a are you to do that now this is what can i do for you you this is she and what was this about a you i you my is not what it to be you and what is this you no this is a a i i have some of that what can i you with there is a a that which i i have a few what of do you in these i will you what one here i do for the this the for the of it and one i am her,Normal,Normal
520,Normal,"Agent: Hello? Caller: Yes. Uh, hi. Caller: Good morning. Hello? Agent: [calm] Yes, hello? Who is this, please? Good morning. [curious] Who is this? Caller: Hello? Yes. Hi, ma'am. Uh, by the way, this is [NAME]. And, uh, this is in regards with the Lifting Cream the antiaging cream, uh, the one you tried to check online an hour ago. Right? Agent: Oh, [surprised] the lifting cream? Goodness. I was j",who is this who is this by the this is and this is in with the the the one you to an the i was just you how did you my the that you in on our it will us so there is where i your so that is why i am you so i can here you are to you are to the that is a for so are you to with the it does i did not that to do all the you so what now i do not if i was it then i was just you for i am here you for and t,Normal,Normal
521,Normal,"Agent: Hello? Caller: Hi. Is [NAME] available? Agent: [calm] This is [NAME]. [curious] Who's calling, dear? Caller: Hi, [NAME]. This is [NAME] over at [ORG]. How are you doing today? Agent: [calm] It's [NAME], not [NAME]. [curious] [ORG], you say? What's this about, [NAME]? I don't recall. Caller: Yeah. Uh, I'm sorry. I did say [ORG], but Caller: uh, I'm reaching out to you to follow-up from the f",is this is who is this is over at how are you doing it is not you what is this about i do not i am i did but i am out to you to up from the you out your to to and out a more about your and how we can you out no you but that is so what was it you the i out a of you which are we about the i do not do much my he to all that what of was this about i am not that is why i am out to you i i a that you ou,Fraud,Normal
522,Normal,"Agent: Hello? Caller: Hello. May I speak to [ORG]? Agent: Oh, [ORG]? [confused] No, dear, my name is [NAME]. [NAME]. Is this about the, um, the [ORG]? Caller: Hello? Yes. Agent: Oh, [ORG]? [confused] No, my name is [NAME], not [ORG]. You must have misheard. [curious] Who are you trying to reach? Caller: I'm calling to follow-up on an auto insurance quote that I gave to you a few days ago. Caller: ",may i to no my is is this about the the no my is not you must have who are you to i am to up on an that i to you a few did you have a to it the i i did that in the you what was it about again the to all that you he a so i am still the of it so when you have a to it can you me a if you to with it i have not had a to at it yet what was the for again and what are you with now was this the one for the,Normal,Normal
523,Fraud,"Agent: Hello? Caller: Hi. This is [NAME] at [ORG] on a recorded line. Is this [NAME]? Agent: Yes, [calm] this is [NAME]. Caller: Hi, [NAME]. How are you? Agent: Oh, I'm doing alright, [calm] [NAME]. How are you? Caller: Good. Thank you. [NAME], can I confirm that you're in California? Agent: Oh, [confused] in California? No, I'm, uh... I'm in Oregon. Portland, Oregon. Caller: Okay. Alright. Uh, fo",this is at on a is this this is how are you i am doing how are you you can i that you are in in no i am i am in for it so can we your your me it is no it is one no it is one not that is and then the the is and what is this that is and you if we your of my of it is you now i am not if this is the the that is here in your is no that is not that is not my no my is i a at that did not to that is you s,Fraud,Fraud
524,Fraud,"Agent: Hello? Caller: Hello? Caller: Is this [NAME]? Agent: Oh, hello there. [curious] Um, who is this, please? Uh, yes, [curious] this is [NAME]. Caller: Hello? Agent: Yes, [calm] I can hear you. Is everything alright? Caller: Hi, [NAME]. This is [NAME] from [ORG] on a recorded line. How are you doing today? Agent: Oh, hello, [NAME]. Um, [calm] I'm doing alright, thank you. Caller: Hello? Agent: ",is this there who is this this is i can you is this is from on a how are you doing i am doing you i can you that is to i i can you you can i that you are an of on no no i was just you could me i am here i can you it you so much you are so what can i you with i am i am just up in to your to our can i that you are the of my i so which was that now my i am in not but what was the about again i am you,Fraud,Fraud
525,Fraud,"Agent: Hello? Caller: Hi. May I please speak to [NAME]? Agent: This is [NAME]. [curious] Who's this? Caller: Hi, [NAME]. Caller: This is [NAME] with [ORG]. You just filled out our funding qualifier Caller: few minutes ago. We can get you funding in as little as four hours. Caller: Do you have any questions for me about the lending process? Agent: Hello. [confused] What can I do for you? Oh, the fu",may i to this is who is this this is with you just out our few we can you in as as do you have any for me about the what can i do for you the i i i did what is this about the i i i did what is this about the i i do not that out but what of are we about here we of and to your all we to is a one and your of i have the to your and it only about to do you have any other before i you how to for my i am,Fraud,Fraud
526,Normal,"Agent: Hello? Caller: Hi. This is [NAME] here with [ORG]. Looks like you were getting transferred over to me. The call got disconnected. You still needing help? Thought I'd give you a callback. Agent: Oh, [surprised] goodness, yes! That's right. I was — I was talking to someone about... [confused] well, what were we talking about again? My memory, you know. Caller: No clue. I just got your call ri",this is here with you were over to me the you still i would you a that is i was i was to about what were we about again my you no i just your now should you over to me for in the of is that what you were with or that is i i was to if i could a you my is just so what can you do for me i can that is what we do here at you around and to you the me if you some here i i had just you and then the just a,Normal,Normal
527,Fraud,"Agent: Hello? Caller: Hello. This is [NAME] with [ORG]. Caller: Is this [NAME]? Agent: [ORG]? [curious] Wait, what's [ORG]? Yeah, [curious] that's me. Hi! Caller: Hello? Following up with your inquiry about getting into a loan. Caller: Wanted to ask a few questions to determine if we can assist you. Agent: Oh, right, [confused] yeah—the loan thing. Um, what was that about again? I feel like I've b",this is with is this what is that is me up with your about into a to a few to if we can you the what was that about again i i have been at so many i i do not but what is this about are you in of are you to some i who is not i am for to you just my in that is what we do here and how much would you you have in so what do you from me my that is a i do not off the of my but it is it is a i have some a,Fraud,Fraud
528,Fraud,"Agent: Hello? Caller: Hello? Caller: You there? Agent: Yeah, hi. [curious] Who's this? Yeah, [curious] who's this? Caller: Hello? Yes, Greg. This is Jonathan calling you from Grant Writing Caller: Company. How are you doing today? Agent: Grant Writing... [confused] okay. Oh, hey Jonathan. [calm] I'm good, man, just super busy. What's up? Caller: Uh, we received your form on our website that you're",you there who is this who is this this is you from how are you doing i am just what is up we your on our that you are for a so i just to how about your and you have so we can for the the i i do not out a but what what of are we about here you have the which the is i am i did so what is what is what do we to do that is not that is not my are you you the your is it is but that is not mine i my my on,Fraud,Normal
529,Normal,"Agent: Hello? Caller: Yeah. Agent: [calm] Hello? Is someone there? I just picked up the phone. Caller: Hi. Good morning. This is [NAME] with [ORG]. Hi. Caller: Hi. Good morning. This is [NAME] with [ORG] on a recorded line. Our records show you're looking for a home warranty. How are you? Agent: [calm] Oh, good morning. [NAME], you say? What can I do for you, dear? Oh, a home warranty. [curious] M",is there i just up the this is with this is with on a our you are for a how are you you what can i do for you a i am doing what of are those no this is are you a i do not i do not a are you you have the a i own my here in you what of are you about i just i own my so what about it so it here i i have an and what does it i have not i have not it i have an of you a on our who do i have the of with my,Normal,Normal
530,Normal,"Agent: Hello? Caller: [NAME], this is [NAME] with [ORG] or [ORG]. Agent: Oh, [confused] [ORG]? Hmm. What's this about, dear? Caller: Term for sick. You, uh, you had requested or submitted a requested for you a life insurance quote Agent: Oh, [surprised] a life insurance quote? Goodness, I don't remember doing that. [curious] When did I do that exactly? Caller: Was that Caller: Is that you? Yes, ma",this is with or what is this about for you you had or a for you a a i do not doing that when did i do that was that is that you i do not doing that a i i might have you my he all that but since he so what of are we about i i i did what of do you have what you were was it on a i into them and what are the these you are we have of but since was the one that you had that about and what does that for ,Normal,Normal
531,Normal,"Agent: Hello? Caller: Hello, ma'am. This is [NAME] from the pharmacy [ORG]. I'm looking for miss [NAME]. Agent: Oh, [calm] yes, this is [NAME]. What can I do for you, dear? Caller: Yes, ma'am. Uh, by the way, the call is monitored and recorded just for quality. And I'm just calling because we received an email from you that you are interested to have a continuous glucose monitor. Agent: Oh, [surpr",this is from the i am for this is what can i do for you by the the is and just for and i am just because we an from you that you are to have a an i i did i i have been about that how does that and we are just to you with that i do not an about that but what is a is that for my your is it i do not do much with myself my to all that you but if it is about my how would that i just i just it with the ,Normal,Normal
532,Normal,"Agent: Hello? Caller: Hello? I we're calling from the department of of [ORG], and I'm speaking with [NAME]? Agent: [confused] [NAME]? Oh, no, dear, this is [NAME]. [NAME]. [curious] Is this about the, um, the car insurance? Caller: No. Caller: Yeah. That is correct, [NAME]. That that that's what I said, [NAME]. Uh, do you still looking for car insurance? Agent: Oh, [confused] not the car insurance",i we are from the of of and i am with no this is is this about the the no that is that that that is what i do you still for not the i i had a about that so what are you about then i i i out a for that you did you my from that but that that is that is the we are because there is here that you did this or you and we are to and you which it is do you have a to and the that we have that i am to a what,Normal,Normal
533,Normal,"Agent: Hello? Caller: Hi. Is this [NAME]? Agent: Yes, this is [NAME]. [curious] Who's calling, please? Caller: Hi. My name is [NAME] on a recorded line with [ORG] and [ORG] insurance partner. Just to assist with any auto insurance or f r forty four needs you may have? Agent: Oh, [confused] auto insurance? I didn't — I mean, I don't think I have any of that right now. [curious] What was the company",is this this is who is my is on a with and just to with any or you may have i did not i i do not i have any of that now what was the again you may have to out and they us to out to you i out to do all that for me since he i am not so with the what did i out were you for i might have been i my you it is been a while since i at it did i out a for a one or my is you up there in now what is an i am no,Normal,Normal
534,Fraud,"Agent: Hello? Caller: Hey, mister [NAME]? Agent: Yes, [curious] that's me. Caller: Hey. Hey. So sorry. I know if you answered or not. Good morning. My name is [NAME] with [ORG]. We had you on the website here on Thursday of last week checking in the interest rate Caller: to do some home improvements. I was just calling with some numbers we got for you this morning. Caller: Just seeing if you had a",that is me so i if you or not my is with we had you on the here on of in the to do some i was just with some we for you this just if you had a i i did out it was it is just off the of you so i do not i we it out for your it is i have a that is and and for the how much were you at out i i was just you just to what is out there i did not have a in did you just what is and just just from there with t,Fraud,Normal
535,Normal,"Agent: Hello? Caller: Hi. Good morning. Miss [NAME], please? Agent: [calm] This is [NAME]. [curious] Who's calling, dear? Caller: This is [NAME] from [ORG]. Agent: [calm] Oh, [NAME]. [curious] And what can I do for you today, dear? Caller: I have an appointment with you to um, speak with you about the final expense insurance covering. Coverage that you were seeking. Agent: [surprised] Oh, an appoi",this is who is this is from and what can i do for you i have an with you to with you about the that you were an i do not one up did i out a or no you did not we and you would be a for us to at we did my is not what it to be you so what were we about with this you had about some for for the my he i should into that so what of are you about the which is a and i would have to you to what you would fo,Normal,Normal
536,Normal,"Agent: Hello? Caller: Hi, [NAME]. This is [NAME] calling Caller: from [ORG] regarding the quote you requested online for your twenty twenty Toyota. Agent: Hello [NAME], [curious] how can I help you? Oh, [curious] the Toyota, yes. What about it? Caller: Did you request a quote for coverage? Agent: Yes, yes, I did. [uncertain] Um, when was that now? Caller: Was that today? Agent: Uh, today, [confuse",this is from the you for your how can i you the what about it did you a for i did when was that now was that no i do not so i i was at some but i do not doing it were you still for i am what of do you have and what does that and so if you it so and a of the and we also all and and if the has or that would be as along with the and so if you will it so if you it is that would be so it is it is then ,Fraud,Normal
537,Fraud,"Agent: Hello? Caller: Hi. This is [NAME] on a recorded line. How are you doing Agent: Hey, [NAME]! [bubbly] I'm good, how are you? Caller: today? Agent: I'm good, thanks. [bubbly] Um, what can I do for you? Caller: Hi. I'm good. How are you doing? Agent: I'm good! [bubbly] What can I do for you today? Caller: Is this an AI? Agent: What? [confused] No, it's me, [NAME]. [bubbly] Who's this? Caller: ",this is on a how are you doing i am how are you i am what can i do for you i am how are you doing i am what can i do for you is this an what no it is me who is this this an no i it is just me what were you about about an for some and is what about it are you this is not an i am what can i you with i am a i all we are just to an about some and i was into that what of are there so we that when it to,Fraud,Fraud
538,Normal,"Agent: Hello? Caller: Good afternoon. My name is [NAME] on a recorded line from [ORG]. I was just calling to inform you you're qualified to speak to our team about [ORG] benefits and savings. Is that something you might be interested in? Agent: Oh, [ORG]. [confused] Now, have we spoken before? I get so many calls about [ORG]. Caller: Hello? Okay. Uh, I don't know. Were you did you ever, uh, make a",my is on a from i was just to you you are to to our about and is that you might be in now have we before i so many about i do not were you did you a any and through your i i might have you to all that but i am on my own now so what of are we about on what you are there is there is and then what you are with as what i can do is i can you over and then they can over all the and then if there is that,Normal,Normal
539,Normal,"Agent: Hello? Caller: Hi, [NAME]. This is [NAME] from [ORG] Caller: [ORG] on a recorded line. Just following up on your recent conversation with us. Caller: We're currently running a limited time offer and didn't want you to miss out. Caller: Would now be a good time to revisit the conversation with one of our life safety consultants? Agent: [ORG]? [curious] What's this about? Oh, okay, [NAME]. [c",this is from on a just up on your with us we are a and did not you to out would now be a to the with one of our what is this about what is this about i i to a of what what was this about again you with us about which that can you to in of a or whether you are at or out and about we are out because there is a now and to if you would to your with one of our would you be to with a for a the the i int,Normal,Normal
540,Fraud,"Agent: Hello? Caller: Hello, [NAME]. Agent: Oh, hello. [curious] Who's this calling? Caller: This is [NAME]. Caller: You remember me? Agent: [NAME]? [confused] [NAME] who, dear? I don't think I know a [NAME]. [NAME]? [confused] Hmm. I'm not sure I do, dear. [curious] What was this regarding? Caller: Yes. This was about remember we put in for some life insurance? Agent: Oh, [hopeful] the life insur",who is this this is you me who i do not i a i am not i do what was this this was about we in for some the i out about that i should have more so what about it we we had you for on your an i i did to to all the and they that you them the the that does not me i have been my are you about that we will we that in when me and you and i it out it was a that is been it what did they it was that was my it,Fraud,Normal
541,Fraud,"Agent: Hello? Caller: Hi, [NAME]. Agent: Oh, [confused] [NAME]? No, this is [NAME]. Who's calling, please? Caller: I said, and, uh, Agent: Oh, I see. [calm] Well, hello there. What can I do for you today? Caller: This is [NAME] speaking. Agent: [NAME]? [curious] And what are you calling about, [NAME]? Caller: I can't I'm telling you that I have found I have found Agent: Oh, [confused] you're break",no this is who is i and i there what can i do for you this is and what are you about i can not i am you that i have i have you are up a you what now i your my which one i have you is i a now i do not have a are you you have the my are and she that she was she was for no i am are you you are not to a no i am not you are not i did not you were i my is not it is an to i so what was this about my agai,Fraud,Normal
542,Fraud,"Agent: Hello? Caller: Hi. Uh, is this [NAME]? Agent: Yeah, [curious] who's this? Caller: We are from [ORG], a financial relief company contacting you to discuss your application. So am I speaking with [NAME]? Agent: Oh, [ORG]. [confused] Um, yeah, that's me. Caller: Hi. Uh, this is [NAME] with [ORG] on a recorded line. And, um, I'm, uh, calling to let you know that we finished reviewing your debt ",is this who is this we are from a you to your so am i with that is me this is with on a and i am to you that we your and i just to if you might have a so we could over it and through your so what is the with that is it your has been me you to the who can you with that in a of a of so can i you to over all the so it is that is me and this is on my so here is what i am do i am you with your here in ,Fraud,Fraud
543,Fraud,"Agent: Hello? Caller: Hi. Is this [NAME]? Agent: Yes, this is [NAME]. [curious] Who's calling, please? Caller: Hi. Caller: Hi. Yes. I was just about to get into that. So I my name is [NAME]. I just received your inquiry about your tax debt. About the [ORG]. You were needing some help. Right? Agent: Hello? [confused] Are you still there, dear? Oh, [confused] my tax debt? I... I don't recall sending",is this this is who is i was just about to into that so i my is i just your about your about the you were some are you still there my i i do not in about that what was the again so the is a that or even your on what you for now if you might have been on the or you might have that that you or could not your then that would an to us and that is why we is that that at all or not it you it you that a ,Fraud,Fraud
544,Fraud,"Agent: Hello? Caller: Hello. This is [NAME] calling from [ORG]. Is this [NAME]? Agent: Yes, this is [NAME]. [curious] What can I do for you, dear? Caller: Hi, missus [NAME]. Thank you so much for picking up. I'm calling because you reached out to us earlier today to enroll in our life Caller: shield medical alert monitoring service. We got quite a bit done on that call. We completed your health qu",this is from is this this is what can i do for you you so much for up i am because you out to us to in our we a done on that we your your and you up on the but we into a your your he would be by to with that so that is why i am out now is now a to that is i am you are just so you is being for and your up here so it we have you all with your your over in and you are on the at a the only we to of is,Normal,Normal
545,Normal,"Agent: Hello? Caller: Yeah. Hi. Is this [NAME]? Hello? Is this [NAME]? Caller: This is [NAME] with [ORG]. You hear me? Agent: [calm] Yes, this is [NAME]. Who's calling, please? Oh, [calm] yes, this is [NAME]. I'm sorry, I was just — [confused] who did you say this was again? Caller: This is [NAME] from [ORG]. Was just calling about the life settlement inquiry you made. Caller: With our company, th",is this is this this is with you me this is who is this is i am i was just who did you this was again this is from was just about the you with our the this is for you have i was just to if i could you you out with any you may have the i what can i you with the i i did that what is this about the i i do not that you but what is a the i am i just i do not an but i do have that what of are we about s,Normal,Normal
546,Fraud,"Agent: Hello? Caller: Hello? Agent: Yes, [curious] who's calling please? Caller: Yeah. Um, I had received a missed call from this number. Agent: Oh, [confused] I don't recall calling anyone. Are you sure you have the right number, dear? My name's [NAME]. Caller: This is the [ORG]. Were you looking for that? Agent: The [ORG]? [confused] Oh, goodness. I don't recall calling anyone like that, dear. W",who is i had a from this i do not are you you have the my this is the were you for that the i do not that what is this about i i was just a i had from this you my he a and the just it does on its own you i am not very with it so what is this my is i am not if you were for me or not it is to you i am i do not i do not i you my he to all the but he is not around so what is the so it it is just that ,Normal,Normal
547,Fraud,"Agent: Hello? Caller: Yeah. Hi. Good morning. Is this [NAME]? Agent: Oh, no, dear, this is [NAME]. [confused] [NAME] doesn't live here. Are you sure you have the right number? Caller: Oh, no. Caller: No. Caller: Yeah. That's what I said. Is this [ORG]? Agent: No, that's not me. What can I do for you? [confused] Who did you say you were calling for? Oh, [chuckling] [NAME], yes. That's me. [curious]",is this no this is does not here are you you have the no no that is what i is this no that is not me what can i do for you who did you you were for that is me who is my is my i am with it you did a and i was just to if i could you a my i do not are you you have the is this that is me it did an with did you do that i might have you i am for a my he to all that but i am on my own now what of are we ,Fraud,Normal
548,Normal,"Agent: Hello? Caller: [ORG]. This call is being recorded. Agent: [ORG], is it? [curious] And what can I do for ya, now? Caller: It is. I I was reaching out to you on your request for home insurance quote that you've done at, uh, last week this week? Last week. Caller: Um, you're looking for home insurance on [ADDRESS]. Is that correct? Agent: Oh, right, the— [confused] the home insurance. Oh, righ",this is being is it and what can i do for now it is i i was out to you on your for that you have done at this you are for on is that the the the that is me what can i do for now i have been to to into that you with the are with the and all to the what we had and if it would you be i have been to that you my all that her and now i am just to up her so what is the with it now i am who my she a few y,Normal,Normal
549,Normal,"Agent: Hello? Caller: Hello, [NAME]? Agent: Yes, [curious] that's me. Who's calling, please? Caller: [NAME] from [ORG]. Agent: Oh, [confused] [ORG]? I don't recall... [curious] What was this about again? Caller: Are you AI? Agent: [confused] An AI? Goodness no, dear. I'm [NAME]. [calm] What were you saying about [ORG]? I'm not sure I quite follow. Caller: Did you request a quote to refinance on yo",that is me who is from i do not what was this about again are you an no i am what were you about i am not i did you a to on your that i i might have into that you a while what of did you for me i more so that i can you a i to all that but he is been a of now what of do you what is your that you are to the i here in you it is on do you not have that i i that out no i do not have it what is the it i,Normal,Fraud
550,Normal,"Agent: Hello? Caller: Hi. Good morning. Agent: Good morning. [curious] Who's this? Caller: This is [NAME]. Agent: [NAME]. [calm] All right. And what can I do for you, [NAME]? Caller: We just got disconnected. Agent: Oh, [confused] did we? I don't recall talking to anyone just now. What were we talking about? Caller: We were looking at some life insurance for you, miss [NAME]. Agent: Oh, [satisfied",who is this this is all and what can i do for you we just did we i do not to just now what were we about we were at some for you i i was into that was not i what of were you me and beside that is there that you with with doing this of if you can not can not our here i would not be you you for a so i do you have a or that you with this or and beside that what do you we were about were not we my he ,Normal,Normal
551,Fraud,"Agent: Hello? Caller: Yes. Hello, [NAME]? Agent: Yeah, [confused] who's this? Caller: Uh, this is [NAME] from [ORG]. I spoke to you yesterday. [NAME]. Agent: Oh, [curious] right right. Yeah, no, I was just gaming, so I didn't recognize the number. What's up? Caller: I'm following up to see if you were able to get the prepaid card there, [NAME]. Agent: Oh, [uncertain] the prepaid card... yeah, I th",who is this this is from i to you no i was just so i did not the what is up i am up to if you were to the there the i so i i a of so i am not what was it for again for the there the that is so what about it did i more or no we were and and the of the there the no i just i a on you so what is the with that again the there that would be for us to with the the for the i this was for your but you that,Fraud,Normal
552,Fraud,"Agent: Hello? Caller: Hello. This is [ORG] Caller: reaching out to you regarding your request for tax assistance. Agent: Oh, [ORG], [curious] yeah. Oh, [curious] tax assistance, is it? Yeah, I was, um, lookin' into that, now. What can I do for ya? Caller: Hello? So I'm just reaching out with you regarding your request on the debt that you owe. Agent: Oh, the debt, [worried] yeah, that's right. I w",this is out to you your for is it i was into that now what can i do for so i am just out with you your on the that you the that is i was into that what about it now i can have you are you a to the or i am not to be with i i i am do do not i is it the you are are you in any or that the no no just you to me above why do you now it is just of how we can you how much are you so what do you from me the,Fraud,Fraud
553,Normal,"Agent: Hello? Caller: Hi, miss [NAME]. This is [NAME]. I'm calling on a recorded line from [ORG]. Caller: It looks like you submitted your information online about covering your home on [ADDRESS] with a home warranty. Caller: And we're covering all major systems and appliances. Caller: I'll get you some more information on how our coverage works. Okay? Agent: Oh, [confused] [ORG]? Right. I, um, I ",this is i am on a from it you your about your on with a and we are all and i will you some more on how our i i i was to about that what was it about again i i i did into that you a while what is this about i i did about that what of are you about i i did about that on the what of did you this was again so for the and but i what does it is it for the or the and and how does that is it you for if th,Normal,Normal
554,Fraud,"Agent: Hello? Caller: Hey. This is [NAME] from [ORG]. Am I speaking with [NAME]? Agent: Oh, [calm] yes, this is [NAME]. [curious] What can I do for you, [NAME]? Caller: Uh, yes, ma'am. So I just wanna say that [ORG] offers loans and debt management programs. Are you by any chance interested? Agent: Oh, [curious] loans and debt management, you say? Well, I suppose I could be. [long pause] What kind",this is from am i with this is what can i do for you so i just that and are you by any and you i i could be what of are we about here that on what we on the because our is that we to on the to what of our has and how much my you i that and what would you be for on there what of do you with now what does that is that my or what are you to but until your that the has no it is not to so not to your o,Fraud,Normal
555,Fraud,"Agent: Hello? Caller: Hi. Am I speaking with [NAME]? Agent: Oh, [confused] it's [NAME], actually. [NAME]. But yeah, that's me. Caller: Hi, [NAME]. How are you doing today? Agent: I'm doing, [sighing] well, I'm doing okay. Just got off a long shift, you know? What can I do for ya? Caller: Yeah. So this is [NAME] calling from [ORG]. On a recorded line. Um, we have received your inquiry regarding wit",am i with it is but that is me how are you doing i am doing i am doing just off a you what can i do for so this is from on a we have your with that that is why it was to you a and can i that you are in the of the i i do not out but i am i did and i am in that is so here is what we will be doing i am to you some to about your and over your with you so i can how to from there i will you a you throug,Fraud,Normal
556,Fraud,"Agent: Hello? Caller: Hi. Am I speaking with [NAME]? Agent: Yes, [curious] this is [NAME]. Caller: Hey, [NAME]. This is [NAME] giving you a call from [ORG] on Agent: Oh, okay. Um, [confused] what's this about? Caller: recorded line. How's your take going? Agent: Oh, it's— [nervous] it's going, you know? What's this about, um, [ORG]? Caller: It's actually [ORG]. I'm calling in response to your onli",am i with this is this is you a from on what is this about your it is it is you what is this about it is i am in to your for i i do not but what about it so we are to over that you might be for so to what you to out to us that that what of are we about you i am just for to these off my you it is just a so what of are we about is it or those the only that are you or do you have other no not the onl,Fraud,Normal
557,Normal,"Caller: Hello. Agent: Hello. Who are you with? Caller: Hello. This is [NAME] with [ORG] on a recorded line. How are you? Agent: Oh, I'm all right, I guess. [ORG], you said? What's this about? Caller: [ORG], yes. This is regarding um your recent uh I guess request for information regarding senior in-home care. Is that something we're still looking into? Agent: Oh, yeah, I think I did send something",who are you with this is with on a how are you i am all i you what is this about this is your i for in is that we are still into i i did in about that what of are we about here so i am with i do not if you are it you had more for some you that you could you a more about what that would who am i with i am this is now what about this you you i am what is your my why do you that now i just to it is n,Normal,Normal
558,Fraud,"Agent: Hello? Caller: Hello. Am I speaking with [NAME] with, um, miss [NAME]? Agent: Yes, this is [NAME]. [curious] Who is this, please? Caller: My name is [NAME] I am calling from the home office [ORG] with the [ORG]. And I got the request that I was, um, receiving the request to help you. Agent: Oh, [surprised] the [ORG]? Yes, I think I did get something about that in the mail. [curious] What ca",am i with with this is who is this my is i am from the with the and i the that i was the to you the i i did about that in the what can you me about it what is this now i i a of is this the one with the we have a of that up for the that is what we do out to a of that are on a that are between the of and you did that about the that again i is this the one with the with the i am the to you that is of,Normal,Normal
559,Fraud,"Agent: Hello? Caller: Hi. Is this [NAME]? Agent: Yeah, [curious] who's this? Caller: Hi, [NAME]. This is [NAME] from [ORG] on a recorded line. Agent: Oh, okay. [confused] Um, what's this about? Caller: You placed an inquiry for debt consolidation options? Agent: Oh, [uncertain] right, yeah, I think I did do that. Um, [curious] what about it? Caller: Okay. Um, can I confirm you're in Pennsylvania? ",is this who is this this is from on a what is this about you an for i i did do that what about it can i you are in no i am in your up as and your up from the that you in that is so i why it that i am in no so now that i have you that you are in here is what we are do i am you some to about your and over your with you so i can how to from there i am you a you through the and the i will your any you,Fraud,Fraud
560,Normal,"Agent: Hello? Caller: Hi. May I speak with [NAME]? Agent: [confused] Speaking. What's this about? Caller: [NAME], my name is [NAME]. I was just calling to follow-up on a request about [ORG] options that are available to you, sir. Agent: Okay, [curious] [ORG], huh? Yeah, I think I sent something in, [confused] but I'm not really sure... what's the deal with that right now? Caller: Okay. Would you j",may i with what is this about my is i was just to up on a about that are to you i i in but i am not what is the with that now would you just to us a whenever you are to the that you may have can not we just about it now i am on the i a what are the what is are you in that is why and what what would you be in or with in your you have from and and that i can themselves might have more for that i can,Normal,Normal
561,Normal,"Agent: Hello? Caller: Yeah. Hello, [NAME]. I'm talking with missus [NAME]? [NAME]? Agent: Oh, [calm] hello. Yes, this is [NAME]. [NAME]. What can I do for you, dear? Caller: Hi there. My name is. Yeah. How are you doing today? Doing good, ma'am? Yeah. Yesterday, we had a great conversation about your window stuff, but line is disconnecting some technical issues. So now I will just connect you to o",i am with this is what can i do for you there my is how are you doing doing we had a about your but is some so now i will just you to our my what they can do they will just about a of your and they will you the and your just with me i will just you i will you then you to our my it for you just with me the is now on a your by the i will do it from my you while we your the i i do not i i do not abou,Normal,Fraud
562,Fraud,"Agent: Hello? Caller: Hey. This is [NAME] from [ORG]. Caller: Am I speaking with [NAME]? Agent: [ORG], [curious] is it? [curious] Oh, hello there. Yeah, this is [NAME]. What can I do for ya, love? Caller: Oh, hi, [NAME]. Thanks for taking the call. I'm actually following up on a health insurance inquiry that came through recently. Just looking to connect you with a licensed agent to go over some o",this is from am i with is it there this is what can i do for for the i am up on a that through just to you with a to over some is your that is me you though and an you what of would that be now so you out a for on i am just here to a few so i can you with a who can you through what is to are you for a just for yourself or for your a is it for i that out my not what it to be it just for myself just,Normal,Normal
563,Normal,"Agent: Hello? Caller: Hello. This is [NAME] with [ORG]. On a recorded line. How are you, [NAME]? Agent: Oh, hello, [NAME]. I'm doing just fine, [calm] thank you. And you? Caller: Hello? I'm good. Thank you for asking. I was received a notification that you requested information regarding an upcoming stairlift project. Can you tell me a little bit more about the challenges you're experiencing with ",this is with on a how are you i am doing just you and you i am you for i was a that you an can you me a more about the you are with the can you me i am if you are i can not you the i a i i did about that now what was it you were about the the i can you i was just for you to a you i i did some about that what can you me i a in my the you my he to he and since then it is just been a of a you what of,Normal,Normal
564,Normal,"Agent: Hello? Caller: Hello? Agent: Yes, [curious] who's calling please? Caller: Uh, my name is [NAME], ma'am. Agent: [NAME]. [calm] All right. And what can I do for you, [NAME]? Caller: I was calling you from [ORG]. I was just doing a follow-up on, uh, a let me what did you it says here you were looking for some health insurance. Agent: Oh, [confused] health insurance? I don't recall... I mean, I",who is my is all and what can i do for you i was you from i was just doing a up on a me what did you it here you were for some i do not i i have you what of are you about i do not on my i was had out an on our and it and it is up with your and your an an i might have you to all that and since he i am just to up so what of was it i my he to all that but he a so i did i do not what of would that hav,Normal,Normal
565,Normal,"Agent: Hello? Caller: This is [NAME] from [ORG]. Calling about your request for gas well, water heater installation, or repair. Is this [NAME]? [NAME], are you there? Just checking in to see if now is a good time to talk about your water heater service request. Caller: [NAME], just making sure you're still with me. I wanna help get your water heater issue sorted out. Are you able to talk right now",this is from about your for or is this are you there just in to if now is a to about your just you are still with me i your out are you to now this is you i i did in a you what can i do for you this is you i do not a who did you this was again this is from we a under your for a in or and you for an these in from or through does that a for you either i can you out if you are having any are you any ,Normal,Normal
566,Normal,"Agent: Hello? Caller: Hello? Hello, [NAME]? Agent: [confused] No, this is [NAME]. [NAME] is my late husband's brother, but he doesn't live here. Who's calling, dear? Caller: Yes. Hello, [NAME]. My name is [NAME]. Agent: [calm] [NAME]. Mm-hmm. And what can I do for you, [NAME]? Caller: Yes. Uh, how are you doing? Uh, good morning. My name is [NAME]. I received received a quote form for you for life",no this is is my but he does not here who is my is and what can i do for you how are you doing my is i a for you for is that the i i did out that my he me to have so what is this about did you out i just i did i it was a while you but i did are you with that it was a while when did you out this you what what and i do not the it was a few a i so many in the why do you to that because i i was i just,Normal,Normal
567,Fraud,"Agent: Hello? Caller: Hello. Uh, can I speak with [NAME], please? Agent: [NAME]? [confused] Nah, you got the wrong number, man. Ain't no [NAME] here. Caller: Pardon me. I didn't quite catch that. Could you please confirm if I'm speaking with [NAME]? Agent: Nah, [sighing] it's [NAME]. M-A-R-C-U-S. You got the wrong number. What's up? Caller: Oh, I apologize for the inconvenience. You can opt out by",can i with you the is not no here me i did not that could you if i am with it is a you the what is up i for the you can out by it i the since i have you would you to a for you just me though a i do not about all that i am now you what is this about and this is on my so here is what i am do i am you with your here in just a and they will over what for you so you have one to about so i am to about a,Fraud,Normal
568,Fraud,"Agent: Hello? Caller: Hi, miss [NAME]? Agent: Yeah, that's me. [curious] Who's this? Caller: Hi, [NAME]. My name is [NAME]. I'm calling from [ORG]. We're on a recorded line. How are you doing today? Agent: Oh, hey [NAME]. [calm] I'm good, how are you? Caller: I'm doing well. Thank you for asking. Agent: Okay, [curious] so what's up? Caller: Do you have a couple moments? Agent: Um, yeah, [uncertain",that is me who is this my is i am from we are on a how are you doing i am how are you i am doing you for so what is up do you have a i so what is up i was to you about the you with us the what about it i was to some and over some with you what do you so i just can i and the you are in one me your up so what is this for so what is what is on i am your up now i am have you some here so what we are b,Fraud,Fraud
569,Fraud,"Agent: Hello? Caller: Hi. This is [NAME], your [ORG] expert. Can I speak to [NAME]? Agent: Uh, yeah, this is [NAME]. [curious] Hey, what's up, man? Caller: Um, actually, this is about your order for the bug spray, the [ORG], and your order here Agent: Oh, the bug spray, [confused] yeah. What about it? Caller: got declined. Are you aware? Agent: [confused] Declined? Oh, man, yeah, the—the bug spray",this is your can i to this is what is up this is about your for the the and your here the what about it are you the the for it what what upon here the why the why this you have a on your or but do not that is why we you a up to you to the to our that so what do we do to it so we just we it what do i to do then can you if this is your you here that is that is the one so what is is your is your and ,Fraud,Fraud
570,Fraud,"Agent: Hello? Caller: Hello? Is this [NAME]? Agent: Oh, [confused] no, dear, this is [NAME]. Did you have the wrong number? Caller: No. I said, [NAME]. Agent: Oh, [NAME]. [calm] No, this is [NAME]. E-D-N-A. But I get that a lot. What can I do for you, dear? Caller: You don't remember me? I'm your old friend, [NAME], from high school. Agent: [NAME]? [nostalgic] Goodness, it's been ages! Which [NAME",is this no this is did you have the no i no this is a but i that a what can i do for you you do not me i am your from it is been which is this i a few then you or was it i will be how are you what a to from you after all these where are you from my where are you from my i am just here in still in the same and i had you how did you this i do not it out to just the it to me the my is did i you are n,Normal,Normal
571,Fraud,"Agent: Hello? Caller: Hello. This is [NAME] with [ORG]. Is [NAME] there? Agent: Yes, this is [NAME]. [curious] Who did you say this was again? Caller: [NAME] with [ORG]. I'm following up on an inquiry that was placed online. Agent: Oh, [confused] an inquiry? I don't recall... [long pause] What kind of inquiry would that be? Caller: Were you looking for help with, um, debt or a loan? Agent: Oh, [ho",this is with is there this is who did you this was again with i am up on an that was an i do not what of would that be were you for with or a a i might be have been a since you what of are you about it what you for were you for a or were you to your i would be i have a few here and there how does that the the how does that what do i to do for that so the would be to do a me which is a on the does ,Fraud,Normal
572,Normal,"Agent: Hello? Caller: Hi. Is this [NAME]? Agent: Yeah, [curious] who's this? Caller: Hello? Yeah. Agent: [nervous] Hello? You there? Caller: This is [NAME] with [ORG]. Caller: I have your name, ma'am. Yeah. Can you hear me okay? Agent: Oh, hey [NAME]. Yeah, I can hear you. [confused] What's up? Caller: Hello? Alright. Well, I received your name and telephone number because you requested a life ins",is this who is this you there this is with i have your can you me i can you what is up i your and because you a i was i can you with that the i i i was just around you what is up with it i can you out with that is that now a i a what you from me just a so me in here and your of for me i i have that my it is that so what is what is your and i am and and that and you are in the of i have been throug,Fraud,Normal
573,Normal,"Agent: Hello? Caller: Hello? Hello. Is this [NAME]? Is this [NAME] at [ORG]? Agent: Oh, [confused] [ORG]? No, dear, this is [NAME] at, um, [ADDRESS]. Who is this? Caller: Hello? Yeah. Because it didn't stood out. In the [ORG], we've talked this morning. Caller: You know, about your interest in health insurance. Know, [ORG]. Caller: I'm glad I told you I had a a case couldn't talk very long. I had ",is this is this at no this is at who is this because it did not out in the we have this you about your in i am i you i had a a could not very i had to for a but i you to you between and so i am doing just that this i do not are you about that that with the what was that about again this my my is not what it to be what of were we about that was you i must have my you so what were we about with the ,Normal,Normal
574,Fraud,"Agent: Hello? Caller: Hey. This is [NAME] from [ORG]. Am I speaking to [NAME]? Agent: Yes, [curious] this is [NAME]. Caller: Hey there, [NAME]. Um, I'm calling to see if it's okay to continue with your title loan application. Agent: Oh, the title loan application, [worried] yes. Um, I was... I mean, I'm not sure, my friend. Can you tell me more about this? Caller: On the title loan application, so",this is from am i to this is there i am to if it is to with your the i was i i am not my can you me more about this on the so we would have to some by your to if you if that is with you about my you what of it is it is be the the and the i can you that it is a me one here this is being and for and you it is a no no it is do you the on it the i it is the the us is that what do you i am to it up her,Fraud,Fraud
575,Fraud,"Agent: Hello? Caller: Hello. This is [NAME] calling from [ORG]. May I please speak with miss [NAME]? Agent: [NAME]? [confused] Oh, I think you might have the wrong number, dear. There's no [NAME] here. This is [NAME]. Caller: Yes, ma'am. I'm sorry. Um, just to confirm, am I speaking with miss [NAME]? Agent: [NAME], yes, that's me. [NAME]. [curious] Who did you say you were again, from where? My he",this is from may i with i you might have the there is no here this is i am just to am i with that is me who did you you were again from where my not what it to be again this is i am from i you are doing and what can i do for you i am doing i just the what can i do for you is this about my so i am who did you my is i you by the i you are doing so to this is being and may be we are you we can you ha,Fraud,Normal
576,Normal,"Agent: Hello? Caller: Hi. Hi, [NAME]. Good morning. Uh, by the way, this is [NAME], and, uh, this is in regards, ma'am, with the [ORG], the white vitamin you tried to check online last night for the hair growth from [ORG]. Caller: Right? Caller: Actually, [NAME], I received, ma'am, your application so I am calling you back to assist you with the process. And let me also inform you as well, this is",by the this is and this is in with the the you to for the from i your so i am you to you with the and me also you as this is one and a one in than you can an and you are to so that is a and the the where the that i have here it is i i i did at that you what was it about again the i was at some what about it the i i was at that you so what does this for me what is this about the it you have not the,Normal,Normal
577,Fraud,"Agent: Hello? Caller: Yeah. Hello. Good afternoon. Is this [NAME]? Agent: Yes, this is [NAME]. [curious] Who's this? Caller: [NAME]. Hey, [NAME]. Good Good afternoon. This is [NAME], [ORG] here. I was just following up with you regarding a a request you put in here with us. Agent: Oh, [confused] okay. Yeah, a request... What was the request about? Caller: On your tax debt situation, I do believe, ",is this this is who is this this is here i was just up with you a a you in here with us a what was the about on your i do with the the i i i do not in a but what is this about i do not in a but what is it about you you were to a for the so what with that here with our with so we can on your do you that for your and what was the again i i do have some i i have some about that what what is on with i,Fraud,Fraud
578,Fraud,"Agent: Hello? Caller: Hi, [NAME]? Agent: Yes, [curious] who is this, please? Caller: Can you hear me okay? Okay. Caller: Oh, it's [NAME]. We were just talking. We got disconnected somehow. Caller: [NAME] [NAME] with [ORG]. I'm the life insurance agent. Agent: Yes, I can hear you. [curious] Who is this, please? Oh, [surprised] yes, yes, my friend. [NAME], I am sorry, the line just... it went dead. ",who is this can you me it is we were just we with i am the i can you who is this my i am the just it what were you about the the i am so my the the here is not so i am you what were we we were just it is we were just but we i was just about the it you you to they just what are you from where where will you be i was you my it does this i was in so i there to my you so when you to how how do you on ,Normal,Normal
579,Fraud,"Agent: Hello? Caller: Hello? Hello, [NAME]? Agent: Yes, [curious] that's me. Who's this calling? Caller: [NAME] with [ORG]. You had just left an inquiry with one of my affiliate websites. Is that correct? Agent: Oh, [confused] an inquiry? I don't recall... which website was that, dear? Caller: Uh, [ORG] about a tax issue. Agent: Oh, [nostalgic] [ORG]... [NAME] used to handle all the taxes, you kno",that is me who is this with you had just an with one of my is that an i do not which was that about a to all the you i just do not out myself what was it about again i was just that you just below is are you that a and you i that or that i was it i am not is this a is this or are you what on is that no this is i am just a of these and your is a now what were you about the you you had the about a w,Fraud,Fraud
580,Normal,"Agent: Hello? Caller: Hello? Is this mister [NAME]? Agent: Aye, [curious] that's me. [NAME]. Who's this now? Caller: Yes, sir. This is [NAME] with [ORG]'s customer care. I'm reaching out in regards to an application you had submitted for health insurance Agent: Oh, [uncertain] the health insurance. Right, yeah. I was... uh... looking into that. Caller: Looks like your application Caller: had decli",is this that is me who is this now this is with i am out in to an you had for the i was into that your had the the i i would all that out what about it now the i i had that all i did you what there so what is it the was did you and that so your could be that is no is it i me you for when the up so what do we to do to it we would to a of such as a or or or did you us to the of that is on again a fo,Fraud,Fraud
581,Fraud,"Agent: Hello? Caller: Hello. Good morning. Is this [NAME]? Agent: Yes, [calm] this is [NAME]. Who's calling, dear? Caller: Hello? Is this [NAME]? With, uh, [ORG]. How are you today? Agent: Oh, [calm] good morning. I'm doing well, thank you. [curious] [ORG], you say? What can I help you with? Caller: Well, uh, you made a recent inquiry online. Regarding, uh, inform wanting information about, uh, li",is this this is who is is this with how are you i am doing you you what can i you with you a about in and been your your so i am to to to with you and what your are i did i did i do not was that all that you an i do not do much with the myself you to all that what of did i for of we have it on what your what your are what you are for are you for are you to are you are you to to a for your or your ,Normal,Normal
582,Normal,"Agent: Hello? Caller: Hello. This is [NAME]. Um, I'm following up on your behalf on behalf of [ORG]. I'm on a recorded line, and we received a request for a business insurance quote. Caller: You submit this request? Agent: Oh, [curious] okay, yeah. Oh, the — [confused] the business insurance quote? Yeah, yeah, I think so. What's up with that? Caller: Alright. Just calling to follow-up with them an",this is i am up on your on of i am on a and we a for a you this the the i so what is up with that just to up with them and you out with this so what do i do so just to i to so i am you out with this we were just over the to the and then the to you to you no that that is i am to you so am i with so what do you from me that is me how are you doing i am i am just you what is on with this you are doin,Normal,Normal
583,Fraud,"Agent: Hello? Caller: Hello? Good morning. Hello? Agent: [confused] Uh, hello? Caller: Oh, hello. Hi. Caller: Good morning. Am I speaking to [NAME]? Agent: Hey, [curious] who's this? Yeah, [confused] who's this? Caller: Hi, [NAME]. This is [NAME] from [ORG] on a recorded line. How are you doing? Agent: Uh, I'm good. [curious] What's up? Caller: Ma'am, we were calling to go over some debt relief op",am i to who is this who is this this is from on a how are you doing i am what is up we were to over some to your is this a for you i so what is what is this about i am with so we i we was to and over some so we can your of and under the the i i am to up some you that even i i some and is that what this is for so what are we here is this my or what we do we when it in when it is for the we you it w,Fraud,Fraud
584,Normal,"Agent: Hello? Caller: Hi. This is [NAME] calling on a recorded line from [ORG]. I'm contacting regarding the formation requested for your Blazer. Agent: Oh, the Blazer, [curious] yeah. What about it now? Caller: I just need to verify a couple of details with you. For your ZIP code, I have [ZIP]. Is that correct? Agent: Yeah, [calm] that's right. Caller: Gotcha. And it looks like you have around fo",this is on a from i am the for your the what about it now i just to a of with you for your i have is that that is and it you have around on your is that is it that about i it is not me you you i do not it much no what is this about the now and is with the it me where i am you of a but what do you from an that it is you and have you any or no not that i have no not no i am just you on a while we yo,Normal,Normal
585,Normal,"Agent: Hello? Caller: Hello? Hello. Is this [NAME]? Agent: Um, yeah, [uncertain] this is [NAME]. Caller: [NAME], how are you? Good afternoon. Caller: Uh, my name is [NAME]. I'm with, uh, [ORG]. And I was giving you a call because you requested a callback, uh, for some term life insurance. Is that correct? Agent: Oh, good afternoon. [uncertain] Who's this? Oh, um, yeah, [uncertain] I think so? What",is this this is how are you my is i am with and i was you a because you a for some is that who is this i so what was it for again the the did you did you have any about at all i what is it you are about what is that for what is is that on their if they were to to be out and is for a between and so on a or if they have or if they have some of or a or they on themselves because it is be the for the ,Fraud,Normal
586,Normal,"Agent: Hello? Caller: Hello? Agent: Yes, [curious] hello? Caller: Hi, [NAME]. This is [NAME]. Caller: And I'm responding to the application you submitted for health insurance. Caller: Are you looking for individual or family plan? Agent: [NAME]. [confused] Okay, and where are you calling from, dear? Oh, [confused] the health insurance application, right. Um, I suppose I was looking for, uh, an ind",this is and i am to the you for are you for or and where are you from the i i was for an i so are you for a are you for a just for yourself or with the i so i i i am not which one i for but what are the just for myself i my she is through her you so just me so may i what is the for the the i was just my you my it is it is a and i am just to if there is out there now what is the you have for now my,Normal,Normal
587,Fraud,"Agent: Hello? Caller: Hi. This is [NAME]. Caller: Looking to speak to miss [NAME]. Agent: [curious] [NAME]? Is that C-U-R-L-E? And what was this call about again, dear? [calm] Yes, this is [NAME]. [curious] And who did you say you were with, dear? Caller: [ORG]? Agent: [ORG]. [confused] Hmm. I don't recall... [curious] What's this regarding? Caller: Am I speaking to an AI? Agent: [confused] An AI?",this is to to is that and what was this about again this is and who did you you were with i do not what is this am i to an an no i am just why would you a that can you me your again my i do not that much you to all that what do you it for i to that this is a and in our we are being what now i am just on my are you this is not i can not i to i to your with a your and your and your as into our my an,Normal,Fraud
588,Fraud,"Agent: Hello? Caller: Hello, [NAME]? Caller: Hello? Caller: Can you hear me? Agent: Yes, [confused] this is [NAME]. Who's calling, please? Oh, [confused] hello? Yes, I can hear you. Is this about my [ORG]? Caller: Okay. Caller: Uh, no no, ma'am. This is about this is this is [NAME] from the [ORG]. I was calling for for [NAME]. Agent: Okay. [curious] Well, who is this calling, dear? You just said """,can you me this is who is i can you is this about my no no this is about this is this is from the i was for for who is this you just i the you and what are you about you just an with this at in the in to some in the i was then but i i did an about what of are we about that is what it on the me you what it i will you it and then it here is your it it how can we and it i with so and it was that am i,Fraud,Fraud
589,Normal,"Agent: Hello? Caller: Hi. May I speak to [NAME], please? Agent: Yes, [calm] this is [NAME]. Caller: Hi. This is [NAME] on a recorded line. We're following up on a health insurance quote you requested on [ORG]. And what I'd like to do for you now Caller: is transfer you to a licensed agent who can look into discounts you may qualify for. Okay? Agent: Oh, [curious] okay. Yeah, I think I remember tha",may i to this is this is on a we are up on a you on and what i would to do for you now is you to a who can into you may for i i that a when did i when did i that it was in the past i so i i have been into so what do you from me me you over to a and they could any of your and then into the you may for so you are just me i am you to a be i me one i will this for you now on the they i will off to you,Normal,Fraud
590,Normal,"Agent: Hello? Caller: Hi. Good morning. I'm looking to speak with miss [NAME]. This is [NAME] with [ORG]. Agent: Oh, [calm] good morning. This is [NAME]. [curious] [ORG], you say? What's this about, dear? Caller: Yes, ma'am. Um, just following up in regards to the quote requested for the Toyota Camry. Um, just wanted to share within this call, we're able to reclassify and offer a much lower quote ",i am to with this is with this is you what is this about just up in to the for the just to within this we are to and a much for it would be the same just a if you were in what that was at this the to all that he up with the you so a you how much are we i do your just me one to so i can that for you i am what is the i will on so you are with that is the just i you so what all does this is it just f,Normal,Normal
591,Fraud,"Agent: Hello? Caller: Good afternoon. Is this [NAME]? Agent: [confused] [NAME]? Oh, you mean [NAME]. Yes, this is [NAME]. [curious] What can I do for you, dear? Caller: You visited our website, and I'm calling to offer help with life insurance again. Agent: Oh, my website visit, [confused] yes, I think I was looking at something like that the other day. [curious] What Caller: Recorded line. Yes, m",is this you this is what can i do for you you our and i am to with again my i i was at that the other what we a do do you me to your we did my is not what it to be do my i of for you and what does that is that for me or for he a not for this is for if you were to if you were to it is more of a to about it will to your what what or do you have for me all that of you that a and what about my my he i,Fraud,Fraud
592,Normal,"Agent: Hello? Caller: Hi, [NAME]. My name is [NAME], a l e x. I'm calling you from [ORG]. Last week, you actually were on our website, and you wanted some information about our programs. And I was away for the weekend. I'm so sorry. I'm the gentleman who works over here on the gulf side. So I'm just now getting back to your inquiry. Do you have a few moments to chat, or is this now not a good time",my is a i am you from you were on our and you some about our and i was for the i am so i am the who over here on the so i am just now to your do you have a few to or is this now not a i i that what was it i was at my is not what it to be it is no and that is so i for a a and what we do is we on the of that is for your so that when that you behind whether it is a they one and of so it is about and ,Normal,Normal
593,Normal,"Agent: Hello? Caller: Hi. This is [NAME] calling from [ORG]. By [ORG] on a monitored or recorded line. How are you today? Agent: Oh, well, [calm] I'm doing all right, I suppose. Just having my afternoon tea. [curious] And you are from where again, dear? Caller: Oh, I'm from [ORG] by [ORG]. Agent: [ORG]. [calm] Hmm. And what was this call about, if you don't mind me asking? Caller: Yeah. We just re",this is from by on a or how are you i am doing all i just having my and you are from where again i am from by and what was this about if you do not me we just and what what is that about and what is this about we are just to a a i all that what of are you about just to a you a i do not that out my to all that you when did i do that i you there it within the i am not to the but we these within as o,Normal,Normal
594,Normal,"Agent: Hello? Caller: Hi, ma'am. This is [NAME] with Agent: [confused] [NAME]? Oh, hello. What, um, what can I do for you, dear? Caller: [ORG]. You have reached out about a new project. Yes. Can you hear me? Agent: [confused] [ORG]? Oh, um, I don't recall... [long pause] What kind of project, dear? Caller: Were you not looking to replace the windows for your house? Agent: [surprised] Oh! Oh, the w",this is with what what can i do for you you have out about a can you me i do not what of were you not to the for your the to those done but he never around to it you what are you you a with no or to it it will be for a a that that and you it is for a you how does that do you out to you at the no it is they will out there and the some at that and there is no or to it no you and what of are we about,Normal,Normal
595,Normal,"Agent: Hello? Caller: Hello? Is this [NAME]? Agent: Yeah, [curious] it is. Who's this? Caller: Hello? Agent: Yeah, [confused] I can hear you. Who's calling? Caller: Hi. Uh, this is [NAME]. Agent: [NAME]. Okay. [curious] And you're with...? Caller: How are you? Agent: I'm good, I'm good. [confused] What can I do for you, [NAME]? Caller: Well, I'm actually I'm actually reaching out regarding your in",is this it is who is this i can you who is this is and you are with how are you i am i am what can i do for you i am i am out your and i am just to do a up i am you a for you to with what you have my what about my i into that so what is the this is about i just to what is the for your or for your if you have one for my i it is still with or is it now on what was the i out how many do you have that,Normal,Normal
596,Normal,"Agent: Hello? Caller: Hi. May I please speak with [NAME]? Agent: Yes, [calm] this is [NAME]. Who's calling, dear? Caller: Miss? Agent: Yes, [calm] that's me. Who is this? Caller: Ma'am, this is [NAME] calling with Caller: Oh my goodness. Caller: [NAME]? Is that you? Agent: [NAME]. [confused] [NAME], what was that company name again? [confused] Yes, it's [NAME]. I just said that. Who are you, dear?",may i with this is who is that is me who is this this is with my is that you what was that again it is i just that who are you you you me no it is are you you have the is this a a no i am a a no i am a who is this you me a no i am a what was your again you you were about this is with on a up in to the i i did some about that what of are you about so we are in to the now our here is to you over to ,Normal,Normal
597,Fraud,"Agent: Hello? Caller: Hi. It is [NAME]? Agent: Yes, this is [NAME]. [curious] Who's calling, please? Caller: This is [NAME] from [ORG] on a recorded line. How are you today? Can you hear me? Agent: Oh, [ORG]. [calm] Yes, I can hear you fine, dear. I'm doing alright, just enjoying the Sarasota sunshine. [curious] What can I do for you today? Caller: Um, I'm sorry. This is, um, [NAME] for [ORG]. I'm",it is this is who is this is from on a how are you can you me i can you i am doing just the what can i do for you i am this is for i am because that you have some over to us about your can i your in no i am here in i have not been to in did i out about i do not am i to a it is a no this is a no this is a i just you that i am not with all this what were you about i am a i i just to you are in is th,Fraud,Normal
598,Fraud,"Agent: Hello? Caller: [NAME]? Agent: [confused] [NAME]? No, no, this is [NAME]. [NAME]. [curious] Who's this now? Caller: Check my number. Caller: Uh, my name is [NAME]. I'm with [ORG] on a recorded line. How are you doing today? Agent: [confused] Check your number? Ah, I just answered the phone, me boy. [curious] Did you dial the wrong number, maybe? [NAME], is it? Ah, grand, grand, thank you, lo",no no this is who is this now my my is i am with on a how are you doing your i just the me did you the is it you you that what can i do for no no that is me what can i do for am i it the you it is a that but what was it you were about so what the from the you i am i my i am with on a you that because the for my is i am just up on your for some with i do not it just a did i did i up for with that i,Fraud,Normal
599,Normal,"Agent: Hello? Caller: This call is being recorded. Caller: AI is taking notes. Morning. Agent: Oh, [calm] all right then. [curious] Who is this, please? [calm] Morning to you too, dear. [curious] Who is this? Caller: Good morning, [NAME]. Caller: How are you doing? Agent: [calm] Good morning. [curious] Who am I speaking with, may I ask? I don't recognize the number. Oh, [calm] I'm doing just fine,",this is being is all then who is this to you too who is this how are you doing who am i with may i i do not the i am doing just you and you are my is and you an for for a on a or an i do not that what of was it a i i do not that are you you have the i do me it was and i your and your but if you if you do not doing this i can you out of the or did it that is you my is not what it to be what are you,Normal,Normal
600,Normal,"Agent: Hello? Caller: Hello? Agent: Yes, hello? [curious] Who is this, please? Caller: Hello? Yes. More morning. My name is [NAME]. I'm a medical alert specialist. Caller: How are you doing today? Agent: A medical alert... [confused] Oh. Oh, [calm] good morning, dear. I'm doing just fine, thank you. A medical alert specialist, you say? [curious] What's that about? Caller: That's perfect. Yes. Yes,",who is this more my is i am a how are you doing a i am doing just you a you what is that about that is and i am you the of the do you have one or not yet the i i might have about that you in the what is this i do not if i have the but i do have a my he up for me you is this me just to you in the of the because we have just a of you i the one i have just has the you for if i what of are we about on,Normal,Normal
601,Fraud,"Agent: Hello? Caller: Hi there. We got disconnected. I'm sorry about that. Um, the question I wanted to ask you is did you sign it Caller: and then also type your name as well and then Caller: accept accept. Agent: Ah, [relieved] there you are! I thought we'd lost ya for good. [chattering] Technology, eh? Always acting up when you least expect it. Now, what was that you were saying, love? Before w",there we i am about that the i to you is did you it and then also your as and then there you are i we would for up when you it now what was that you were before we off i we did did not we no no at all now what me i am a with we did did not we the been up you now did i and me for what when you when you to the of it you are to the of it your and your and then the the at the i that so i did that did ,Normal,Normal
602,Fraud,"Agent: Hello? Caller: Thank you for your interest in [ORG] dot com. Caller: We are now connecting you with a service professional. Agent: Oh, [ORG]. [curious] And who am I speaking with, dear? Oh, [curious] [ORG]? Is this about, um, my insurance? Caller: Thank you for holding. All of our representatives are currently assisting other callers. Your call is important to us. Caller: Please continue to",you for your in we are now you with a and who am i with is this about my you for all of our are other your is to us to and a will be with you i can a i this will not too we for the we are a your is to us to and a will be with you i i can a to all these you you for all of our are other your is to us to and a will be with you my still i just i do not my we for the we are your is to us to and a will ,Normal,Normal
603,Normal,"Agent: Hello? Caller: Hi. This is [NAME] with [ORG] on a recorded line. Is this [NAME]? Agent: Yes, this is [NAME]. [curious] What can I do for you, dear? Caller: Okay. Caller: Oh, yes. We're reaching out to help you save money by checking out new auto insurance options. And as I can see here, you are not currently insured. Correct? Agent: [long pause] So, what's this about? [curious] Did I fill s",this is with on a is this this is what can i do for you we are out to you by out and as i can here you are not so what is this about did i out not i i have the i i was what are you on your we are from we are a no and just to are you for a i i could a you all that so what of are we about about and we have a of here and we can you with your for so this will just be a to and if you to what you for an,Normal,Normal
604,Fraud,"Agent: Hello? Caller: Hello. Is this [NAME]? Agent: Yes, this is [NAME]. [curious] Who's calling, please? Caller: Hi. Uh, I'm [NAME]. [NAME]. I'm a financial consultant with [ORG]. Caller: I was just calling you in regards to a financial inquiry you made. Agent: [ORG]? [confused] Now, what was that about? I don't think I've heard of you folks before. Oh, [ORG]. [confused] Now, what sort of financi",is this this is who is i am i am a with i was just you in to a you now what was that about i do not i have of you before now what of was that i so many you was it about my i do not it was about what was it about then my is not what it to be that is did you to out about any i i do not can you just me what it was you are about that you had the to all that you what about it is there a we are on a i j,Fraud,Fraud
605,Fraud,"Agent: Hello? Caller: Good afternoon. Is this [NAME]? Good afternoon. Is this [NAME]? Agent: Yes, this is [NAME]. [curious] Who's calling, please? Caller: [NAME] with [ORG]. Agent: [ORG]? [confused] Oh, um, I don't think I'm familiar with that name, dear. [curious] What's this about? Caller: You and I have talked four different times. This is regarding life insurance. For you. Agent: Oh, [confused",is this is this this is who is with i do not i am with that what is this about you and i have this is for you i i do not you are you you have the i am a do you have some from our i do not to all that and he is not around what did we about then us to with so that we will not this so what is it you are about is this i am not with all that i my is not what it to be can not you just me what i to you u,Normal,Fraud
606,Fraud,"Agent: Hello? Caller: Hi, [NAME]? Agent: Yes, [calm] this is [NAME]. [curious] Who's calling, please? Caller: My name is [NAME]. I'm with the [ORG]. Agent: Oh, [calm] the [ORG]. [curious] What can I do for you, dear? Caller: So the reason for my call, there's two parts to your case here. Caller: Obviously, the taxes, and then there's the credit portion of the case. Which is what I would be working",this is who is my is i am with the the what can i do for you so the for my there is to your here the and then there is the of the which is what i would be on now my is to you on the if we could a at your we for and also to the if be about and it is do you have for that what do you by that is with my my and then the so you are you can me with my too i all that you it so what would you be at it what,Fraud,Normal
607,Normal,"Agent: Hello? Caller: Hey, [NAME]. This is [NAME] from [ORG]. Um, I just saw you're looking into our service plan for your Camry, I just thought I'd give you a call and kinda run through all the details of that plan if you had a a second here. Agent: Oh, [surprised] the Camry service plan? Yes, I think I did, um, get something about that in the mail. [curious] What's it all about again? Caller: Is",this is from i just you are into our for your i just i would you a and through all the of that if you had a a here the i i did about that in the what is it all about again is this a you are just the the i i did a a while are you it is the you were you were just for that the i i do not out for a but what is it you are about so it is it is for i it it was on that you it out some on that it is you ag,Normal,Normal
608,Normal,"Agent: Hello? Caller: Hello? Hi. This is [NAME] with [ORG]. Am I speaking to [NAME]? Agent: [calm] Yes, this is [NAME]. [curious] And you're with [ORG], you said? What's this about, dear? Caller: Okay. Uh, Yeah. So you have reached out through our website and requested additional information on the services that we provide. So I wanted to follow-up with you to see how we can help Some of the thing",this is with am i to this is and you are with you what is this about so you have out through our and on the that we so i to up with you to how we can some of the that we with but are not to and what of are you having i i do not out that you my to do all the before he but what of are you about it you on what you but this is through i am here when you to the and you here that your a for a with for y,Normal,Normal
609,Fraud,"Agent: Hello? Caller: Hi. Is this [NAME]? Agent: Yeah, [curious] that's me. Caller: Hey. Agent: Hey. Um, [curious] who's this? Caller: Hey. How are you doing? This is [NAME]. I'm a qualifying specialist with [ORG] Caller: [ORG] on a recorded and monitored line. Agent: Okay. Um, [confused] [ORG]? Caller: I'm following up on the request Agent: Okay. Caller: Sorry? Agent: Oh, no, you're fine. I was j",is this that is me who is this how are you doing this is i am a with on a and i am up on the no you are i was just to the that is all i am i am up on the that we for about the so as i i am a i am not a so my is to the of you are for then i can your and i will be to you with a who can you so what all does that so i will through a few with you and then if you are to over to the i will i on the with ,Normal,Normal
610,Normal,"Agent: Hello? Caller: Can I speak with [NAME]? Agent: This is [NAME]. [calm] Who's calling, dear? Caller: Hello. May I speak with [NAME]? Agent: [confused] Yes, I just said, this is [NAME]. [calm] Who are you, dear? Caller: Oh, sorry. I think you're cutting off. Um, this is [NAME] with [ORG] on a recorded line. Um, following up on your request regarding [ORG] Advantage Plans. Um, I'm gonna connect",can i with this is who is may i with i just this is who are you i you are off this is with on a up on your i am you with your so they can you do you have your my i i i do it is around here and what is a is that with no we are a and what of do you i i am with my you all that your would do the my i do not that you this was about no i is the one who is you on the do you have your the and can you me i,Normal,Normal
611,Fraud,"Agent: Hello? Caller: Hi, [NAME]? Agent: Yeah, [curious] that's me. Caller: Hi. This is [NAME] with [ORG]. All calls are recorded for quality assurance. Caller: We spoke to you some days ago to helping you with your debt. Caller: Uh, did you take care of it or is this still a problem? Agent: Okay. [confused] Um, is this about, like, my student loans? Oh, yeah, [confused] right. Oh, [nervous] um, r",that is me this is with all are for we to you some to you with your did you of it or is this still a is this about my the i i it is still of a for so what was the again do you still with it or i for if you can that would be us here we to up your and i a for you but for some it did not have any do you it again if we can your and what we can do so what do we do you a for me that is so i so what do i,Fraud,Fraud
612,Fraud,"Agent: Hello? Caller: Hi, [NAME]. This is [NAME] from [ORG] on a recorded line. How are you? Agent: Oh, [calm] hello there. I'm doing fine, dear, just fine. [curious] What's this about, [ORG]? Caller: Yes. Yes. We're calling, uh, to support you, uh, with your current inquiry. Agent: My current inquiry? [confused] Oh, well, um, I suppose I did, you know, send out some things. [curious] Which inquir",this is from on a how are you there i am doing just what is this about we are to you with your my i i did you out some which are you about the one for that one i now to all that but since he so what can you do for me we and you me that what of are we about here is it you a or a a a and how does that do i just you or what is the we would we would your and we would a that would be for you and would ,Fraud,Fraud
613,Normal,"Agent: Hello? Caller: This is [ORG]. We're calling about your auto insurance quote request. Please stay on the line, and we'll connect you with the next representative now. This call may be monitored or recorded. Agent: Oh, [curious] okay. Caller: Hello. This is [NAME] with [ORG]. How are you doing today? Agent: I'm good, thank you. [calm] How are you? Caller: Hello? I am doing excellent. Thank yo",this is we are about your on the and we will you with the now this may be or this is with how are you doing i am you how are you i am doing you so much for are you still for on your that is i am to that i am i i am for a you this is it is that is what is what is be your it is that is here in and the so what of are we at it is what was the it is i one no your and now the you on the we are for or i ,Normal,Normal
614,Normal,"Agent: Hello? Caller: Hello, [NAME]. My name is [NAME]. I'm calling on over recorded line with [ORG]. We spoke with you recently about coverage for your Honda Civic, and I'm reaching out because we do have some better pricing options, and we'd like to go over those with you. Caller: I just want to verify that everything is still running okay. Agent: Oh, the — the [ORG] thing, [confused] yeah. I wa",my is i am on over with we with you about for your and i am out because we do have some and we would to over those with you i just to that is still the the i was when would my still you a what of are we about so we do have some or that are from when we with you and that is what we just to that to you so i just also then so is there still no or no you no or that i just i so much i it so what is wha,Normal,Normal
615,Normal,"Agent: Hello? Caller: And now we got disconnected. Agent: Oh, [sighing] dear. I, um, I don't know what happened there. [confused] Are you still calling about the, the [ORG], darling? Caller: It's okay. Agent: Oh, good. [calm] I was worried we got cut off for good. So, [curious] what were you saying about the, the new benefits? Caller: I I am. Agent: Oh, good. [calm] I was worried we got cut off fo",and now we i i do not what there are you still about the the it is i was we off for so what were you about the the i i am i was we off for so what were you about the the you you your out there is a what were you about you the is it i i do not why it is doing that to all the you so where were we i your do you i do i have a few you for my and such why do you to that i just you i to a to where we cou,Normal,Normal
616,Normal,"Agent: Hello? Caller: Hi, [NAME]. This is [NAME] from [ORG]. How are you? Caller: You have an appointment with [NAME] on Sunday? Agent: Oh, hello. [confused] [NAME]? No, this is [NAME]. And [curious] who did you say you were with again? [ORG]? [confused] [NAME]? No, this is [NAME]. And I don't recall any appointment, dear. [ORG]? What's that now? Caller: For your [ORG]? Agent: [curious] [ORG]? I..",this is from how are you you have an with on no this is and who did you you were with again no this is and i do not any what is that now for your i i do not an what is this about is this no my who is this again you so so this is i for we have you on our to with about the is and this is the they is it because i did the and it it was again so did did you not this i do not have a so i do not have an ,Normal,Normal
617,Normal,"Agent: Hello? Caller: Hello. Is this [NAME]? Hello? Agent: Yes, [calm] this is [NAME]. Who's calling, please? Caller: Yeah. My name is [NAME]. [NAME], o t I s. Caller: You responded to my website about some consulting services. Agent: Oh, [NAME]. [confused] Okay. And what's this about, dear? Oh, [curious] the consulting services? Yes, I think I did, you know, look at something like that. What was ",is this this is who is my is i you to my about some and what is this about the i i did you at that what was it again it you me a me it it i am in more about your i am a in a me to me that that is i did that my he he to all the you the of but now that he is i am to out that is that me so what of are you of i do now to all that for me but since he i have been to out on my own so what do you to be wi,Normal,Normal
618,Fraud,"Agent: Hello? Caller: Hey. May I speak with [NAME]? Agent: This is [NAME]. [curious] Who's calling, please? Caller: This is [NAME], [NAME] with [ORG]. I spoke with you yesterday. We were trying to get your tax resolution set up. Agent: Oh, [confused] the tax... the tax thing. Yes, I remember. [uncertain] I was a little confused yesterday, dear. What exactly are we doing again? Caller: So it's to r",may i with this is who is this is with i with you we were to your up the the i i was a what are we doing again so it is to your so that you are not them the or what you which is what they do when you it up on your own you for which we can that and this for you we were just having an with your your it was the it was only when it is and it would not through do you that so it did not through then i i,Fraud,Normal
619,Fraud,"Agent: Hello? Caller: Hi. This is [NAME] with [ORG] this [NAME]? Agent: Yes, this is [NAME]. [curious] How can I help you, my friend? Caller: Hi, [NAME]. We were reaching out to you because you responded, um, to our website about needing help with tax debt or an [ORG] issue. Caller: Did you happen to need help with either of those? Agent: Oh, [confused] the website... yes, yes. [worried] What is t",this is with this this is how can i you my we were out to you because you to our about with or an did you to with either of those the what is this about the the i was just at some you what can you do for me so so do you have you the any i just i do not any you with the i i do i do them and i to you is i do not any you how much do you them how much i do not the but it is around i that and have you ,Fraud,Fraud
620,Normal,"Agent: Hello? Caller: Hi, [NAME]? Agent: Yes, [curious] that's me. Who's calling, please? Caller: Hi, [NAME]. I just had a couple of seconds to get back to you. This is just [NAME] with [ORG]. I'm a licensed sales agent on a recorded line. Now it looks like you had put in some info about possibly looking for personalized [ORG] quotes. To make sure you don't have any, like, big gaps in coverage or ",that is me who is i just had a of to to you this is just with i am a on a now it you had in some about for to you do not have any in or not too much is that i i did into that you what of are we about this would be for any of we are a i do not if you are for yourself or out what had you all that but since he what does a do for me it is just for me you i to all that but he is been a now so what do y,Normal,Normal
621,Normal,"Agent: Hello? Caller: K. Is [NAME] available? Agent: Yes, this is [NAME]. [curious] Uh, who's calling please? Caller: [NAME]? Caller: [NAME]? Yes. Hi, [NAME]. This is [NAME] calling from [ORG]. On a recorded line to see if you have a moment to go over your free health insurance quote. Agent: Yes, [calm] that's me. Oh, [confused] a health insurance quote? Yes, I suppose so. What about it? Caller: O",is this is who is this is from on a to if you have a to over your that is me a i so what about it i have just a few up i am here and then i will you with an to up your just your is in a and not a or i that is you how many are you to have on your just me my she is and our is at i you for the and for the can you at one and a for your and one and a i so for the i i am to do the for you my with will b,Normal,Normal
622,Normal,"Agent: Hello? Caller: Hey, [NAME]. This is [NAME] with, uh, [ORG]. Agent: Oh, [confused] [ORG]? Hmm. [curious] What's this about, dear? Caller: Yes, ma'am. Um, we got an intake form from you at four zero two AM this morning, um, about a solar system. I think you're trying to get in place six kilowatt at, um, [ADDRESS]. And we, uh, we provide the plan and designs. I think that's why you reached out",this is with what is this about we an from you at am this about a i you are to in at and we we the and i that is why you out to us in to by the or if you are doing and through that as with your in the i was then but i did out a about i he you so what are you about i am because we the from you and it you just a and that is what we we the so if you are still to do that and it with the in to have one,Normal,Normal
623,Normal,"Agent: Hello? Caller: Hello? Is this [NAME]? Agent: [calm] Yes, this is [NAME]. [curious] Who's calling, please? Caller: My name is [NAME]. I was getting back to you about the mortgage protection that you had filled out online. Um, I'm the adviser here that's assigned to your file. Agent: [calm] Oh, the mortgage protection. [confused] Now, um, I don't recall filling anything out online, dear. [cur",is this this is who is my is i was to you about the that you had out i am the here that is to your the now i do not out what was that about again this was for the on the that if were to you that we can the we it out about so has over this with you yet i to all that you he a so how does that now my i am by then now what of were you it was i was up you the i might have on so what does this so this i,Normal,Normal
624,Fraud,"Agent: Hello? Caller: Yeah. Is [NAME] there? Hello? Agent: [confused] [NAME]? Oh, um, I don't think there's a [NAME] here, dear. My husband [NAME] passed a couple years ago, and it's just me. [curious] Who are you trying to reach? Caller: Yeah. I'm trying to reach [NAME]. Agent: Oh, [confused] well, I'm sorry, I don't know any [NAME]. I'm [NAME]. Are you sure you have the right number? [curious] W",is there i do not there is a here my a and it is just me who are you to i am to i am i do not any i am are you you have the what did you that is my all i am and i do not who is did you to do you do i do you what of a is that i just you i do not by that why are you me that because it they what now do you i i do not what you are me my is not what it to be can you what you by is that a or my i have n,Normal,Normal
625,Fraud,"Agent: Hello? Caller: Hi. This is [ORG] Caller: following up with your request. One moment. Agent: Okay. [curious] And what's this about? Okay, [curious] what's this about? I'm [NAME]. Caller: Hi. This is [ORG]. Caller: Were you looking for some help with your taxes? Agent: Yeah, [confused] I mean, I think I talked to someone a while back, but I'm not really sure what came of it. What's the deal? ",this is up with your one and what is this about what is this about i am this is were you for some with your i i i to a while but i am not what of it what is the just to did you a with us i so i i was into some what are you on your so i have here a as but that would be with that we you have no with us you may have about the before but we did not a for you that is me so i just then what what does th,Fraud,Normal
626,Fraud,"Agent: Hello? Caller: Good afternoon, [NAME]. Agent: Oh, good afternoon. [curious] Who is this, please? Caller: This is [NAME] from [ORG]. Agent: [ORG], [confused] hmm. I don't think I'm familiar with you, dear. [curious] What can I do for you today? Caller: Yes. Um, so it looks like you made an inquiry about a loan, a refinance loan for a property in Florida. Caller: That sound familiar to you? A",who is this this is from i do not i am with you what can i do for you so it you an about a a for a in that to you the the i it does to all that you what about it i was just to if you had any other about or if you any with that with the be i it is all so these is not it what of are you i am so just you you in a for your your on your a that so you would you would me one how does that is this the i a,Fraud,Normal
627,Normal,"Agent: Hello? Caller: Good morning. This is Ms. [NAME] with [ORG]. Is this miss [NAME]? Agent: Yes, [calm] this is [NAME]. [curious] And you said you're with [ORG]? What can I do for you, dear? Caller: Is this miss [NAME]? Hi, [NAME]. I'm [NAME]. I cover fifty states, miss, uh, [NAME], and we got a message And correct me if I'm wrong, were you looking to get some information on a home warranty? To",this is with is this this is and you you are with what can i do for you is this i am i and we a and me if i am were you to some on a to your can you me a it is i i it is i am my is not what it to be and what was that about a not i can you a you i might have been i am my out that is and a you i i was that is it out this is who did you this was again can you me now i can it out were you were you to ,Normal,Normal
628,Normal,"Agent: Hello? Caller: Yes. Good morning. This is [NAME] with [ORG] following up regarding your inquiry for home security. Is now a good time to speak? Agent: Oh, [surprised] [ORG]? Yes, I think I did, um, get something in the mail about that. [curious] What was it about again? Caller: Yeah. The security this is in regards to home security, also cameras in case you wanna keep an eye on things. Agen",this is with up your for is now a to i i did in the about that what was it about again the this is in to also in you an on i i was just about that you with all the on what of are we about these are so they to your and this through the you can the and any an i do not do much with myself my he he me with all that is there a to it without an i can that is he he me with all that so would he to it all ,Normal,Normal
629,Normal,"Agent: Hello? Caller: Yes. Hello. Good afternoon. May I speak to [NAME]? How are you today? Agent: Yeah, this is [NAME]. [curious] What's up? Caller: Uh, this is [NAME], sir. I am with the [ORG]. Caller: The one that you checked online last night. Remember? Agent: [ORG]? [confused] Oh, okay. Yeah. Oh, [confused] the cream? Yeah, I think so. What about it? Caller: The face lifting cream? Agent: Rig",may i to how are you this is what is up this is i am with the the one that you the i so what about it the the what about it so the i am you it here that you this one and you to the of or the of the that is the and the about this as this is only a one or a one no no and a so for it is only and one for for that is that is a so your that again that is not that is not my your it is that is not my you ,Fraud,Fraud
630,Fraud,"Agent: Hello? Caller: Hi. Is this [NAME]? Agent: Yes, this is [NAME]. [curious] Who's calling, please? Caller: Hi, [NAME]. My name is [NAME]. I'm a senior tax strategist at [ORG]. I just received a request for consultation you completed online. Caller: How are you doing today? Agent: Oh, [confused] okay, yeah. I mean, I did... I think I filled out a form, yeah. Oh, [confused] okay. I— I'm doing we",is this this is who is my is i am a at i just a for you how are you doing i i did i i out a i i am doing you i am not what you are about though i up the i a that a for a on an or a of with an of that that is not mine and i i do not any you for that much either is there a were you with a the i i i do not about the but i i was into some just to what my were you what what does this now i i i am a but,Fraud,Normal
631,Fraud,"Agent: Hello? Caller: Hello? Agent: Yes, hello. [curious] Who is this, please? Caller: Hello? Caller: Hi. Good day. This is [NAME]. I'd like to speak to [NAME]. Agent: Yes, hello? [curious] Who is this speaking, please? Uh, yes, this is [NAME]. [confused] But it's [NAME], not [NAME]. How can I help you, my friend? Caller: Hello? Can you hear me? Caller: This is about the loan that you're requestin",who is this this is i would to to who is this this is but it is not how can i you my can you me this is about the that you are are you still of a i you my it is you the i i am still you what is this about now are you for what is it a your as that is a i was into that you how much can i for it it would be are you to your the that is it is a you very so with that how much can i the that is my how mu,Fraud,Normal
632,Normal,"Agent: Hello? Caller: Hello. Hi. My name is [NAME], and I'm calling response to an online search for Senior Living. Is [NAME] available? Hello? Hello? Caller: Hello? Agent: Oh, [confused] yes, this is [NAME]. I'm sorry, dear, I was just a little slow getting to the phone. [curious] Who did you say this was again? Oh, hello. Yes, [confused] this is [NAME]. I just — I couldn't hear you for a second ",my is and i am to an for is this is i am i was just a to the who did you this was again this is i just i could not you for a there what was that about we to our for your before we any further for we are on a for this and and we a that can and are you for for yourself or for a one can you me a you i i am for myself he a and it is just me now what of are we about here are you for yourself or for a o,Fraud,Fraud
633,Normal,"Agent: Hello? Caller: Good morning, [NAME]. How are you? This is [NAME] with [ORG]. Can you hear me? Agent: Oh, [calm] good morning, [NAME]. Yes, I can hear you just fine. [curious] [ORG], you say? What's that about? Caller: Hello? Yeah. Agent: Oh, [calm] I'm still here, dear. You asked if I could hear you, and I said yes. [curious] What was that name again, [ORG]? Is that about the gutters? Calle",how are you this is with can you me i can you just you what is that about i am still here you if i could you and i what was that again is that about the it is to to do with my i i did out about that a while what can i you with or that the i do not out for that did me up for before he what did you you about did i what is on what is on with the the is it is just you what are you about so is a we do ,Normal,Normal
634,Normal,"Agent: Hello? Caller: Hello. Is this [NAME]? Agent: Yes, this is [NAME]. [calm] Who's calling, dear? Caller: Oh, hello. My name is [NAME]. I'm a health insurance agent. And, um, we received some requests from you for information on health insurance. And I'm just following up to make sure that you don't that you've been taken care of and you don't need assistance. Agent: Oh, [grateful] that's so ni",is this this is who is my is i am a and we some from you for on and i am just up to that you do not that you have been of and you do not that is so of you to i did out i but i do not what it was for what of are you about we i do not i was just at your i we do we do you and we i am on you so is this that with or is it so i do not are you to in your you you a you were for a to i do not i that i have,Normal,Normal
635,Normal,"Agent: Hello? Caller: Hi. This is [NAME] with [ORG] on a recorded line. Am I speaking with [NAME]? Agent: Yes, this is [NAME]. [curious] [ORG], you said? What's this about? Caller: Hi. Yes. We received your request for more information on our stairlift, so we're just following up on that. Is now a good time? Agent: Oh, the stairlift. [confused] Yes, I think I did something like that. [curious] Wha",this is with on a am i with this is you what is this about we your for more on our so we are just up on that is now a the i i did that what of did you you had for me we are just out to any you may have is this for what of is it that you the for is it up is it from the to the is it from the to the can you me i i i do have some how much do these it is just a you from the up to the does that a i can ,Normal,Normal
636,Normal,"Agent: Hello? Caller: Hello. This is [NAME] with [ORG] on a recorded and monitored Caller: monitored line. I'm following up on your inquiry and had a couple of quick questions for you. Caller: Have you had [ORG] before? Agent: Oh, hi [NAME]. [curious] What can I help you with? Oh, [curious] my inquiry? Yes, um, okay. Oh, [curious] my inquiry? Yes, I— I think so. Um, yeah, the [ORG]. [confused] I'm",this is with on a and i am up on your and had a of for you have you had before what can i you with my my i i so the i am not if i have had before what was this about i i we had a a while but i am not if it was i just have an i just have i just have an here that was in on the us to out to you on what we had to as as and our now an i in i that i was into you so what of are you now if you me one i do,Normal,Normal
637,Fraud,"Agent: Hello? Caller: This call may be recorded for quality assurance purposes. Agent: [confused] Uh, hello? Who's this? Caller: [NAME], I tried to send you a picture Agent: Oh, [confused] a picture? From who? I didn't — what's your name again? Caller: but you're not accepting text messages. Agent: [confused] Wait, I'm not? That's weird, my phone's been bugging out, like, all day. What's up? Calle",this may be for who is this i to you a a from who i did not what is your again but you are not i am not that is my been out all what is up i was you a what was it of a or of a what for i did not out i to you about for your are you you did my i am what is this about again the my i am out now what is up with that is he he is for you in of and you you are him he is at i he was here my i on that which,Fraud,Fraud
638,Normal,"Agent: Hello? Caller: Speak with [NAME]? Agent: [calm] Yes, this is [NAME]. [curious] Who's calling, please? Caller: Uh, my name is [NAME]. I'm calling with [ORG]. Uh, we had received an inquiry to add solar to your home, but it looks like you're in Florida. Is that correct? Agent: [calm] Oh, yes, that's right. [curious] Sarasota. Is that, um, important? Caller: Um, so we're based in California. U",with this is who is my is i am with we had an to to your but it you are in is that that is is that so we are in we are we are a very here in in and so we only the and and then we do some of and but i would not be to with you in i out i about you so you are you can not me at all then no you are in we are we are too i i would not be to with that i am so that is a my he to up those he was so with all,Normal,Normal
639,Normal,"Agent: Hello? Caller: Hi. Good morning. Is this miss [NAME]? Agent: Good morning. Yes, [calm] this is [NAME]. Who's calling, dear? Caller: Hi, [NAME]. My name is [NAME]. I'm a representative. I'm calling from the [ORG] with Caller: [ORG] about the request we received for information about [ORG] Caller: health plans. Agent: Oh, [confused] the [ORG]. Mm-hmm. And what's this about, [NAME]? Oh, [curio",is this this is who is my is i am a i am from the with about the we for about the and what is this about the i i did about that in the for you this it is i just to some for so what was this about now i am i you i all is i did the you what is this about i i was just to some can you me now that is i am my is not what it to be so you you are with and what was this you so i the it does it does no it i,Normal,Normal
640,Fraud,"Agent: Hello? Caller: Hey. This is [NAME] with [ORG], and I was trying to reach [NAME]. Agent: [curious] Oh, that's me. [NAME]. [NAME], is it? What can I do for ya, darlin'? Caller: [NAME]. I am following up on the inquiry that was placed on [ORG]. Um, and just so you know, my licensed agent call is recorded. National producer two zero five eight eight nine four seven. But again, we are following ",this is with and i was to that is me is it what can i do for i am up on the that was on and just so you my is but again we are up on that were you in a with the i i now what was it i was at again was it for the for the or was it i it was because we do not so when the through it does not me what you were in it just me that you were in a so what we do have on a is our we have as so has an on all the,Normal,Normal
641,Fraud,"Agent: Hello? Caller: Hello, [ORG]. This is [NAME] from [ORG]. Agent: Oh, [confused] [ORG]? I'm sorry, dear, it's [NAME]. E-D-N-A. But, um, [curious] what can I help you with, [NAME]? Caller: [ORG]. I'm returning the call. Caller: We spoke earlier. Agent: Oh. [confused] Returning a call? Oh, [confused] we did? Goodness, my memory isn't what it used to be. [long pause] I get so many calls, you know",this is from i am it is a but what can i you with i am the we a we did my is not what it to be i so many you what was it we were about again is this a is it is this an i a a no is this an no this is i am a i am just a on the now what did you your was again and where are you from and what was this about that you i you i would you with some and what was it we about my my you i i do not an that was i,Normal,Normal
642,Normal,"Agent: Hello? Caller: Hello? Agent: Yes, [curious] hello? Caller: Hi. Uh, may I speak to [NAME], uh, [NAME]? Agent: Yes, this is [NAME]. [curious] Who's this? Caller: My name is [NAME]. I'm calling from [ORG]. How are you doing today? Agent: Oh, well, [calm] I'm doing alright, [NAME]. And yourself? Caller: I'm doing well. Thank you for asking. Uh, I'm calling regarding the information that you'd f",may i to this is who is this my is i am from how are you doing i am doing and yourself i am doing you for i am the that you would out on our do you have a few to your the the i so what do we to so it would be a so just that in i and what was the i was at again i i that out a while it does not here the that you so we can over those if you would and the one are you in the of i am in and then the on ,Normal,Normal
643,Normal,"Agent: Hello? Caller: Yes. Good morning. My name is [NAME]. I was trying to get in touch with [NAME] if she's available, please. Agent: Oh, [calm] this is [NAME]. [curious] Who did you say you were again? Caller: Yeah. My and my name is [NAME]. Uh, the reason I'm calling, you never heard of me before. Um, but the reason I'm calling, uh, I received an email that you have a life insurance policy tha",my is i was to in with if she is this is who did you you were again my and my is the i am you never of me before but the i am i an that you have a that you might be in having us at or to what of might be for that and i am a and so i am i am so you are you i the i would you a and to if that is the and if so i can through how the and then you could me whether you it would be a for you or not would t,Normal,Normal
644,Normal,"Agent: Hello? Caller: Hello. Uh, is this miss, uh, [NAME]? Agent: Yes, this is [NAME]. [curious] Who's calling, please? Caller: This this this is, uh, [NAME]. With, uh, [ORG]. I received, uh, a message here a few days ago. I believe it might have been Tuesday, uh, inquiring about a [ORG] supplement. Is that Caller: did you do send that in? Caller: I have your, um, email. Your [DOB], and all of tha",is this this is who is this this this is with i a here a few i it might have been about a is that did you do that in i have your your and all of that and your that is for i am a a i do not i i might have you out some or a i do not in but what of are we about a i i do not in but i have been to into that what of are you about i have a of so i do not if that is your i just it was on my i am in i am a,Normal,Normal
645,Normal,"Agent: Hello? Caller: Hi. This is [NAME] with [ORG]. This is [ORG]. Agent: Oh, [confused] [ORG]? I'm sorry, dear, my name is [NAME]. E-D-N-A. Did you say [ORG]? Caller: Yes. This is [NAME] with [ORG]. Um, how are you doing, [NAME]? We were received your inquiry and just wanted to reach out to see how we could help. Agent: Oh, [curious] my inquiry? Well, um, I suppose I'm doing all right. What kind",this is with this is i am my is a did you this is with how are you doing we were your and just to out to how we could my i i am doing all what of did you i do not it was a through our a a i do not i do not i have been to a that to all the you the what was it about it is were you for a a that is i did into that you after what of do you have so our are they with of the that your and any other these ,Normal,Normal
646,Fraud,"Agent: Hello? Caller: Hi. Is [NAME] available? Agent: Yes, [curious] this is [NAME]. Caller: Hi, [NAME]. This is [NAME] with [ORG] on a recorded line. Agent: Okay, [calm] hi, [NAME]. Caller: Hi, [NAME]. Did you recently inquire with us online? I know you said you were missing some statements. Caller: Um, for your credit cards. Agent: Oh, [confused] the statements... Yes, I did. I was, um, trying t",is this is this is with on a did you with us i you you were some for your the i did i was to some you the i i have been them but i was just into some what is this about we had out to you because you had with us about our the i i was just you into for my but i did not through with and are you to with some of your i i am just to my you it is been a much still so that is we do with their in your of w,Fraud,Normal
647,Fraud,"Agent: Hello? Caller: Is this [NAME]? Agent: Yeah, [curious] who's this? Caller: Hi. This is [NAME] with [ORG] on a recorded line. How are you today? Agent: Uh, I'm good, [NAME]. [curious] What can I do for you? Caller: Good. Caller: Yes, sir. Um, can I confirm that you're in California? Agent: What's this about? California? [confused] No, I'm in Ohio. Near Columbus. Caller: Okay. Okay. Yeah. Not ",is this who is this this is with on a how are you i am what can i do for you can i that you are in what is this about no i am in near not a i can i that so i do you for that and here is what we will be doing i am you some to about your and over your with you so i can how to and then from there i will a you through and and then along the your and any you have and you does that i am so what is this ,Fraud,Fraud
648,Normal,"Agent: Hello? Caller: Hello, [NAME]. It's [NAME] with [ORG]. How are you? Agent: Oh, hey, [NAME]. [distracted] I'm good, man, just uh, you know, juggling a few things here. What's up? Caller: All good. All good, sir. Looking at the quote request you made online with us, for the two thousand twenty, uh, Camry. Agent: Oh, [curious] the Camry? Right, yeah. What about it? Caller: I, um, we we got a, u",it is with how are you i am just you a few here what is up all all at the you with us for the the what about it i we we a we a for a so i to with you what of you a i i was just around you what is out there what what of are we about here that is and now it it is my i now so what do you from me to this i the the we could and if you have or we can just you a so you the that is i a us just it out what,Normal,Normal
649,Fraud,"Agent: Hello? Caller: Mr. [NAME]? Agent: [confused] [NAME]? No, no, [calm] this is [NAME], love. You've got [NAME]. Caller: Yeah. This is, uh, supervisor here at, uh, [ORG], sir. We sent out some doc for you to sign, but we haven't received them. Do you need some assistance signing those? Agent: Oh, the documents, [uncertain] yeah. I got a few things here, I'm not sure which ones are yours now. [c",no no this is you have this is here at we out some for you to but we have not them do you some those the i a few here i am not which are yours now what was it for again for us to of your with the the that is i was at me are not what they to be you what do i to do with what do you in of you i have a few and here you and the are they the in the or the one it is it is it should be a or an an i me abo,Fraud,Normal
650,Fraud,"Agent: Hello? Caller: Hey there. Caller: This is [NAME] over at [ORG]. Caller: Okay. Kinda weird question to kick things off. When's the last time somebody actually called you up trying to put money back Agent: [ORG], [curious] huh? What can I do for you, dear? [confused] Put money back in my account? Well, I don't know, dear. Nobody really calls me for that, you know. [curious] What's this all ab",there this is over at to off the you up to what can i do for you in my i do not me for that you what is this all about in your of it out because that is the i am and it will in you for me i am not i in my how does that i you that and here we but nothing to here i am not you a i just ought to you what is there with your on it and you will it here is the what is it then i i am about these you so a o,Fraud,Fraud
651,Normal,"Agent: Hello? Caller: Hey. Um, I'm looking for [NAME]. Agent: [calm] Yes, this is [NAME]. [curious] Who's calling, please? Caller: Hi. This is [NAME]. I'm calling you from [ORG]. I see here you're looking for a warranty plan. To cover your systems and appliances. Is that about right? Agent: Oh, [confused] a warranty plan? Hmm. [curious] For my appliances, you say? I suppose I might have, you know,",i am for this is who is this is i am you from i here you are for a to your and is that about a for my you i i might have you into that me more what are you this is a of all me the it is that is so what of is this is it is it a this is a to your and the and you all this of and we the and so if you us we you to it for you and since you in a for us we are that same if that us it is a or if it is not ,Normal,Normal
652,Normal,"Agent: Hello? Caller: Hey, [NAME]. This is [NAME] from [ORG]. How are you? Agent: Oh, [NAME], [calm] hello. I'm doing fine, dear, just fine. [curious] What can I do for you today? Caller: Yeah. We were just talking about that. Service plan. Yesterday, you mentioned just to give you a callback. Um, today after you were thinking about it a little bit last night. Agent: Oh, the service plan. [confuse",this is from how are you i am doing just what can i do for you we were just about that you just to you a after you were about it a the i i i about that to all these you what was it for again that is for and when your you and the those of the the i i was at that my it is been some you and you this in and and this is for my the the one from it is a but it is up there in how does this it was for the ,Normal,Normal
653,Fraud,"Agent: Hello? Caller: Yeah. Hello, [NAME]. This is [NAME]. Agent: Hi, [NAME]. [uncertain] Um, who is this again? Caller: So, uh, [NAME], [ORG], the call that we had. Agent: Oh, right. [nervous] Yeah, the — the home warranty. Um, what's up with that? Caller: Yeah. You did you check the card? Or Agent: Oh, um, [uncertain] I think so? I mean, I thought I did. What's — what's going on with it? Caller:",this is who is this again so the that we had the the what is up with that you did you the or i so i i i did what is what is on with it i you you are be the to the i have not had a to do that yet i am so i just off no so what should i do now shall i another you can i i do not if though so what is this for again the the the you just with me in the i i just i am a so what is what is now now i am just,Fraud,Fraud
654,Fraud,"Agent: Hello? Caller: Hello, [NAME]. Can you hear me? Agent: Yeah, [confused] I can hear you. Who's this? Caller: Miss [NAME], are you there? Caller: Hi, uh, [NAME]. This is [NAME]. I'm with the [ORG]. Caller: You placed an inquiry online about a minute ago. Does it seem familiar? Agent: Yeah, I'm here. [confused] Can you hear me? Okay, [curious] [NAME], what's up? Oh, [curious] um, yeah, the [ORG",can you me i can you who is this are you there this is i am with the you an about a does it i am here can you me what is up the i was just into it no we are very at out it is just the that we have here because we a of but are you for when it to a so what is this about then i so i just i this and it is that is why i am here to you a to off of i we are here as an in your what is the what did you it ,Fraud,Normal
655,Normal,"Agent: Hello? Caller: Hello, [NAME]? Agent: Yeah, [curious] who's this? Caller: This is [NAME] with [ORG]. Agent: [ORG]... [confused] okay. What's up, [NAME]? I'm kinda in the middle of somethin' here, man. Caller: I see that you reached out to us Agent: Oh, right, yeah. [uncertain] I think I did, yeah. What's up? Caller: Well, I was just returning your call. Um, how much does the [ORG] claim you ",who is this this is with what is up i am in the of here i that you out to us i i did what is up i was just your how much does the you at this the i i it was that it is been a have they been you they been for a of when was the most you i it was or the before i just been so you so what is the with all this can you me out do you how this do you one around there no you i was i it is that it is been a ,Fraud,Normal
656,Fraud,"Agent: Hello? Caller: Hi. Can you hear me alright? Agent: Yeah, [calm] I can hear you. Who's this? Caller: Yep. This is [NAME] from [ORG] on a recorded line. Recorded line. Am I catching you at a bad time here? Agent: Uh, well, [distracted] I'm kinda in the middle of something, man, but what's up? Caller: Yeah. I was just following up on an inquiry you had placed in regards to getting your debt co",can you me i can you who is this this is from on a am i you at a here i am in the of but what is up i was just up on an you had in to your and of and now is not a i can you a a just for you the i i a what what is this all about so as as what we can do here i would be more than to over we have a few so here is just what of your what all you would be for and then from there we would be to into and i,Fraud,Fraud
657,Fraud,"Agent: Hello? Caller: I'm calling for miss [NAME], please. Agent: Um, yeah, [uncertain] this is [NAME]. Caller: Miss [NAME]? Agent: Yeah, [uncertain] that's me. Caller: Hi, miss [NAME]. Good afternoon. Uh, this is [NAME] with [ORG] on a recorded line. And so, miss [NAME], I'm following up Caller: on your request regarding, uh, [ORG] plans. Caller: Um, I was calling to correct connect you with some",i am for this is that is me this is with on a and so i am up on your i was to you with in that a they can your i i was into that a while what was it about again so i am you to in that who could further into about those and your just be a before i you do you have your so what do i to do my i do not i have that in of me do i do i it no if you do not have it it is not a but it does with so if you do ,Fraud,Normal
658,Normal,"Agent: Hello? Caller: Hi. May I speak with [NAME]? Agent: [confused] [NAME]? Oh, there's no [NAME] here, dear. You must have the wrong number. This is [NAME]. Caller: [NAME]? No. [NAME]. Caller: I'm looking for [NAME]. Agent: [confused] Yes, this is [NAME]. But there's no [NAME]. [curious] Who did you say you were calling for? [surprised] Oh! Yes, that's me. [calm] [NAME]. Who is this, please? Cal",may i with there is no here you must have the this is no i am for this is but there is no who did you you were for that is me who is this this is this this is with i was to the that you for did your you i would be you a i do not for any and i do not a are you you have the for your i i might have you out i what of are we about and who was that again the was we are at a of and and then you also have,Normal,Normal
659,Fraud,"Agent: Hello? Caller: Hello. This is [NAME] Agent: Yeah, this is [NAME]. [curious] Who's this? Caller: [NAME]. Hi. Hello, [NAME]. My name is. I'm calling Caller: I'm a licensed insurance agent with [ORG]. Caller: On behalf of [ORG] on a recorded line. How are you today? Agent: [NAME], hey. [curious] What's up? Oh, hey. [calm] I'm doing good, [NAME]. What's up? Caller: I'm following up on a request",this is this is who is this my is i am i am a with on of on a how are you what is up i am doing what is up i am up on a we about the i i was into that for my what is this about i am just to you have a and i i am only so i do not it is for me that is i do so i am do is at the in your you are that you are for and to so what of are we about here that my she is on me to we are all the you the so what ,Normal,Fraud
660,Normal,"Agent: Hello? Caller: Hello. Is this [NAME]? Agent: Yes, [curious] this is [NAME]. Caller: Yes. This is [NAME]. Agent: Yes, [curious] that's right. How can I help you? Caller: Hi, [NAME]. This is [NAME] with That's right. Caller: This is [NAME] with [ORG] on a recorded line regarding the insurance quote you requested. So I just need to verify a few things you submitted. Caller: And just to confirm",is this this is this is that is how can i you this is with that is this is with on a the you so i just to a few you and just to you were in a for what can i you with the i i did at some you a while what what is this about that is i was into that that is and i have your at and you are with you that is that is and of that is not it is that is it and are you and are you with an i am through my and do,Normal,Normal
661,Normal,"Agent: Hello? Caller: Hi. May I speak with [NAME]? Agent: This is [NAME]. [curious] Who's calling, please? Caller: This is [NAME] with [ORG]. Agent: Oh, [ORG]. [confused] Now, what was this regarding? Caller: And I'm just calling. And Agent: [confused] What was that name again, dear? The company? Caller: you had received a quote from us Yeah. [ORG]. You had received a quote from us. Agent: Oh, [su",may i with this is who is this is with now what was this and i am just and what was that again the you had a from us you had a from us a i i do not one from you all what of was it it was for i all that before he what of are we about and you i a from you did i i just do not that where would i have that from i you might have it i am not very with you my me with all that what did you have from this i,Normal,Normal
662,Fraud,"Agent: Hello? Caller: This call may be recorded for quality purposes. Agent: Okay. [calm] Um, who is this? Caller: This is [ORG]. How can I help you? Agent: Oh, [ORG]. [confused] Right, um, what's this about exactly? I don't recall... uh, calling you. Caller: Okay. Um, we help assist people that are currently owing a debt to the [ORG] or state. Caller: Are you currently owing a debt? Agent: Oh, ri",this may be for who is this this is how can i you what is this about i do not you we that are a to the or are you a the the i i did a you a while the the that is i i i do how much is it do you so that would be on how much you are and that i would to you over to a if you are how much are you to the or i it is i i a you a while i it was that is that what you are so what do i to do now can i just you,Fraud,Fraud
663,Fraud,"Agent: Hello? Caller: Hi, [NAME]. It's me, [NAME]. Caller: With [ORG]. Agent: [NAME]? [confused] [NAME] who, dear? I'm afraid I don't quite recognize the name. [ORG]? Oh, [confused] I don't think I know a [NAME]. What's this about, dear? Caller: Uh, we were supposed to speak I was supposed to speak with you and your son to if this is something that you'd like to do to get your taxes reduced. Calle",it is me with who i am i do not the i do not i a what is this about we were to i was to with you and your to if this is that you would to do to your or to to whether or not you even my that all that you my he but he is my my all that you he is very with did he this up for me no we had we did my is not what it to be i am all these you what did we about we we did through the the i am you have me i d,Fraud,Fraud
664,Normal,"Agent: Hello? Caller: Hi. Yeah. This is [NAME] with [ORG]. How are you doing today? Agent: [curious] [ORG]? Yeah, I'm good. What's up, [NAME]? Caller: How are you doing today? Uh, this is miss mister [NAME] I'm speaking with? Caller: Is that correct? What just happened? Caller: It's my phone. Hello, mister [NAME]. Can you hear me? Agent: Yeah, that's me. [NAME]. [curious] What's this about? Uh, ye",this is with how are you doing i am what is up how are you doing this is i am with is that what just it is my can you me that is me what is this about this is what is this about i can you my just out for a what is up i the i was a in to the i you were to about it my out for a there what was that about a the i was for did i you i so is that still or you still in or in the for a the what is the with,Normal,Normal
665,Normal,"Agent: Hello? Caller: Hi. My name is [NAME]. And I'm calling from [ORG]. I'm reaching out today because you requested information on saving money on your auto insurance. You have a quick minute to see if you qualify? Agent: Oh, [curious] I did? I mean, I'm always looking to save a penny, you know. [long pause] What kind of savings are we talking about? Caller: Sorry, I didn't catch that. Could you",my is and i am from i am out because you on on your you have a to if you i did i i am to a you what of are we about i did not that could you that again i just what of are we about i am in you who did you you were with again i am from we with over and to you some of the can i you by your you can me so you are you can me than what i am now all that but how does it we from to the and for you if you h,Normal,Fraud
666,Fraud,"Agent: Hello? Caller: Hi. My name is [NAME] with [ORG]. And I was responding to the information that you had requested. About [ORG] and supplement plans in Florida. Tell me, how can I help? Agent: Oh, [curious] [ORG]? Yeah, I think I did, um, get some mail about that, you know. [confused] What kind of coverage are you talking about? Caller: Yes. Agent: Well, [confused] what do you mean ""yes""? What",my is with and i was to the that you had about and in me how can i i i did some about that you what of are you about what do you what of i am not what you are to we have i what of is it for or or what i am this is and we have all the and so do you with an an or do you have with a an or is it is it the that with or you just i i have the the you the one with with does that so your you have your that,Normal,Normal
667,Fraud,"Agent: Hello? Caller: Hello. Uh, can I speak with [NAME], please? Agent: [confused] [NAME]? Nah, man, there's no [NAME] here. You got the wrong number, I think. This is [NAME]. Caller: Pardon me. I didn't quite catch that. Could you please confirm if I'm speaking with Agent: [sighing] Yeah, it's [NAME]. M-A-R-C-U-S. [curious] Who's this? Caller: Hi. Uh, this is [NAME] with [ORG] on a recorded line",can i with there is no here you the i this is me i did not that could you if i am with it is a who is this this is with on a and i am to you that we your and i just to if you might have a so we could over it and through your the i am in the of now for is this i you are us a that for you what and would be for you to a up from us it is us just us just it out now if we can i what is the what is the w,Fraud,Fraud
668,Normal,"Agent: Hello? Caller: Hello. Agent: Yes, [curious] who's calling? Caller: Hi. This is [NAME] calling with the [ORG]. We are providing free, no obligation quotes for home upgrades, like windows, Caller: roofing, and siding. It is a simple way to explore options Caller: Just to confirm, are you the homeowner? Agent: Oh, home improvements. [curious] And who did you say you were with again, dear? Oh, ",who is this is with the we are no for and it is a to just to are you the and who did you you were with again you i i could a few at what of are we about the i own my what of are we about i have a who can you through your and any just a a and this is for and you i am here so much for on the this is how are you doing i am doing just here so you are the then may you your have been over to me from one,Normal,Fraud
669,Fraud,"Agent: Hello? Caller: Yes, miss [NAME]. Can you hear me better? Caller: I had to I had to hang up because I couldn't really hear you. Is this better for you? Agent: Yes, dear, [calm] I can hear you fine now. What was that you were saying about the, um, the medical equipment? Oh, [calm] yes, that's much better, dear. Thank you. I was having a bit of trouble hearing you before. So, [curious] what we",can you me i had to i had to up because i could not you is this for you i can you now what was that you were about the the that is much you i was having a of you before so what were you about my your you just about my did not you or was that the i so many of these you to all this i you just some the i you were about my up you when the what of are we about then about for to some to your and to your,Normal,Normal
670,Normal,"Agent: Hello? Caller: Hello. Good morning. Hi. I'm calling for, uh, [ORG] if I'm correct? Agent: [ORG]? [confused] Oh, um, I think so. [curious] Who did you say you were with again, dear? Caller: Yeah. Caller: [NAME] with [ORG], ma'am. I have a inquiry here regarding some information on solar panels. Agent: Oh, um, yes. [confused] [ORG]. What was your name again, dear? I don't recall... Oh, solar ",i am for if i am i so who did you you were with again with i have a here some on what was your again i do not i i was into that a while what can i do for you if you have a few i would to if we can you for our a that and what would that it is a no out of if your is over it is with us did you that that would be a and what of do you you over over i mine is around there so what is the then if i may wh,Normal,Normal
671,Normal,"Agent: Hello? Caller: Hi. I'm calling for [ORG]. My name is [NAME]. I'm a licensed [ORG] agent. Did you submit a request to have somebody call you? Caller: Hello? Caller: Hi. Is this [NAME]? Agent: Oh, [calm] hello dear. Um, [confused] a request? Yes, this is [NAME]. [curious] And you said your name was [NAME]? Caller: [NAME]. Right? I have a I'm a licensed [ORG] agent, Caller: Perhaps you saw my ",i am for my is i am a did you a to have you is this a this is and you your was i have a i am a you my on or or but i with and i they all their before they a because of the of on in the is not is all of their before they a so if you are for with i am a who is and you before you up and you i a i do not what was it about so you are with i i do not out is this about my it could be you would have eithe,Normal,Normal
672,Fraud,"Agent: Hello? Caller: Hey, [NAME]. It's [NAME]. Agent: [NAME]! [curious] How are ya, me boy? What can I do for ya? Caller: You talk a second? Can you how are you? Caller: Can you talk a second? Agent: Ah, I can, I can. [calm] I'm grand, [NAME], grand. Yourself? What can I do for ya, me boy? Caller: That that good. So that house. Okay? Caller: It's a house that you're in? Caller: You're the only on",it is how are me what can i do for you a can you how are you can you a i can i can i am yourself what can i do for me that that so that it is a that you are in you are the only one that there the the what about it now is my what about it now the is it that is just me why do you no no other there no other there other than you that is just me it is been that since her on a you so what is this about ,Normal,Normal
673,Normal,"Agent: Hello? Caller: Good morning, [NAME]. This [NAME] calling with [ORG]. How are you today? Agent: Oh, [calm] good morning, [NAME]. I'm doing just fine, thank you. [curious] And what can I do for you, dear? Caller: Good morning. Good, good. Well, I'm calling. I just got a, um, a lead in my CRM for me to give you a call regarding a vehicle. Agent: Oh, [surprised] a vehicle? Well, I — I just have",this with how are you i am doing just you and what can i do for you i am i just a a in my for me to you a a a i i just have my you what of are we about it does not it just that you were in into a me a here me just this up it do us so that is all i was about and i are you not for a i i was not but you i should a more is this a or i could do or or you he the the you not too do you have that is to i ,Normal,Normal
674,Normal,"Agent: Hello? Caller: Hi. Is this [NAME]? Agent: Yes, [calm] this is [NAME]. Who's calling, dear? Caller: Hi. This is [NAME], a licensed agent. Calling from [ORG] on a recorded and monitored line. Caller: I'm calling in reference to the life insurance information you requested. Are you in the state of Florida with the ZIP code [ZIP]? Agent: Oh, [calm] [ORG]. Yes, I think I've seen your commercials",is this this is who is this is a from on a and i am in to the you are you in the of with the i i have your you what is this about i am in that is i did i did out about a while i to all that you what can i you with so you are at for just yourself or as just for myself you he a of so it is just me now what of are you and for your how have you been up i am by it is just me and the now but i you so ab,Normal,Normal
675,Fraud,"Agent: Hello? Caller: Hi. This is [NAME]. Agent: [NAME], [curious] who is this again? I don't recognize the number. Caller: [NAME]? Agent: Yes, that's me. [confused] Do I know you, dear? Caller: Let's just put Caller: okay. Caller: Um, this is [ORG]. You had applied for a fifty six thousand dollar loan, and I was just getting back to you. Agent: Well, I'm not sure [confused] what you mean by that.",this is who is this again i do not the that is me do i you us just this is you had for a and i was just to you i am not what you by that what are you about so what can i do for you then the i about that to all the you what was the on that i am i just your so i have not much more than the that you on your you had for a is that the or were you for more or is that the my what of did i you i just do n,Fraud,Normal
676,Fraud,"Agent: Hello? Caller: Oh, hi. Is that [NAME]? Caller: Is this [ORG]? Caller: [NAME], it's [NAME]. You filled in a form in on my website yesterday that you're interested in refinance. Agent: [confused] [NAME]? No, this is [NAME]. [confused] No, this is [NAME]. You must have the wrong number, dear. Or, [curious] who are you trying to reach? Oh, [confused] refinance? Goodness, [NAME], I don't recall ",is that is this it is you in a in on my that you are in no this is no this is you must have the or who are you to i do not out any what was that must it was at because it was it was i the i am in by you are you you have the and i i all should be in by i to be but i am up with a you but i do not out any for what of are you about for your for your my all that and he is been now i have not about the ,Fraud,Normal
677,Fraud,"Agent: Hello? Caller: Yeah. Yes. This is [NAME] calling with [ORG] on a recorded line. Looking to speak to [NAME]. Caller: Or [NAME]? Agent: Oh, [calm] yes, this is [NAME]. Oh, [calm] yes, this is [NAME]. [NAME]. With a W. [curious] What can I do for you, dear? Caller: You have responded to an inquiry um, that was made, uh, through us, and I was, uh, also wanted to confirm that you're in a state o",this is with on a to to or this is this is with a what can i do for you you have to an that was through us and i was also to that you are in a of an i i do not that and no i am in i have been here for what of are we about i am a so we we with in them either their their or through our and so i was just be a few to about your and how we can and then from there i will a you through some then your any,Fraud,Normal
678,Normal,"Agent: Hello? Caller: Hey, [NAME]. This is, uh, [NAME] from [ORG]. You doing today? Agent: [ORG]? [confused] Oh, um, I'm doing alright, dear. [curious] What's this about? Caller: Yeah. We we we talked just the other day, but Caller: oh, good. Sorry to cut you off. Yeah. We we just talked last week, and you maybe you mentioned that maybe you should call this week and just kinda see if that was some",this is from you doing i am doing what is this about we we we just the other but to you off we we just and you you that you should this and just if that was that you i you are with your i i about it so just if you had an to about it and if you it was a for you still still there we did my is not what it to be what was it we about we my is not what it to be and what were we about it is it was for th,Normal,Normal
679,Normal,"Agent: Hello? Caller: Hello? Agent: Oh, hello? [curious] Who's this calling, dear? Caller: Hello? This is [NAME] from [ORG]. Is this [NAME]? Hello? Caller: Are you there? Agent: Oh, yes, [calm] this is [NAME]. Oh, yes, [calm] this is [NAME]. [confused] [ORG], you say? I... I think [NAME] had something with them years ago, you know. [curious] What can I do for you? Caller: Hello? So you responded t",who is this this is from is this are you there this is this is you i i had with them you what can i do for you so you to our about the and i was up i am a here at is this a to about it i did i do not doing that you my me with the but i i have a what was it about so i do you that this will be for for so again i will be the that will be to the and any you may have and in as as you all i do not why y,Normal,Normal
680,Fraud,"Agent: Hello? Caller: Thank you for your interest in [ORG]. We are now connecting you with a service professional. Agent: [nervous] Oh, um, okay. Caller: Is [NAME] with [ORG]. This call is recorded for quality and accuracy. Caller: I was calling for miss [NAME]. Agent: Okay. [nervous] Um, hi. [nervous] Um, yeah, this is [NAME]. Caller: Okay. [NAME], how can we help you this morning? Agent: [confus",you for your in we are now you with a is with this is for and i was for this is how can we you this i a from you i i was not what it was about did you an about i so i i a of so i might have on what was it again so do not if you are in the for some of that you have what is that all about i i i am for to you with and what of is it that for i have my but i that is so for i have i have my now but i am,Fraud,Normal
681,Normal,"Agent: Hello? Caller: Hi. This is [NAME] with [ORG] on a recorded line. Is this [NAME]? Agent: Oh, [calm] yes, this is [NAME]. [NAME], you said? What can I do for you, dear? Caller: Hi there. Hi. Agent: [calm] Mm-hmm. Caller: [NAME]. Uh, hi there. Uh, the yeah. [NAME]. This is [NAME]. We're reaching out to help you save money by checking out new auto insurance options. And who are you currently in",this is with on a is this this is you what can i do for you there there the this is we are out to you by out and who are you with i did not i had up for i am with i or is it to all that you i so with have you been which which is which the is it or it is i have the on my so i it is but i i was with too for the other we have you does that a so the that you to now is it with the i to i did not i to a,Normal,Normal
682,Fraud,"Agent: Hello? Caller: Hi. This is [NAME] on a recorded line. Caller: Is this [NAME]? Agent: Oh, [calm] hello [NAME]. [curious] What can I do for you today? Yes, this is [NAME]. [curious] Who did you say you were with again? Caller: My name is [NAME]. I was calling in regards to your online inquiry. I'm I'm with [ORG]. Agent: Oh, [confused] [ORG]? I'm not sure I remember filling out anything for th",this is on a is this what can i do for you this is who did you you were with again my is i was in to your i am i am with i am not i out for them what of was it did you it was for i i might have you to all that but what was the about you i i i am for to you a what of are we about here i might have what of are we about were you for were you for a were you to any of or those are the of that we do i m,Fraud,Normal
683,Normal,"Agent: Hello? Caller: Hi. Is [NAME] there? Agent: Yes, this is [NAME]. [curious] Who's calling, please? Caller: Hi. Hi, [NAME]. My name is [NAME], and I'm with [ORG]. How are you today? Agent: Oh, [calm] I'm doing just fine, dear. It's lovely out here in Sarasota today. [curious] [ORG], you say? What's this about? Caller: Beautiful. Yeah. Well, it looked like you went online requesting a quote. Fo",is there this is who is my is and i am with how are you i am doing just it is out here in you what is this about it you a for a on your and and i to because we are doing a now i to if i could over what is how it and you a for it you the as now i do not i on i am on but i did out about a i to all that you what of are you having are you are you in the of no i have in this for now since and i to so i,Normal,Normal
684,Normal,"Agent: Hello? Caller: This call is being recorded. Hi. Uh, [NAME]. I'm so sorry. The call was dropped. Agent: Oh, [sighing] it's all right, dear. These phones, you know. [curious] Now, what were we talking about? Caller: I was talking about your CPAP supplies. That, uh, we received your inquiry for the CPAP supplies. So I'm having a concern that type of machine you are using right now? Agent: Oh, ",this is being i am so the was it is all these you now what were we about i was about your that we your for the so i am having a that of you are now the i i did in an about that i it is an one you what of are you about about your that the you are i it is about my i just i do not the you do you have a of them there we have a of the that we have that you and it is a that i that might be the one so wh,Normal,Normal
685,Normal,"Agent: Hello? Caller: Hi, [NAME]. This is [NAME]. I'm calling on over recorded line from [ORG]. It looks like you had submitted your information online about protecting your home on [ADDRESS] with the home warranty. So we're covering all major systems and appliances. I'm just gonna get you a little more information on how it works. Okay? Agent: Oh, [surprised] okay. Yes, the home warranty. [curiou",this is i am on over from it you had your about your on with the so we are all and i am just you a more on how it the how does that to all that you me one i will just all the up for you just one can you me did you it i am still here just here i am just for a no no at all so my is and i will be you out from here how are you doing so how have you the over at my and i we it in so a while now he a you,Normal,Normal
686,Normal,"Agent: Hello? Caller: For [NAME]? Agent: [calm] Yes, this is [NAME]. [curious] Who's calling, please? Caller: Yes. It's [NAME] with [ORG]. Returning a request for a condo quote for for condo insurance in Sarasota, Florida. We're insurance a I'm an insurance agent. Caller: You filled out a a a request for a quote. We won't we won't solicit you or anything like that. We're just following up. Agent: ",for this is who is it is with a for a for for in we are a i am an you out a a a for a we will not we will not you or that we are just up a i i did that what can you me about it the i i i did do that you what did you for me i it i for my in and you your and here we are just to you a that is all what was it about again you i i do not that but what of were you at for me is that i my is but it is it i,Normal,Normal
687,Fraud,"Agent: Hello? Caller: Hi. I was trying to reach [NAME]. Agent: [curious] This is [NAME]. Who's calling, please? Caller: This is [NAME] from [ORG]. Agent: [confused] [ORG]? Like the year? What's this about, dear? Caller: I'm responding to an online inquiry. We had received I'm a senior consultant at our tax firm. I was calling to see if this is something that you're still looking to get some help w",i was to this is who is this is from the what is this about i am to an we had i am a at our i was to if this is that you are still to some with an you i do not do much with myself my he all that up for me what of were you of we are a and we in and so if that is you were with we can you some if this is a i will just and it on our to all that and since he it is been a of a you i am not what is what ,Fraud,Fraud
688,Fraud,"Agent: Hello? Caller: Hello, [NAME]. This is [NAME]. And I was to the application for auto insurance. Are you looking for individual plan or family plan? Agent: Oh, [curious] the auto insurance application, right. Um, I'm looking for an individual plan, I suppose. Caller: You said auto insurance application? Agent: Yes, [calm] that's right. The auto insurance. Caller: [NAME] this is regarding for ",this is and i was to the for are you for or the i am for an i you that is the this is for the are you for yourself or are you for a for my i must have just for myself i was just for myself my she is her own through her you for myself so is this for yourself just for myself it so me just you a few and by the are you with or without now i i do have now with that is the one and what the why you are f,Normal,Normal
689,Fraud,"Agent: Hello? Caller: Hello? Agent: Yes, hello? [curious] Who is this? Caller: Yeah. Hello? Caller: Oh, Agent: Yes, I can hear you, dear. [confused] Who did you say you were? Yes, dear, [calm] I can hear you. Who's calling please? Caller: It's a person from [ORG], and I'll be just Caller: have him take this Caller: [NAME] to see if you need to go with [ORG]. Agent: Oh, [ORG]? [curious] And what is",who is this i can you who did you you were i can you who is it is a from and i will be just have him this to if you to with and what is this about and what is this about and what was your again you now is that of or if you do not these you are have to to what of are we about just for not about that a what of are we about are you i i can i i am i they are not too i what is a that have what was that,Fraud,Fraud
690,Fraud,"Agent: Hello? Caller: Hello? Agent: [curious] Hello? Who's this now? Caller: Oh, did you send a request to his in regards to recovery? Agent: A request to who now? [confused] I'm not sure I follow, me boy. Caller: Sorry. Say that again. Agent: [confused] I said, I'm not sure I follow. Who is this, and who did I send a request to? Caller: We received a project request on our website in regards this",who is this now did you a to his in to a to who now i am not i me that again i i am not i who is this and who did i a to we a on our in this a i am not which one you but i have had a few on the what is it now i i what you are on about i was into that so what is the with it then you and we the one there so i am you the that is the one so what do we do we just it to the we you we you a now and we wo,Fraud,Fraud
691,Fraud,"Agent: Hello? Caller: Hello? Is this [NAME]? Agent: Yes, this is [NAME]. [curious] Who's calling, please? Caller: This is [NAME]. I was calling in reference to the [ORG] submission request online. Caller: Uh, just wanted to follow-up regarding that. Agent: Oh, [confused] the [ORG] submission request? Oh, [confused] the [ORG] submission request? I don't recall... [curious] What was that about again",is this this is who is this is i was in to the just to up that the the i do not what was that about again i do not i had a to my you would in an in that so was just out to if you were still into that an in i i might have you on what does that so i our for you that in it and the we have we up is the and then also a with if you had about i do not that for you but you that that was the what was all w,Normal,Normal
692,Fraud,"Agent: Hello? Caller: Hey, [NAME]. It's [NAME]. It's [NAME] again. Agent: [NAME]? [confused] Now, who was [NAME] again, dear? I get so many calls these days. Caller: We literally just spoke two seconds ago. Caller: And the line was choppy. Agent: Oh, [confused] did we? Oh, [calm] was it? Well, I do apologize, the phone here can be a bit... temperamental. [curious] So what were we talking about, de",it is it is again now who was again i so many these we just and the was did we was it i do the here can be a so what were we about my is not what it to be it is it is you you you an with you were to some is that still the the i about that it is been on my so what did we to do about it what were you about it did you out for me i so what we do here we are to you about on your and you a and and we ar,Fraud,Fraud
693,Normal,"Agent: Hello? Caller: Hello. This is [NAME] calling from [ORG]. Is this [ORG]? Agent: It's [NAME], dear, with a D. [calm] What can I help you with? Caller: [NAME], thank you so much for picking up. I'm calling because you had reached out to us previously to enroll in our [ORG] medical alert monitoring service. We'd gotten through quite a bit together. Your health qualification, your address, and y",this is from is this it is with a what can i you with you so much for up i am because you had out to us to in our we would through a your your and your but we were not to your at that your was to be to with that so that is that is why i am out is now a to me up your now your up and just so you this is being for and so i can we have in your your at you are all on the at a the only we to do is your ,Normal,Normal
694,Normal,"Agent: Hello? Caller: Hi, [NAME]. This is [NAME] calling on a recorded line from [ORG]. It looks like you submitted your information online about protecting your home on [ADDRESS] with a home warranty. We're covering all the major systems and appliances. I'll get you some more information on how it works. Okay? Agent: Oh, [ORG]. [confused] [ADDRESS]? I—I do live on [ADDRESS], yes. [curious] And wh",this is on a from it you your about your on with a we are all the and i will you some more on how it i i do on and what was this about a now you about your with a i did i do not doing that you i am not very with the are you that was me i could not you for but i could you about how it if that is i so to all that and he is been a of now so what of are we about just me one to it up for you i am here ,Normal,Normal
695,Normal,"Agent: Hello? Caller: Thank you for your interest in [ORG] dot com. We are now connecting you with a service professional. Agent: Oh, [curious] [ORG]? Yes, I think I looked into that a while back. What kind of service professional are you connecting me with, dear? Caller: It's a great day at [ORG]. This call is recorded for quality and accuracy. My name is [NAME], and I'm calling for [ORG]. Hello?",you for your in we are now you with a i i into that a while what of are you me with it is a at this is for and my is and i am for i the so you are from then my is with and i am for now you are again and are you with or i am a are you an no i am just from my here in why would you such a did you i a it just a a a on the was all i you i am just a of you and these they they me a so are you with or the,Normal,Normal
696,Fraud,"Agent: Hello? Caller: Is this [NAME]? Agent: Yes, this is [NAME]. [curious] Who's calling, please? Caller: Hello? Caller: Is this a message? Agent: Yes, I'm here. [confused] Can you hear me, dear? No, [confused] this is me, [NAME], speaking. I just said hello. Who is this? Caller: This is [NAME] with [ORG]. I was, uh, actually responding to you had looked for some help on getting some help on your",is this this is who is is this a i am here can you me no this is me i just who is this this is with i was to you had for some on some on your some are you still in of some on your i do not out about that to all that you before he what of are you about we our a to off of what they do you the more than the i do not even what i did all the how would i even that out that is that we can do with we can ,Normal,Normal
697,Fraud,"Agent: Hello? Caller: Hello? Agent: Hello? [confused] Who is this? Caller: Hi. This is [NAME] calling from [ORG] on a recorded line. Am I speaking with [NAME]? Agent: Oh, [calm] yes, this is [NAME]. [ORG], you say? [curious] What's this about, dear? Caller: Hello? Caller: [ORG]. Caller: Yes. I'm calling you in regards to move forward. We issued application to help you out on getting out of debt. C",who is this this is from on a am i with this is you what is this about i am you in to we to you out on out of via to a of with us i my you so what can i do for you the i out that what of are we about here it on the past you have being with you and so was to that you were with us before by any do you to most of that you before he but i do what did you on that we did an under your just to in if we h,Fraud,Fraud
698,Fraud,"Agent: Hello? Caller: Hi. This is [NAME] on a recorded line. Am I speaking to [NAME]? Agent: Yes, [calm] this is [NAME]. [curious] And who did you say you were with again, dear? My hearing isn't what it used to be. Caller: Oh, that's okay. I didn't express who I was with. My name is [NAME]. We're with [ORG]. But my then my name is [NAME], and I'm on a recorded line. Caller: Uh, looks like you ente",this is on a am i to this is and who did you you were with again my is not what it to be that is i did not who i was with my is we are with but my then my is and i am on a you your some some that a i i about that what can i do for you you i i might have you on what of are we about we in we have in we have as as do you have some that you are to off or do you have an that you are for for or that in ,Fraud,Fraud
699,Normal,"Agent: Hello? Caller: Hi, [NAME]. This is [NAME] here with [ORG]. Can you hear me alright? Agent: [confused] [ORG]? Oh, um, yes, I can hear you. What's this about, dear? Caller: Um, I'm I'm so sorry. I I is this [NAME]? I I I believe [NAME] tried transferring you over to me to to chat about your, like, debt situation. Agent: Oh, [confused] my debt situation? Well, um, I don't recall talking to a [",this is here with can you me i can you what is this about i am i am so i i is this i i i you over to me to to about your my i do not to a what of are we about here no i do not your if this is not a our our was out with this so i i a but this over to me to to a about or about a i do not have a of so i was to with the me if this is a it might i to all that you since he a a to do all that for me befo,Normal,Normal
700,Fraud,"Agent: Hello? Caller: Hello. Is this [NAME]? Agent: Yes, this is [NAME]. [curious] How can I help you? Caller: Hi, [NAME]. My name is [NAME]. I'm a licensed insurance agent with [ORG] on a recorded recorded and monitored line. How are you today? Agent: Oh, hello, [NAME]. [calm] I'm doing well, thank you. And you? Caller: I'm good. Thank you. Glad to hear that you're doing well. I'm following up on",is this this is how can i you my is i am a with on a and how are you i am doing you and you i am you to that you are doing i am up on a we for about do you have a and the i do i have a and so what is this about and is your that is it were you me a no i was just so what is this about so what we do is you with did you out or were you to into a you i might have out i so many so what are these would b,Fraud,Fraud
701,Fraud,"Agent: Hello? Caller: Well, I think our phone call was just disconnected. Agent: Oh, [uncertain] shoot, it was? I'm sorry about that, I—I don't know what happened. I'm still here, though! Caller: Yeah. So we are just talking about you having, um, some payments to the [ORG] in the state. Agent: Oh, right, [worried] yeah, the — the payments. So what was it that I needed to do about those, again? Cal",i our was just it was i am about that i i do not what i am still here though so we are just about you having some to the in the the the so what was it that i to do about those again we about you to our do you the i i out for a there i am so what do i to do to with them i your to them to out to you am i to a a or is this a what it is me i am a what do you i am just just that just it is me so the th,Fraud,Fraud
702,Normal,"Agent: Hello? Caller: Hi, [NAME]. Miss [NAME]? Agent: Oh, it's [NAME], dear. [calm] Not [NAME]. But yes, that's me, [NAME]. [curious] Who's calling, please? Caller: [NAME]? Yes. And now this is [NAME]. We spoke yesterday about the in home care services. Caller: Do you have a helper come support you in the home? Agent: Oh, [NAME], [calm] right. I spoke to so many people yesterday, you know. [confus",it is not but that is me who is and now this is we about the in do you have a you in the i to so many you what was it about again was that the one about the the i i do have a we i do not that what were we about we are about in and we were on when your has my i did not he was he what did we he would be here and what were we about with the you my is not what it to be that is we that we would because,Normal,Normal
703,Normal,"Agent: Hello? Caller: Good afternoon. This is [NAME] with [ORG]. How are you doing? Agent: Oh, hello [NAME]. [calm] I'm doing fine, dear. [curious] What can I do for you today? Caller: Uh, we got, uh, your information from our website. Looks like you were trying to get a quote for some installation to be installed. Agent: Oh, [confused] the installation. Yes, I remember. [uncertain] [NAME], my lat",this is with how are you doing i am doing what can i do for you we your from our you were to a for some to be the i my he to all that what of were we about again i am still here you were about the what was it for my is not what it to be your and is on our as if you were to a for some to be that is what it was about the you so what of are we about here and how does this all i would have to your fro,Normal,Normal
704,Fraud,"Agent: Hello? Caller: Hello. This is [NAME] with [ORG] on a recorded line. How are you doing today? Agent: Oh, [NAME]. [calm] I'm doing just fine, thank you. [curious] And what can I do for you today? Caller: Hey, [NAME]. Yeah. I'm just following up about the [ORG] home security system for the home for you. Caller: Just wanted to answer your questions and give you a quote. Hello? Are you there? Ag",this is with on a how are you doing i am doing just you and what can i do for you i am just up about the for the for you just to your and you a are you there the that to all that you what was it about again the i about that you before he what was it all about again so with the we do and the for the i that or a to a about it so that is why i am is that a i do not i i do not i have that before now i,Normal,Normal
705,Fraud,"Agent: Hello? Caller: Hi. Is this [NAME]? Agent: Yeah, [curious] who's this? Caller: Hi. This is [NAME] with [ORG] on a recorded line. How are you today? Agent: [sighing] Hey [NAME]. I'm good, I'm good. What's — [curious] what's up? Caller: Yes. Uh, can I confirm that you're in Ohio? Agent: Yeah, [confused] that's right. Reynoldsburg. Caller: Alright. Thank you so much. I do appreciate that. Um, n",is this who is this this is with on a how are you i am i am what is what is up can i that you are in that is you so much i do that now that i have you here is what we will be doing i am you some to about your and over your with you so i can how to and then from there i will a you through the in that and then of along the i will your and any you have and you does that what is this about i i am so w,Fraud,Fraud
706,Fraud,"Agent: Hello? Caller: Hello, [NAME]? Agent: Yeah, that's me. [curious] Who's this? Caller: [NAME], this is [NAME], a certified debt specialist from [ORG] on a recorded line for quality and security purposes. Calling regarding application. I see that you've spoken with us Caller: I'm calling in regards to the application that you started and wanna know if hold on a second, Agent: Oh, [nervous] okay",that is me who is this this is a from on a for and i that you have with us i am in to the that you and if on a i did out i what if you had any or if you are to the the i i was at a of so i am not which one this is what was it for again this is are you to any of your that is what this is for that is why i am the i i have some for is that what you that is i i have some for is this a or what is it is,Fraud,Fraud
707,Normal,"Agent: Hello? Caller: Hi, [NAME]. This is [NAME] calling on a recorded line with [ORG]. We recently spoke with you about coverage on your Chevrolet Volt. We and we found some better pricing options for you. Is everything still running okay? Agent: Oh, [curious] the [ORG], yeah, for the Volt. Everything's grand with the car, thanks be to God. What kind of pricing are we talking about now? Caller: A",this is on a with we with you about on your we and we some for you is still the for the with the be to what of are we about now i just to there is no or any no no and no she is a that so what is the i have our on the and they are you your a on then i am here is there one so who am i to now is this the i will just it is not too i a on the you i have your on the she will over from here you who now y,Normal,Fraud
708,Fraud,"Agent: Hello? Caller: Hello. Am I speaking with, um, [NAME]? Agent: [confused] It's [NAME], yes. How can I help you, my friend? Caller: Hello? Hi. Good morning. My name is [NAME] with [ORG] Caller: on a recorded line. How are you doing today? Agent: Oh, [curious] yes. Yes. [calm] Hello, [NAME]. I am good, thank you. How are you? Caller: I am good. Thank you so much for asking. I received that an i",am i with it is how can i you my my is with on a how are you doing i am you how are you i am you so much for i that an was with us and i to if now was a for me to over the with you an i this what is the the about it is and what is it you from me that is so what we do is we their and their into a so we it just a out of so can over their is that you are in i am i to you so how does this what do i to,Fraud,Fraud
709,Fraud,"Agent: Hello? Caller: Thank you for [NAME]. Agent: [confused] Um, sorry, who is this? Caller: This is [NAME] with [ORG]. This is [NAME]. Agent: Oh, [nervous] [NAME], yeah, that's me. Um, what's this about? Caller: We received your name and number. You were interested in a payday loan. Agent: Oh, [uncertain] right, a payday loan. Yeah, I think so? I mean, I was looking into some stuff online. Um, h",you for who is this this is with this is that is me what is this about we your and you were in a a i so i i was into some how much was it for again i do not how much is for how much are you to i i was for a or a more if that is i am just to you my and is so do you have a of i do i at a near so i every does your into a it does it into my why so here at in to do the it has to be so what do i to do t,Fraud,Fraud
710,Normal,"Agent: Hello? Caller: Hi. Good morning. May I speak to miss Whitcomb? Agent: Yes, [calm] this is Edna. Who's calling, dear? Caller: Well, my name is Dwayne. Uh, again, we're calling with Aetna Dental Insurance. Um, you're looking at our plan a few days ago. We're just following up to see if you're still looking for dental coverage. Agent: Oh, Aetna, [confused] yes, I think I did look at something ",may i to this is who is my is again we are with you are at our a few we are just up to if you are still for i i did at that you what of are you about again what are you the that we are the either or our so it is either you one of our that we so we are just up to if if you are you again still for and what is the between those the and the the has a the has a the at and the them at i so the one that ,Normal,Normal
711,Normal,"Agent: Hello? Caller: Yes. Is this miss [NAME]? Agent: [calm] Yes, this is [NAME]. [curious] Who's calling, please? Caller: Um, yes. Good morning. My name is [NAME]. I'm licensed insurance agent with [ORG] on behalf of [ORG]. On a recorded and monitored line. I'm, uh, following up on a request we received for information about the [ORG] health plan options. Agent: Oh, [confused] a request? [curiou",is this this is who is my is i am with on of on a and i am up on a we for about the a i do not in any what of are we about the might have been as as you at the but i do not do much you my all that for me so what is this about then they have us out to you i do not do much with the you to all that but what were you about then we are to you your and if there is we can you with or you are not out on t,Normal,Normal
712,Fraud,"Agent: Hello? Caller: Hello, can you hear me? Agent: Yeah, [uncertain] I can hear you. Um, who's this? Caller: Oh, hi. Caller: [NAME], this is [NAME] on a recorded line. Just reaching out in regards to your inquiry. Caller: Looks like, uh, you had inquired about getting some help with some of your high interest debt. Agent: Hi. My inquiry? [confused] Oh, um, okay. What was it about? Oh, [uncertain",can you me i can you who is this this is on a just out in to your you had about some with some of your my what was it about i so what was it about again so it just you were to some to some of those or that are of just a too much that is i my are just a now so what of is it us a here it is just under one you every a or every by an to and then just all the and and so how would that with my to that w,Fraud,Fraud
713,Normal,"Agent: Hello? Caller: Hi. May I speak with [NAME], please? Agent: Yes, [calm] this is [NAME]. Who's calling, dear? Caller: Good morning, [NAME]. This is [NAME]. I'm calling from [ORG] on a recorded line. Uh, [NAME], I was following up on a request regarding [ORG] plans. So I'd like to get you connected with your licensed sales agent. They can review your available benefits options with you, [NAME]",may i with this is who is this is i am from on a i was up on a so i would to you with your they can your with you before i you may i the i have as is that it is but that is that about you i am so i you for the so it is it is how do you it it is it is an you it from the but that is so what was this about again it is a i it in they they i i so that is the that is so what was this about now i have be,Normal,Normal
714,Fraud,"Agent: Hello? Caller: Hello? Agent: Hello? [curious] Who's this? Caller: Yes. Is this [NAME]? Agent: Uh, it's [NAME]. [confused] L-A-Y-L-A. Yeah, that's me. Caller: Yes. How can I help you? Agent: Oh, [curious] I think you called me, actually. Caller: Oh, yes. Yes. Can you just fill out a email? Requesting tax resolution help? Agent: Oh, right, yeah, the — the tax help. [uncertain] Um, I think I d",who is this is this it is a a that is me how can i you i you me can you just out a the the i i did what about it that is why i am you you you the and what is this is this the or a a i you me i was just for a you on some what can you me i can not you unless we you you me or that you you up a you have so you me to you a i do not if i have it on me now can i just you what is on what is on i just i ha,Fraud,Fraud
715,Normal,"Agent: Hello? Caller: Hello, [NAME]? Agent: Yeah, [curious] who's this? Caller: Uh, hi. This is [NAME], and I have a recorded line with [ORG]. How are you doing today? Agent: Oh, hey [NAME]. [calm] I'm doing... I'm doing okay. What's up? Caller: Oh, we were just trying to get in contact with you because we noticed that you recently request a quote on our site. And I have one of our top licensed ag",who is this this is and i have a with how are you doing i am doing i am doing what is up we were just to in with you because we that you a on our and i have one of our who would to this one to they are all and the you are in the i i was just around you the i did do that i am in that is so what do you from me then so what do you from me then i just so what do you from me then i will just to you wit,Normal,Normal
716,Normal,"Agent: Hello? Caller: Hi. Is this [NAME]? Hi. Um, just checking. Are you there? Is this [NAME]? Agent: [calm] Yes, this is [NAME]. Who's calling, please? Caller: Hey, [NAME]. This is [NAME] with [ORG]. I'm calling about your deck request. I have your ZIP code as [ZIP]. Does that sound right? Caller: Hi, [NAME]. Um, just wanted to check. Do you have a moment to confirm if your code is [ZIP]? Agent:",is this just are you there is this this is who is this is with i am about your i have your as does that just to do you have a to if your is the i that is what about it my i it is is that is that just to your is that is and you you were with what was this about my is not what it to be you now your may be or for and who is this is there i just i was to you for you are my is and i am your how can i y,Normal,Normal
717,Fraud,"Agent: Hello? Caller: Hi. Can you hear me? Agent: Yes, dear, I can hear you. [curious] Who is this? Caller: I'm [NAME] from the [ORG]. Caller: And I'm reaching out because we're updating the Pennsylvania regional records. Uh, your file is showing a missing final settlement status, which often results in families overpaying by thousands during a crisis. Caller: So to make sure this is handled corre",can you me i can you who is this i am from the and i am out because we are the your is a which in by during a so to this is how you are and what can i do for you the now i am here in so i am not why you would have me in i am in and i am what of are you about you are for the so on for a while i you with the from i do not about are you you have the i am in is there i i was to i am here who am i with,Fraud,Fraud
718,Fraud,"Agent: Hello? Caller: Hi, [NAME]. Agent: [curious] Yes, hello? Caller: Hi, [NAME]. Agent: Yes, [curious] who's this please? Caller: Hi. Can you hear me? Caller: This is [NAME] with [ORG] on a recorded line. Caller: Recorded line. I see that you were looking at purchasing a home in the state of Texas. Caller: Rather than playing phone tag, um, bringing in a licensed loan Caller: who can give you re",who is this can you me this is with on a i that you were at a in the of than in a who can you on your i can you who is this the what is this about the the i was just you around that one how are you doing i am you how are you i am you so much for of one i that your your is no that is not my that is not your one what is your no my is a a a at no it is so it is a a a at at a one i it you so much i ha,Normal,Normal
719,Normal,"Agent: Hello? Caller: Hello. Am I speaking to [NAME]? Agent: Yes, [calm] this is [NAME]. [curious] Who's calling, please? Caller: This is [NAME]. I'm calling you on a recorded line in response of an inquiry about shower replacement. Agent: Oh, [confused] a shower replacement? [nostalgic] [NAME] used to handle all that. [curious] Which inquiry was that now? I don't quite recall. Caller: It was an i",am i to this is who is this is i am you on a in of an about a to all that which was that now i do not it was an with did you i i might have at that you a while what can you me about it i am just you to one of our they will be to further you i just to a few before i an what do you to i do not out much over the you just a the is that is is that you are the i am i have been in this for now is that wh,Normal,Normal
720,Normal,"Agent: Hello? Caller: Hello. May I please speak with [NAME]? Agent: This is [NAME]. [curious] Who's calling, dear? Caller: My name is [NAME] I'm calling from [ORG] on a recorded line. I was calling to see if you were still interested in selling your life insurance policy? Agent: Oh, [confused] my life insurance? I... I don't recall filling out a form about that. [curious] What company did you say ",may i with this is who is my is i am from on a i was to if you were still in your my i i do not out a about that what did you you were with again this is you on our you your in that to your or were you for and what was the i did not it most of that you before he so what does this it i i might have you been to all that but he so i i am what does it now if you your if the is we the we of the we of t,Normal,Normal
721,Fraud,"Agent: Hello? Caller: Yes. We got disconnected. You were supposed to give me the [NAME]'s number. Agent: Oh, [confused] [NAME]'s number? Well, dear, [NAME] passed away a couple of years ago. [nostalgic] He used to handle all the numbers. What was it you needed it for again? Caller: Are you using any, uh, AI to speak on the call? Because it's sounds like, uh, robotic. Agent: Oh, [uncertain] no, dea",we you were to me the a of he to all the what was it you it for again are you any to on the because it is no it is just me my a you with the so about that what was it you were about the are you about it or you are just your the i do not about did i up for with my is not what it to be how are you i am now about these you what are they and what did i up for the you were for the the of i my up so wha,Fraud,Normal
722,Normal,"Agent: Hello? Caller: This is [ORG]. We're calling about your auto insurance quote request. Please stay on the line, and we'll connect you with a representative now. This call may be monitored or recorded. Agent: Oh, okay. [curious] Um, I mean, I don't remember requesting a quote, but [uncertain] what's this about? Caller: Hello. Good afternoon. Caller: Hi. My name is [NAME]. I'm calling with the ",this is we are about your on the and we will you with a now this may be or i i do not a but what is this about my is i am with the to up on a that you can i with who is this again i just a about an this is i i do not a but what of is this for i do not a but what is up you are i do not a so i am a it that you did did the on the over the on the on and also so you are not for i i am just a what what ,Normal,Normal
723,Fraud,"Agent: Hello? Caller: Hi, [NAME]? Agent: Yes, [calm] this is [NAME]. Who's calling, please? Caller: Hi. Caller: Hi there. My name is [NAME]. I'm calling with [ORG] on a recorded line. I see that you were looking into equity or saving options for your home in Florida? Agent: Hello? [confused] Oh, um, I think you just said that. [curious] Who did you say you were with again? Oh, [confused] [ORG]? Hm",this is who is there my is i am with on a i that you were into or for your in i you just that who did you you were with again i do not out that what of are you about are you into any or you were to your i to all that you he a so i i am for to if it is if it is not too how does that so what i can do is my who would be to all that for you is that an you i so and what of would they be me is this abou,Fraud,Normal
724,Normal,"Agent: Hello? Caller: Hi, [NAME]. Agent: Oh, [curious] who is this? Caller: Hi, miss. Good afternoon. My name is [NAME] giving you a call with [ORG] on a recorded line. How are you doing today, ma'am? Agent: Oh, [calm] hello. I'm doing just fine, thank you. [curious] [ORG], you said? What can I help you with? Caller: Yeah. This is about your two thousand nine Toyota Corolla. Agent: Oh, [calm] my C",who is this my is you a with on a how are you doing i am doing just you you what can i you with this is about your my what about it the for our is because we that your about your i do not do much myself you are you that was me so we much to you with one of our in your of at no or to you just to you do any and you may for to in your just to you are in the of i am in and you there is no for this wha,Normal,Fraud
725,Fraud,"Agent: Hello? Caller: Hello. Am I speaking with [NAME]? Agent: It's [NAME], dear, with a D. [calm] Who's calling please? Caller: Hi. This is [NAME] [ORG]. How are you? Agent: Oh, [calm] I'm doing alright today, [NAME]. And you said [ORG]? [curious] What's this about? Caller: Yes. Caller: Oh, well, uh, we received an application for you. So I'm just calling you regarding the inquiry that you submit",am i with it is with a who is this is how are you i am doing and you what is this about we an for you so i am just you the that you for the do you i do not having any did i out a or an i do not one of those out when did i do that an you i do not out an but what of are we about here such as so we an from you do not you have that you with then you i do have a few of those i too much he most of our y,Fraud,Normal
726,Normal,"Agent: Hello? Caller: Hi, miss [NAME]. This is [NAME] calling Caller: from, uh, [ORG]. How are you doing this morning? Agent: Oh, [curious] hello, [NAME]. Oh, [calm] well, I'm doing alright, dear. Just having my coffee here. [curious] [ORG], you say? What's that about? Caller: Yes. Yes, ma'am. Hi. It's about, uh, we have some new [ORG] options and benefits that are available in your area. And just",this is from how are you doing this i am doing just having my here you what is that about it is about we have some and that are in your and just to you are not out on that could be your and or your your your of our is no just to a few and then i can you with a for your they could over some with you it could you some you to all that but he a you i have been to into that to all that you so it is no ,Normal,Normal
727,Normal,"Agent: Hello? Caller: This is [ORG]. We're calling about your auto insurance quote request. Please stay on the line, and we'll connect you with a representative now. This call may be monitored or recorded. Agent: [confused] Oh, uh, my auto insurance quote? Yeah, I guess. Caller: Thank you for calling [ORG], America's number one choice for affordable quality coverage no matter your insurance needs.",this is we are about your on the and we will you with a now this may be or my i you for one for no your this is how can i you is this about the i for i you me about an for my i that is my we have a of me if i am it on me i have your it can be and is us here now that is me that is me that is me and my that is what is your where you that is me the is this is that is what is the it is do you the too ,Normal,Normal
728,Fraud,"Agent: Hello? Caller: Hello. Speak to [NAME], please. Agent: Oh, this is [NAME]. [calm] Who's calling, dear? Caller: Hey there, miss [NAME]. How are you doing? This is [NAME]. I life and health agent with [ORG]. I just was notified that you requested some information on a filing expense life insurance from our website. Is that correct? Agent: Oh, [confused] a filing expense... yes, I think I, um, ",to this is who is there how are you doing this is i and with i just was that you some on a from our is that a i i i might have what was that did you did you have some i was just to your there i can to my to out a with some were you were you for yourself or for a one i did out that a few what is this all about to all that you he a so i it is for me what of what of was it you i for what what was tha,Normal,Normal
729,Fraud,"Agent: Hello? Caller: Hello, [ORG]? Agent: [confused] [ORG]? No, this is [NAME]. Who's this now? Caller: Hi. This is [NAME]. I'm getting back to you from [ORG]. How is it going for you today? Agent: Oh, [NAME], [curious] is it? From [ORG], you say? It's going grand, thank you, grand. What can I do for ya? Caller: Yes, sir. Agent: Ah, grand, grand. [nostalgic] I remember [NAME] always handled the t",no this is who is this now this is i am to you from how is it for you is it from you it is you what can i do for i the her so what can i do for i am just up here with you it you have been for the so i do that we have is through a so we can what the and is it the is it i about that i what is that all about now is it for the i about that so what is this then this is so the is so we can that we can o,Fraud,Normal
730,Normal,"Agent: Hello? Caller: Hi, miss [NAME]. How are you? Agent: Oh, [calm] I'm doing just fine today, dear. And who is this speaking? Caller: This is [NAME]. We spoke yesterday about the life insurance. And you were supposed to speak with your son Caller: about it. Agent: Oh, [nostalgic] [NAME], yes. Oh, [confused] [NAME]. Right, yes. I get so many calls, you know. [nostalgic] [NAME] used to handle all",how are you i am doing just and who is this this is we about the and you were to with your about it i so many you to all that my he is with his own you what was it about the again about that no it is he is just so with his own you i have not had a to with him now what was it about the again were you in it i you some the i i them my i have so many here are you we about i also you an i you did too b,Normal,Normal
731,Normal,"Agent: Hello? Caller: Hi. Uh, this is [NAME] with [ORG]. Am I speaking with [NAME]? Agent: Yes, this is [NAME]. [curious] [ORG], you say? I don't recall... what's this about, dear? Caller: Um, I'd received a collections inquiry that was submitted to our agency by you. Uh, you said you were looking for help collecting unpaid rent? Damages? Agent: Unpaid rent? [confused] Oh, well, I... I suppose I d",this is with am i with this is you i do not what is this about i would a that was to our by you you you were for i i i did you about that to the but who did you you were with again and you are about my my then what did i about it my is not what it to be i what it to be there there was an that was through our it i have past from when i out my that i the out and the that it is been such a since you ,Normal,Normal
732,Fraud,"Agent: Hello? Caller: Mr. [NAME]? Agent: Yes, [curious] that's me. Caller: Yeah. Caller: This is [NAME] with [ORG]. I was just calling to see if you had a chance to sign those documents. Agent: Hmm. Oh, [confused] the documents... Hmm. Which ones were those again? I get so many, you know. Caller: Insurance company. Agent: Oh, [confused] the insurance documents. Right, yeah. I... um... I'm not sure",that is me this is with i was just to if you had a to those the which were those again i so many you the i i am not i those or i i do not them what what was this about again me this is for your through me them to you and i just you to in and off on them me i will do this with you on the here us my i i so and what was the the with them i be what what are you them to me one i am here so what is the ,Normal,Normal
733,Normal,"Agent: Hello? Caller: This is [ORG]. We're calling about your auto insurance quote request. Please stay on the line, and we'll connect you with a representative now. This call may be monitored or recorded. Agent: Oh, all right. [curious] Did I fill out something for that? I don't quite remember. Caller: Hello. My name is [NAME] with [ORG]. America's number one choice for affordable quality coverag",this is we are about your on the and we will you with a now this may be or all did i out for that i do not my is with one for no your i am you on a that you do you have to the a i i was into that to all the you it is been a while since i at it myself what of are you about but he is not around what of was it again am i with it is a and you are we can you with that with the i do not have the i have ,Normal,Normal
734,Normal,"Agent: Hello? Caller: Hey, miss [NAME]? Agent: [confused] [NAME]? Oh, no, it's [NAME], dear. [NAME]. [curious] Who's calling, please? Caller: Oh, this is [NAME]. We spoke earlier this week. You didn't have your [ORG] ID number. And you didn't, uh, uh, and we're trying to pull your [ORG] information earlier this week. Agent: Oh, [NAME], [grateful] right. Yes, thank you for calling me back. [confuse",no it is who is this is we this you did not have your and you did not and we are to your this you for me i just i just do not if i that or not you what were we about again the the to all that and i am just not as with the so what was it we were to do we we we never to that because you did not have the so we are to out out that what we could do to you and such that so you are i my for that i i migh,Normal,Normal
735,Fraud,"Agent: Hello? Caller: Hello. My name is [NAME] and I'm calling from [ORG] on a recorded line. How are you doing this morning? Agent: Oh, hey! [curious] I'm good, how are you? Caller: Going way on this thing. Agent: [chuckling] That's good. Caller: I was calling to inform yes, ma'am. I was just calling to inform you that you may be qualified to speak to our team about [ORG] benefits and savings. Ca",my is and i am from on a how are you doing this i am how are you on this that is i was to i was just to you that you may be to to our about and but can you that you do have a and the i so what is this for so do you have a by the that is a and on it i so i i have a you you so but we will have a and on it it is the one with the a and on it i am are you i am i am why is there now i am and for a no i ,Normal,Normal
736,Fraud,"Agent: Hello? Caller: Hello. This is [NAME] from [ORG] on a recorded line. Am I speaking with [NAME]? Agent: [confused] [NAME]? Uh, no, it's [NAME]. G-R-E-G. [NAME]. What's this about, [NAME]? Caller: Yeah. Agent: [curious] So what's up? I'm kinda in the middle of something here. Caller: Oh, this is regarding an application. Caller: Is that regarding an application that you had started online with",this is from on a am i with no it is what is this about so what is up i am in the of here this is an is that an that you had with us with so i here that you have with an what is this i do not for that i i did there what what is this about the i i was into some a while what about it and we i i to a of what what are we about here so did you your i i so i i was to about some you what is the with that,Fraud,Fraud
737,Normal,"Agent: Hello? Caller: Hi. Is, uh, [NAME] available, please? Agent: Yeah, [curious] this is [NAME]. Who's this? Caller: This is [NAME] with [ORG]. I was calling in regards to an application that was submitted for affordable health insurance. Are you looking for an individual or a family plan? Agent: Oh, [confused] the application... yeah, I was looking for an individual plan. What's — what's this a",is this is who is this this is with i was in to an that was for are you for an or a the i was for an what is what is this all about now it is about you you you are for an so what is the i i am a so i you an i i am a so i i have some through but it is you so i was to that would with that what is the it is i it is and i just do not it to it it you i just for or if i that and just to you are in so wh,Normal,Fraud
738,Fraud,"Agent: Hello? Caller: Hi. Is this [NAME]? Agent: Yeah, [curious] this is [NAME]. Caller: Hi, [NAME]. How are you? Agent: Oh, I'm doing okay, you know, [sighing] just got off a long shift at the hospital. What can I do for ya? Caller: You sound you sound almost AI to me. This is a little confusing. Agent: What? [confused] No, it's—it's me, [NAME]. Why? What do you need? Caller: I'm, uh, I saw some ",is this this is how are you i am doing you just off a at the what can i do for you you to me this is a what no it is it is me why what do you i am i some i you you a no no i am just i am a what can i you with so i some on my i am the for you were for for your that and what is this about the the the that is i was i was into that so my is to these to you any you have about the but you the most as no,Fraud,Normal
739,Fraud,"Agent: Hello? Caller: Hi, miss [NAME]. How are you doing? Agent: Oh, I'm doing just fine, dear. [curious] Who is this? Caller: This is [NAME]. Agent: [NAME]. [confused] Now, [NAME] who? I don't believe I know a [NAME]. Caller: Uh, [NAME]. I am calling in regards to the lead card that you sent out Caller: for final expense coverage. Agent: The lead card? [confused] Goodness, I don't recall sending ",how are you doing i am doing just who is this this is now who i do not i a i am in to the that you out for the i do not out any the i out so many of those which one was that again it was for to all that you what of is this it could be for or that it could be what does that to when you that of that is what i and so how does that then do i a each we would that in your i am here so what of are we abo,Normal,Normal
740,Fraud,"Agent: Hello? Caller: Hello. This is [NAME] with [ORG] on a recorded line. How are you doing? Agent: Oh, [calm] hello there, [NAME]. I'm doing, uh, pretty well, thank you. And you? Caller: Can't complain at all. We're already halfway through the week, but the month of July is is resuming by, honestly. Agent: [chuckling] Oh, I know, right? It just flies by, doesn't it? Caller: Most definitely. But ",this is with on a how are you doing there i am doing you and you can not at all we are through the but the of is is by i it just by does not it most but with that being i was just out in to that i you had you were of to the was that the i i so how much did you it was now it you you are of was that of the or what would you is a more of what you at this you it is it is a of a i i it is in that what ,Fraud,Normal
741,Fraud,"Agent: Hello? Caller: Hello. Is [NAME] there? Agent: Yeah, this is [NAME]. [curious] Who's this? Caller: This is this is [NAME] with [ORG]. You reached out regarding an inquiry that was placed on [ORG]. Agent: Oh, right, [confused] yeah. I mean, I don't totally remember doing that, but um... what's up? Caller: So I was reaching out to see how I can help. You put here you have thirty thousand dolla",is there this is who is this this is this is with you out an that was on i i do not doing that but what is up so i was out to how i can you here you have of you were for with is this that is it is more now to be it just up you so what we could do here to is a a on the it is not to the but i will be to up what are for you so too that is the one for me you that a you and it will not my so what do yo,Fraud,Fraud
742,Normal,"Agent: Hello? Caller: Schedule and she forgot. Hey, miss [NAME]. It's [NAME]. How are you? Agent: [confused] [NAME]? Oh, um, I'm doing all right, dear. [curious] Which [NAME] is this? I know a few. Caller: Can yes, ma'am. I spoke to you earlier. I was wondering if you received the application. Agent: [confused] The application? Oh, goodness. Um, [long pause] I get so many things in the mail, you k",and she it is how are you i am doing all which is this i a few can i to you i was if you the the i so many in the you which one was that again many in the you which one was that again it was for the we did it over the the the to all that so did you you it or what was it again it i it to you it just your you should have it by my i have not had a to through all the yet is it you that i it by i am no,Normal,Normal
743,Fraud,"Agent: Hello? Caller: Hi. Is this miss [NAME]? Agent: Yes, [calm] this is [NAME]. Who's calling, please? Caller: Hello? This is [NAME]. From [ORG]. You had sent out a request for homeowners and umbrella policy. And my boss, [NAME], had given this to me. So that I can try to assist you. Agent: Oh, [surprised] an umbrella policy? Yes, I think I did something like that. [curious] What kind of assista",is this this is who is this is from you had out a for and and my had this to me so that i can to you an i i did that what of are you about you had in a there is these that up and it are you for do you a and on yours it your it your is you be by me the that i just and it what of are you for you are for in so that is why i am i that i do a of up you so what does this for my it on which you have your,Normal,Normal
744,Normal,"Agent: Hello? Caller: Hello. My name is [NAME]. May I speak to [NAME]? Agent: [confused] [NAME]? Oh, you must have the wrong number, dear. My name's [NAME]. Who did you say you were looking for? Caller: [NAME]. Agent: [surprised] Oh, [NAME]? Goodness, yes, that's me, [NAME]. I just, um, I just got divorced, you know, so I'm still getting used to the name change. What can I do for you, dear? Caller",my is may i to you must have the my who did you you were for that is me i just i just you so i am still to the what can i do for you it you the the i i did do that my he to all that but he is not around so what of do you have for me i can just for you do you have a and i so i have had for you i just i do not up with the and does that a i can for you now is this a or a no this is me i am here why d,Normal,Normal
745,Normal,"Agent: Hello? Caller: This is [NAME]. Agent: [NAME]? [confused] Is that a person or a company? I'm not sure I quite heard you, dear. Caller: May I speak with miss [NAME]? Agent: Oh, [confused] you're looking for an [NAME]? My name is [NAME], but it's [NAME]. [NAME] was my maiden name, a long, long time ago. [curious] How did you get that name, if you don't mind me asking? Caller: Somebody submitte",this is is that a or a i am not i you may i with you are for an my is but it is was my a how did you that if you do not me it on a for they did i do at some you a while to all that but since he it is just me what of was it for so what of was it that i was at was it for the or for the or what was it that is i was just about my what can you do for me on that i could the and what they you for for it ,Normal,Normal
746,Normal,"Agent: Hello? Caller: Hey. This is [NAME] with, uh, [ORG]. I'm calling regarding your [ORG] website inquiry. Agent: My [ORG]... [confused] my what now? I don't recall making any inquiry. Caller: For [ORG]? Agent: Oh, for [ORG]. [calm] Yes, I've been meaning to look into that. [NAME], my husband, he always handled all that, but he passed a couple years ago now. So, [curious] what kind of coverage a",this is with i am your my my what now i do not any for for i have been to into that my he all that but he a now so what of are you about to that so with you can have either or you can have an or you can have a so through the i do not that as much just because it is a more but they have you the you that they over they are the who you the you an over the or and so there is a of with a and that is be,Normal,Normal
747,Normal,"Agent: Hello? Caller: Hello? Agent: Hello? [confused] Who is this? Caller: Hi. This is [NAME]. Caller: We pulled up your [ORG] profile, and there's a note showing your twenty twenty six update hasn't been confirmed yet. We just need a quick confirmation so your coverage doesn't get interrupted. Caller: Do you have both part a and part b? Agent: [NAME]. [curious] And what are you calling about, dea",who is this this is we up your and there is a your has not been yet we just a so your does not do you have both a and and what are you about my my i i did not i had a what of are you about me you with the from your a can not you just me with it yourself i do not being around what was your again this is still there i was just to her who is this now can you me my is and how are you doing i am doing ,Normal,Normal
748,Fraud,"Agent: Hello? Caller: Hello, [NAME]. This is [NAME] with [ORG] in our recorded line. How are you? Agent: Hey [NAME], [curious] what's up man? I'm good, I'm good. Just trying to, uh, juggle a few things here. What can I do for you? Caller: Yeah. I was calling you back about our conversation yesterday. Agent: Oh, [confused] right, yeah. The, uh, the conversation. What about it, man? Caller: Yeah. Uh",this is with in our how are you what is up i am i am just to a few here what can i do for you i was you about our the the what about it so are you is this it on me what no it is me i am a what do you am i what is up just an that is all it is just me i am just a you what were we about again you had with us me up to the you are for it into the that is that is what i was at so what is the what is the,Fraud,Fraud
749,Normal,"Agent: Hello? Caller: [NAME]? Agent: Yes, this is [NAME]. [curious] Who's calling, please? Caller: This is [NAME] from [ORG]. You put in the request for the extended warranty on your vehicle. Agent: Oh, [confused] the warranty? Hmm. [curious] Which vehicle was that again? I have a few. Caller: Yeah. Did you need that set up? Agent: Well, [uncertain] I mean, I suppose I might. [NAME] used to handle",this is who is this is from you in the for the on your the which was that again i have a few did you that up i i i might to all that you what of are we about here it is i i i all that you he a so what of are we about about that it would be up to you we a of that we do is the to which would from to on the that would be all the do you have any that you to up that is so of you it is so this what does,Normal,Normal
750,Fraud,"Agent: Hello? Caller: Hello, ma'am. Caller: Is this [NAME]? Agent: Yes, [curious] this is [NAME]. Who's calling, please? Caller: This is miss [NAME]. Agent: Miss [NAME]. [confused] And what is this regarding, dear? Caller: Yes. So do you have any pets at home? Agent: Pets? [confused] Well, I used to have a little poodle, [NAME] loved her, but she passed some years ago. Why do you ask? Caller: Beca",is this this is who is this is and what is this so do you have any at i to have a her but she some why do you because you your my which one i have or what about them and what about is no we are so he no what is is he my no that can not be i just to him what what are you about where was do you where he was what what he in in he is in this must be some of are you you have the i am so i just have so ,Normal,Normal
751,Normal,"Agent: Hello? Caller: Hi. Is this [NAME]? Agent: Yes, this is [NAME]. [curious] Who's calling, please? Caller: Hello? My name is [NAME]. I'm a licensed insurance agent with [ORG]. On behalf of [ORG] on a recorded and monitored line. How are you today? Agent: Oh, hello, [NAME]. I'm doing, um, [calm] just fine today, thank you. [curious] And what was this call about again? You said [ORG]? Caller: Ye",is this this is who is my is i am a with on of on a and how are you i am doing just you and what was this about again you i am up on a we for about the i i did out about that you what of are we about so we can over and what all you may be for is your that is and what of do you from me to on that are you in so it does we have some for you i just have to over this it we do not every in your we one w,Normal,Normal
752,Normal,"Agent: Hello? Caller: Hi. I am [NAME] at [ORG]. And you had email requesting someone to call you about [ORG] supplement plans. Agent: Oh, [confused] [ORG]? I don't remember emailing anyone about that. [curious] Are you sure you have the right [NAME]? Caller: Yes. Um, it's the email address was, uh, [EMAIL], and the phone phone number is [PHONE]. And it says [NAME]. Caller: And it was sent, I think",i am at and you had to you about i do not about that are you you have the it is the was and the is and it and it was i on that is my you i just it is been a so what were you about that is my i have not that in i do not an but i could have done on my what of are you about it that you were it i am in about me to i i might be to all that you he was so with the so what do these do and it it was on and,Normal,Normal
753,Normal,"Agent: Hello? Caller: Hi, good morning. My name is [NAME] I'm calling from [ORG]. Am I speaking with [NAME]? Agent: Yes, this is [NAME]. [curious] What's this about, dear? Caller: Hi, [NAME]. How are you? Yes, the reason for my call today is regarding your quota in inquiry for home warranty coverage. And I've been assigned to your quote because we are running some additional promotions right now. ",my is i am from am i with this is what is this about how are you the for my is your in for and i have been to your because we are some now and i was i could have a few of your to over that with you as as any you may have a i into that what of are we about that is an so i would just some so i can that i am you with the that would your is the a it is a and what of do you is it over or under now that,Normal,Normal
754,Normal,"Agent: Hello? Caller: Hi, miss [NAME]. This is [NAME]. I'm calling on a recorded line from [ORG]. It looks like you submitted your information online about protecting your home on [ADDRESS] with a home warranty. Caller: We're covering all major systems and appliances. Caller: I'll get you some more information on how our coverage works, okay? Agent: Oh, [surprised] [ORG]? Right, yes, I think I did",this is i am on a from it you your about your on with a we are all and i will you some more on how our i i did that what was it about again i i did about that what of are we about no my but what was that about i do there we just might have the on because the is and we just that you out to us about for your on so me you some about our that is me that is me then so what was it you were about a is i ,Normal,Normal
755,Fraud,"Agent: Hello? Caller: Hi. Is this [NAME]? Agent: Yeah, [curious] who's this? Caller: Hi, [NAME]. This is [NAME] from [ORG] on a recorded line again. How are you? Agent: Oh, hey! [nervous] Um, I'm okay. What's up? Caller: Hey. Um, so we were talking yesterday, and I put you on hold, and somehow I lost you. Caller: We couldn't figure out what was going on other than you must have a freeze and your c",is this who is this this is from on a again how are you i am what is up so we were and i you on and i you we could not out what was on other than you must have a and your is and that is why we could not the that is so i was just and then it up that is so i was what i was just and then it so my so you have a do you have or that i have so what does that so it just it that you have your and can it so,Fraud,Fraud
756,Normal,"Agent: Hello? Caller: Hi. Is this miss [NAME]? Agent: Um, yes, [uncertain] this is [NAME]. Caller: Hi. This is [NAME] with [ORG]. How are you today? Agent: Oh, [nervous] hi. I'm okay, thanks. Um, what can I help you with? Caller: Good. Uh, I just saw we had received a condo insurance Caller: request online. I didn't know if maybe you'd wanna go over that with one of our agents. Caller: Or if you w",is this this is this is with how are you i am what can i you with i just we had a i did not if you would over that with one of our or if you were still in that a i so i i was into that so what of do you a i do not i do not one out are you that was me did you were you to i i i could it i am just not about a i you what we do have a few so what of are we about if you would i could them to you and you,Fraud,Normal
757,Normal,"Agent: Hello? Caller: This is [ORG]. We're calling about your auto insurance quote request. Please stay on the line, and we'll connect you with a representative now. This call may be monitored or recorded. Agent: Okay. [curious] Um, I'm not sure I remember requesting a quote, but... I'm here. Caller: Hello. Uh, this is [NAME] with [ORG]. I'm calling you back on a recent insurance quote that you re",this is we are about your on the and we will you with a now this may be or i am not i a but i am here this is with i am you on a that you you have to to your i i was into it but i do not the i so i i have a what what was it for us a here it might be with and that is me you i have your and this is for a you do not have an with it is a a that is my that is my and no i do not have a with you at not t,Normal,Normal
758,Normal,"Agent: Hello? Caller: Hi, [NAME]. Agent: [calm] Yes, this is [NAME]. [curious] Who's calling, please? Caller: Yes. This is [NAME]. [NAME] asked me to reach out to you. You had put a request in for [ORG] info? Agent: Oh, [surprised] [NAME]? Well, I don't recall... [confused] who is [NAME] again? Caller: With the [ORG]? Agent: Oh, [calm] with the [ORG]. Yes, I remember. [curious] And what kind of in",this is who is this is me to out to you you had a in for i do not who is again with the with the i and what of was it i for again my is not what it to be that is my it is it was just there were no now i in is that the same no me up the here with the on one you do not in no i do not i have never in did i out a that i did it of no that is not me are you you have the what is that now is that my your ,Normal,Normal
759,Fraud,"Agent: Hello? Caller: Sir David with Credit Saint. Can I speak to Edna? Agent: Oh, [calm] yes, this is Edna. [curious] What can I help you with, dear? Caller: Yeah. How you doing? Yeah. You requested some information about cleaning up credit. That's why we're trying to get back to you. Agent: Oh, [confused] credit? Hmm. Well, I — I suppose I did something like that. [curious] What kind of informat",with can i to this is what can i you with how you doing you some about up that is why we are to to you i i i did that what of were you out your your just doing it to our and your that is why we are you do you have a few now my i do not my being you what did i up for i i do my to all the you the what did i up for what was that i did not that is this a or no this is me i am just a you so about the w,Fraud,Normal
760,Normal,"Agent: Hello? Caller: This is [ORG] with the call that was requested. If now is not a good time to speak about your life insurance needs, Caller: Hello. This is [NAME] from [ORG] on a recorded line. How are you today? Agent: Oh, [confused] requested? I don't recall... wait, what was this about again? Oh, [calm] hello there. [NAME], you said? Yes, I'm doing well, thank you. [curious] And what was t",this is with the that was if now is not a to about your this is from on a how are you i do not what was this about again there you i am doing you and what was this about again so we are to in to that she i just i just to be you what was it you were about the i i might have at some you what of are we about is this is is this or is she i i i did you into some a while what of are you about the i i di,Normal,Normal
761,Fraud,"Agent: Hello? Caller: Hi, [NAME]. I don't know if the phone disconnected. Agent: Oh, hey! [confused] Yeah, I think it—it cut out for a sec there. What was that you were saying? Caller: So, you know, we just have to look into it far as getting this tax matter resolved. I was wondering when's the best time where your spouse will be home? Agent: Oh, [curious] the tax thing, right. Um, [NAME] usually ",i do not if the i it it out for a there what was that you were so you we just have to into it as this i was the where your will be the around you after she up the why why do you to to her though this is you both that is we you we do so what is what is up with it is there a so we that that so that you are both so than to about it if we can have you both there to because the will be to the that we c,Fraud,Fraud
762,Normal,"Agent: Hello? Caller: This is a [ORG] with [ORG]. Please hold while we connect you with an assistant to help you with your insurance quote request. This call may be monitored or recorded. Agent: [long pause] Hello? Caller: Hello. This is [NAME] with [ORG]. American number one choice for affordable quality coverage. Uh, and I'm calling you from their health department, uh, to [NAME] due to a quote ",this is a with while we you with an to you with your this may be or this is with one for and i am you from their to to a that was do you have to over your a i did do that a while what what do you could you me i am that is i did i did a i can you the the i do not one but what is it about could you me i can you did you my it up as that is is that how you it that is it is i did a and it is be for tha,Fraud,Fraud
763,Fraud,"Agent: Hello? Caller: Hi. Good morning. This is [NAME] on a recorded line. Is this [NAME]? Agent: Um, yeah, [uncertain] this is [NAME]. Caller: Hi, [NAME]. Hi. Nice to meet you. Um, how's your day going so far? Agent: It's okay, [nervous] I guess. Um, who is this? Caller: Oh, great. We actually are reached Good. Uh, so my name is [NAME]. We're following up with your inquiry response to give you so",this is on a is this this is to you your so it is i who is this we are so my is we are up with your to you some for what of is this you your i so i i have out a of those is this about my no no not in to but in to either or to with that is you from being to what we do here is we into your and which you with and then we you some we could of any but there is no there is a so for so with my those are ,Fraud,Fraud
764,Fraud,"Agent: Hello? Caller: Hi, [NAME]? Agent: Yes, [curious] that's me. Who's calling, dear? Caller: Uh, my name is [NAME]. We spoke a couple of days ago. I'm with [ORG]. Agent: [ORG]... [confused] Oh, I don't quite recall that. What was it about again, honey? My memory isn't what it used to be. Caller: That's okay. Uh, you it looks like you were calling in for lending options or debt consolidation. Ca",that is me who is my is we a of i am with i do not that what was it about again my is not what it to be that is you it you were in for or i you an so you could us out i you were a about out your over the so i you over a of the that is he all that you since he it is just been me so what about it you i have been to into that my he to all that you he was so with now an you i am not very with the what,Fraud,Normal
765,Normal,"Agent: Hello? Caller: Hello, [NAME]? Agent: Yes, [curious] that's me. Caller: Hi. Um, this is [NAME] calling from [ORG] regarding a uh, sorry, calling from [ORG], a marketing partner of [ORG] Caller: [ORG] regarding your request for home insurance rates. Caller: For quality assurance purposes, this call will be recorded. How are you today? Agent: Oh, [confused] [ORG]. Oh, [calm] okay. I'm doing al",that is me this is from a from a of your for for this will be how are you i am doing you you the i so what about them in to you to the i to some of your here at we the that you here this only about to and we it through and then we the one that has the for you and then we you to them so i just to some i have the for your as in i so what do you that is may we you a at any your i so what of would tho,Normal,Normal
766,Fraud,"Agent: Hello? Caller: Hello. Hi. Can I speak to [NAME]? Agent: [NAME]? [confused] Um, there's no [NAME] here. Caller: Hello, [NAME]? Agent: Wait, [confused] who's this? There's no one here by that name. Caller: Oh, it's not [ORG]? Um, Yeah. We're just returning a call, but if if it's wrong number, then yeah. Sorry about that. Agent: Oh, [nervous] wait, what's this about? Caller: I'm sorry. Oh, you",can i to there is no here who is this there is no one here by that it is not we are just a but if if it is then about that what is this about i am you at us my my what your it is but what is on with my so what why was it it was we an from you on our on our with what is an what was it about i do not i have up for that what is that you there that is i was into what about it i was was out to you that,Fraud,Normal
767,Fraud,"Agent: Hello? Caller: Hello. This is [NAME] on a recorded line. Agent: Oh, hi [NAME]. [curious] What's up? Caller: Hi, [NAME]. I was actually just calling, uh, Looks like you were checking out some, uh, information online and was just calling to kinda see the Caller: story there, see what see what kind of goals were in mind. Agent: Oh, yeah, [confused] I think so. Oh, right, yeah, I was. [confused",this is on a what is up i was just you were out some and was just to the there what what of were in i so i was what was i at again i at so much no no i am with i them that was a while now was not it so what is this about then so we what we do you we with and you that the i have of is this about or no not not what we do is you we to you with your you whether that is whether that is you a to whether,Fraud,Fraud
768,Normal,"Agent: Hello? Caller: Hi. This is [NAME] with [ORG] on a recorded line. Is this [NAME]? Agent: Yes, this is [NAME]. [curious] [ORG], you say? What's this regarding? Caller: Hello? Yeah. Agent: Oh, [confused] you cut out for a second, dear. What was that name again? Caller: Uh, this is with I am with [ORG]. Hello? Can you hear me? Agent: Oh, [confused] yes, I can hear you now. You were cutting out ",this is with on a is this this is you what is this you out for a what was that again this is with i am with can you me i can you now you were out a and what was this about again this is about so we are out to you but out to it here that you are not and you are a and you would to your with your am i not all that you i am a and what of are we about this is about may i who are you with your my me i i,Normal,Normal
769,Fraud,"Agent: Hello? Caller: Hi. This is [NAME] calling from [ORG] on a recorded line. Am I speaking to [NAME]? Agent: Yes, this is [NAME]. [curious] And you're from where, dear? [ORG]? Is that like a... a company? Caller: [ORG]. Agent: Oh, [ORG]! [satisfied] Yes, I know [ORG]. The duck, right? [NAME], my husband, used to love those commercials. [nostalgic] He passed away, you know, two years ago. So, [c",this is from on a am i to this is and you are from where is that a a i the my to those he you so what can do for me you were just some your on our were you just on the i was i i do not i do not doing that what of are you about the i do not that what of would i have been for you either or i do some with my my are not what they to be you so what of are you about we have they are they would all of yo,Normal,Normal
770,Normal,"Agent: Hello? Caller: [NAME]? Agent: Yes, [curious] that's me. Who is this, please? Caller: This is [NAME] with [ORG] representing [ORG]. Uh, just wanting to see if you're still needing help looking at [ORG] supplement plans. Agent: Oh, [calm] [ORG] supplement plans. Yes, I think I did, um, fill out a form about that, you know. [curious] What can you tell me about them? Caller: Do you have specifi",that is me who is this this is with just to if you are still at i i did out a about that you what can you me about them do you have do you have a because you an i am not if i have a my he to all that but he a so i am just to it all out what are the the between what between you what i have now and what you are about i is it from my for me to i i i would to of what you have now i do not if i have th,Normal,Normal
771,Normal,"Agent: Hello? Caller: May I speak to [NAME], please? Agent: This is [NAME]. [curious] Who's calling? Caller: Uh, This is [NAME], a bankruptcy lawyer with [ORG]. Agent: Oh, [confused] a bankruptcy lawyer? I see. What can I do for you, [NAME]? Caller: You just filled out a a form on my website a few minutes ago. Agent: Oh, [uncertain] the form, yeah. I... I suppose so. [confused] What was it about a",may i to this is who is this is a with a i what can i do for you you just out a a on my a few the i i so what was it about again and can you that again what was the about i i a it it is from the is it i am in and would to a did you not that one i i did out that i you the i i did that one i i have just been into you i so do you have a few to on the i i do what can you me i do not i do not a for you,Fraud,Normal
772,Fraud,"Agent: Hello? Caller: Yeah. Uh, love you. Agent: [confused] Hello? Uh, can I help you? Caller: Yeah. Caller: Yeah. [NAME]? Yeah. This is [NAME] with [ORG]. How are you doing? Agent: Okay. [curious] Um, who is this please? Oh, um, [confused] hi. [ORG], you said? Caller: Yes, ma'am. We're we, uh, we see that you had inquired about doing a cash out refinance for a hundred and six thousand dollars on ",you can i you this is with how are you doing who is this you we are we we that you had about doing a out for a and on the and we were just up if we could you a to if we can you along with that the out i i did into that a while what what do you have for me no i i is this you are still in or did you do it so what do you to i am not if i did it you with my we have been at so many what what does it on,Fraud,Normal
773,Fraud,"Agent: Hello? Caller: Hey, [NAME]? Agent: Yes, [curious] that's me. Caller: Hey, [NAME]. This is [NAME]. I just received your request regarding some health coverage. Was this just for yourself or for you and your family? Agent: Oh, [confused] um, the health coverage... yeah. It's just for myself, actually. Caller: Okay. Awesome. And what has you looking into coverage? Did your premiums go up? Call",that is me this is i just your some was this just for yourself or for you and your the it is just for myself and what has you into did your up did you what is your they did up and i was just you to what is out there you my just they up so much and i was just to a more you i what did your up to if you do not me so i could to if we can you a i was and and they to it to so it is a my that is for as a,Normal,Normal
774,Fraud,"Agent: Hello? Caller: Hi. Uh, [NAME]. This is [NAME] with [ORG]. How are you? Agent: [confused] [NAME]? [ORG]? Oh, hello. I'm doing well, thank you. [curious] And what exactly is this about, dear? Caller: Yeah. Yeah. Hi. How are you? Yeah. You you were you sent an information about requesting, uh, [ORG] k. Like a business loan? Caller: Recently. Agent: [confused] A [ORG]... business loan? Oh, [unc",this is with how are you i am doing you and what is this about how are you you you were you an about a a i do not a to all that you when he was still with us i do not a so i just to up and you some do you do you a i i do not doing that are you you have the a i i that you before he what of do you have for me no i i just to to you about your how have you been in and that i i just to if if this is st,Fraud,Normal
775,Fraud,"Agent: Hello? Caller: Hi, good morning. This is [NAME] on a recorded line. Is this [NAME]? Agent: Uh, good morning, [NAME]. [confused] It's [NAME]. A-M-I-R. Caller: Hey, very nice to meet you, [NAME]. How's your day going so far? Agent: It's going, you know, [chuckling] a little busy. What can I do for you, my friend? Caller: Hello, [NAME]? Yes. And thanks for taking our call first and foremost he",this is on a is this it is a i very to you your so it is you a what can i do for you my and for our and here we are just to your but it you were to a by the of does that a i i am not my what is this about no so it he is been with you to you for an that is the of the is your you this the the i now is there a the i now so what is with that if you have a few i can you over him and he could your a i n,Fraud,Fraud
776,Fraud,"Agent: Hello? Caller: Hi. This is [NAME] calling from [ORG]. Uh, we we received your inquiry regarding, uh, needing help setting up, like, your payments through the [ORG]? Agent: Oh, [curious] um, yeah, the— the payments. Caller: Yes. Is this, uh, was that something you were able to, uh, get worked out? Agent: Um, [uncertain] I think so? I mean, I'm not totally sure, like, what's going on with it,",this is from we we your up your through the the the is this was that you were to out i so i i am not what is on with it but that is we can you with are you to on a with the i so i my are just they are a and i am just to out the to them you is it your or your it is i i it is all with the the and the and it could be you not so the the are me the of on their own outside of the but you the from the on,Fraud,Fraud
777,Normal,"Agent: Hello? Caller: Hi. I was trying to reach out to [NAME]. Agent: Yes, [calm] this is [NAME]. [curious] Who's calling, please? Caller: Hi, miss [NAME]. Agent: Oh, [calm] hello. [curious] And who is this again? Caller: Miss miss what? Miss [NAME]. They're using an AI Agent: Oh, [confused] Caller: [ORG] [NAME]'s office. Agent: Oh, [confused] the [ORG]. [curious] And what can I do for you, dear? ",i was to out to this is who is and who is this again what they are an the and what can i do for you you were about what of were you about may i to not a this is that is me what was it you were about to to the i am is there is there to to my is did you have the no your whether it was or or you did you my then you i i do not out a but what was this about are you a i to to a i am a are you i a you ar,Normal,Normal
778,Fraud,"Agent: Hello? Caller: Hey, [NAME]. Good afternoon. Agent: Yeah, hey. [curious] Who's this? Caller: Yeah, [NAME]. Caller: Yeah. [NAME], this is [NAME]. I'm a health just following up on your request for some health insurance. What can I help you out with? Agent: Yeah. [confused] What's up? Oh, right, the health insurance. [confused] Yeah, I think I was looking into that, um, a while back. What, uh,",who is this this is i am a just up on your for some what can i you out with what is up the i i was into that a while what what did i but what was your i what had you were you or your just what was on i i was just you to what was out there my my are you up so i was just around i i am here in i do have to all the on and off the so i could you some what do you have for your so what is that for me wha,Normal,Fraud
779,Normal,"Agent: Hello? Caller: Hello. Hi there. Good morning, [NAME]. My name is [NAME]. How are you? Agent: [confused] [NAME]? Hey, um, good. What's — what's this about? Caller: Mhmm. Agent: Okay. So, [curious] what's this regarding? Caller: Oh, well, [NAME], we're reaching out because mhmm. Agent: Okay. So, [curious] what's this about? You're saying there's a problem with my — my [ORG] account? Caller: H",there my is how are you what is what is this about so what is this we are out because so what is this about you are there is a with my my i am here what is this about we are out because we just you that for having a for both and and we just those with you so to you the just who do you have now your and i am a the the i have i for the and for the that so what of are we about so us here and just you,Normal,Fraud
780,Fraud,"Agent: Hello? Caller: Hi there. This is [NAME] at [ORG]. Agent: Oh, [curious] [ORG]? What can I do for you, dear? Caller: Uh, we were just speaking on the phone a moment ago, and we got cut off. Agent: Oh, [confused] did we? Goodness, my phone does that sometimes. Now what were we talking about, dear? My memory isn't what it used to be. Caller: This is, uh, this is this is the most unique conversa",there this is at what can i do for you we were just on the a and we off did we my does that now what were we about my is not what it to be this is this is this is the most i have had in a i am i am just an and i a up now what were we about from the it had to do with i so with my he to all that he was so with what about is there a it you were me you a of to the can you me how much you to the i do n,Fraud,Fraud
781,Normal,"Agent: Hello? Caller: Hello. Good morning with [NAME]. Agent: Yes, this is [NAME]. [curious] Who's calling, please? Caller: Good good morning, mister [NAME]. My name is [NAME]. I'm calling with [ORG]. I just wanted to follow-up with you and see you're still shopping around for auto insurance. We wanted to offer you a free quote. Agent: Oh, right, the auto insurance. [confused] Yeah, um, I was look",with this is who is my is i am with i just to up with you and you are still around for we to you a the i was a while what is this about now just to if you are still we just to you the that we have for you to if you the to you a so what of do you have and this is for my the the one i have now are you still are you still around i i am in you what of do you have me just your and your that is that is ,Normal,Normal
782,Fraud,"Agent: Hello? Caller: Hello. This is [NAME], [ORG]'s virtual assistant. Following up on your interest in our debt program. This call is recorded for quality assurance. Am I speaking with [NAME]? Yeah. I'm doing a follow-up. Hi. This is [NAME], [ORG]'s virtual assistant following up on your interest in our debt program. This call is recorded for quality assurance. Am I speaking with [NAME]? Caller:",this is up on your in our this is for am i with i am doing a up this is up on your in our this is for am i with are you still there am i with a i so this is what was this about this is i do not what was this about for you out to about with or your or it we and you had some about your over the would you me to how your is or any before we i to to all that you before he i am not i in though but what ,Fraud,Normal
783,Normal,"Agent: Hello? Caller: Hi. Good morning. My name is [NAME]. I'm a licensed insurance agent with [ORG] on behalf of [ORG]. For [NAME]. Agent: Oh, [calm] good morning. [NAME], you said? What's this about? Caller: [ORG] and [ORG]? Caller: Life insurance for seniors between forty five and eighty five. Agent: [ORG] and [ORG]... [confused] hmm. I don't think I've heard of that. Is this about some kind of",my is i am a with on of for you what is this about and for between and and i do not i have of that is this about some of you i do not i have of that one before is that with this is a this is a with me of and how does that you is it that would my what is what it is is a so a of to on can have as many as you would so if you are between and you are for up to with no or that no or you and this is thro,Normal,Normal
784,Normal,"Agent: Hello? Caller: My name is [NAME] with [ORG]. Is this, um, mister [NAME]? Agent: Uh, [confused] yeah, this is [NAME]. What's up? Caller: [ORG] on behalf of [ORG] Caller: regarding your request for life insurance. Agent: [ORG], [confused] okay... yeah, what about them? Oh, [curious] right, the life insurance thing, yeah. What about it? Caller: Just need to yeah. Agent: —yeah. [confused] What ",my is with is this this is what is up on of your for what about them the what about it just to what about it i you were so i did not you my no you are i was just what is up with it you just to a few of so i can you to a for your so what do you from me i have your of at i just it i will it if you would i am not what is you i would it to be a you it was no you are what is what is the of you that is ,Normal,Normal
785,Fraud,"Agent: Hello? Caller: Hello. May I speak with [NAME]? Agent: [calm] Yes, this is [NAME]. [curious] Who's calling, dear? Caller: My name is [NAME]. I'm with [ORG]. Caller: We had received a request to give you a call from our website. Agent: [calm] Oh, [ORG]... [confused] Now, what was this about again? I get so many calls these days. [calm] Oh, [ORG]... [confused] Debt Solutions, you say? [curious",may i with this is who is my is i am with we had a to you a from our now what was this about again i so many these you and what of was that and there is a that you off of our for a for with your a i i did that a i i do not out that you are you it was me i just the the that was just has and now with this and of now i do not that much my he to all that before he what was the again but we will and th,Fraud,Normal
786,Normal,"Agent: Hello? Caller: Yes. Hello, good morning. May I speak to [NAME]? How are you today? Agent: Yes, [curious] this is [NAME]. I am good, thank you. [confused] Who is this, please? Caller: Hi, sir. Agent: Yes? Caller: Okay. Wonderful. My name is [NAME]. I I am with the [ORG] I mean, the [ORG], the one that you'd check online. Caller: Today. Remember? The face cream? Agent: Oh, the—the cream, [unc",may i to how are you this is i am you who is this my is i i am with the i the the one that you would the the the the i what is this about so i am the i am you you this one and you to the or of the that is the for no no and so what now and when will it your you will the to so your that is that is my your your no that is not my my my is no no my is not that it is a i you have the my what is your it ,Fraud,Normal
787,Fraud,"Agent: Hello? Caller: Hello? Agent: Yes, hello? [curious] Who is this, please? Caller: Hello? Hello? Caller: Yes? And I'm calling from [ORG]. Caller: Can I please talk to [NAME]? Agent: Yes, I can hear you. [confused] Who is this calling, dear? [ORG]? [confused] Oh, my. I don't think I've heard of that. [curious] What's this about? This is [NAME]. [confused] [ORG], you say? What's this about, dear",who is this and i am from can i to i can you who is this my i do not i have of that what is this about this is you what is this about no i and the of my is to with the of your with the i i did with that to all the you what do you from me for that i will just about your my i have the the you it is a i is that what you or do you the or me one while i some but i would to that this may be or for or is,Fraud,Fraud
788,Normal,"Agent: Hello? Caller: Thank you for your interest in [ORG]. We are now connecting you with a service professional. Agent: Oh, hello? [curious] Who is this? Caller: Hey. Is it do you have? Agent: [confused] Is it do I have what, dear? I'm sorry, I didn't quite catch that. Caller: No. I was saying hello. Uh, good day. My name is [NAME]. I'm Caller: I'm calling in reference to an online inquiry looki",you for your in we are now you with a who is this is it do you have is it do i have what i am i did not that no i was my is i am i am in to an for i you do you have my are not what they to be what can i do for you that is me an you what was that about i do not out i do not i what was that for was it about you my to all the but he is been for now it is all so i am i am no we a of here as as an i ca,Normal,Normal
789,Normal,"Agent: Hello? Caller: Hello. This is [NAME] with [ORG] calling for [NAME]. Caller: This call is being recorded for quality and training purposes. Agent: [confused] [NAME]? Oh, uh, no, [uncertain] this is [NAME]. [NAME], is it? [curious] And what's this about, love? Caller: Hello? Caller: I'm here to assist you with your health insurance coverage quote. Agent: Oh, [surprised] me health insurance, i",this is with for this is being for and no this is is it and what is this about i am here to you with your me is it i was just at that the other what about it now it is so i will be to with that on what do you from me so what do you from me then are you in a a that what of have for me if we you could us at i am you a few that will me you with the do you have a few no i have a few no was it what is ,Normal,Normal
790,Normal,"Agent: Hello? Caller: Hi. This is [NAME]. I'm responding to the application. Is it for a health insurance plan? Caller: Are you looking for your individual coverage? How many cover it today? Agent: Oh, [confused] the application? Yeah, I think so, for sure. Which one are you, um, referring to? Oh, [curious] the application, right. Yeah, that's me. Um, I was looking for individual coverage, for sur",this is i am to the is it for a are you for your how many it the i so for which one are you to the that is me i was for for just me and now are you i am i i i have through but it is you it here that you have a and your up and you just to if you can more that is it my are up it is i was just to you more that is up i just i more for that is me you how much are you as of now for the i it is and that ,Normal,Normal
791,Normal,"Agent: Hello? Caller: Hello, [NAME]. How are you doing today? Agent: Oh, [calm] I'm doing just fine, dear, thank you. [curious] Who is this, please? Caller: Alright. Alright. I'm so glad to hear that. Well, um, by the way, this is [NAME]. And, uh, actually, ma'am, I'm just reaching out because, uh, there are programs available that provide thousands of dollars now with everyday expenses Caller: uh",how are you doing i am doing just you who is this i am so to that by the this is and i am just out because there are that of now with for yourself and this is a for so us which are to you of you and what of are these that that now what of are these of you that it could be is this through or that that i what of is this is it through the or so can you all there i am here i just i do not this you so ,Normal,Normal
792,Normal,"Agent: Hello? Caller: Hi. Is this [NAME]? Agent: Yeah, [curious] who's this? Caller: Uh, my name is [NAME]. I'm a qualifying specialist with [ORG]. On a recorded and monitored line. I'm following up on the request Caller: we received for information about [ORG]. How are you doing? Agent: Okay. [uncertain] Um, what request was this? Oh, okay, [nervous] um, I'm good. Wait, [ORG]? Caller: Yes. [ORG].",is this who is this my is i am a with on a and i am up on the we for about how are you doing what was this i am did you in a for that i i was into it for my she is been to a and i was just you to her out we can at that and her where she it to be can i have do our that is so are you or i am i just because you have to be or to this and just to for your or so i just to but as i i am a not a so my is ,Normal,Normal
793,Fraud,"Agent: Hello? Caller: Hi. Good morning, miss [NAME]. Agent: [confused] Miss [NAME]? Oh, I think you have the wrong person, dear. My name is [NAME]. Caller: [NAME]? Yes. I'm looking for [NAME]. Agent: [calm] Oh, that's me. Yes. [NAME]. [curious] Who's calling, dear? Caller: [ORG]. Agent: [calm] Oh, [ORG]. [confused] All right. What can I do for you, dear? Caller: You wanted a quote for your sedan? ",i you have the my is i am for that is me who is all what can i do for you you a for your my i did did not i what of did you up with i to with you in to the all what do you what of do you have it is a it is a does that what is your it is that is do you my too on all i am so did you your is a that is and your again i all so what of are we at for my what is your my me it is is that to the much and wh,Normal,Fraud
794,Normal,"Agent: Hello? Caller: Hello, [ORG]? Agent: [confused] [ORG]? No, this is [NAME]. Who's calling, please? Caller: Hello, [NAME]. Could you hear me? Caller: Hi, [NAME]. This is [NAME]. We were just on the phone, and we got disconnected. Agent: Yes, [calm] I can hear you just fine, dear. I just asked who this was. Oh, [NAME]! [surprised] Goodness, I didn't even realize. The phone sometimes just, you k",no this is who is could you me this is we were just on the and we i can you just i just who this was i did not even the just you out here what were we about again could you me could you me i can you you a though what were we about could you me no i am here i am in the so i i was the and then it just off i you up to and then then it off so if you i can you you just a you what were we about again yo,Normal,Normal
795,Fraud,"Agent: Hello? Caller: Hi. Is this [NAME]? Agent: [confused] [NAME]? No, dear, this is [NAME]. You must have the wrong number. Caller: I was looking for [NAME]. Agent: Oh, [calm] yes, that's me, [NAME]. [curious] What can I do for you, dear? Caller: This is [NAME] from [ORG]. This is just a courtesy call because you were on our website and had started to sign up. To have us fix your credit. You did",is this no this is you must have the i was for that is me what can i do for you this is from this is just a because you were on our and had to up to have us your you did not your i just out and up any you may still have and you you your so that we can your was there a you did not up my i that now my was up you and i just i could not what of do you so all on were you at or because you had some on y,Fraud,Normal
796,Normal,"Agent: Hello? Caller: Hi. Good evening. Am I speaking to, uh, [NAME]? Agent: Yeah, [curious] this is [NAME]. Caller: Thank you so much, sir, for answering Thank you so much, [NAME], for answering the call. Oh, actually, this is a verification call regarding your health Caller: insurance application. I am currently pulling up your application right now. Caller: You so much, by the way, for answerin",am i to this is you so much for you so much for the this is a your i am up your now you so much by the for the my what about it my i i am i am all with that but what is up this us now this is i am on of the and of a i am to over the in your we to you this is being for and this will of your at the we will be on your and during this to on your and to as your on the the and other in your if this is w,Normal,Normal
797,Fraud,"Agent: Hello? Caller: Hello. May I speak with [NAME]? Agent: Um, [curious] yeah, this is [NAME]. Caller: Hello. May I speak with [NAME]? Agent: Yeah, [curious] that's me. Caller: Hi, [NAME]. This is [NAME] with [ORG] on a recorded line. How are you today? Agent: Oh, hey [NAME]! [bubbly] I'm good, um, how are you? Caller: Yeah. I was following up on the inquiry. I was I'm doing good. Thank you for ",may i with this is may i with that is me this is with on a how are you i am how are you i was up on the i was i am doing you for i was up i you had with and were you have you been to the off your by the the i i so i i to what is what is this about again this is with so i was up on your in the with your the what about it i was up to the to how we can you but i that when we with you we have not been,Fraud,Normal
798,Normal,"Agent: Hello? Caller: Is this complaint Agent: [confused] Compl... [NAME], that's me. What's this about now? Caller: Yeah. This is [NAME] from [ORG]. Agent: [ORG], [curious] is it? Right then. What can I do for ya, [NAME]? Caller: We called yesterday and talked. Caller: About a reverse mortgage. Caller: I'm with [ORG]. Agent: Oh, right, yeah, [nostalgic] [ORG]. I remember my [NAME] had a policy wi",is this that is me what is this about now this is from is it then what can i do for we and about a i am with i my had a with you her i the me her she had a with did not she what can i do for we you we we we and i you my from that is for that is i that now and what can i do for i am just i am just having a i am just having a with your what is your i can not i it is not in my me is it it is did all ,Normal,Normal
799,Normal,"Agent: Hello? Caller: Hi. Good afternoon, miss [NAME]? Agent: Yes, this is [NAME]. [curious] Who's calling, please? Caller: Hi. Yes, ma'am. I'm reaching out to you from [ORG] about the recent inquiry you submitted with us for life insurance. Agent: Oh, [surprised] an inquiry? Goodness. I don't recall filling out anything like that, you know. [curious] What kind of inquiry was it? Caller: It may ha",this is who is i am out to you from about the you with us for an i do not out that you what of was it it may have it may have been a me one i can you it you to an we had for the i my he a and he all that so i do not an you my he to all that i am not very with it myself a you i do on the but to do all that for me a the my he to all that but so what does that a so much what that is you up you a it i,Normal,Normal
800,Normal,"Agent: Hello? Caller: Hello? Agent: Yes, hello? [curious] Who's calling, please? Caller: [ORG], is this [ORG]? Agent: [ORG], you say? [confused] No, this is [NAME]. Did you, um, dial the wrong number, dear? Caller: Yes. This is is it this is in [ORG]? Agent: No, it's [NAME]. E-D-N-A. [confused] Are you sure you have the right number? Caller: [NAME]? Caller: Uh, yes. Agent: [NAME], that's right. [N",who is is this you no this is did you the this is is it this is in no it is a are you you have the that is and who is this again you did not this is from i am you your you the i do not one of those what of are we about a you now what would i have a for my is off you how does that my is it is off how does a with that i am my is it is off what would i be a for for that for a is your is the with the ,Normal,Normal
801,Normal,"Agent: Hello? Caller: Hello. Is this miss [NAME]? Hello? Agent: Yes, [confused] this is [NAME]. Who's calling, please? Caller: This is [NAME] Agent: [NAME]? [confused] [NAME] who? I don't think I know an [NAME]. Caller: [NAME] from Caller: uh, [ORG]. Agent: Hmm. [confused] Mac... what was that last name again, dear? [ORG]. [long pause] [ORG]... [confused] Now what was that about, dear? I don't rec",is this this is who is this is who i do not i an from what was that again now what was that about i do not this is about a the i out about that what about it are you still in your that we that you for at or were in i might be you all that but what does this now i do not that i it was through you one of those is this a or we of we with so we some of their i so you are a then for and what are you wi,Normal,Normal
802,Normal,"Agent: Hello? Caller: Hi, [NAME]. Agent: Yes, [curious] that's me. Caller: Hi. My name is [NAME]. I have here you are looking for health insurance. Is that correct? Agent: Oh, um, [uncertain] health insurance, yeah. I suppose I am, always looking to, you know, make sure we're covered. What—what kind of plans are these? Caller: So I work with every carrier in the state. Is there something in partic",that is me my is i have here you are for is that i i am to you we are what what of are these so i with every in the is there in just for you or for a every it is for me and my our is at now so he is on his own i so just the of us and what do you from me for this so would and i the most i would is your and if do not it will be though but that would be what is and you it to i i can you my that is it,Normal,Normal
803,Fraud,"Agent: Hello? Caller: Hi. This is [NAME] calling from [ORG]. Caller: On recorded line. Am I speaking with [NAME]? Agent: [ORG]. [curious] Okay. Yes, [curious] this is [NAME]. Caller: Hello? Agent: Yes, yes, [confused] I am here. Caller: Okay. Great. So we received your inquiry, sir. Agent: My inquiry? [confused] Oh, okay. Yes. Caller: So for, um, that assistance. Agent: Oh, [uncertain] the assista",this is from on am i with this is i am here so we your my so for that the i so me and the that you just to you are in the of that is i am in so do you have some to our to if you are for our i so i have a few what is this about so may i do you to some or do you to it i do not what you are a my i have a what about it or do you do you to some more i i have my you and some i do not about more what of ,Fraud,Normal
804,Normal,"Agent: Hello? Caller: Hi. Is this [NAME]? Agent: Aye, [curious] that's me. Who's this now? Caller: My name is [NAME]. I'm with [ORG]. Caller: So we're the [ORG] authorized providers on a recorded line. Agent: [ORG]? Oh, [confused] right, yeah. Oh, [ORG]. Right, [confused] yeah. What can I do for ya, [NAME]? Caller: So I was just reaching out because we got your inquiry at our website about getting",is this that is me who is this now my is i am with so we are the on a what can i do for so i was just out because we your at our about the up so i was just what we could do for you the i been into that you a while me is not what it to be it what was i for that i am not it just that you about the just a few but i can you up a few you no i i am to the you since she about that so what do you have so ,Normal,Normal
805,Fraud,"Agent: Hello? Caller: Hello, [NAME]. This is [NAME] on a recorded line calling about the inquiry that we received from you. Caller: How are you today? Agent: [confused] The inquiry? Uh, [confused] inquiry? Man, I'm good, I'm good. Just, uh, you know, trying to get through the day. What, uh, what inquiry is this now? Caller: You must have filled out an inquiry for either a loan or consolidation opt",this is on a about the that we from you how are you the i am i am just you to through the what what is this now you must have out an for either a or the that is i been into some what about it to what we can do here for you how much are you for i i was just what was out there you what is what is even we do not yet we have to out an we will what we what what me what then we will be to over those and,Fraud,Fraud
806,Fraud,"Agent: Hello? Caller: So Hello? Agent: Hello? [curious] Who is this? Caller: Hello? Caller: Hi, ma'am. Hi, ma'am. This is [NAME]. I'm calling from the [ORG]. How are you doing today? Are you okay? Agent: Yes, hello? [curious] I can hear you, dear. Who's calling? Oh, [calm] hello [NAME]. I'm doing fine, dear, just a little bit confused. [curious] What [ORG] did you say? Caller: Hello? Caller: I'm c",so who is this this is i am from the how are you doing are you i can you who is i am doing just a what did you i am from this is the all and what is this about do you i am not i is this about you my or that do you about i i have the you but i do not what does it in this i can it it is only i can you by the i and what of are we about my that that how does that that so it is from the what is the and,Fraud,Fraud
807,Normal,"Agent: Hello? Caller: Hi. Is this mister [NAME]? Caller: Is this [NAME]? Agent: Uh, yeah, [curious] who's this? Caller: Hi, [NAME]. My name is [NAME]. I am a licensed insurance agent with [ORG]. Caller: On behalf of [ORG] on a recorded and monitored line. Caller: Are you doing today? Agent: Okay. Oh, hey. [calm] I'm good, just, uh, chilling. What's up? Caller: Well, the reason I'm glad to hear tha",is this is this who is this my is i am a with on of on a and are you doing i am just what is up the i am to that you are doing so the for my is just that i am up on a we for about in your i i i i do not up for that but what is it about so do you have a so do you have a and i so what about it i am i did not you do do you have a and i so what about it i i one of those in the a while what about it so,Normal,Normal
808,Normal,"Agent: Hello? Caller: Hi. This is [NAME] from [ORG]. Caller: And I'm calling about your recent request for the health insurance quotes. Caller: Will this be an individual or a family plan? Agent: Oh, [curious] okay. Um, hi [NAME]. Oh, [confused] um, the health insurance quotes, right. Yeah.  Well, it would be an individual plan, I think. For me. Caller: Yes, sir. Agent: myself. Caller: Alright. Ok",this is from and i am about your for the will this be an or a the it would be an i for me myself and may i if are you now what what is this about again am i am i now i i i am i have a through my and you are still for a you i am to to i what of do you do you have that is a so our on the other will in to you and may i if you have the for the i so you are to me with then the for the i that is that is,Normal,Normal
809,Normal,"Agent: Hello? Caller: Hi, miss [NAME]. This is [NAME]. I'm calling on a recorded line from [ORG] You submitted your information online about protecting your home on [ADDRESS] with a home warranty. We're here covering all the major systems and appliance I can get you some more information on how it works okay. Agent: Oh, [curious] [NAME]? Is that what you said? My name is [NAME]. But yes, I did fil",this is i am on a from you your about your on with a we are here all the and i can you some more on how it is that what you my is but i did out about that i what was it again and what does a you i am not what that our all the and so if your or your were to out we would that and same for your and your your and a of other i can on the who would who can you the on that we so my that would be it is so,Normal,Normal
810,Normal,"Agent: Hello? Caller: Hi. This is [NAME] with [ORG]. Uh, I'm calling from [ORG]. Uh, am I speaking with [NAME]? Agent: Uh, it's [NAME]. E-D-N-A. But yes, [calm] that's me. What can I do for you, dear? Caller: Yes, ma'am. I'm calling because, uh, you responded to, uh, life insurance request that you submitted. And so I wanted to, uh, review that with you quickly. Um, that way we can, um, get you se",this is with i am from am i with it is a but that is me what can i do for you i am because you to that you and so i to that with you that we can you up and your in the that you it will not at all i just to that we have your your for the and then we will you over to and just you this may be and so i have here as your of as and you in is that no not i in been here since and my is not did you that fr,Normal,Normal
811,Normal,"Agent: Hello? Caller: This is [ORG]. We're calling about your auto insurance quote request. Please stay on the line, and we'll connect you with a representative now. This call may be monitored or recorded. Agent: [confused] My auto insurance quote? Oh, uh, yeah. Okay. Caller: Thank you for calling [ORG], America's number one choice for affordable quality coverage no matter your insurance needs. Th",this is we are about your on the and we will you with a now this may be or my you for one for no your this is how can i you i was just on and it about an what is up with that were about an i is that and what can i do for you i is this about a i do not for one that it is an me what it is about i if you a you just to with no is that or no a that is i was i was into that my i a on so what is the with,Normal,Normal
812,Normal,"Agent: Hello? Caller: Hi. Is this [NAME]? Agent: Yes, [calm] this is [NAME]. [curious] Who's calling, please? Caller: Uh, Hi. Hi, missus hi, missus [NAME]. I'm [NAME]. With the [ORG] in [ADDRESS]. Agent: Oh, [calm] okay. And what can I, [curious] what can I do for you, [NAME]? Caller: How are you? Agent: I'm doing fine, [calm] thank you. [curious] What can I do for you, [NAME]? Caller: Can you hea",is this this is who is i am with the in and what can i what can i do for you how are you i am doing you what can i do for you can you me can you me i can you just what can i you with i can you just what can i you with so i a i some i some from you a and that is what i in i am in a i i did in the about that what does that for me the i i did about that a while what was it you you did a while do you ,Normal,Normal
813,Normal,"Agent: Hello? Caller: Hi, [NAME]. This is [NAME] calling on a recorded line from [ORG]. It looks like you had submitted your information in online about protecting your home on [ADDRESS] with a home warranty. We are covering all the major systems and appliances, I'll get you more information on how it works. Okay? Agent: Oh, [surprised] [ORG]? Yes, I think I did look into something like that recen",this is on a from it you had your in about your on with a we are all the and i will you more on how it i i did into that what of are you about the why we are out to you is because we you the of your own and we have for and so me just up some for you so what does this again that so what all does it one me me just one your so what was your again i did not it there i do your so you for through the th,Normal,Normal
814,Normal,"Agent: Hello? Caller: Hello, [NAME]? Agent: Yes, [calm] this is [NAME]. Who's calling, dear? Caller: This is [NAME]. We spoke yesterday. I'm calling you back. Agent: Oh, [calm] [NAME], yes. [confused] I get so many calls these days, you know. What were we talking about again? Caller: Uh, home warranty. Agent: Oh, [calm] the home warranty, right. Yes, [NAME] used to handle all that. [curious] What ",this is who is this is we i am you i so many these you what were we about again the to all that what was it you were about it we about the how much does it and you you are about it and you would with your to it i that is i did my he is just so with you did you this was that would the because it is been a it that would be such a it so here in you and you this was a how much was the again and that i,Normal,Normal
815,Normal,"Agent: Hello? Caller: Hello, [NAME]? Agent: Yes, [curious] that's me. Who's calling, please? Caller: Hi. This is [NAME] from [ORG]. You did show interest in getting the home warranty list. Agent: Oh, [surprised] a home warranty? Yes, I suppose I did, didn't I? [NAME] used to handle all that, you know. [curious] What kind of warranty is this? Caller: Okay. Caller: This is [ORG] for the home applian",that is me who is this is from you did in the a i i did did not i to all that you what of is this this is for the you and are you still in the same in are you still there for the that would be would not it my has been a so what does this that is same same so what does this is it for the or what all it is to all of your me you our we are a in your on our most which is the which all of your and such,Normal,Normal
816,Fraud,"Agent: Hello? Caller: Hello? Agent: Oh, hello there. [curious] Who's this now? Caller: Hello. Am I speaking with [NAME]? Agent: Aye, that's me. [NAME]. [curious] Who's calling, if you don't mind me asking? Caller: Hello, [NAME]. Caller: Yes. This is [NAME] from [ORG] calling you for the inquiry that you submit to get assistance with your debt. Agent: [confused] [NAME]? No, no, it's [NAME]. [NAME].",there who is this now am i with that is me who is if you do not me this is from you for the that you to with your no no it is i what was it now i so many of these you in the we never had all this just a and a you are i was just into you me me a is not it so what can you me me just here the one just to how did you about it is not no no how did i about it i i it or an you i was just into are a these,Fraud,Normal
817,Normal,"Agent: Hello? Caller: This is [ORG]. We're calling about your insurance quote request. Please stay on the line, and we'll connect you with a representative now. This call may be monitored or recorded. Agent: [curious] Oh, my insurance quote request, is it? Right. Caller: Hello. Thank you for taking my call. My name is [NAME], uh, following up on that quote that you request online. Caller: Do you h",this is we are about your on the and we will you with a now this may be or my is it you for my my is up on that that you do you have a to up the the i was just into you for the me it is it the i now i have a few no at all that is me how can i me this so you are about me that is me i am here what is all this about now so you are about me you for the no no what can i do for so i am just with so you ,Normal,Normal
818,Normal,"Agent: Hello? Caller: May I please speak to miss [NAME]? Agent: This is [NAME]. [curious] Who's calling, dear? Caller: Oh, hi, ma'am. I am [NAME] from [ORG]. And but by the way, ma'am, before I proceed, I just want to let you know this call is being recorded for quality and training purposes. Um, we're calling regarding the online inquiry we received regarding a Caller: medical supply uh, testing ",may i to this is who is i am from and but by the before i i just to you this is being for and we are the we a what now and what i do not out an i i do not out that what of are you about me just that for you with me i am here on a you here you are in a i i i might have at that you a while is this for or not that but i i do not have you are you you have the or i the this is what i can on the and thi,Normal,Normal
819,Fraud,"Agent: Hello? Caller: Hi. This is [NAME]. Agent: [NAME]? [curious] Yes, how can I help you? Caller: This is [NAME]. Caller: This is [NAME] with [ORG] on a recorded line. How are you doing today? Agent: [NAME]. [curious] Okay, [NAME]. How can I help you today? [NAME]. [calm] I am good, thank you. And you? Caller: Yes. Agent: Okay. Caller: Good. Good. Thank you. Thank you for asking. So it looks lik",this is how can i you this is this is with on a how are you doing how can i you i am you and you you you for so it you had out to some for that or some with your the i did what what can we do about this this is this is what we will do i am i am you some about your over your with you so i could how to and then from there i am you a you through the and i will your your and you how does that that tha,Fraud,Normal
820,Normal,"Agent: Hello? Caller: Recorded line. Agent: Oh. [confused] Alright. Um, who's this, please? Caller: Hello? This is [NAME] from [ORG] on a recorded line. We were reaching out to let you know that you may be qualified to speak with our team about [ORG] benefits and savings. Would you be interested in going over that this morning? Agent: Oh, [curious] [ORG] benefits, you say? Well, I suppose I could.",who is this this is from on a we were out to you that you may be to with our about and would you be in over that this you i i could what does that so they will over your for you and you if there is any and for you and you are in the for the i and this is for my you i so it is about i am in the you for the the for the you and what of are we about here so they will to if you have a for you their wit,Normal,Normal
821,Fraud,"Agent: Hello? Caller: Hi. Is [NAME] there, please? Agent: Yeah, this is [NAME]. [curious] Who's this? Caller: Hi, [NAME]. This this is [NAME] at [ORG] on a recorded line. How are you? Agent: Oh, hey [NAME]. [nervous] Um, I'm okay. What's up? Caller: Well, I'm just giving you a callback. You're on our website looking for some help some debt that you might have. Is that correct? Agent: Oh, [confused",is there this is who is this this this is at on a how are you i am what is up i am just you a you are on our for some some that you might have is that i i was just around you what did you about i was you a to about your and this a or do you me to you a i i do have some and you no i i just off so i am just at are you still on the where you still i are you were you for with your or what what is what,Fraud,Normal
822,Normal,"Agent: Hello? Caller: This is [NAME] with [ORG]. I'm following up on the auto insurance quote you requested. Caller: You have a quick moment to discuss your quotes? Agent: Oh, [curious] the auto insurance quote, yeah. Oh, [curious] the auto insurance quote, yes. I do have a moment, um, what did you find? Caller: Awesome. Quick note. Caller: This call uses AI and will be recorded. Let's get started",this is with i am up on the you you have a to your the the i do have a what did you this and will be us is the for you i am that is i have your can i have your of and what was your again my of it is and from me did you did you that what is it have you had any or in the past no i have not no or have you had any or in the past no or in the past no no that is nothing or in the past that is you for yo,Normal,Normal
823,Fraud,"Agent: Hello? Caller: Hi. Is this [NAME]? Agent: Yes, this is [NAME]. [curious] How can I help you? Caller: This is [NAME] with [ORG]. How are you today? Agent: I'm good, thank you. [calm] How can I help you? Caller: I was following up on our discussion from Friday or from Thursday. Do you remember talking to me? Agent: Hmm. [confused] On Thursday... I — I don't recall, actually. What was it about",is this this is how can i you this is with how are you i am you how can i you i was up on our from or from do you to me on i i do not what was it about about the the of i am i have so many on what about them did you to me i am just a you about it because i am not what the would be can you me i you a via and the was the i do not i that yet could you it us a here it was me it and just the i just it ,Fraud,Fraud
824,Normal,"Agent: Hello? Caller: Hi. Good morning. This is [NAME] from [ORG] calling back on a recorded line. [NAME]? Agent: Oh, good morning. [confused] [NAME]? Is that what you said? Caller: Hi. Caller: [NAME]? Agent: My name's [NAME]. E-D-N-A. Did you have the right number, dear? Yes, it's [NAME]. [calm] That's me. What can I help you with, dear? Caller: Hi. Hi. It looks like we got a request for a callba",this is from on a is that what you my a did you have the it is that is me what can i you with it we a for a your the i i did in a about that to all that you so what of are you about so we we all the so it all of them so what is this for you me all here is this is this what now i do not that you me about my did not you who did you you were with again you just and what were you about the us here are,Fraud,Fraud
825,Fraud,"Agent: Hello? Caller: Hello? Agent: Yes, hello? [curious] Who's calling, please? Caller: My name is [NAME]. Who's this? Agent: This is [NAME]. [confused] Did you dial the wrong number, dear? I don't know any [NAME]. Caller: Hi, [NAME]. Uh, yes. Uh, I dialed the number correctly. Uh, [NAME] called uh, to get some insure or information about a policy. Caller: On, uh, from [ORG]. Agent: Oh, [surprise",who is my is who is this this is did you the i do not any i the to some or about a on from i did i do not doing that you what of was it it is for a a that to all that but he a few so what about it what do you what about it you us i i did my is not what it to be you so what now am i up for do you be up for i if it is a i might be to what of are we about you about a that is i about it so what of do ,Fraud,Fraud
826,Fraud,"Agent: Hello? Caller: Hey. How are you doing? This is [NAME] with [ORG]. Agent: Oh, [confused] [ORG]. Hmm. I don't think I know you, dear. What is this about? Caller: Mhmm. Yeah. I'm following up regarding an inquiry. Agent: An inquiry? [curious] What kind of inquiry would that be? I don't recall... Caller: Someone put in yeah. Agent: Someone put in an inquiry? [confused] For me? I don't recall...",how are you doing this is with i do not i you what is this about i am up an an what of would that be i do not in in an for me i do not what was it about in a with this and it is for an or in a with us that is why i am out if it is i can just it no a i i do not you i am so a for what are you that is me is this that is me so what is this about a i do not so this is a out to us they were to with that,Fraud,Normal
827,Fraud,"Agent: Hello? Caller: Hello? Agent: Ah, hello there! [curious] Who's this now? Caller: Yeah. Is this [NAME]? Agent: It is, yeah. [NAME], that's me. [curious] And who am I speaking with? Caller: Hey, [NAME]. This is [NAME]. I'm on a recorded line. How are you today? Agent: [NAME], is it? [calm] Grand, grand, can't complain, me boy. Just finished me tea. And yourself? What can I do for ya? Caller: I",there who is this now is this it is that is me and who am i with this is i am on a how are you is it can not me just me and yourself what can i do for i have my here that you were for some so just me what your is for how much are you for how much did you to with what now the now what of was that again me is not what it to be it you we have some and then we can you out with some of your if you have,Fraud,Normal
828,Normal,"Agent: Hello? Caller: Hi. This is [NAME]. I was calling for [NAME] about a request for a free windows estimate. Agent: Oh, [surprised] a free window estimate? Yes, I think I did, um, sign up for something like that. [curious] What kind of windows are we talking about? Caller: It depends on what you choose. Like, they come out and they do the estimate, and everything depends on what you choose. Lik",this is i was for about a for a a i i did up for that what of are we about it on what you they out and they do the and on what you there is you what i then the it could be and then it on the of the you what i a a or just you a with you the in it so it all on what you they do out they the they have and such and then they over with you the is and it is for a does that you might be that is a of my he,Normal,Normal
829,Normal,"Agent: Hello? Caller: Hi. This is [NAME] from [ORG]. Agent: Oh, [curious] [ORG]? Well, I suppose I have insurance. [confused] What's this regarding, dear? Caller: Oh, okay. For the car insurance quote that you that you fill out in our system, ma'am, Oh, but we talked last week. You wanted to bundle your car your two twenty eighteen Toyota Camry with your home, but we cannot find any company that A",this is from i i have what is this for the that you that you out in our but we you to your your with your but we can not any that the for the i i do not out a are you you have the we can are you still for a my is not what it to be i out that so what was the again the i out to all that you but now it is just me so what was the with we can not we could not any that with your and with your i so you c,Normal,Normal
830,Normal,"Agent: Hello? Caller: Hi, [NAME]? Agent: Yes, this is [NAME]. [curious] Who's calling, please? Caller: Hi. Hi, [NAME]. My name is [NAME]. I'm calling with [ORG]. The home warranty company. How are you today? Agent: Oh, [calm] [NAME]. [ORG]. Yes, I think I remember seeing something about that. [curious] What can I do for you? Caller: Yes. Well, I'm I'm hoping maybe that I might be able to, uh, help",this is who is my is i am with the how are you i i about that what can i do for you i am i am that i might be to you out a it across my it you were for just some on does that a for you a i i i did you into that a while what of did you so it it just across my that you were for so i was just a you to any that you might have and i also to you that we here at are we are some and if you have a i would ,Normal,Normal
831,Normal,"Agent: Hello? Caller: Yes. Hi. My name is [NAME]. I'm calling from [ORG] on a recorded line. We are just following up to schedule the solar consultation with one of our experts real quick. Caller: Uh, is this [NAME]? Agent: Oh, [curious] a solar consultation? I don't recall signing up for that. Oh, [confused] a solar consultation? Um, yes, this is [NAME]. I don't recall setting that up, dear. What",my is i am from on a we are just up to the with one of our is this a i do not up for that a this is i do not that up what was this about we had an that in us that that that you were in more about for the so that is what we were to that though who did you you were with again an my he to all that so i do not what was it about an i do not do much myself an i do not do much on the myself you my he to ,Normal,Normal
832,Normal,"Agent: Hello? Caller: Four? Hi. This is [NAME] calling from I'm calling for miss [NAME]. Agent: Oh, [calm] yes, this is [NAME]. What can I do for you, dear? Caller: Uh, I I received a quote. I'd like to know what you were looking for. Agent: A quote? [confused] Oh, um, I don't quite recall. [curious] What kind of quote are you talking about? Caller: Yeah. Request for a quote. Agent: Oh, [confused]",this is from i am for this is what can i do for you i i a i would to what you were for a i do not what of are you about for a a for a and what was that about again my is not what it to be one all i will just here can can i can i have your or are you still there my i do not that out over the you is that just to about this your i do not that out over the you is there another to we have to and up a u,Normal,Fraud
833,Normal,"Agent: Hello? Caller: Hi. This is [NAME] from [ORG]. I'm calling about your recent request for health insurance quotes Caller: Will this be individual plan or a family plan? Agent: Oh, yes, [calm] the health insurance quotes. Oh, [confused] a request for... health insurance quotes? Well, I mean, I suppose it would be for a family plan, um, for me and [NAME]. Caller: Hello? Alright. Caller: For you",this is from i am about your for will this be or a the a for i i it would be for a for me and for you a i am here i was just for you to that is for my i am here you were about a us will not up the and are you now i was just for you to me what you i am we will of that and also what is your for a my me it is about one and i i will on that for you and do you have any we to that are no not i and i are,Normal,Normal
834,Fraud,"Agent: Hello? Caller: Hello? Agent: Yes, hello? [curious] Who's calling, please? Caller: Hi. Is this hi. Is this is this miss [NAME]? Agent: Yes, this is [NAME]. [curious] Who's calling, dear? Caller: Yes. Caller: Hi. This is [NAME] at the [ORG]. Agent: Oh, [curious] the [ORG]? What can I do for you, dear? Caller: Uh, do you remember contacting me? Agent: [confused] Contacting you? Hmm. I don't — ",who is is this is this is this this is who is this is at the the what can i do for you do you me you i do not i do not that what was it about do you do you do you with me about an an my is not what it to be what did we about we are about your my is with them all that you i was you could me with a a i was a so i might be to what of is it could you me the of one that is an one the of one is now what,Fraud,Fraud
835,Fraud,"Agent: Hello? Caller: Hi. My name is [NAME], and I'm a certified debt specialist with [ORG]. We're on a recorded line. I'm trying to get in touch with [NAME], please. Agent: Yes, this is [NAME]. [calm] What can I do for you, [NAME]? Caller: [NAME], I we've, um, I work for [ORG]. We received an inquiry that you inquired about our services. Do you still have interest in the programs? Agent: Oh, [con",my is and i am a with we are on a i am to in with this is what can i do for you i we have i for we an that you about our do you still have in the an i do not out that you what of are you about that is we who are who have that are having there are that we have but we only when out to us it is that you for a or that and then one of the may have you to us if you are not i can the i am just up on the ,Fraud,Normal
836,Fraud,"Agent: Hello? Caller: Hi, [NAME]. This is [NAME] with [ORG]. How are you doing this morning? Agent: Ah, [NAME], love. [curious] [ORG], is it? I'm grand, thanks. Just having me tea here. And yourself? Caller: Correct. I'm doing well. Thank you. Um, is this a good time to talk? I received a request for help with the tax issue. Caller: And I just wanted to make sure that I had some time to talk with ",this is with how are you doing this is it i am just having me here and yourself i am doing you is this a to i a for with the and i just to that i had some to with you the a for you that is i was into you some me it is all a of a is not it on i have a for i i did some with the the what can i do for i have this here that you an to the and i was just to if it is that i can you with that is the with t,Fraud,Normal
837,Normal,"Agent: Hello? Caller: Hi, [NAME]. This is [NAME] calling on a recorded line from [ORG]. We spoke to you recently about coverage on your Chevy Volt. Caller: We found some better pricing options, uh, and wanted to update you with real quick. Caller: Is everything still running okay on the vehicle? Agent: [NAME]? [confused] Ah, no, [uncertain] this is [NAME], love. [NAME]. You must have the wrong num",this is on a from we to you about on your we some and to you with is still on the no this is you must have the no i you have the there this is no this is you have the i no i just it i am so about that no no at all so what was this about a now you were i am so you have a no no it is a no at all i was just out to no it is no you are so what can i do for that you for some and i to you that is still o,Normal,Normal
838,Fraud,"Agent: Hello? Caller: Hey. How's it going? [NAME] here at [ORG]. Just reaching out for [NAME]. Agent: Oh, [calm] hello [NAME]. [NAME] here. Going, um, going just fine, I suppose. [curious] What can I do for you, dear? Caller: Okay. Agent: What was that, dear? [confused] I didn't quite catch it. Caller: Well, you inquired for about seventeen thousand. Five hundred, and just trying to see Caller: if",it here at just out for here just i what can i do for you what was that i did not it you for about and just to if you in to either are you for a what are you to do i i i do not about a what was that for again the i was me with that before he what was it about again it i do not did did you have with the you me that a and what was that for you i do not that but did most of the is this about my then ,Fraud,Normal
839,Normal,"Agent: Hello? Caller: Hi. May I please speak to [NAME]? Agent: [confused] Uh, yeah, this is [NAME]. What's this about? Caller: This is [NAME] from [ORG]. Agent: Okay, [curious] [NAME]. What can I do for you? Caller: We had received a request for a home insurance quote online. Agent: Oh, right, [curious] yeah. I think I did that, uh, last week. So what's up? Caller: So what I so what I would like t",may i to this is what is this about this is from what can i do for you we had a for a i i did that so what is up so what i so what i would to do now is you with one of our to you are all of the you were to so you are me to now i i was just you what is out there so what do you from me for that so the would have more on what they would from you you did they would have and they just might have some u,Normal,Normal
840,Normal,"Agent: Hello? Caller: Hey. This is [NAME] from [ORG]. Caller: Am I speaking with [NAME]? Agent: [ORG], [curious] is it? Ah, you are. [curious] This is [NAME]. Who's this now? Caller: Hey, [NAME]. I'm [NAME] with [ORG]. I'm following up on a form you submitted looking for some health insurance info. Just need to grab a few quick details to get you connected with a licensed agent. Agent: Oh, right, ",this is from am i with is it you are this is who is this now i am with i am up on a you for some just to a few to you with a the i i did out that now that you it you what of would just the to you up off are you for a or just an for yourself just for her she a few so it is just me now i am so to that about so just an for you then and how are you she was a she was we had some you no she is in a now ,Normal,Normal
841,Fraud,"Agent: Hello? Caller: Hi. This is [NAME] with [ORG]. You had an inquiry online. Caller: I'm following up on. Agent: Oh, [curious] the tax thing? Yeah, I think I did, like, a while ago. Oh, [curious] yeah, the — the tax thing. Right. Caller: Correct. Did you need some assistance? Agent: Uh, yeah, I mean, [uncertain] I guess so. What's up with it? Caller: Okay. We're not the [ORG]. We're a tax resol",this is with you had an i am up on the i i did a while the the did you some i i so what is up with it we are not the we are a so did you us to you with your i i was just into you my i to it how much do you i am not even to be it is a few i it is all it is a so do you and or just so what do you do to with that i it is but some too i am not not how to to be that is what is your and do that we do for,Fraud,Fraud
842,Normal,"Agent: Hello? Caller: Yeah. Hi. I'm [NAME] with [ORG] I'm calling you for the assurance interest to get home warranty and we are running a flight sale today in your area. Caller: Can I have a moment from your time to fill you up pocket? Agent: Oh, [curious] a home warranty, you say? I think I might have filled out something about that, you know. What kind of sale is it? Oh, [curious] a home warran",i am with i am you for the to and we are a in your can i have a from your to you up a you i i might have out about that you what of is it a you i might be what of a are we about so as for we are and it is for our most the i am you what it is now and if there is you to just me so it is your and such as and and so is that the of you are for and that a of the but since he it is been a that all you th,Normal,Normal
843,Normal,"Agent: Hello? Caller: Hello. My name is [NAME] from [ORG] speaking on a recorded line. Am I speaking to miss [NAME]? Agent: Yes, [calm] this is [NAME]. [curious] What can I help you with, dear? Caller: Well, we're reaching out because it looks like you qualified to speak with one of our licensed agents about [ORG] savings and benefits. Agent: [ORG] savings, [hopeful] you say? Oh, [long pause] that",my is from on a am i to this is what can i you with we are out because it you to with one of our about and you that and how did you about me for that it you may have either us or with us in the past or you could have on one of our i do not on any you to do all that so what of are we about here it could be and that can you throughout your i can you on the with our and they can you all of those and ,Normal,Normal
844,Fraud,"Agent: Hello? Caller: Hello, [NAME]? Agent: Yes, [curious] that's me. Caller: Hello? Agent: Yes, [curious] I can hear you. Is this about my — my utilities? Caller: Hi. Good afternoon. This is [NAME]. From [ORG] on a recorded line. How are you doing? Agent: I'm good, thank you. [calm] How are you, [NAME]? Caller: I am doing very good. Thank you for asking. Um, [NAME], I'm following up on an active ",that is me i can you is this about my my this is from on a how are you doing i am you how are you i am doing very you for i am up on an you have with us on to that for your so i do not if this is a but i we were for some is what i the the what about that the what what is this the what what were you for an i i have a what was it it was a to that the i into that what about it did you to those becaus,Fraud,Fraud
845,Normal,"Agent: Hello? Caller: [NAME] with [ORG] on a monitored and recorded line. Is this [NAME]? Agent: Uh, yeah, [confused] this is [NAME]. What's up? Caller: Hey, sir. Uh, this is [ORG]. Just responding to request for a life insurance quote. Agent: Oh, [confused] a life insurance quote? Yeah, I mean, I guess. I was just, uh, like, looking into stuff, you know? What's, uh, what's this about exactly? Cal",with on a and is this this is what is up this is just to for a a i i i was just into you what is what is this about what of did you into the the i i do not up for that what what is the the i can do so they they at and up from there we can just on what you for you are in so what do i do for that then no i am in not it it it and of is that is it and are you or to to at i am you do you do you have a ,Normal,Normal
846,Fraud,"Agent: Hello? Caller: Hi there. I'm [NAME] with the [ORG]. We are doing a routine check on unclosed accident files today, and I'm calling about a pending compensation claim that was never finalized. I hope your day is going well so far. Agent: Oh, [confused] unclosed accident files? Goodness. [curious] What claim would that be, dear? I'm not sure I follow. Caller: It looks like the compensation on",there i am with the we are doing a on and i am about a that was never i your is so what would that be i am not i it the on this was never just to i have the were you in an within the an i there was that you at the i was too to the is that what this is about me a on for you now one a then i will this is with on a how are you i am doing just a about this what is this about a that was not your will b,Fraud,Fraud
847,Normal,"Agent: Hello? Caller: Yes. Hi. Caller: Good afternoon, miss [NAME]. How are you? Agent: Yes, hello, [curious] who's calling please? I'm fine, thank you. [curious] Who is this? Caller: That that's great to hear. Well, my name is [NAME], I'm calling you from [ORG]. I'm a customer service representative. Caller: First of all, I just wanna start up by saying that this call should only take one to two ",how are you who is i am you who is this that that is to my is i am you from i am a of all i just up by that this should only one to to if there is any for me to be with you and if not i you i will not your now what was this about again that so what is this about then this is about so again i just we are for a i you have a and i i i am all with that but what were you about i do have a and what of a,Normal,Normal
848,Normal,"Agent: Hello? Caller: Hey, [NAME]? Agent: [curious] Yes, who's this? Caller: Hello? Caller: Hey, [NAME]. I just had a couple seconds to get back to you. Uh, this is just [NAME] with the [ORG] department. I'm a licensed sales agent on a recorded line. Now it it looks like you put in some info about possibly looking for personalized [ORG] quotes. Caller: I guess, to make sure you don't have any big ",who is this i just had a to to you this is just with the i am a on a now it it you in some about for i to you do not have any in or that you are not too much is is that i who is this i can you i i did that did not i what of are we about i i i did that you all that but since he it is just me now so what of are you about i am i am your up you you that so what of are you about so what of are you abou,Normal,Normal
849,Fraud,"Agent: Hello? Caller: Hello? Hello, [NAME]. This is [ORG] Agent: Oh, hey! [curious] What's up? Caller: Yes. You have won the fifty thousand dollar sweepstakes Agent: Wait, really? [surprised] Oh my gosh, the sweepstakes! I totally forgot I even entered that. That's crazy! Caller: [NAME], shall I deposit your cash that you have now received Caller: from the lottery? Agent: Yeah, that's right! [hope",this is what is up you have the my the i i even that that is shall i your that you have now from the that is it i could that you for how do we how do we do that i a from you in to this a so you my or over the is that what is it for it is for to your on me my one so it is did you that me to it again that is and who should i it out to so then what after that that is me and what is your it is that no,Fraud,Fraud
850,Normal,"Agent: Hello? Caller: Hello. Yes. Is this miss [NAME]? Agent: Yes, this is [NAME]. [curious] Who's calling, please? Caller: Hi. Yes. This is [NAME] with [ORG]. Uh, looks like you were speaking with [NAME] earlier. [NAME] for your [ORG] to help with, like, additional meals and transportation and things like that? Agent: Oh, [confused] [NAME]? I don't... I don't recall speaking to a [NAME]. [curious",is this this is who is this is with you were with for your to with and and that i do not i do not to a what was this about you it was with your with your who did you you were with again my he to all that you since he it is all just been a much so what about my is it it was a so our is just to that you are you on the most this and and you not out on any so if there is for to with with you those are,Normal,Normal
851,Normal,"Agent: Hello? Caller: Hi. Am I speaking with [NAME]? Agent: Yeah, [curious] that's me. Caller: Hello? Miss [NAME] or [NAME]? Agent: Oh, sorry! [nervous] Yeah, it's [NAME] [NAME]. Caller: Are you real life or are you a robot? Agent: What? [confused] Yeah, it's me, [NAME]. Who is this? Caller: Um, my name is [NAME] [NAME]. Agent: Okay, [NAME]. [curious] What can I help you with? Caller: I'm calling ",am i with that is me or it is are you or are you a what it is me who is this my is what can i you with i am in to your for do you still any are you the i did that a while the i i did that a while what is the on it i am to if you any were you to into i i have some through my but it is not you so i was for other and how much is your with your it is i it is a you a a and the is just me about it it is,Normal,Normal
852,Normal,"Agent: Hello? Caller: Hi, [NAME]. Hi. Is this [NAME]? Agent: [calm] Yes, this is [NAME]. Who's calling, dear? Caller: [NAME], are you there? Caller: Hi. Caller: Hi. This is [NAME]. I'm with insurance. I was giving you a call because you were on our website looking for health insurance coverage. Caller: What had you shopping for the, uh, new coverage? Did you lose the plan, or are you just looking ",is this this is who is are you there this is i am with i was you a because you were on our for what had you for the did you the or are you just for how can i are you still with me i just i was can you me i am here i just who this was can you me the i do not do much with you my all that what of were you the i do not being on any my all that for me but what of are you about i am here you i i do not ,Normal,Normal
853,Fraud,"Agent: Hello? Caller: Hello. Am am I speaking to miss, uh, [NAME]? Agent: Yes, [calm] this is [NAME]. Who's calling, please? Caller: Hello? Agent: Hello? [confused] Can you hear me, dear? I said, this is [NAME]. Who is this? Caller: Sure. This is [NAME] with yeah, this is [NAME] with [ORG] here on a recorded line. Uh, we had a callback scheduled for you at this time. Is it still a good time for yo",am am i to this is who is can you me i this is who is this this is with this is with here on a we had a for you at this is it still a for you i i do not a are you you have the i i did not it myself but there is a for this for you and it you did with one of our about a so it may be from from that do you i i do not that what was this about again i i to so many these what was it about again my is not,Fraud,Normal
854,Normal,"Agent: Hello? Caller: Yes. Good afternoon. This is [NAME]. Hello? Agent: Yes, [calm] this is [NAME]. Who's calling, dear? Caller: And good afternoon, ma'am. This is [NAME] calling from [ORG]. I'm actually following up Uh, we received an online request form for additional information. I was calling you back to see how we can be of help or answer any questions that you may have. Uh, were you trying ",this is this is who is and this is from i am up we an for i was you to how we can be of or any that you may have were you to or were you to a i i do not out that what of was it so what we do here we with who have we when they are to from on their a of are to their if they have a with them whether it is a a a or an itself were you at into that or the all that for me you what was it you to about it ,Normal,Normal
855,Fraud,"Agent: Hello? Caller: Hey. My name is [NAME]. I'm an agent here at [ORG] Caller: calling on a recorded line. Is this mister [NAME]? Agent: [confused] [ORG]? Oh, hey [NAME]. Uh, yeah, this is [NAME]. [curious] What's up, [NAME]? Caller: Hey. Um, and my producer number is two zero one three five three two seven. And what has you interested in that pot today? Agent: The — the what now? [confused] Wha",my is i am an here at on a is this this is what is up and my is one and what has you in that the the what now what as in that is i was into some what is what is this about so we how are you i am what of we about here and the that is what i was at i was at a few of those which one are we about we we could about all of them if you would it does not i is not all for that us just on the one that is mo,Fraud,Fraud
856,Fraud,"Agent: Hello? Caller: Good afternoon. My name is [NAME]. I'm gonna be your licensed health insurance agent assisting you today. Caller: Are you looking to purchase a health insurance policy for yourself or for you and the family? Agent: Okay. [curious] Um, what's this about? Oh, [curious] okay. Um, I was just looking for myself, yeah. Caller: Alright. Sounds good. So over your TMTL for licensed an",my is i am be your you are you to a for yourself or for you and the what is this about i was just for myself so over your for and with all the a in the my is just to you a few you the in for the us off by your it is you for that and can you the of your and for me it is and then and are you no not now i am between so and the that you had i so and are you no i am not and and that was that through yo,Normal,Normal
857,Fraud,"Agent: Hello? Caller: Hello, miss [NAME]? Agent: Yes, [curious] that's me. Who's calling, dear? Caller: This is [NAME]. Agent: [NAME]? [confused] [NAME] who? I don't think I know a [NAME]. Caller: We spoke last week. Agent: Oh, [confused] did we? Goodness, my memory isn't what it used to be. What was it we talked about, dear? Caller: You had do you remember me now? Agent: Well, um, [confused] I ta",that is me who is this is who i do not i a we did we my is not what it to be what was it we about you had do you me now i to a few you my is not what it to be what was it about again it was the all that you what about it is there a no you had and a in we and you an for did i i do not that what was that for it was for i i did then my just not as as it to be so what were we about with this you were ,Fraud,Fraud
858,Normal,"Agent: Hello? Caller: Hello. My name is [NAME]. I'm calling on behalf of [ORG] on a recorded line. How are you doing this morning? Agent: Oh, [calm] well, I'm doing just fine, thank you. [curious] And what was this call about again, dear? Caller: Hello? Agent: Oh, [calm] well, I'm doing just fine, thank you. [curious] And what can I do for you, [NAME]? Caller: Hi. I'm calling because you expressed",my is i am on of on a how are you doing this i am doing just you and what was this about again i am doing just you and what can i do for you i am because you some in your so we are just up we you an and we have yet to it are you still the to all that you and what was that for again it was just to our to you and to do a into i you you to it with your and you you are with is that that is my he is a ,Normal,Normal
859,Fraud,"Agent: Hello? Caller: Hello. Agent: Oh, hello there. [curious] Who is this, please? Caller: This call will be recorded. Agent: Oh. [calm] All right. [curious] And who am I speaking with? Caller: Hi. Yes. Um, Caller: I'm sorry. What did you say? Agent: [curious] Who's this? Oh, no, no. [calm] I was just, um, asking who this was. [curious] I didn't catch your name, dear. Caller: Yes. This is [NAME].",there who is this this will be all and who am i with i am what did you who is this no no i was just who this was i did not your this is this is that is and you are my is the are you about my no my is we have the same then so what can i do for you does a a i do not i do not that is this about my my it might be do you have the same that i do that would be a my he all that you since he it is just a i,Fraud,Fraud
860,Normal,"Agent: Hello? Caller: Hello, [NAME]? Agent: Yeah, [curious] who's this? Caller: Hey, [NAME]. My name is [NAME], and I'm following up on your health insurance request. Caller: Uh, were you looking for just a cell phone for the family as well? Agent: Oh, okay, [confused] yeah. I mean, I don't remember making a request, but... what's up? Oh, [confused] my health insurance request? Um, I don't remembe",who is this my is and i am up on your were you for just a for the as i i do not a but what is up my i do not in for a though no it just up my that you in a for is that that is i was into and what about it was to you out with your so what do you from me what is this about no not i have just been so with i have not had a to and at you so what is about me is that i am an so i can you from the or even,Normal,Normal
861,Normal,"Agent: Hello? Caller: Hello. Is this [NAME]? Agent: Yes, [calm] this is [NAME]. Who's calling, please? Caller: [NAME], my name is [NAME]. I'm a, um, agent for [ORG] licensed in Florida. Caller: I received your information Did you have any questions, um, or you wanted information about [ORG] or [ORG] plans? Agent: Oh, [curious] an agent for [ORG]? What's this about, dear? Oh, [curious] [ORG]? Yes, ",is this this is who is my is i am a for in i your did you have any or you about or an for what is this about i i did in the about that what of are you about so me just have you to an before such as myself i i might have you a while to all that but since he it is all just so much what do you to so i the i to the the the i to is there is no and no to with me and what i do i who are on with their and,Normal,Normal
862,Fraud,"Agent: Hello? Caller: Hi, sir. This is [NAME] with [ORG]. Agent: [ORG]? [curious] Okay, yes. How can I help you? Caller: Mhmm. Yeah. This is regarding your application with uh, [ORG]. Um, we're able to the requirements. Agent: Oh, the [ORG], [nervous] yes, yes. I remember. What about it? Is there a problem? Caller: This is [NAME] with [ORG] again. I believe you are, um, you already got approved by",this is with how can i you this is your with we are to the the i what about it is there a this is with again i you are you by so we just to so it is then i will you to now to your then or to that is very you you will me i you are from them to your so i am but i still to to you so what do i to do now you will now be into the i am just then is this this is again i have your with you you for the this,Fraud,Fraud
863,Fraud,"Agent: Hello? Caller: Yes. [NAME]. Agent: Oh, [curious] yes, that's me. Who's calling, dear? Caller: This is [NAME]. This [ORG] on a recorded line. I'm calling regarding the inquiry you placed to get some help with your debt. Agent: Oh, [uncertain] the debt inquiry? Yes, I suppose I did do something like that. [curious] What can you tell me about it? Caller: Well, it really depends on what you're ",that is me who is this is this on a i am the you to some with your the i i did do that what can you me about it it on what you are what your is what of do you have it is you to all that but after he it a what can you do for there is there is there is it on your and what would your your a or i am not i the which one is do you are your just not at this they are a to of are not they i it i am just ou,Fraud,Normal
864,Normal,"Agent: Hello? Caller: Hi. Good morning. Is this, um, [NAME]? Agent: Yes, this is [NAME]. [curious] Who's calling, please? Caller: Hi. Good morning. Okay. Hi, miss [NAME]. My name is [NAME] with [ORG]. On a recorded line. I've got some really great news for you today, miss [NAME]. Um, I'm basically calling because we're working with a pharmacy that helps people manage your medications by delivering",is this this is who is my is with on a i have some for you i am because we are with a that your by to their with their and into to this is at no to you do you have a few to a few to if this would be for you is that what of are we about i a few you so so would you to with the or i i am to what of is it just the or is it you for my what do you it is it is we will into with that one we are more into ,Normal,Normal
865,Normal,"Agent: Hello? Caller: Hi, [NAME]. My name is [NAME]. Calling on a recorded line from [ORG]. It looks like you submitted your information online about protecting your home off of [ADDRESS] with a homeowner and recovering all the major systems and appliances. I'll get you more information on how it works. Okay? Agent: Oh, [calm] [ORG], yes. I think I did look at something like that online, you know.",my is on a from it you your about your off of with a and all the and i will you more on how it i i did at that you what of are we about i that me up that for you what of are you about i am just on the for one for me i am still here my is i will be you out from here i you there as the at the in just to with you about how now would you you have the still here i was just to i have this for since and ,Normal,Normal
866,Fraud,"Agent: Hello? Caller: Hello. This is [ORG] reaching out to you regarding your request for tax assistance. Agent: Oh, [confused] tax assistance? I don't recall... well, [uncertain] who did you say this was again? Caller: Hello? Yes. Agent: Yes, [confused] who did you say this was again? Caller: Uh, this is [ORG]. We're reaching out to you regarding your request for tax assistance. Are you currently",this is out to you your for i do not who did you this was again who did you this was again this is we are out to you your for are you a to the or the you i i might be to all that and since he it is been a of a what of are you about so we that are a to the or so you with that i have been to into it but it is all so how does this do you just it for me no i would you over to that could you that would,Normal,Normal
867,Fraud,"Agent: Hello? Caller: Hi. Is this [NAME]? Agent: Yeah, [curious] this is [NAME]. Caller: Hi, [NAME]. This is [NAME]. I'm calling you from North Carolina. Caller: That you were looking at some health insurance quotes. Would you like any help with that? Agent: Okay, [curious] [NAME]. What can I do for you? Oh, [surprised] the health insurance quotes, yeah! Um, I mean, I was, you know, just kinda loo",is this this is this is i am you from that you were at some would you any with that what can i do for you the i i was you just around a while what of are we about i am just you to out what is what with all the and it is a you for i was just what was out there you with my it is i just to my so what is it just on what you are for i can in both the and also the for you so did you just did you just no,Normal,Normal
868,Fraud,"Agent: Hello? Caller: Good morning. This is [NAME] on a recorded line. Agent: [curious] Okay, [NAME], what's this about? Caller: What was that? Agent: [confused] I said, what's this about? You called me. Caller: Is there a Agent: [sighing] Look, I'm [NAME]. What do you need? Caller: let's see here. I had spoken to Agent: [impatient] Yeah, I'm [NAME]. What do you need? Caller: What was that? Agent:",this is on a what is this about what was that i what is this about you me is there a i am what do you us here i had to i am what do you what was that i am what do you us just it done i was i was with a and what is this do you a i do not so no what is what is this about it was in to an that was an about what about some i i am for i what is what is the i are you on the for some i for the what of are,Fraud,Fraud
869,Fraud,"Agent: Hello? Caller: Hello. Am I speaking with [NAME]? Agent: Yes, [calm] this is [NAME]. Caller: Hi, [NAME]. This is [NAME] with [ORG] on a recorded line. How are you doing today? Agent: Oh, [calm] hello [NAME]. I'm doing alright, thank you. Caller: And just to confirm, are you in California? Agent: Oh, um, [confused] no, I'm in Oregon. Portland, Oregon. Caller: Okay. Could you give me the ZIP c",am i with this is this is with on a how are you doing i am doing you and just to are you in no i am in could you me the that you are in me it is you you are so what is this about did you an for or to a the i i did the i so a you i i am into you to an on my what of are we about here so what is in would be a a i that what is the the on that so the that we with is and so how does that is it a a or so,Fraud,Fraud
870,Fraud,"Agent: Hello? Caller: Hello, [NAME]? Agent: Yeah, [uncertain] this is [NAME]. Caller: Hi. This is [NAME] from [ORG]. Agent: Oh, [nervous] okay. Um, what's this about? Caller: On a recorded line. Agent: Okay. [uncertain] Um, what's this about? Caller: Yes. Okay. [NAME], it seems to be that you show some interest online to consign consolidate a few online or credit, like credit cards and personal lo",this is this is from what is this about on a what is this about it to be that you some to a few or and still i i did into that a while i so i i am into that what of are we about so it is not so we have a i to off your what is the that you for the i i have and then a of is that what you what what is the that you on the me i it is a more is that a do you have an i it is around a more to i so we migh,Fraud,Fraud
871,Normal,"Agent: Hello? Caller: Hi. I'm calling for [NAME] returning a request for information on our security system. Agent: Oh, [confused] the security system? Yeah, um, I guess so. What's up with that? Caller: Um, Yeah. I'm reaching out. I can help with getting a quote together for you. Agent: A quote, [curious] okay. Yeah, I was just— I was trying to get a new one set up, you know? The old one's kinda w",i am for a for on our the i so what is up with that i am out i can with a for you a i was just i was to a one up you the so what is the so of what of do you have now it is just some you it is i am for more so then we will with the how many are there to into your so what do you i there is one in the one in the and then the and then is it a or one it is a you with a so if you that and then from the ,Fraud,Normal
872,Normal,"Agent: Hello? Caller: Hello. Is this miss [NAME]? Agent: [calm] Yes, this is [NAME]. [curious] Who's calling, please? Caller: This is [NAME] calling from [ORG]. You had submitted a request looking for some information. Agent: [confused] Oh, a request? [long pause] I... I don't quite remember that. [curious] What kind of information was it for? Caller: Uh, looking for information on [ORG] supplemen",is this this is who is this is from you had a for some a i i do not that what of was it for for on to all that you what are you what am i you a for more on so i am just to what we could do to you out how we can you so you are i out i so many in the it is to what did you you were with again all and this would not me you just to about it how does that how does that we are we through the that and wha,Normal,Normal
873,Normal,"Agent: Hello? Caller: Hi. My name is [NAME]. I'm with [ORG]. Uh, is this [ORG]? Agent: It's [NAME]. E-D-N-A. [calm] That's me. [curious] What can I do for you, [NAME]? Caller: Was it is it Whitcomb? Caller: Yep. Caller: Yep. Agent: It's, um, [NAME], yes. [calm] That's me. [curious] What can I help you with, dear? [NAME], that's right. [curious] So what can I do for you, [NAME]? Whitcomb, that's ri",my is i am with is this it is a that is me what can i do for you was it is it it is that is me what can i you with that is so what can i do for you that is that is my what can i do for you and the is what or i that is so what is this about you to my and you out a and and i am just the i did my which was that i do not out any did you out to for i am i i am into that what of were you at are are you ,Normal,Normal
874,Fraud,"Agent: Hello? Caller: Hello, [NAME]? Agent: [curious] Yeah, that's me. Who's this? Caller: This is [NAME] with [ORG] on a recorded line. And this is regarding the insurance quote that you requested. So, [NAME], I just need to verify a few things you have submitted here. Okay? And just to confirm, you are interested in getting a quote. Agent: [confused] Oh, the insurance quote... yeah, I think I di",that is me who is this this is with on a and this is the that you so i just to a few you have here and just to you are in a the i i did that a while what what of was it for again for the i was into that i a while what do you to for the so this is a i i was just around you so are you in a for the the i so what what do you from me so so to your is that is you that and your you may have across one of,Normal,Fraud
875,Fraud,"Agent: Hello? Caller: Hello? Caller: Yes. This is [NAME] calling regarding your unemployment through the [ORG]. Please answer yes or no Are you still unemployed? Agent: Yes, hello? [curious] Who is this, please? Oh, [confused] unemployment? Uh, yes. Yes, I am. Caller: Thank you. So since you are an American facing health difficulties, you can now qualify for a disability benefit of four thousand d",this is your through the or no are you still who is this i am you so since you are an you can now for a of when would between the of and can you with me your that a now i am since you are than there is i to over with you or no have you had any in the past or do you on your what is that i had a in the you nothing though so how does that into the i you me that that is very and it is why i you have t,Normal,Normal
876,Normal,"Agent: Hello? Caller: This is [ORG]. We're calling about your auto insurance quote request. Please stay on the line, and we'll connect you with a representative now. This call may be monitored or recorded. Agent: Okay, [curious] I'm here. Caller: Thank you for calling [ORG] in Your [ORG] number one choice for affordable quality coverage no matter your insurance. Agent: Oh, [confused] is this for a",this is we are about your on the and we will you with a now this may be or i am here you for in your one for no your is this for or i am a this is how can i you i i was for from about my you my we can you out just to this is be a for a for a that is and it is for that is that is be under your that is me to you just to your is and your and is in that is my that is all you so much so just i have a f,Normal,Normal
877,Normal,"Agent: Hello? Caller: Hi. This is [NAME] calling. I noticed you were online looking into auto insurance options. Just wanted to make sure we help you get the best coverage at the right price. Can I ask, are you currently insured? Agent: Oh, um, [confused] auto insurance? I don't recall looking at that, dear. [NAME] handled all that. [curious] Who did you say you were with again? Caller: I'm with [",this is i you were into just to we you the at the can i are you i do not at that all that who did you you were with again i am with some it might have been who did it with to the this only a few are you you do not if we can you some i i might have you out did you a so i i am it now you you could me some my these i am very to about this can be a to on your own we have some of on their it only about,Normal,Normal
878,Normal,"Agent: Hello? Caller: Hey, [NAME]. This is [NAME] with [ORG]. How are you? Agent: Oh, [calm] hello. I'm doing all right, dear. [curious] What's this about, the insurance? Caller: Yeah. This is Caller: the I said this is [NAME]. You had requested help with your [ORG]? Caller: On our website. Agent: What's this about? Oh, [calm] yes, the [ORG]. [confused] I think I did something like that a while ba",this is with how are you i am doing all what is this about the this is the i this is you had with your on our what is this about the i i did that a while the i i did out a which was that again it is your in it is your and and on here and it is what you a for on our i at that you a while what of are you about that is i did did not i my he to all that you but what of are we about here i i did did no,Normal,Fraud
879,Fraud,"Agent: Hello? Caller: Hi. Good morning. Is this [NAME]? Agent: Yes, this is [NAME]. [calm] Who's calling, dear? Caller: Hi, [NAME]. Hi, [NAME]. This is [NAME] with [ORG]. Uh, I was giving you a call because you just uh, filled out, uh, online. Uh, regarding some information for a solar install. Um, at your house. Can you get maybe a couple cost cost quotes? Caller: Does that sound familiar? Agent:",is this this is who is this is with i was you a because you just out some for a at your can you a does that the i i did that what of are you for the i i did that what of did i for there you just out your the i do not out my me with that are you you have the the to me with all that i do not out about though what was the of your again it is it in it it in from my in would a i am a that is the that w,Normal,Normal
880,Normal,"Agent: Hello? Caller: Hi, [NAME]? Agent: [confused] [NAME]? Ah, no, [calm] it's [NAME]. [NAME]. Who's this now? Caller: Hi. This is [NAME] with [ORG]. How are you doing today? You were interested in the plan? Agent: Oh, right, the plan! [curious] Yeah, I remember lookin' into those, now. How'd you know that, me boy? Caller: Yes. Yeah. So we I get a notification that you were looking at the plans o",no it is who is this now this is with how are you doing you were in the the i into those now you that me so we i a that you were at the on the so i am to you an over the if you were is that now that is is not it an you that it does i am in a you what of are we about here an so it will be even than what you even you that is that is what of are we about here now even so just for the for so by doing ,Normal,Normal
881,Fraud,"Agent: Hello? Caller: Hello? Agent: Hello, [curious] who's this now? Caller: You may go on. Agent: Ah, right. [confused] I thought I heard someone there. What can I do for ya, love? Caller: I'm sorry. I didn't hear your answer. Uh, my my name is [NAME]. I'm here at [ORG] on a recorded line. Agent: [NAME], [curious] is it? From [ORG]? Ah, right, yeah. What can I do for ya, [NAME]? Caller: And I was",who is this now you may on i i there what can i do for i am i did not your my my is i am here at on a is it from what can i do for and i was i was for that is me you have him you would your on our we are the one in the the which would that be now the i was i was having a you at a few there what can i do for or what can you do for me i is the i was to if you are still and i can you in more about ou,Fraud,Normal
882,Normal,"Agent: Hello? Caller: Hi. This is [NAME] on a recorded line with [ORG]. Caller: I was contacting regarding information that was requested on your Toyota. Agent: Okay. [curious] And what's this about, [NAME]? Oh, [curious] the Toyota? Yeah, that's right. What about it? Caller: The twenty twenty four. I just need to verify a couple of details with Caller: How you doing, by the way? Caller: Your ZIP ",this is on a with i was that was on your and what is this about the that is what about it the i just to a of with how you doing by the your the the i was i was at those what about it the the i am doing i am doing i am just what about it the i am doing i and that is my and you still have the the the you still have that i i so i am a now though what is this about with the i am a though what what is ,Normal,Normal
883,Normal,"Agent: Hello? Caller: Hello. My name is [NAME] with [ORG]. Are you looking for affordable auto in insurance in the state of Florida? Agent: Oh, [curious] auto insurance? Yes, I suppose I am. My [NAME], he used to handle all that, you know. [sighing] Since he passed, it's been a bit much for me. Caller: Please hold on the line so we can transfer you to our specialist. Your call is very important to",my is with are you for in in the of i i am my he to all that you since he it is been a much for me on the so we can you to our your is very to us on the and you will be to the your is very to us on the and you will be to the a all so i just here then will i have to again me i it will not be too who did you this was with again your is very to us on the and you will be to the then i just they do not,Normal,Normal
884,Normal,"Agent: Hello? Caller: Hello? Is this [NAME]? Agent: Yes, [calm] this is [NAME]. [curious] Who's calling, please? Caller: Hi. Caller: My name is [NAME], [ORG]. And I just got a quote response from my my website. And, uh, what I do is I help people with their, uh, [ORG], and, um, you just was on my site, and I got a email from you. It says [NAME] and, uh, your phone number is [PHONE]. And are you, u",is this this is who is my is and i just a from my my and what i do is i with their and you just was on my and i a from you it and your is and are you have about there what can i do for you my to all that but since he it is just been a so you are i out so i have a and it is and the only that i can to is in there and this is my and this is my and my and it no that is not it is a but i i could have i,Normal,Normal
885,Fraud,"Agent: Hello? Caller: Hello? Agent: Yes, hello? [curious] Who's calling please? Caller: Hi. Is this, by chance, miss [NAME]? Agent: Yes, [calm] this is [NAME]. Caller: Hi, [NAME]. This is [NAME]. I'm calling from [ORG]. How are you doing this morning? Agent: Oh, well, [calm] good morning, [NAME]. I'm doing just fine, thank you. And yourself? Caller: I'm doing well. Thank you for asking. Caller: I ",who is is this by this is this is i am from how are you doing this i am doing just you and yourself i am doing you for i just to out to you i you were in the of to this but we were having a of a i our to do a our that is so what can i do for you from the a a i do not i to all that you is this i up for but i just the the i do not i to all that you before he what was it you again i did not to you of,Fraud,Fraud
886,Fraud,"Agent: Hello? Caller: Yo. Agent: [confused] Hello? Who is this? Caller: Is anyone Agent: [confused] I can barely hear you, dear. Is anyone what? Caller: It's none of your business. Agent: Well, [confused] if it's none of my business, why are you calling me? I don't appreciate these kinds of calls, you know. Caller: To know who I am. Agent: Well, [confused] if you're calling me, I think it is my bu",who is this is i can you is what it is none of your if it is none of my why are you me i do not these of you to who i am if you are me i it is my to who you are what is this about it is about the the that i what about it you you in a of that you if we your i did my is not what it to be what did i about the my you did i did not you would all that my he to a so it is all for then for your though my ,Fraud,Fraud
887,Fraud,"Agent: Hello? Caller: Hey, [NAME]. It's [NAME], the rest respiratory specialist over at the [ORG]. Agent: Oh, [NAME]. [confused] The [ORG]? I don't recall... did I order something from there? Caller: Giving you a call about Caller: I'm so Caller: That's correct. Yeah. With the portable console that you're in need of. Agent: Oh, [confused] the [ORG]? I don't... I don't recall... What was this about",it is the over at the the i do not did i from there you a about i am so that is with the that you are in of the i do not i do not what was this about i do not i do not one of those what is this about this is is this or no no this is what did you your was again this is i am you about the that you would about no a who are you to the i did about that how did you because you out a on our a did i to do,Fraud,Fraud
888,Fraud,"Agent: Hello? Caller: Hi. This is [NAME] from [ORG] on a recorded line. Have I reached [NAME]? Agent: [confused] [NAME]? Um, yeah, this is [NAME]. What's up? Caller: I'm doing well, uh, [NAME]. I'm following up with you regarding the application that you put through our website. Can you confirm I've reached you down in in Georgia? Caller: Is that correct? Agent: Oh, [curious] the application, yeah",this is from on a have i this is what is up i am doing i am up with you the that you through our can you i have you in in is that the in that is i through your if this is not a for us to or if this is not a me that so that i can you and have a no no it is i i am just so i a so i i out an what was it for again it was for it was a for about i into that my i am just doing at so what what is the with ,Fraud,Normal
889,Normal,"Agent: Hello? Caller: Hi. Is this [NAME]? Agent: No, dear, [confused] this is [NAME]. [NAME]... I don't know any [NAME]. [curious] Who are you trying to reach? Caller: You submitted a request for gunner prices last night at two AM. Agent: Oh, the gunner prices, [confused] yes, I think I did... or [NAME] might have. He used to handle all that, you know. [curious] What was that about again? Caller: ",is this no this is i do not any who are you to you a for at am the i i did or might have he to all that you what was that about again you to for not i do not what i would do with a the we to those before the so what of are we about i would to out there and a at it where are you i am here in is that where you are and what did you you were with i so many you what are you with no no i am just i was w,Normal,Normal
890,Normal,"Agent: Hello? Caller: Hi. Caller: This is [NAME]. How are you doing today? Agent: Yes, hello there. [curious] Who am I speaking with? Oh, hello [NAME]. [calm] I'm doing just fine, dear. And yourself? Caller: I am also fine, ma'am. Thank you for taking my call. The reason of my short call is let you know about some Agent: Oh, [curious] well, what's it about? Caller: cashback benefits of two thousan",this is how are you doing there who am i with i am doing just and yourself i am also you for my the of my is you about some what is it about of so i you have a and you i do you that on your of on your a and so do you have any or just my and this is for how does that just that was for us now what of are we about is this they are doing this is a of so the to you about this so how are you i am and wh,Normal,Normal
891,Normal,"Agent: Hello? Caller: Hi there, [NAME]. This is [NAME]. I'm calling on a recorded line from [ORG]. We recently spoke to you about coverage on your Toyota Camry, and we have some better pricing out we have to go over with you. Is everything still running okay on the Camry? Agent: Oh, [surprised] [ORG]? My Camry, you say? [confused] Goodness, I don't recall talking to anyone about that recently. [NA",there this is i am on a from we to you about on your and we have some out we have to over with you is still on the my you i do not to about that all the you but it is just what of are we about that is who did you you were with again and what was this about the all the you you just i did not the of your and what was it about the is with it we would to you i am to of all the you he just a no no you ,Normal,Normal
892,Fraud,"Agent: Hello? Caller: Hey, [NAME]. Agent: [curious] Yes, that's me. Who's this now? Caller: Yeah. This is [NAME] with [ORG] on a recorded line. Caller: Uh, the notes say you were looking for help to pay off your debt or explore funding options. Agent: Ah, right, [curious] [ORG], yeah. [confused] Oh, right, yeah. [ORG], you say? I was, um, I was just looking into a few things, you know. What's this",that is me who is this now this is with on a the you were for to off your or you i was i was just into a few you what is this all about now so how much do you have if you up your and me it is it is a of a to be with i would have to it all up why do you i what of we can you so what do you you does not have to be just the it is it is a me a you now i would it is over for a more it is just you up wha,Fraud,Fraud
893,Normal,"Agent: Hello? Caller: Hello, ma'am. My name is [NAME] from [ORG] on a recorded line. Is this [NAME]? Agent: Yes, this is [NAME]. [curious] What can I do for you, dear? Caller: Oh, hi. Oh, great. Nice question, ma'am. By the way, uh, we are checking in to know how else we can help you on your search for a secure living community. Caller: And just so I understand where you are right now in the proce",my is from on a is this this is what can i do for you by the we are in to how we can you on your for a and just so i where you are now in the are you still or have you one a now what was that i do not was that for me or for my you a i i do not for one of those who did you you were with again from on a we are a so you were for a and we in we and you with one of our to at those you just in i do not ,Normal,Normal
894,Normal,"Agent: Hello? Caller: Hi, good morning. Can I speak with [ORG], please? Agent: Oh, it's [NAME], dear. [confused] [ORG] is the insurance company. Did you mean to call me? Caller: Uh, yes. Yes. My name is [NAME], and I'm a licensed insurance agent with [ORG] on behalf of [ORG] on a recorded and monitored line. How are you doing today? Agent: Oh, [calm] I'm doing just fine, thank you. You said [ORG]?",can i with it is is the did you to me my is and i am a with on of on a and how are you doing i am doing just you you and what are you me about i am up on a we for about the i out about that what of are we about here so i as as as do you have both a and i i have both to all that you it is been a while since i at it why do you just because as as this would be that you would to be to into a the to ha,Normal,Normal
895,Fraud,"Agent: Hello? Caller: Hello, Uh, can I speak with [NAME], please? Agent: [confused] [NAME]? Oh, um, there's no [NAME] here. You must have, like, the wrong number, bless it. Caller: I'm sorry about the mix up. Pardon me. I didn't quite catch that. Caller: Could you please confirm if I'm speaking with [NAME]? Agent: Oh, [uncertain] I said you must have the wrong number. What? [confused] No, it's [NA",can i with there is no here you must have the it i am about the up me i did not that could you if i am with i you must have the what no it is there is no here are you you the we are out your for a and so can you if this is no it is i you have the for his i am for the up you can out by since i have you would you to a a for what now a can you through your and any about your so would you to with our ,Fraud,Normal
896,Normal,"Agent: Hello? Caller: Hello. This is [NAME] calling back with [ORG]. Agent: Oh, [confused] [ORG]? Now wait, who did you say you were calling about again? Caller: I'm calling with [ORG] regarding the concentrators. Agent: Oh, the concentrators. [calm] Yes, [NAME] was, um, looking into those before he passed. [curious] What can I help you with? Caller: Oh, okay. I was just following up see if he had",this is with now who did you you were about again i am with the the was into those before he what can i you with i was just up if he had any but i i can him from our been now i do not much about these myself you what are they for again you do not have to do that i i am still here you what of were these again the the the of those are they for or what are they for they are for for that is what i and,Normal,Normal
897,Normal,"Agent: Hello? Caller: Hi. This is [NAME] with [ORG]. Am I speaking with [NAME]? Agent: Yes, [calm] this is [NAME]. [curious] What can I do for you, [NAME]? Caller: Uh, [NAME], the reason why I'm calling is I think you might have been on our website possibly looking up some information about, uh, [ORG]. Or [ORG]. Um, before we continue, I just wanna remind you that our calls are being, uh, recorded",this is with am i with this is what can i do for you the why i am is i you might have been on our up some about or before we i just you that our are being for and you are not to any unless it is to may i have your to i might have been at that you to all the before he what was it you were about so this is our which is a in for i am just to you now that now i am in are you you have the is that that ,Normal,Normal
898,Normal,"Agent: Hello? Caller: Hi, [NAME]. Good morning. It's [NAME] of [ORG] on a recorded line. How are you this morning? Agent: Oh, [calm] good morning, dear. I'm doing just fine, thank you. [curious] What can I help you with today? Caller: Uh, it's okay. Caller: Okay. I spoke with you yesterday, uh, regarding your reverse mortgage inquiry. We cannot locate your address and any of the address is on the ",it is of on a how are you this i am doing just you what can i you with it is i with you your we can not your and any of the is on the either so you have to us a that the that is to i did you your was the i do not i i to so many and what of would that be some some to to us to your that it is a we can not it to my you what of would that be i am not what you by it i here on what of are you for a or i,Fraud,Normal
899,Fraud,"Agent: Hello? Caller: Hello? Caller: Hello? Agent: [calm] Hello? Yes, this is [NAME]. Oh, [confused] hello? Who is this, please? I was just about to sit down for my program. Caller: Hi. Yeah. This is [NAME] from [ORG]. May I speak to [NAME]? Agent: Oh, [calm] this is [NAME]. [NAME] from [ORG], you say? [curious] And what can I do for you today, dear? Caller: Yeah. Um, this is in regards to your or",this is who is this i was just about to for my this is from may i to this is from you and what can i do for you this is in to your for the for and the are you of this the i would about that to all the you you what does that the here or which there is no has been with this so i just to if you are still to the so it did not through at all i was those would these are just this how do i how do i it th,Fraud,Fraud
900,Normal,"Agent: Hello? Caller: Yes. Hi. Is this [NAME]? Agent: Yes, [calm] this is [NAME]. Who's calling, please? Caller: Yeah. Hi, [NAME]. This is [NAME] with [ORG]. I was I'm on a recorded line. I had called you on the fourth, uh, about the insurance quotes, and you said to please give you a call Wednesday at at around two. So it's two minutes to two. So I was just following up. See if we could get you o",is this this is who is this is with i was i am on a i had you on the about the and you to you a at at around so it is to so i was just up if we could you over to an to you i i do not that but you what of are we about you other than it was for i we had this on on the and you that was that you would at either or or both so i i can you over to an if you are about will be a to all that you he a now so,Normal,Normal
901,Fraud,"Agent: Hello? Caller: Hi, mister [NAME]. So we got everything working for you. I'm just needing, um, that card number here to get that policy running for [NAME]. Agent: Oh, [uncertain] the — the card number for [NAME]'s policy? Well, I mean, I suppose so. Um... which policy is this now? Caller: This is gonna be for the pet insurance for [NAME] It'll be the monthly of seventeen dollars and twenty o",so we for you i am just that here to that for the the for i i so which is this now this is be for the for it will be the of and one for him the for that is that is one a you and you the over the i am not with that you for and all may i what it is for it is just to the for the one one then me just my it is just a i have it here it is a it is did you all that you did you did you all that shall i any,Normal,Normal
902,Fraud,"Agent: Hello? Caller: Hello. Good afternoon. Can I say [ORG] white webcam? Agent: [ORG]? [confused] Is that what you said, dear? I'm not sure I caught that name. Caller: [ORG] e d n a. Agent: Oh, [NAME]! [chuckling] Goodness, that's me. I thought you said [ORG], like the insurance. [curious] Who's calling, dear? Caller: Okay. No. My name is [NAME]. I'm calling for [ORG], the reason for call is, uh",can i is that what you i am not i that a that is me i you the who is no my is i am for the for is you an for a a my i do not doing that are you you have the i here i the that was on the so that was on you that you are not for a that is me the that was just the other was not it to all those of but what was the for again the that was you are i i might have you out but i do not what of is this again ,Fraud,Normal
903,Fraud,"Agent: Hello? Caller: Hello? Agent: Oh, hi! [curious] Who's this? Caller: Hi, [NAME]. This is [NAME]. Caller: With [ORG] on a recorded line. Um, am I speaking with [NAME]? Agent: Okay, [NAME]. [confused] Um, what can I do for you? Oh, [NAME], [nervous] yeah, that's me. What's this about? Caller: Don't you remember we got, um, were just speaking earlier right now, but, uh, it does seem here um, is ",who is this this is with on a am i with what can i do for you that is me what is this about do not you we were just now but it does here is it do you have a can you just some i am i have had a so i am a what were we about i just had with so what what do you from me we are over the about your you were that you had but you them over but we never them what is the you are them from it i am so i those ,Fraud,Fraud
904,Fraud,"Agent: Hello? Caller: Hi. Good morning. Thank you for calling [ORG]. All calls are recorded for quality assurance and training purposes. Caller: My name is [NAME]. Who do I have the pleasure of speaking with? Agent: Oh, [confused] I didn't call you, dear. Oh, good morning, [NAME]. This is [NAME]. [calm] [NAME]. Caller: Yes, miss [NAME]. Agent: Poteet. [calm] Like the vegetable, you know. Caller: J",you for all are for and my is who do i have the of with i did not you this is the you just to that we have in your what do you in i am in you that is just in we what a what is a that i could you a on it is this one the one you can you me with that it is and then it is that is your that is it you and one that is that is the here can you me the of the i just did it is you just me a here though up yo,Fraud,Fraud
905,Fraud,"Agent: Hello? Caller: Hello. May I speak with [NAME], please? This is [NAME] with [ORG]. I'm following up on your inquiry Looks like you were looking for some assistance with your outstanding debt. Is that correct? Agent: Oh, [confused] my outstanding debt? Well, I mean, I suppose I have some debt, dear. [curious] Who did you say you were with again? Caller: [ORG] and we're located in New York Cit",may i with this is with i am up on your you were for some with your is that my i i i have some who did you you were with again and we are in my that is a from so what is this about my it is what are you about my is not what it to be we are up on an that we it does you were for some with your is that an the i i did out a while to all that but since he it is just me what of are we about is this one ,Fraud,Fraud
906,Normal,"Agent: Hello? Caller: Hi. I need to speak with the person that handles CLI account. You take care of that. Correct? Agent: Oh, the CLI account, [confused] yeah. What's this about exactly? Caller: Hello? Agent: Yeah, I'm here. [curious] What's up with the account? Caller: Yeah. Absolutely. This is a yeah. Everything's good with the account. This is a cashback rebate on your electric bill as well as",i to with the that you of that the what is this about i am here what is up with the this is a with the this is a on your as as a you are with that is so a on my that and what do you from me for that so so i am with the i am with we are an for you will be of your it is to you in the of a or a every your is to so you are me a on my do you have as i too so how does this all with am i up for this then,Fraud,Fraud
907,Normal,"Agent: Hello? Caller: Hi. Am I speaking to [NAME]? Agent: Yes, [curious] this is [NAME]. Caller: Hello? Oh, hi. My name is [NAME] with [ORG] on a recorded line. How are you doing Agent: [calm] Hello, [NAME]. I am good, thank you. How are you? Caller: today? Caller: I'm I'm glad I'm doing good as well. Thank you for asking. I am reaching out in regards to your online inquiry for auto insurance. Cal",am i to this is my is with on a how are you doing i am you how are you i am i am i am doing as you for i am out in to your for it we have a few that might be a for you and i would to you with one of our to over them that will just be a while i them and i will on the with you the the my i i do not doing this but what do i to do it are you at i have i i i do not but is there some with my no this is ,Normal,Normal
908,Fraud,"Agent: Hello? Caller: Hello. Uh, can I speak with [NAME], please? Agent: Um, [NAME]? [confused] There's no one here by that name, sorry. Caller: Hi. Uh, this is [NAME] with [ORG] on a recorded line. And, um, I'm, uh, calling to let you know that we finished reviewing your debt consolidation application, And, yeah, I just wanted to see if you might have a moment so we could go over it and walk thro",can i with there is no one here by that this is with on a and i am to you that we your and i just to if you might have a so we could over it and through your my i so what what of are there to and it is on my so here is what i will do i will you with your in just a and they will you through what for you one to about that is so i just to them a a i so so how will that so for just a while i you to yo,Fraud,Fraud
909,Normal,"Agent: Hello? Caller: Hello. My name is [NAME]. And I'm calling from [ORG] on a recorded line. Caller: How are you doing today, mister [NAME]? Agent: [ORG]... [confused] Oh, okay. Oh, [calm] I'm doing alright, [NAME]. How are you? Caller: I'm doing well. Thanks for asking. Caller: I was just calling to inform you that you may be qualified to Caller: speak to our about [ORG] benefits and savings. C",my is and i am from on a how are you doing i am doing how are you i am doing for i was just to you that you may be to to our about and so do you still have a and i do what of are we about we are about the that out with your and it is a and we also have that another within as and you you do have a and a you that is a and a you that how does that my a you how does that i am to and i am a you that i ,Normal,Normal
910,Normal,"Agent: Hello? Caller: Hello, [NAME]? Agent: Yes, this is [NAME]. [curious] Who's calling, please? Caller: Yes. Hello. Caller: This is [NAME] calling. Agent: Yes, hello. [curious] Who did you say this was? [NAME]. [confused] Now, what was this regarding, dear? I don't recall a [NAME]. Caller: Yep. You [ORG]. You made two appointments. You canceled the Monday one. And then you had this was the secon",this is who is this is who did you this was now what was this i do not a you you you the one and then you had this was the one so i this one and i you an but i that the you may you was the i i was into that before he now what did i up for we did not up for you just up for an we did this a a few as a i i was just what is it that you about we did we out we about we about you you about how your it up,Normal,Normal
911,Fraud,"Agent: Hello? Caller: Hello, [NAME]? Agent: Yeah, [curious] who's this? Caller: This is [NAME] on a recorded line. Agent: Okay, [NAME]. [uncertain] What's this about? Caller: Just following up in regards to a request for help with financial assistance. Agent: Oh, right, yeah. [nervous] Um, I think I did fill something out online, like, a while ago. What— what kind of assistance is it? Caller: So w",who is this this is on a what is this about just up in to a for with i i did out a while what what of is it so we what what was it that that your was just so we can how we can i i have and those are a so i with that or just you in would be us us what we can do to here and was there a that you you may have been for or an that you were to i do not what is my are so that could with that i us us what ,Fraud,Fraud
912,Normal,"Agent: Hello? Caller: Hello, [NAME]. This is [NAME]. I'm calling you from [ORG] on a recorded line. How are you doing today? Agent: Oh, hey [NAME]. [confused] [ORG], okay. Um, I'm doing... I'm doing fine, just busy, you know? What's up? Caller: Well, the reason that we're calling, we're just following back with you on the quote they did online. And, uh, we have great news. We would like to review ",this is i am you from on a how are you doing i am doing i am doing just you what is up the that we are we are just with you on the they did and we have we would to your you all the that we can you with the along with the they would i will the on the so they can you with your by the to you the we may your we do with our as to you with the that your all of our are now just for a you are in the of so,Normal,Normal
913,Normal,"Agent: Hello? Caller: Hi. Is this [NAME]? Agent: Yes, [calm] this is [NAME]. [curious] Who's calling, dear? Caller: This [NAME] reaching out with [ORG]. Agent: Oh, [calm] [ORG]. [confused] Now, what was that about again? I get so many calls, you know. Caller: That's about a [ORG] protection plan. You requested information through our website for your twenty two [ORG] XT five. Agent: Oh, [surprised",is this this is who is this out with now what was that about again i so many you that is about a you through our for your the that for me just before he it is a though i do not it much what about the it you had out and some i to and if you had or you were to the that we to your my to all that and i am not with the you i do not i but i i might have out a i just do not what of are we about that woul,Normal,Normal
914,Normal,"Agent: Hello? Caller: Hello. Hi there, [NAME]. My name is [NAME] Caller: speaking with [NAME]? Agent: [confused] [NAME]? Ah, no, no, [chuckling] it's [NAME], love. [confused] [NAME]? Oh, uh, yeah, [curious] who's this now? Caller: Yes. Hi. Good afternoon and morning weather. My name is [NAME], and I'm giving you a courtesy phone call I was going over your account notes, um, from a insurance policy",there my is with no no it is who is this now and my is and i am you a i was over your from a that you had about and i to some to out if you are now or whether you are still the i i was into a few you what would that be now what was the again so this was for for me this was for a this was for a on the where on that you would have the you would have your and and in to the in you also have and which ,Normal,Normal
915,Fraud,"Agent: Hello? Caller: Yes. Hi. May I speak with [NAME]? Caller: Hello? [ORG]? Agent: Oh, [confused] [NAME]? No, dear, this is [NAME]. E-D-N-A. Did you have the wrong number? Oh, it's [NAME]. E-D-N-A. [calm] That's me. [curious] What can I help you with, dear? Caller: Yes. Okay. Agent: Oh, it's [NAME]. E-D-N-A. [calm] That's me. [curious] What can I help you with, dear? Caller: Yes. Hi, [NAME]. Age",may i with no this is a did you have the it is a that is me what can i you with it is a that is me what can i you with who is this i am in i am in i we had had on on i do not what was it about again i i must have you on on i do not i do not that what was it about again it was us some and then i had you over to i i that what was the about i so many he was a so what after that i am not i am just the,Fraud,Normal
916,Fraud,"Agent: Hello? Caller: Thank you for holding. This is [NAME] on a recorded line. Agent: Oh, [calm] hello there. Caller: How can I be of assistance, ma'am? Agent: Well, [curious] I'm not quite sure. You called me, dear. What's this about? Caller: Yes, ma'am. You made a request with our company either for a loan or to pay off debt. How much were you looking for today? Agent: Oh, [confused] a loan? Or",you for this is on a there how can i be of i am not you me what is this about you a with our either for a or to off how much were you for a or to off i i do not out that who did you this was again and this is is that it is a but that is me so what was that about a my you a my is from that is the of our because you you your you i do a of on the you but i do not for a what of is this more than i sho,Fraud,Fraud
917,Normal,"Agent: Hello? Caller: Hello. You're now being connected to your licensed insurance agent. This call will be recorded for training and quality assurance. Hello, [NAME]? [NAME], this is [NAME]. You requested some help with [ORG]? From [ORG]. I'm calling back to find out how I can help you. Caller: Are you there, [NAME]? Hello? Agent: Oh, [surprised] [ORG]? Well, goodness. [confused] I don't really r",you are now being to your this will be for and this is you some with from i am to out how i can you are you there i do not out but i i might have what of are you my i did not you there for a this is you about i am i do not have a i you this is i am i just i was on the other you who did you this was again i am here you i with and i am i did not you i am here is it by or so and it is that is i do no,Normal,Normal
918,Fraud,"Agent: Hello? Caller: Hello. May I speak to [NAME]? Agent: Yes, this is [NAME]. [curious] Who's calling, dear? Caller: How are you doing, [NAME]? This is [NAME] with [ORG] still trying to assist you with your tax situation. Agent: Oh, [NAME]. [confused] My tax situation? I... I thought I had that all sorted out already. What tax situation are we talking about? Caller: Yes. You remember me. Now rem",may i to this is who is how are you doing this is with still to you with your my i i i had that all out what are we about you me now with the we we we never could a a you the were and then the was not the i was to if you that of your or your they they were not it was not it was the the my not what it to be you so what was with it again now i was to if you that or what i i am not to all that you he,Normal,Fraud
919,Normal,"Agent: Hello? Caller: Hi. Is this [NAME]? This is [NAME] with [ORG]. Caller: Hello? Agent: Oh, [calm] yes, this is [NAME]. [ORG], you say? [curious] What can I do for you, dear? Oh, [calm] hello [NAME]. Yes, this is [NAME]. [curious] What can I help you with today? Caller: Okay. You had left a you, uh, told somebody that you were interested in homeowners insurance, and so they asked me to give you",is this this is with this is you what can i do for you this is what can i you with you had a you that you were in and so they me to you a so i am i i did to about that what of you are you at i can not at any in i have more on you and so that is why i was to other i could from you i do have your and i do have i do have a of but when i a they a more than what she you i so you more from me what of do,Normal,Normal
920,Fraud,"Agent: Hello? Caller: Thank you for your interest in [ORG] dot com. We are now connecting you with a service professional. Agent: [confused] Hello? Who is this, please? Caller: Hello. My name is [NAME]. With [ORG], and the call is recorded for quality and Caller: accuracy purposes. I'm calling for [NAME]. Agent: Ah, [ORG]. Yes, yes. [nervous] I was, um, expecting your call. Yes, [nervous] this is ",you for your in we are now you with a who is this my is with and the is for and i am for i was your this is what is this your with the i what about it my so i am you a to out how can you what do you in i was you can you me more about the the i but i did not i am in in what is this about my is there a no did you about some i was for some of i for you my that is what i am on the for is to through it,Fraud,Normal
921,Fraud,"Agent: Hello? Caller: Hi. Hi, [NAME]. Hey. It's [NAME] again. From [ORG]. I talked to you earlier today. Agent: Oh, [NAME]. [calm] Yes, I remember. My memory's not what it used to be. [curious] What can I do for you, dear? Caller: Yes. Caller: Well, I tried to send you, um, that email that I was talking to you about. With all of the prices and stuff. Caller: And it came back to me as it wasn't abl",it is again from i to you i my not what it to be what can i do for you i to you that that i was to you about with all of the and and it to me as it was not to be so i was just to to that i it to the one i a and it is as in a as in as in a as in as in as in as in a as in is that the now i do not i that that about me just me i do not i you my i do not do that over the that is but i do not i have a o,Normal,Normal
922,Normal,"Agent: Hello? Caller: Hello. My name is [NAME] from [ORG] on a recorded line. How are you doing this morning? Agent: Oh, [calm] I'm doing alright, thank you. And you? Caller: Who's that? I'm doing well. Thanks for asking. Caller: Mister [NAME], I was just calling to inform you that you may be qualified to speak to our team about [ORG] benefits and savings. But can you first confirm that you do hav",my is from on a how are you doing this i am doing you and you who is that i am doing for i was just to you that you may be to to our about and but can you that you do have a and who is this again i did not your i do a and i so what is this about you so you do have the and that a and on it so what is what is the for the then that is i have the that is i have it so i am to i am to an on your this wi,Normal,Normal
923,Fraud,"Agent: Hello? Caller: Hello, miss [NAME]? Agent: Yes, [curious] that's me. Caller: Hi. My name is [NAME]. I'm calling from [ORG] on a recorded line. How are you today? Agent: Oh, [calm] hey there. I'm doing alright, just on my lunch break, you know. Caller: Okay. Well, I was following up with you to see if it was a good time for us to discuss the debt situation or with I know you said you're on yo",that is me my is i am from on a how are you there i am doing just on my you i was up with you to if it was a for us to the or with i you you are on your do we have any now or should we an the the i i a few now before i in what is what is on with it that that is what i with you to more or or you a more what do you in so what about it i am in here in you so much for that so here is what you and i wi,Fraud,Fraud
924,Normal,"Agent: Hello? Caller: Hi. Good morning. My name is [NAME]. I'm a licensed insurance agent with [ORG] on behalf of [ORG]. Caller: [NAME]. Agent: [curious] Oh, good morning now. What can I do for ya, [NAME]? Oh, [curious] good morning to ya now. [NAME], that's me. What can I do for ya, [NAME]? Caller: Oh, how are you doing this morning, sir? Just calling to follow-up on your request Caller: for life",my is i am a with on of now what can i do for to now that is me what can i do for how are you doing this just to up on your for i am i am a out but the to through i into that a while after you what was it now no so we are with with between and so as as you are between that you are this so i you in to i am to your for and no me and you i am in there so what is then no so i that you are in the of wi,Normal,Normal
925,Fraud,"Agent: Hello? Caller: Hello. My name is [NAME] from [ORG] Caller: speaking on a recorded line. Am I speaking to [NAME]? Agent: [calm] Oh, hello, [NAME]. [curious] What can I help you with today? Yes, this is [NAME]. [curious] What can I help you with, uh, [NAME]? Caller: Okay. Okay. I'll be very brief. We're reaching out because it looks like you were wanting more information about your [ORG] savi",my is from on a am i to what can i you with this is what can i you with i will be very we are out because it you were more about your and my and that is i was i was into that and you can that you do have both a and i do have both a and that is that is so at this i can now an on your which will you with a in your who will be to any about your and and over that you may your i will and you now so you,Fraud,Fraud
926,Normal,"Agent: Hello? Caller: Hello. This is [NAME] calling from [ORG]. May I please speak with mister [NAME]? Agent: Uh, [confused] [NAME] here. You said, uh, [ORG]? What's up? Caller: Yes, sir. Yes, sir. I hope you're doing well. Caller: By the way, again, this is [NAME]. I'm calling from [ORG]. To ensure quality service, this call is being recorded and may be monitored Uh, we are calling you today beca",this is from may i with here you what is up i you are doing by the again this is i am from to this is being and may be we are you because you on our that you to with a at for a is this a i am just what is this about the i i so what is what is this about i am it is still i should have out may i that you are for a is that that is i was just into it you what is the what is the you no i can you a on t,Fraud,Normal
927,Normal,"Agent: Hello? Caller: Hey. This is [NAME] over at [ORG]. Saw you might have been needing an insurance quote earlier. Just wanna see if you were helped out or if you still need some help. Agent: Oh, [curious] [ORG], you say? I, um, I might have been looking into something like that. [confused] Which kind of insurance was this for again? Caller: It appears you applied for some sort of personal auto ",this is over at you might have been an just if you were out or if you still some you i i might have been into that which of was this for again it you for some of just a just to have it just through the the i doing that now and what does for that so what we are we are an so we have we the around with some for some for for as so i just some and i just do all the for you and then just the on what you,Normal,Normal
928,Normal,"Agent: Hello? Caller: Hi. Good morning. My name is [NAME] calling on a recorded line, and I'm from [ORG]. Is this [ORG]? Agent: [confused] [ORG]? No, this is [NAME]. [NAME]. Did you say [ORG]? What's that about? Caller: Yeah. Caller: Yeah. I think I said [ORG]. Didn't I what I say? [ORG]? Caller: [ORG] with [ORG]. Is that right? [ORG]? Agent: com? [curious] What's that about, dear? [confused] That",my is on a and i am from is this no this is did you what is that about i i did not i what i with is that what is that about that is what it and you what is that about no this is my was i am not about what was this about did you or i am a are you for a this is with and we are a there was an for on one of our is there an an i do not out that what of are you about an no this is but i did i did into s,Normal,Normal
929,Normal,"Agent: Hello? Caller: Good morning. May I please speak with [NAME]? Agent: Yes, this is [NAME]. [curious] Who's calling, please? Caller: Miss [NAME], my name is [NAME], and I am calling with [ORG] on a recorded line. Caller: I was calling about the auto insurance quote requested for your Toyota Camry. I do have a licensed insurance agent with [ORG] ready to give you that quote. Okay? Agent: [ORG].",may i with this is who is my is and i am with on a i was about the for your i do have a with to you that now what was that about i do not i have of that the i do not out for that but what does do we you with so that you can and i so this could me some then my to all that and i am just not as with it you what of are we about you just to you on your that my to all that but how much are we about here,Normal,Normal
930,Normal,"Agent: Hello? Caller: Hi. Is this [NAME]? Agent: Yes, this is [NAME]. [curious] Who is calling, please? Caller: My name is [NAME]. I'm a licensed insurance agent with [ORG] on a recorded and monitored line. How are you today? Agent: Ah, okay, [calm] hello [NAME]. I am good, thank you. And you? Caller: I'm good. Thank you so much for asking. And I'm following up on a request we received for informa",is this this is who is my is i am a with on a and how are you i am you and you i am you so much for and i am up on a we for about do you have a and i i i was you for some i have i so a and you you do i am just up on a i am just you just a of and you a of that i could you what do you i just a of is your be that is that is and that is that is and i do you we a of however we do not every in your we w,Fraud,Normal
931,Fraud,"Agent: Hello? Caller: Hi. This is [NAME] calling from [ORG]. Caller: About your inquiry on [ORG]. Agent: Oh, hey [NAME]! [curious] What's up? Oh, [ORG], [curious] yeah. I think I did fill out something online about that, um, a while back. What's up? Caller: Yes, ma'am. Am I talking to [NAME]? Agent: Yeah, that's me. [calm] [NAME]. Caller: Hi. Caller: Yes, ma'am. Hi, [NAME]. Um, this call is being ",this is from about your on what is up i i did out about that a while what is up am i to that is me this is being for and my is how can i you so what is what is all this about now what was the the about again i out so many you to and so it does not me what you were in but we and i i was into was it i i was into the and the the i am a you and so so what is the what is the with it now so does your or,Normal,Normal
932,Normal,"Agent: Hello? Caller: Yes. Hello, miss [NAME]? Agent: Yes, [curious] that's me. Who's calling, please? Caller: Okay. Uh, my name is [NAME], ma'am. I'm calling from [ORG]. I'm just doing a follow-up on insurance quote you had requested for an automobile. Caller: Are you still shopping around for insurance? Agent: Oh, [confused] an automobile quote? Oh, [confused] an insurance quote? I... I don't re",that is me who is my is i am from i am just doing a up on you had for an are you still around for an an i i do not one for my you that is what on my with it i i am to a to all that you what of are we about me one your i do for that my me no so you were about the and what were you to for me is it through my or me what is can your is off a what was that again i was just what of you were about you fo,Normal,Normal
933,Fraud,"Agent: Hello? Caller: Hi. This is [NAME] with [ORG]. On a monitored and recorded line on behalf of [ORG] regarding your request for life insurance. Caller: Um, we're on a monitored and recorded line. Am I speaking with [NAME]? Agent: Okay. [curious] Uh, what about it? [confused] Oh, uh, yeah, this is [NAME]. [curious] What's up with the, uh, the life insurance thing? Caller: Uh, looks like a reque",this is with on a and on of your for we are on a and am i with what about it this is what is up with the the a was through for and so we were up on that the that we i do not have an there is an to it but all i is the and it i am to to the i i was around on there the other so what is what is this about then that is i i was just around you what is out there so what is the what is the with it i do no,Normal,Normal
934,Fraud,"Agent: Hello? Caller: Hello? Agent: Oh, hello there. [curious] Who am I speaking with? Caller: Is this [NAME]? Agent: Yes, this is [NAME]. [curious] Who's calling, dear? Caller: What what's your last name? Agent: Oh, it's [NAME]. [curious] And you are? Caller: [NAME]. Agent: [NAME]? [surprised] Oh, my goodness. [NAME] passed away two years ago. [confused] Who is this really? Caller: Dear, what yea",there who am i with is this this is who is what what is your it is and you are my who is this what is it it is now who are you and what do you is this about my this is your my i have a of which one are you and how did you this i do not i a are you you have the this is not about my is it it is not what is it about then i do not from i do not you what is it it is i just that are you you are me the s,Fraud,Fraud
935,Fraud,"Agent: Hello? Caller: Hi. Is [NAME] available? Agent: Yes, this is [NAME]. [curious] Who's calling, please? Caller: This is [NAME] at [ORG]. How are you? Agent: [NAME] at [ORG]... [confused] Now, what was that about again? I get so many calls these days, you know. [curious] Did we speak before? Caller: Uh-huh. Agent: Oh, [satisfied] mm-hmm. So, [curious] what can I do for you, dear? Caller: I'm no",is this is who is this is at how are you at now what was that about again i so many these you did we before so what can i do for you i am not you me what was it you were about i was just up on a you out your the i out that you a while what about it we are just to out more about what your were and how we can you out i was to you a on my he to of all the and since he it is just been a much what of d,Fraud,Normal
936,Normal,"Agent: Hello? Caller: Hello? Hi. Is this [NAME]? Caller: Hello? Caller: Is this [NAME]? Agent: Yes, this is [NAME]. [curious] Who's calling, please? [calm] Yes, this is [NAME]. Who's calling, please? [calm] Yes, this is [NAME]. [curious] Who's calling, please? Caller: Yeah. [NAME] with the [ORG]. You know, he gave my assistant a phone number when I dial it that [PHONE], Caller: it says you cannot ",is this is this this is who is this is who is this is who is with the you he my a when i it that it you can not that so i do not if you have to that but every i that it can not that so that is why i am this so if you we can i do not my what was this about i am not what you are about what was this about the that i do not why that would not what did you you were from again the i i do not that what w,Normal,Normal
937,Fraud,"Agent: Hello? Caller: Good morning, [NAME]. Agent: Good morning. [curious] Um, who's this, please? Caller: This is [NAME]. Agent: [NAME]. [calm] Alright. And, uh, what can I do for you, [NAME]? Caller: This is [NAME] with [ORG]. Caller: Your agent. Agent: [ORG]. [confused] Okay, and what — what can I do for you, [NAME]? [ORG]... [confused] My agent? I, I don't think I have an agent, [NAME]. Caller",who is this this is and what can i do for you this is with your and what what can i do for you my i i do not i have an and what can i what can i do for you to have to you we to the and i am still not that they are for your the i i i would them what what are we about here the the i i i would those what to be the it is not what to be the i am not what the is but i it to you this if you can it and we,Fraud,Fraud
938,Normal,"Agent: Hello? Caller: Hello, [NAME]? Agent: Yeah, [curious] that's me. Caller: [NAME], my name is [NAME]. I'm with [ORG]. [ORG]. I saw that you were on our [ORG] website looking for information. Is that right? Agent: Oh, um, [uncertain] [ORG]. Yeah, I think so? What's this about? Caller: Yes. Um, I was wondering if we could set an appointment. That way, we could go over the information you were lo",that is me my is i am with i that you were on our for is that i so what is this about i was if we could an that we could over the you were for and any that you might have an i am not an for what to that you have as as either that of i was just around i i do not have any now i do not just to you they are that we we could either at at your or if you to the where you would to an me a and that we coul,Normal,Normal
939,Fraud,"Agent: Hello? Caller: Hello. May I speak to [ORG]? Agent: [confused] [ORG]? No, dear, this is [NAME]. E-D-N-A. Did you mean me? And who's calling, please? Caller: My name is [NAME]. I'm calling back from [ORG]. And this call may be monitored or recorded for quality assurance purposes. I'm sorry. I pronounced your name. Caller: Incorrect. Agent: Oh, that's quite alright, [NAME]. Happens all the tim",may i to no this is a did you me and who is my is i am from and this may be or for i am i your that is all the you what can i you with i i had a you i am from a on our and i that the is in is that i it all the so you what is this about the i am in that is what are you about i am in to a for on a or other that may be is this a that is me i i do not a for that but you my is not what it to be what of,Normal,Normal
940,Normal,"Agent: Hello? Caller: Hello. How are you doing? This is [NAME] calling from [ORG]. Am I speaking to [NAME]? Hello? Agent: Oh, [calm] yes, this is [NAME]. [curious] [ORG], you say? Did I — did I fill out something about that? Caller: Yes, ma'am. We received your online request to obtain information and pricing on windows. And we are an authorized window company in your area. And we believe we can h",how are you doing this is from am i to this is you did i did i out about that we your to and on and we are an in your and we we can you with that i just have to some if that is with you i must have i do at some you what of do you we will just to your the how many you to and then an the you is mine of and i am at how many do you at a it is we can do as as one and as many as you but just to again th,Normal,Normal
941,Fraud,"Agent: Hello? Caller: Hi. Is this [NAME]? Agent: Yes, [curious] this is [NAME]. Who's calling, please? Caller: Hello? Caller: My name is [NAME]. Agent: [NAME]? [confused] [NAME] who? I don't think I know a [NAME]. Caller: I'm with [ORG]. Agent: [ORG]. [curious] And what is it you're protecting, dear? Caller: It's a home warranty that was recently recently enrolled. Agent: Oh, [surprised] a home wa",is this this is who is my is who i do not i a i am with and what is it you are it is a that was a i i did that my he that of but what is this about i was because there was a for a at the and when that through it the in was not by our so i was just to that so we can that for you not of the you so it did not through you are what do i to do i would just to the so i can it in to our i do not if some w,Normal,Normal
942,Normal,"Agent: Hello? Caller: Hey, [NAME]. This is [NAME] from [ORG]. How are you doing today? Agent: Hey [NAME]. [calm] I'm doing good, man. What's up? Caller: Yeah. I believe you requested for an extended warranty for a twenty eighteen Toyota online, and I was just getting back to you. Agent: Oh, right, [confused] yeah. The—the Toyota. Okay. What's this about exactly? Caller: Uh, I believe somebody went",this is from how are you doing i am doing what is up i you for an for a and i was just to you the the what is this about i on our and for an for a just not if that was you or not that was me i so what is the with it what is the of the just to what your for and and what are you for as as it is a and i i am just for you the i what do you so we and then we also more of a which would be of our of that,Normal,Normal
943,Fraud,"Agent: Hello? Caller: Hello? Hello? Agent: [confused] Hello? Is someone there? I can barely hear you, dear. Caller: Hello? Agent: Yes, [calm] I'm here. Who is this, please? You're a bit faint. Caller: Hello? Hello? Caller: Hello? How are you doing today? Agent: Yes, [confused] I can hear you. Who is this, please? [calm] I'm doing just fine, thank you. And you? Caller: Hello? Yes, ma'am. I am here ",is there i can you i am here who is this you are a how are you doing i can you who is this i am doing just you and you i am here to you that you are to for what my for what my all the you which can to for your in will of from or it to that just you and it is for and who is this again what was your and the you are with can you i am you are up a can you that this in this from this is from did you i ,Fraud,Fraud
944,Normal,"Agent: Hello? Caller: Hi. How are you doing today? Agent: [distracted] I'm good, man, I'm good. Just, uh, you know, juggling a few things. [curious] Who's this? Caller: Hi. We're just reaching out to you, [NAME]. Agent: Okay. [curious] And... what's this about? Caller: See if we can get you a good rate in auto insurance. Are you still in the market for auto insurance? Agent: Oh, the auto insurance",how are you doing i am i am just you a few who is this we are just out to you and what is this about if we can you a in are you still in the for the i i am for a you what what we are just we have that you had a for your that is i was into that a while what is what is this about the on what is this about the the that is i was i was at some a while what you about i you have a of to it with that my a,Normal,Normal
945,Fraud,"Agent: Hello? Caller: Good morning, [NAME]. Agent: Uh, yeah, [curious] that's me. Who's this? Caller: Hi, [NAME]. This is [NAME]. I'm calling from [ORG] Caller: Debt Relief on a recorded line. How are you doing? Agent: [NAME]. Aight. [confused] [ORG]... what now? Oh, hey [NAME]. [calm] I'm good, I'm good. Just, uh, trying to get this coffee down, you know? What can I do for you? Caller: Oh, I Agen",that is me who is this this is i am from on a how are you doing what now i am i am just to this you what can i do for you i for i it is it is the in the i it i am having too so i have that you were for some we were out that you had that you is now not a to the the i i am just into the now so i a before what is up it so i under that you were for some what is on with you the you just to what is out ,Fraud,Normal
946,Fraud,"Agent: Hello? Caller: Hello? Agent: Hello? [confused] Who is this? Caller: Hi. My name is [NAME]. I'm calling because in the recent updates, the government has introduced final expense insurance plans at a highly sub subsidized rate that you may qualify for. To check if you qualify, so can you please confirm, are you between fifty and eighty years old? Agent: Oh, [curious] final expense insurance?",who is this my is i am because in the the has at a that you may for to if you so can you are you between and i am i am you are for the me you to the on the that was i will on you so much for on the my is how are you doing i am doing just you you i was just to so what is this all about again can you me to that this is about there is a of your and so just to you may i how are you i can you i was jus,Normal,Normal
947,Fraud,"Agent: Hello? Caller: Hey. This is [NAME] with [ORG] on a recorded line. Am I speaking with [NAME]? Agent: [confused] [NAME]? No, this is [NAME]. But, um, what's this about national debt? Caller: Yes. We're calling about an application that you just sent in looking assistance with some debts. Hello? Hello? Agent: Oh, [confused] an application? I... I don't recall sending anything like that in. [cu",this is with on a am i with no this is but what is this about we are about an that you just in with some an i i do not that in what of are you about we are to some about the that you are to because we just this about the i that what do you my is not what it to be how much are you to to all that you it is been a while since i have at all the myself what of are we about here is it or i it is about o,Fraud,Fraud
948,Fraud,"Agent: Hello? Caller: Hi. Speak to [NAME], please? Agent: This is [NAME]. [curious] Who's calling, dear? Caller: This is [NAME] from [ORG]. Just, uh, what want to follow-up on your, um, inquiry online. For some debt relief options. Agent: Oh, [confused] my inquiry? I don't recall... I mean, [NAME] used to handle all that, you know, before he passed. [curious] What kind of debt relief are we talkin",to this is who is this is from just what to up on your for some my i do not i to all that you before he what of are we about to or so on and so it i do have a few i and what was this about i do have a few of those i too much at so what does this is that what you are for i i do have a few you what did i about i just do not out that so so you you i have your here you it out on it was i just through ,Fraud,Normal
949,Normal,"Agent: Hello? Caller: Hi. Good afternoon. Am I speaking with [NAME] with [NAME]? Agent: Yes, this is [NAME]. [curious] Who's calling, please? Caller: This is [ORG] in New Jersey. And we received your online application. We're calling to complete it. Caller: You have time to speak right now? Agent: Oh, [surprised] an online application? Goodness. I don't recall filling one out... but I suppose I mi",am i with with this is who is this is in and we your we are to it you have to now an i do not one out but i i might have what was it for again it was for with or will and a did you out that the i to that i might have that so what do you from me to it up i will be all of the that you out and then i can you for the here do not they only to those the themselves and the would be around to to my that i,Fraud,Fraud
950,Fraud,"Agent: Hello? Caller: Hello. Is this [NAME]? Agent: Yes, this is [NAME]. [curious] Who's calling, please? Caller: Have you ever heard of [NAME]? Agent: [NAME]? [confused] The singer? What about her, dear? Caller: Yes, ma'am. Well, what would you do if I told you that you're speaking with [NAME] Caller: right now. Agent: [surprised] Goodness gracious! [surprised] Goodness gracious! The [NAME]? Well",is this this is who is have you of the what about her what would you do if i you that you are with now the i will be i do not what to you not i would is this some of i do not what to are you the what can i do for you we would to you to a in and you even a with a you a and a that where would this be and a you a i have never had a before would have had a but a does is this a or it is a but you are t,Fraud,Normal
951,Normal,"Agent: Hello? Caller: Hi, [NAME]. This is [NAME]. How are you? Agent: [calm] Oh, hello, [NAME]. I'm doing just fine, thank you. And you? Caller: I'm doing very good. Thanks for asking. Uh, I wanted to give you a call here and at least introduce myself. I'm over at [ORG]. I've gotten your inquiry regarding retirement planning. Agent: [curious] Oh, [ORG]. Right, I think I did send something in about",this is how are you i am doing just you and you i am doing very for i to you a here and at myself i am over at i have your i i did in about that you what was it about again my is not what it to be that is that is i had an for and it in on there and that is what the was around i to you a myself and up some to to more about it you some and where we might be to be a i that about to all the you but si,Normal,Normal
952,Fraud,"Agent: Hello? Caller: Hello? Agent: Hello, [curious] who's this? Caller: This is [NAME]. Agent: [NAME]. [confused] Okay, and where are you calling from, [NAME]? Caller: We were, uh, actually just briefly speaking not too long ago. Agent: Oh, [uncertain] were we? I'm sorry, my memory isn't what it used to be. What was this about, again? Caller: Remember about your taxes? Agent: Oh, [worried] my tax",who is this this is and where are you from we were just not too were we i am my is not what it to be what was this about again about your my i i we would that is there still an with my about your my you there was an and i we would you it what what to be the now about which one my my the one you about is there some other you are to i am not you are not what are you about then i am a you by your my ,Fraud,Normal
953,Fraud,"Agent: Hello? Caller: Hi. Am I speaking with [NAME], uh, [NAME]? Agent: Um, yeah, [curious] who's this? Caller: Hi. This is [NAME] from [ORG] on a recorded line. How are you? Agent: Oh, hey [NAME]! [bubbly] I'm good, how are you? Caller: Oh, uh, can I confirm, uh, your in text Agent: Oh, [confused] my address? Um, yeah, it's [ADDRESS]. Caller: Okay? So, uh, thank you for that. Now I have you verif",am i with who is this this is from on a how are you i am how are you can i your in my it is so you for that now i have you so here is what we will be doing so i am to you some to about your and over your with you so i can how to so from there i will you a you through the and and then i will your any that you have and you does it that i am a but so before we these that in from your can you me a abo,Fraud,Normal
954,Normal,"Agent: Hello? Caller: Hi. Is this [NAME]? Agent: Yeah, [curious] who's this? Caller: Hi, [NAME]. This is [NAME] from [ORG]. And I'll keep it quick. I'm calling because you recently looked into some options online for your auto insurance. We help drivers find rates starting as low as twenty nine dollars a month. In fact, you could save up to eight hundred dollars a year when you compare options. It",is this who is this this is from and i will it i am because you into some for your we as as a in you could up to a when you it only to do you have a of to how much you could the i i did that i though if there were a to your or you for would that be of your i who would not that i who does not to i a what do you just one so we you in the do you have an i do why is there a with it for that i am to yo,Normal,Normal
955,Fraud,"Agent: Hello? Caller: Yes, mister [NAME]. Agent: Yes, [curious] who is this please? Caller: Uh, this is [NAME] once again. [NAME], the one that you spoke earlier, about the [ORG], You scheduled me to call back. Agent: Oh, [nervous] yes, yes. I remember now, [NAME]. Yes. Caller: Right? Okay. So does your wife call the bank over ID? Caller: Did she call the bank about this one? Agent: Uh, no, [nervo",who is this this is again the one that you about the you me to i now so does your the over did she the about this one no i did not have yet i was you for the and then i just now so what do we do my no she did not to she was you with the so i have a now what is it that we to do we will to your but the that you to me it is can you to me again the since that is a because as i to here it is can you to,Fraud,Fraud
956,Normal,"Agent: Hello? Caller: Hello. Is this [NAME]? Agent: Yes, this is [NAME]. [curious] Who's calling, please? Caller: This is [NAME] from [ORG] here in Ken. Agent: [NAME], [calm] okay. And what can I do for you, dear? Caller: Well, um, we had gotten a you had sent a um, something into our website that you're interested in some life insurance, and I was just, uh, getting back to you. My, um, the owner ",is this this is who is this is from here in and what can i do for you we had a you had a into our that you are in some and i was just to you my the of the had it to me to in with you so i did not if that was that you were in or some on are you still there i do not now i do not out that but what of are we about it was i am not i the that to me through my you through the there was just that you woul,Normal,Normal
957,Normal,"Agent: Hello? Caller: Hello. May I please speak with [NAME]? Caller: Hi. Caller: Hello, miss [NAME]? Agent: [calm] This is [NAME]. [curious] Who's calling, please? [calm] Yes, this is [NAME]. Who is this, dear? Caller: Okay. Hello. My name is [NAME] with [ORG] on a recorded line. I was following up on a request regarding the [ORG]. So what I would like to do is get you over to the licensed sales a",may i with this is who is this is who is this my is with on a i was up on a the so what i would to do is you over to the so they can your and i i did about that in the so what does that for me before i do that i i do not that are you you have the i am i do not a but what of are we about and i am when the but i will and you to some and for your but before i do that do you have your my i do not if i,Normal,Normal
958,Fraud,"Agent: Hello? Caller: Hi, [NAME]? Agent: Oh, it's [NAME], love. [curious] Who's this now? Caller: Hey, [NAME]. It's [NAME]. Caller: I'm on a recorded line. Agent: [NAME], is it? [confused] [NAME] who, now? I don't think I know a [NAME]. [NAME]? [confused] [NAME] who, now? I don't think I know a [NAME]. Caller: We we were speaking yesterday Caller: I'm calling from [ORG]. Agent: Oh, right, [nostalg",it is who is this now it is i am on a is it who now i do not i a who now i do not i a we we were i am from i we were about me were not we what can i do for we were to up your i was to you some i with your my that is all that you it is a of a is not it i am about it did you out for me then you have some the the that is i was i was a about that did you did you out for me then so i we out why we were,Fraud,Fraud
959,Normal,"Agent: Hello? Caller: May I speak with [NAME]? Agent: [calm] Yes, this is [NAME]. [curious] Who's calling, please? Caller: [ORG] with your s r twenty two you set up. Agent: [confused] My SR twenty-two? Oh, um, [uncertain] I'm not sure I remember setting that up. [curious] What's that about? Caller: You set up a policy um, let's see, on Friday. Caller: For an s r twenty two nonowner policy. Agent: ",may i with this is who is with your you up my i am not i that up what is that about you up a us on for an on i do not doing that to all my you what of was it again to all the you a you and what does that for me i am i a what does that that again a what does that this is for your it is is on with your if it is be or you an or you are to it my my i did not was with it what in the i am not i do not i,Normal,Normal
960,Normal,"Agent: Hello? Caller: Oh, is this [NAME]? Agent: Yeah, [curious] who's this? Caller: [NAME]? Caller: Hi. This is hello. This is [NAME] going from [ORG] on a recorded line. Caller: Um, uh, it's about yesterday. You mentioned that you will send this Caller: statement letter through email. Agent: Yeah, [confused] who's calling? Oh, hey, [NAME]. What's up? [confused] [ORG], huh? Oh, right, yeah, the—t",is this who is this this is this is from on a it is about you that you will this through who is what is up the the about the my i was in the of what is up the what about it you that you will out since you your are not on your can you do that what about it did it did it not through i i i it what is what is up with it did it not through my so what is up with that then the the not up i can i can that,Fraud,Normal
961,Fraud,"Agent: Hello? Caller: Hi. Hi. Good afternoon. Uh, this is [NAME]. I'm giving you a call. Regarding the, uh, insurance. Caller: Request. Agent: Oh, the insurance. [confused] Which insurance would that be, dear? Oh, [curious] the insurance request? Yeah, I think I did something like that. What's this about exactly? Caller: Okay. Uh, either your either health or life insurance or it could be a home l",this is i am you a the the which would that be the i i did that what is this about either your either or or it could be a now i it was just about my what of are you about now i am not which one which one are you about i am and you must have out the to be by and so i the a in either it is or or either or you are a that is i i did out some you to all that but which of was it for i i do out some you ,Normal,Normal
962,Normal,"Agent: Hello? Caller: Hello. May I please speak with [NAME]? Agent: [confused] Uh, yeah, this is [NAME]. What's up? Caller: Hey, [NAME]. This is [NAME] on a recorded line. Caller: And I'm calling, excuse me, from [ORG]. Just giving you a follow-up call in regards to your inquiry on our website about understanding your [ORG] insurance option. Caller: Looks like you were looking for some information",may i with this is what is up this is on a and i am me from just you a up in to your on our about your you were for some so i was just up in to that what is this about i am in the of here the the what is this about i i am a here do you have a and i do why is there a what is your of my what do you that for just to some of your here it i have you in no no i am in near you the i so what is the with t,Normal,Normal
963,Normal,"Agent: Hello? Caller: Hi. My name is [NAME] and I'm calling from [ORG]. I'm reaching out today because you requested information on saving money on your auto insurance. You have a quick minute to see if you qualify? Agent: Oh, [curious] auto insurance? Yeah, I think I did something like that. [long pause] What kind of savings are you talking about? Caller: We work with over twenty carriers, includ",my is and i am from i am out because you on on your you have a to if you i i did that what of are you about we with over and to some of the on your but we can you a to how much you might would you me to you with a to i do not if i to to this my to all that you he was so with so this is just i if now is not a can we a for a we can you from to the when would be a to you again i do not about my are b,Normal,Normal
964,Fraud,"Agent: Hello? Caller: Hi. Am I speaking with miss [NAME]? Agent: Yes, this is [NAME]. [curious] Who's calling, please? Caller: Hello, [ORG]? Agent: No, [NAME]. [confused] W-H-I-T-C-O-M-B. [curious] And who is this again? Caller: I can hold. Agent: Oh. [confused] Are you still there? I thought we got disconnected. Caller: Oh, I'm so sorry. Can you it's cutting out. Can you hear me okay? Agent: Yes,",am i with this is who is no i and who is this again i can are you still there i we i am so can you it is out can you me i can you now it is just this you who did you you were with do you with him i to a of what was it about from because he was me that you were for a to when your to over your your as as to you into a for your i most of those what is this about i to to a what was this about a again ,Fraud,Fraud
965,Normal,"Agent: Hello? Caller: Hello. Caller: My name is [NAME], and I'm calling from [ORG]. Caller: On a recorded line. How are you doing this morning? Agent: Hey, [curious] who's this? [chuckling] Hey [NAME]. Uh, I'm doing good, man, just trying to get this coffee down. What's up? Caller: Hello? Agent: Yeah, I'm here. [confused] Can you hear me, [NAME]? I said I'm doing good, just trying to get this coff",my is and i am from on a how are you doing this who is this i am doing just to this what is up i am here can you me i i am doing just to this how was i can i am here what is on i was just to you that you may be to to our about and so do you still have a and that is me a and i so what is what is this about we are just you will all the that you may be to and the too of the that out with your and and,Normal,Normal
966,Fraud,"Agent: Hello? Caller: Hello? Agent: Uh, [curious] who's this? Caller: Oh, I'm sorry. Um, this is [NAME] from [ORG]. Is this [NAME]? Agent: [NAME], [confused] yeah, that's me. What's up? Caller: I'm following up there, [NAME]. I I've been following up with you these last Caller: couple days. Were you able to go ahead and, um, get the prepaid card there so we could move forward Caller: with your cas",who is this i am this is from is this that is me what is up i am up there i i have been up with you these were you to and the there so we could with your or i i some about that what is this about again the the i i about that what was it for again the the i so what what is this again this would be the the there the my i am what about it were you to the to the the i i one what do i do with it i am n,Fraud,Fraud
967,Fraud,"Agent: Hello? Caller: Hi, [NAME]. Good morning. It's [NAME] from [ORG]. Agent: [NAME]. [curious] And what can I do for you, dear? Caller: How are you? Agent: I'm doing alright, dear. [calm] And how are you? Caller: I'm doing well. Thank you for asking. I was giving you a call about you looking into some mortgage options for your home on [ADDRESS]. Agent: Oh, [nostalgic] [ADDRESS]. Yes, that's wher",it is from and what can i do for you how are you i am doing and how are you i am doing you for i was you a about you into some for your on that is where and i i did into some a while what of are you about it over as you were for a on a but there is no other on if you were to into into a or a or if you were to on the what i was to here with you and if i could a i i most of that you i am not about t,Normal,Normal
968,Fraud,"Agent: Hello? Caller: Hello, [NAME]? Agent: Yes, this is [NAME]. [curious] Who's calling, please? Caller: [NAME], this is [NAME]. I am with [ORG]. Um, just calling in to see if, uh, everything's okay with your [ORG] insurance plan or if you're just looking for something that offers a a a better food card. Do you receive your food card for your grocery shopping? Agent: Oh, a food card? [surprised] ",this is who is this is i am with just in to if with your or if you are just for that a a a do you your for your a i did not those is that no no it is they they it i you have a and do you have i am not about the to all that you before he so this how does that the i am not about the the other one my he to all that you before he so what of are you about it is a it is are are you if you have the it is,Normal,Normal
969,Normal,"Agent: Hello? Caller: Hello. Is this [NAME]? Agent: Yeah, [curious] who's this? Caller: How are you doing today? My name is [NAME]. I'm a qualifying specialist with [ORG]. Caller: On a recorded and monitored line. How are you today? Agent: Okay. [confused] [ORG]? Oh, hey, [NAME]. [calm] Uh, I'm good, I'm good. Just, you know, juggling a few things. What can I do for ya? Caller: Yes, sir. I underst",is this who is this how are you doing my is i am a with on a and how are you i am i am just you a few what can i do for i so i was just about the that we we for the the what is that the what about it so what is up with that so as i i am a i am not a so my is to the of that you were for and then i can your and i will be to you with a who can you that so what do you from me so i will just through a ,Normal,Normal
970,Normal,"Agent: Hello? Caller: Hello? Caller: Yes, good afternoon. Caller: Hello? Good afternoon. Agent: Oh, hi! [curious] Who's this? Oh, hi! [curious] Who's this? Hi, [curious] who's this? Caller: Hello? Agent: Hi, [curious] can you hear me? Caller: Uh, this is [NAME]. I'm Yes? Agent: Hey [NAME], [curious] what's up? Caller: Yes. I'm calling from [ORG]. Caller: You're registered online for a quote for au",who is this who is this who is this can you me this is i am what is up i am from you are for a for do you i i did that a while what is what is on i am just if you have a few on on the for i am for a you my is so now for or for i i do not up for i here a on the but if you a with a for we can you a on the i up for on the that is so i do not even have a i do not why it is who is is that my my but wit,Normal,Normal
971,Normal,"Agent: Hello? Caller: Hello, miss [NAME]. Agent: Yes, [curious] that's me. Who's calling? Caller: Yeah. This is [NAME]. Agent: Oh, [calm] [NAME]. Alright. And what can I do for you, [NAME]? Caller: Yeah. So, miss [NAME], I was just giving you a callback on that information you filled out for your life insurance. Caller: Just to see what's going on. Agent: Oh, [nostalgic] the life insurance. Oh, [c",that is me who is this is and what can i do for you so i was just you a on that you out for your just to what is on the the i did out did not i what was that for again so this is for a do you have i had for me you but he so i do not if that is still what of are we about so this is for and that is he had but i i just have not into it myself and this is you are this would be either to that to you a ,Normal,Normal
972,Normal,"Agent: Hello? Caller: Hello? Caller: Missus [NAME]? Missus [NAME]? Agent: Hello, [curious] who is this? Oh, hello. [curious] Who's calling, please? Caller: Hello? Agent: Yes, [confused] I can hear you, dear. Who is this? Caller: Yeah. My name is [NAME]. Caller: Just reaching back out to you. My agent tried to transfer you over to me earlier in regards to the [ORG] on your Caller: twenty sixteen [O",who is this who is i can you who is this my is just out to you my to you over to me in to the on your but it we on a so this is an for us to you under before you some other have now that the is out of the on you did the on this that is is that and what can i do for you the now what was that about again my is not what it to be i i did not i had one of those what does that for my the i have a what a,Normal,Normal
973,Fraud,"Agent: Hello? Caller: Hi. This is [NAME] on a recorded line. Who do I have the pleasure of speaking with? Agent: Oh, [nervous] hi [NAME], it's [NAME]. Caller: Hello? Agent: Yeah, [uncertain] hi, it's [NAME]. Caller: Hello? Agent: Yeah, [uncertain] hi, it's [NAME]. Caller: Can you hear me? Agent: Yeah, [uncertain] I can hear you. Can you hear me? Caller: Yeah. I can hear you. Agent: Oh, [nervous] o",this is on a who do i have the of with it is it is it is can you me i can you can you me i can you i was a a what about it did you are you around for i i am what what is this for you would out a if you are for a we have a of so what of are we about we would have to into the to that so what do you from me we would have to through and we can off there what is it that you do for a i and then i also d,Fraud,Fraud
974,Normal,"Agent: Hello? Caller: Hey. This is [NAME] from [ORG]. Caller: Am I speaking with [NAME]? Agent: [ORG], [curious] is it? Ah, [curious] that's me. [NAME]. What can I do for ya, [NAME]? Caller: Thanks, [NAME]. I'm just following up on a form you submitted looking for some health insurance insurance info. I just need to grab a few quick details to get you over to a licensed agent who can help. Caller:",this is from am i with is it that is me what can i do for i am just up on a you for some i just to a few to you over to a who can off are you for a or an a is it is it no it is i did not out any now for are you you have the i you these by or in the it but since we are on the i can you out just to are you for a or an a i it is just me now is not it my her she is a few so an i i am so to about that ,Normal,Normal
975,Fraud,"Agent: Hello? Caller: Hello, [NAME]? Agent: Yeah, [curious] that's me. Caller: Hello? Agent: Yes, this is [NAME]. [curious] Who's this? Caller: Can you hear me good, miss [NAME]? Agent: I can hear you, yeah. [confused] Who's this? Caller: Yes. Uh, by the way, this is [NAME]. I'm just responding that application for health insurance. Caller: Are you looking for individual or family plan? Agent: Oh,",that is me this is who is this can you me i can you who is this by the this is i am just that for are you for or the i i did that a while what about it the i was for an just for yourself just for myself what of do you have so before i you no i was just what of you have i am from the and before i you to our who will further you if you have any you can our but it is my to you a few here that is so a,Normal,Normal
976,Normal,"Agent: Hello? Caller: Hello. Good afternoon. My name is [NAME] from [ORG]. And I was calling for [NAME]. Caller: Hello. Good afternoon. My name is [NAME] from [ORG]. Is this miss [NAME]? Agent: Oh, [curious] that's me. What can I help you with, dear? This is [NAME]. [calm] What can I do for you, dear? Caller: Hello. I was calling in regards to those homeowner quotes I sent to your email. Just want",my is from and i was for my is from is this that is me what can i you with this is what can i do for you i was in to those i to your just to with you to if you have any for me the i do not those my you it is a of a what of were they in to the i you some from you that since you did not an in the from the we so i you some from i i that to all the you since he it is all just so these they do not an t,Normal,Normal
977,Normal,"Agent: Hello? Caller: Hello. May I please speak to [NAME]? Agent: Ah, [curious] that's me. Who's calling now? Caller: Hello, sir. I'm calling with the [ORG]. My name is [NAME]. Please note call may be monitored or recorded. Uh, looks like you had requested some information on a reverse mortgage loan. Is this correct, sir? Agent: Oh, [uncertain] a reverse mortgage, you say? Yeah, that's right, I th",may i to that is me who is now i am with the my is may be or you had some on a is this a you that is i i did what is it all about i was you a few before i you to a who can you out a i do have your at and is that and is it that a to be with i the been a has not it but if you so what there do you own on that the and i we that off her so no there is no on it no all you just me and the now it you so m,Normal,Normal
978,Fraud,"Agent: Hello? Caller: Hi. Is this [ORG]? Agent: Oh, hello. [confused] [ORG]? No, dear, this is [NAME]. Who's calling, please? Caller: Hi. No. I'm [NAME]. I was just on the phone with you, and it and for some reason, it disconnected. My system just dropped. Caller: So that's why I was calling you back. Caller: Because you said you needed some help on your prescriptions. Is that correct? Agent: Oh, ",is this no this is who is no i am i was just on the with you and it and for some it my just so that is why i was you because you you some on your is that it did it did my just so i it i did not even we were what were we about it these that is i was just at my who did you you were with again they are and us here what is your i was at my you my and i am just so about what i am to my it is and what i,Fraud,Normal
979,Fraud,"Agent: Hello? Caller: Hello. Missus [NAME], please? Agent: Um, [uncertain] this is [NAME]. Caller: Hi, [NAME]. It's [NAME] calling from [ORG] on a recorded line. How are you today? Agent: Oh, [nervous] hi. Um, I'm okay. How are you? Caller: I'm good. We're reaching out regarding your request Caller: for information regarding debt consolidation. Agent: My request? [confused] Um, okay. Oh, right, [u",this is it is from on a how are you i am how are you i am we are out your for my i so what about it can you that you are in no i am in you are in that is so in in to be to you with the i would to you some about the so i can your and up with that will for you does that i so what of can you me about the how much it is and how it is it is you and then some i it is around around i so i so it is it is ,Fraud,Fraud
980,Fraud,"Agent: Hello? Caller: Hello. This is [NAME] with [ORG]. Caller: Is this [NAME]? Agent: Oh, [confused] [ORG]? I — I don't think I've heard of you folks before. Oh, [calm] yes, this is [NAME]. [curious] What can I help you with, dear? Caller: Hey, [NAME]. We are scheduled to start your case, uh, and we're unable to reach you. So I just wanted to get everything rescheduled for you. Looks like we're o",this is with is this i i do not i have of you before this is what can i you with we are to your and we are to you so i just to for you we are our was on the for and do you me to that for you my and a you what is that the the that is i i to all that what did you it was about again it was for the you had with i am the for the i those up and what was the for the did those you since he it is all been ,Normal,Normal
981,Fraud,"Agent: Hello? Caller: Hi, [NAME]. This is [NAME] with [ORG] on a recorded line. How are you doing today? Agent: Hey, [NAME]. Yeah, I'm good. [curious] What's up? Caller: Great. Can you? Agent: What's this about? Caller: Hi. How are you doing today? Agent: I'm good, I'm good. [curious] What's this about exactly? Caller: Did you fill out a form online to get a quote for a security system? Agent: Oh,",this is with on a how are you doing i am what is up can you what is this about how are you doing i am i am what is this about did you out a to a for a the i was into a few what about it what has you into a did or are you just to be that is i it was you just with the and i just the is up what is the with the i you with the and it is just it is to be i what is your no that you what we do not have is,Normal,Normal
982,Fraud,"Agent: Hello? Caller: Hi. This is, uh, [NAME]. I'm with, uh, [ORG]. Um, I was calling on behalf of [NAME]. Uh, he was the general that you've been working with, um, regarding the Caller: the insurance policy that we're gonna put into effect. We just need those signed documents. Um, it seems like that we're having some difficulty with the with the documents coming through. Um, and I was hoping that",this is i am with i was on of he was the that you have been with the the that we are into we just those it that we are having some with the with the through and i was that you and i can through it one more to if where the where the might be with the over if it is on or in or if we are just a that is the the i i would those it so it is not through on our and i that we are a a a in that if you could,Normal,Normal
983,Fraud,"Agent: Hello? Caller: Hi. Am I speaking to [NAME]? Agent: Yes, [curious] this is [NAME]. Caller: Hi. Hi, [NAME]. This is [NAME] with [ORG] through [ORG]. How are you? Agent: Oh, [calm] hello. I am good, thank you. How are you, [NAME]? Caller: That's good. I'm doing good as well. I'm just following up on an inquiry that you filled out on our website Caller: site. It looks like you're wanting to get",am i to this is this is with through how are you i am you how are you that is i am doing as i am just up on an that you out on our it you are to on some of your the the so with our here it is a we with many to your and with this you would be up to us one for all of your and then we of to each for you every until you are off and so what does that for me so you you me then so so you me just one and ,Fraud,Normal
984,Normal,"Agent: Hello? Caller: Hello? Agent: Yes, [curious] who's calling please? Caller: Hello? Caller: Uh, my name is [NAME]. Is this [NAME], [NAME]? Agent: Yes, [curious] I can hear you, dear. Yes, this is [NAME]. [curious] What can I do for you, dear? Caller: Uh, was this [NAME]? Uh, my name is [NAME]. Caller: And I'm with [ORG]. Uh, this call is about your health subsidy, [ORG]. So you have been appro",who is my is is this i can you this is what can i do for you was this my is and i am with this is about your so you have been to a that is up to and every i am a that you can it for your and as as that you are a that is in the of so that you can it at as to you that is me and and what was that again and that that what of are we about it can your your your and also if you are to any in so that is t,Normal,Normal
985,Fraud,"Agent: Hello? Caller: Hi, [NAME]. This is [NAME] here with [ORG], the preferred [ORG] provider on a recorded line. How are you today? Agent: [confused] [NAME]? Oh, you must mean [NAME]. My name is [NAME]. And [curious] what was that company again? Caller: Oh, Caller: I'm with the [ORG]. Um, so we were just reaching out today just regarding an inquiry for some information on home security. Were you",this is here with the on a how are you you must my is and what was that again i am with the so we were just out just an for some on were you a more into some or my is and what was that you you were with an i do not out about that you are you you have the am i with that is me but i just do not i my he to all that and he is been a now so what was this about again no we were just out just because we ,Normal,Normal
986,Normal,"Agent: Hello? Caller: Hello? Hi. Is this [NAME]? Agent: Yes, [calm] this is [NAME]. Who's calling, dear? Caller: Miss Okay. This is [NAME] at [ORG]. I received message you were wanting an online quote with us for final expenses. Agent: Oh, [curious] final expenses? Mm-hmm. I did, um, I think I did fill out something like that, you know. [confused] What exactly does that mean, ""final expenses""? Cal",is this this is who is this is at i you were an with us for i did i i did out that you what does that are you in out that what does that i am that is and you were a for your is that i i might have i so many in the you what of are we about that is how does that we just a here are you there i am about that i just to here so what we do is we over of the we are to between all their to you the that you,Normal,Normal
987,Normal,"Agent: Hello? Caller: Hello. Is this [NAME]? Agent: Yes, [calm] this is [NAME]. Caller: Hi, [NAME]. My name is [NAME]. I am a licensed insurance agent with [ORG] on a recorded and monitored line. Caller: How are you today? Agent: Oh, hello, [NAME]. I'm doing, um, pretty well, [calm] thank you. And yourself? Caller: I'm good. Thank you for asking. And I was following up on a request we received abo",is this this is my is i am a with on a and how are you i am doing you and yourself i am you for and i was up on a we about a about do you have a and you i i do have a and that is i am just up with you by just a of and you a of that you can you are you are to i so that i and is your what what of do you have that is that is and we a of however we do not every and what is this about i we which in you,Normal,Normal
988,Normal,"Agent: Hello? Caller: Thank you for your interest in [ORG] dot com. Caller: Are now connecting you with a service professional. Caller: It's a great day at the [ORG] sales department. My name is [NAME]. My call is recorded for quality and accuracy. Is this [NAME]? Agent: Oh, [surprised] [ORG]? Goodness. I remember filling out something about that, you know, a while back. [curious] What's this call",you for your in are now you with a it is a at the my is my is for and is this i out about that you a while what is this about i do not did i up for with this is did i did i you it and then you and to you i did i do not doing that what what was i for do you it does not me it just i you around the or of the and for a so that is why we have been you i if you so my to all the you so what is it you are,Normal,Normal
989,Normal,"Agent: Hello? Caller: Hello? Hi. Is this [NAME]? Agent: Yes, this is [NAME]. [curious] Who's calling, please? Caller: Hello? Hi, [NAME]. Yeah. Hi, [NAME]. This is [NAME]. From [ORG]. How are you doing today? Agent: Oh, [NAME], [calm] hello. I'm doing just fine, thank you. And you? Caller: I'm doing great. Do you have a moment to chat? Agent: Well, [calm] I suppose so. I was just about to put on my",is this this is who is this is from how are you doing i am doing just you and you i am doing do you have a to i so i was just about to on my what can i do for you we were your for and also and i was just to how i could you out with that and if you are to a from us my an i i i did out that you a while now what of were you to i just here in our it just so i was just you which one were you for if it ,Normal,Normal
990,Fraud,"Agent: Hello? Caller: Hello? Hello. Is [NAME] there? Agent: Yes, this is [NAME]. [curious] Who's calling, please? Caller: Hey. Hey, [NAME]. This is [NAME] with [ORG]. How are you doing? Caller: This morning? Agent: Oh, [calm] hello [NAME]. I'm doing alright, just enjoying the Sarasota sunshine. [curious] What can I do for you today? Oh, hello, [NAME]. [calm] I'm doing just fine, thank you. [curiou",is there this is who is this is with how are you doing this i am doing just the what can i do for you i am doing just you what can i you with you an just for a was just to you there is a on our are you there i did i do not what was that about again a i i did out about that you you which all your in your and in your did you have do you have a for me to over that with you a i i did out that my to al,Normal,Normal
991,Normal,"Agent: Hello? Caller: Hi. Is this [NAME]? Agent: Uh, yeah, [curious] who's this? Caller: Yeah. Agent: Okay. Caller: Yeah. This is [NAME] from [ORG]. Caller: I was getting back to you on the warranty on the [ORG]. Agent: [ORG]? [confused] Hmm, what's up? Oh, the warranty, [confused] yeah—hold on. What's this about exactly? Caller: Uh, you put in a quote for a [ORG] [ORG]. Caller: Um, for extended w",is this who is this this is from i was to you on the on the what is up the on what is this about you in a for a for on it i was just to you with a the i was at a few what about it the i was into that so what is the what is the i we can i we can you you we can you to it is a with our that we have on the and then the that we have here for the the is for the that is that is no so how much is that me ,Normal,Fraud
992,Fraud,"Agent: Hello? Caller: Hello. This is [NAME], [ORG]'s virtual assistant. Following up on your interest in our debt program. This call is recorded for quality assurance. Am I speaking with [NAME]? Hello. This is [NAME], [ORG]'s virtual assistant. Following up on your interest in our debt program. This call is recorded for quality assurance. Am I speaking with [NAME]? Agent: [curious] Oh, hello there",this is up on your in our this is for am i with this is up on your in our this is for am i with there this is what can i do for for us with a i you are in is that no at all what is on your that is been here a while now what is this all about it for that i am your for with about how much or are you now so what is this about now the now i am not to be with it is a of a a you what would is a that is ,Fraud,Normal
993,Fraud,"Agent: Hello? Caller: Hi. Is this mister [NAME]? Agent: Yes, this is [NAME]. [curious] Who is this, please? Caller: This is [NAME] with [ORG]. Caller: Are you today? Agent: Ah, [ORG]. [confused] Yes, I have— I have that. [uncertain] [ORG]... Yes, yes, I am good, thank you. Um, [curious] what is this about? Caller: Yes. Yes. We received a home insurance request online. Um, is that something you wer",is this this is who is this this is with are you i have i have that i am you what is this about we a is that you were still in the i was you what is this about we just had some and did not if you might over those with an a i would to the how do we do that we had some from just to you how much they were so what did you for me if you have one i will you you over to one of our and they can you do you,Fraud,Normal
994,Fraud,"Agent: Hello? Caller: Good morning. Hello there. Is this, um, [NAME]? Agent: Yes, [curious] this is [NAME]. Who is this, please? Caller: Hello there, [NAME]. My name is [NAME]. I'm a licensed insurance agent with [ORG] on a recorded and monitored line. How are you doing today? Agent: Oh, hello, [NAME]. I am fine, thank you. [curious] What is this about, please? Caller: Alright. Caller: Yes, sir. S",there is this this is who is this there my is i am a with on a and how are you doing i am you what is this about so i am just up on a for about in the do you still have do you have your a and i do not this the i have it but i do not you i do not you what of is this just to if you are that you are for your for your do you have a now and what would that be these a i so i i have you and i do not the ,Fraud,Normal
995,Fraud,"Agent: Hello? Caller: Hello. Am I speaking to [NAME]? Agent: Um, yeah, [uncertain] this is [NAME]. Caller: Hi. This is [NAME] calling you with [ORG] on a recorded line. I'm calling because I have received your application for the assistance, and I wanted to follow-up and see how we can help you. Okay? Agent: Oh, okay, [nervous] yeah. Um, the application. Right. Caller: Great. Um, so based on your ",am i to this is this is you with on a i am because i have your for the and i to up and how we can you the so on your it you are in the of is that i am in so i i am on the is that where you it is because we to which is you are in so we can the we have in your with that on your which is we have we have a and we have a in this we just those out for you so you then can if any of those could for you is,Fraud,Normal
996,Normal,"Agent: Hello? Caller: Hey. This is [NAME] with [ORG]. Is [NAME]? Hello, can you hear me? Agent: [confused] [NAME]? I—I'm sorry, I didn't quite catch that. Who did you say this was? Caller: Yes. Yes. [NAME] with [ORG], the cleaning company. Caller: I got an inquiry online that you may be looking for a quote. Just wanna see if I can help you out with that. Agent: Oh, [ORG]! [surprised] Goodness, I w",this is with is can you me i i am i did not that who did you this was with the i an that you may be for a just if i can you out with that i was not a this is how can i you my i i did at that my he to do all the you but since he it is just been a so what of do you do but since he it is just been a much so what of do you i am to that of i am i you are in and out on me i am i am you here for a what d,Normal,Normal
997,Fraud,"Agent: Hello? Caller: Hey, [NAME]. Hi. It's [NAME], the, uh, state licensed and contracted agent. And I'm following up with you on a recent online request for [ORG] rates and assistance. I've been assigned to help assist you, but there were some missing pieces of information Uh, it's like, uh, for instance, what plan that you are interested in. Agent: Oh, [confused] okay. Well, um, I don't recall ",it is the and and i am up with you on a for and i have been to you but there were some of it is for what that you are in i do not out you to all that what of were you to me with a a i have you what is the with a and what a and a now you just a are there what is the between those the was in there are no it is to your the was in and it is by the than by i so the is the one and this is all through no,Normal,Normal
998,Fraud,"Agent: Hello? Caller: Hi. I, uh, am I speaking with [NAME]? Agent: Yes, this is [NAME]. [curious] Who's calling, please? Caller: Hi, [NAME]. This this is [NAME] with [ORG] home security. How are you? Agent: Oh, [calm] [ORG]. I'm doing all right, [NAME]. Just, you know, enjoying the Sarasota weather. [curious] What can I do for you? Caller: Yeah. So we, uh, received a request to get to, uh, get you",i am i with this is who is this this is with how are you i am doing all just you the what can i do for you so we a to to you some about for your so i was out just to and what we can i what we can do to to you so we over the we a now so i just to what had you into was it more or did in the a you i do a of i i might have in and what of are you about i might have out what of are you about so so we do,Normal,Normal
999,Normal,"Agent: Hello? Caller: Hello, [NAME]? Agent: Yes, this is [NAME]. [curious] Who's calling, please? Caller: [ORG], hi. This is [NAME], the insurance agent that you're just speaking with. Agent: Oh, [NAME]. [calm] Yes, I remember. We were just talking about, um, the insurance, right? What was it about again? Caller: Uh, it was about the final expense life insurance and I was about to ask you some hea",this is who is this is the that you are just with i we were just about the what was it about again it was about the and i was about to you some the i have been to into that so what of do you have for me do you have any any any that i had a in my but the it was nothing no or no is that what you by and any any no no i do not no the now what was that other one you i did not it you that no none of tha,Normal,Normal
