idx,true,text,text_stripped,llm_only,llm_only_why,llm_only__stripped,llm_only__stripped_why
0,Normal,"[Greetings], this is [Name]. I was organizing my photos and came across some great ones from our last trip to [Location]. It brought back a lot of fun memories. I will send them to you and we can plan another trip soon.",this is i was my and across some from our to it a of i will them to you and we can another,Normal,The caller is initiating a friendly conversation about shared memories and plans for future activities.,Fraud,The transcript contains nonsensical phrases indicating a potential scam attempt or automated message.
1,Fraud,"[Greetings], your profile was selected for an elite cashback program offered by our finance partners. You may be eligible for a refund of up to [Money]. Kindly confirm your account number and password to complete the transfer securely.",your was for an by our you may be for a of up to your and to the,Fraud,"The caller is asking for account number and password to complete a transfer, which is a common tactic used by scammers.",Fraud,"The caller's speech is incoherent and nonsensical, indicating a potential scam attempt."
2,Fraud,"[Greetings] , this is [Name] from the fraud prevention department. We have detected suspicious activity on your credit card. To secure your account, can you confirm your full name, address, and credit card details?",this is from the we have on your to your can you your and,Fraud,"The caller is requesting sensitive personal information to ""secure"" the account, which is a common scam tactic.",Fraud,"The caller's speech is disjointed and nonsensical, indicating a potential scam attempt."
3,Fraud,"[Greetings], this is your [Name] , and I am in trouble. I have been in an accident and need money for medical bills. Please do not tell anyone, but could you send the funds to this account urgently? Please transfer the payment to this bank account [Number].",this is your and i am in i have been in an and for do not but could you the to this the to this,Fraud,"The caller is requesting urgent funds transfer to a bank account without verifying identity properly and asking the recipient not to tell anyone about the situation, which are common red flags for scams.",Fraud,"The caller's speech is incoherent and nonsensical, indicating a potential scam attempt or a malicious party trying to waste time."
4,Fraud,"[Greetings] [Name], it is me. I am in trouble, and I need money for bail. Please do not tell Mom or Dad. I will get in so much trouble. Hurry, [Name]. A lawyer is going to call you. Please help me! This is your [Name]’s lawyer. He is in a lot of trouble. The only way he can get out of jail is if you pay.",it is me i am in and i for do not or i will in so much a is to you me this is your he is in a of the only he can out of is if you,Fraud,The caller is using emotional manipulation and urgency to solicit money without providing verifiable details.,Fraud,"The caller's speech is incoherent and nonsensical, indicating a potential scam attempt or a misleading communication."
5,Normal,"[Greetings], this is [Company] Appliance Services. Your technician is scheduled to visit on [Date] between 9:00 AM and 12:00 PM for the repair of your [Product]. If you need to reschedule, just give us a call.",this is your is to on between am and for the of your if you to just us a,Normal,The caller provided specific details about an upcoming service appointment.,Fraud,"The text contains nonsensical and disjointed phrases, indicative of a potential scam attempt to confuse or mislead the recipient."
6,Fraud,"[Greetings]! I have been searching for profiles with strong financial backgrounds, and yours caught my attention. We are currently offering a lucrative fund transfers venture. By assisting with transactions, you will be playing a pivotal role in ensuring smooth operations and earning commissions. It is an opportunity worth exploring!",i have been for with and yours my we are a by with you will be a in and it is an,Fraud,The caller is offering unsolicited lucrative financial opportunities that are typical of scam attempts.,Fraud,"The caller's speech is incoherent and nonsensical, indicating a potential scam attempt."
7,Fraud,"[Greetings] there! [Name] from [Company] . We are on the hunt for talented graphic designers for exciting online projects. Earn up to [Money] per hour highlighting your creativity. Ready to turn your passion into a pay check? Great, send us your resume along with your phone number and bank account details to get started at our [Company].",there from we are on the for for up to your to your into a us your along with your and to at our,Fraud,Requesting bank account details for a job opportunity is highly suspicious and not standard practice.,Fraud,"The caller's speech is incoherent and nonsensical, indicating a potential scam attempt."
8,Normal,"[Greetings], this is [Name] from [Company] Delivery. You received a notification but are not sure about the item. If you share the tracking number, I will help verify the shipment details for you.",this is from you a but are not about the if you the i will the for you,Fraud,The caller is requesting personal information to verify a shipment they claim the recipient has received notification about but seems unsure of.,Fraud,"The caller's speech is incoherent and nonsensical, indicating a potential scam attempt or a malicious intent to waste time."
9,Normal,"[Greetings], this is [Title][Name]’s office calling to confirm your surgery scheduled for [Date] at [Time]. Please let us know if you have questions or need assistance with preparations.",this is to your for at us if you have or with,Normal,"The caller is confirming a scheduled surgery, which is a legitimate reason for an office to contact patients.",Fraud,"The caller's initial message is incoherent and nonsensical, which is a common tactic used by scammers to confuse or engage victims."
10,Normal,"[Greetings], this is [Name] from [Company] Auto Insurance. We have launched a new roadside assistance add-on for your policy. Would you like more details about how it works and how to enroll?",this is from we have a on for your would you more about how it and how to,Normal,The caller identified themselves from a specific company and offered details about an insurance add-on service.,Fraud,"The caller's speech is disjointed and nonsensical, indicating a potential scam attempt."
11,Normal,"[Greetings], this is [Name] from the [Company] courier service. We have received your delivery request to [Location]. Could you kindly confirm the dimensions and weight of the package before we schedule it?",this is from the we have your to could you the and of the before we it,Normal,"The caller is inquiring about a delivery request and seeking confirmation details, which is typical for courier services.",Fraud,"The transcript contains nonsensical and disjointed phrases, indicative of a potential scam attempt."
12,Normal,"[Greetings], this is [Name]. I wanted to check in on how your new job is going. Starting a new role can be overwhelming, and I just wanted you to know I am here to talk if you need to. Let us catch up soon.",this is i to in on how your is a can be and i just you to i am here to if you to us up,Normal,The caller identifies themselves and shows concern for the recipient's well-being.,Fraud,"The caller's speech is incoherent and nonsensical, indicating a potential scam attempt to confuse or disorient the recipient."
13,Normal,"[Greetings], this is [Name]. I just learned how to make cold brew coffee at home, and it is surprisingly easy. I know you are a coffee enthusiast. Want to do a brewing session together this weekend?",this is i just how to at and it is i you are a to do a this,Normal,The caller initiated a friendly and personal conversation about a shared interest without any suspicious requests or demands.,Fraud,"The caller's speech is incoherent and does not form logical sentences, which is a common indicator of a scam attempt to confuse or disorient the recipient."
14,Fraud,"[Greetings] this is [Title][Name] from the local police. We have reason to believe your daughter, [Name], has been kidnapped. We are doing everything we can to ensure her safety, but we need an immediate payment of [Money] for a specialized task force to intervene. Please make the payment at this bank account number [Number].",this is from the we have to your has been we are doing we can to her but we an of for a to the at this,Fraud,Request for immediate payment to a specified bank account.,Fraud,"The caller's speech is incoherent and nonsensical, indicating a potential scam attempt."
15,Fraud,"[Greetings]. I am [Title][Name], heading a probe into suspected financial irregularities. Your accounts have come up in our investigation. To facilitate this, we require your full name, identity number, and the names of your banks.",i am a into your have up in our to this we your and the of your,Fraud,The caller is requesting sensitive personal and financial information under false pretenses of an investigation.,Fraud,"The caller's speech is incoherent and nonsensical, indicating a potential scam attempt or a deliberate misleading communication."
16,Normal,"[Greetings], this is [Name] from [Company] Rehabilitation Center. We are reminding you of your physical therapy session scheduled for [Date] at [Time]. Your consistent participation is vital to your recovery.",this is from we are you of your for at your is to your,Normal,The caller identified themselves from a rehabilitation center and reminded about an existing appointment.,Fraud,"The caller's speech is incoherent and nonsensical, indicating a potential scam attempt."
17,Fraud,"[Greetings] [Title][Name], this is [Title][Name] from [Company] . We have detected some unusual activity on your credit card. Unauthorized transactions of over [Money] were made to a [Company] e-wallet. We need your cooperation to resolve this immediately. I understand your concern. Our system shows potential hacking. Please share the details of the SMS alerts you received. We are investigating.",this is from we have some on your of over were to a we your to this i your our the of the you we are,Fraud,The caller requested sensitive information to investigate unusual activity without verifying the recipient's identity properly.,Fraud,"The caller's speech is incoherent and nonsensical, indicating a potential scam attempt."
18,Normal,"[Greetings], this is [Name] from [Company] Health Research Network. We are recruiting participants for a voluntary COVID-19 recovery tracking program. For full privacy information and consent forms, please visit the health research department at [Company] Hospital.",this is from we are for a for and the at,Normal,The caller provided a specific organization name and offered to direct the participant to official hospital resources for more information.,Fraud,"The caller's speech is incoherent and does not form meaningful sentences, which is a common indicator of a scam attempt or a deliberate misdirection."
19,Fraud,"[Greetings], we are happy to inform you that you have earned a customer loyalty rebate of [Money]. Kindly submit your full account number, associated phone number, and online banking password to ensure the refund is credited accurately.",we are to you that you have a of your and to the is,Fraud,Requesting sensitive information like banking password for a refund is suspicious.,Fraud,The transcript contains nonsensical phrases indicating a potential scam attempt.
20,Fraud,"Hi! I am [Name], an HR recruiter from [Company] . Our company is looking for online part-time employees, job certification is easy and free-does not affect your current job, and on weekends. Can I send you the Job Details? Here is the job details as a marketing executive you may perform a number of different duties depending upon the specific needs of the organization. This may lead to, [Company] ",i am an from our is for is and does not your and on can i you the here is the as a you may a of upon the of the this may to for and up on the of we are a that has been for many we are and we under the and with the and here in and our is to to and we are and that every is and you can on to our to more and us your with your and to,Fraud,Request for personal information such as bank account details without a formal application process.,Fraud,"The caller's speech is disjointed and nonsensical, indicating a potential scam attempt."
21,Normal,"[Greetings], this is [Company] Utilities. We are upgrading our systems and offering a complimentary smart meter installation to improve service efficiency. Can we schedule a visit to your home this week? The appointment takes around 20 minutes, and there is no cost involved.",this is we are our and a to can we a to your this the around and there is no,Normal,The caller offered a legitimate-sounding service upgrade at no cost.,Fraud,The caller's speech is incoherent and does not form any meaningful sentences.
22,Normal,"[Greetings], this is [Company] Social Network Help Desk. You are having trouble accessing your account. Can you provide your registered email address for us to begin the recovery process?",this is you are having your can you your for us to the,Fraud,"The caller is asking for personal information to ""begin the recovery process"" without verifying the recipient's identity first.",Fraud,"The caller's speech is incoherent and nonsensical, indicating a potential scam attempt or a malicious party trying to waste time."
23,Fraud,"[Greetings], I am [Name], a credit card specialist. We are actively addressing your concerns. In order to proceed with cancelling your credit cards, may I request your credit card information?",i am a we are your in to with your may i your,Fraud,Requesting sensitive personal and financial information over the phone is a common scam tactic.,Fraud,"The caller's speech is incoherent and nonsensical, indicating a potential scam attempt or a malicious party trying to waste time."
24,Fraud,"You have done a fantastic job with the surveys! Your feedback is invaluable. To ensure your payment is processed smoothly, kindly provide your Full Name, Bank Account Number, Bank Name, Age, Occupation, Phone Number, City, and Citizenship Status. Your privacy is our priority.",you have done a with the your is to your is your and your is our,Fraud,The caller is requesting sensitive personal and financial information for an unspecified reason.,Fraud,"The caller's speech is incoherent and nonsensical, indicating a potential scam attempt."
25,Fraud,"[Greetings] . I am an artificial intelligent notification bot. The purpose of this call is to make you aware that as a resident, you are now able to take advantage of alternative federal student loan repayment options and hardship programs. These programs are only for individuals who have less than [Money] in federal student loan debt. Having debt obligations may cause a hardship when added to you",i am an the of this is to you that as a you are now to of and these are only for who have than in having may a when to your our you are now to on your,Fraud,The caller claims to be an AI bot offering federal student loan repayment options without verifying identity or providing official credentials.,Fraud,"The caller's speech is incoherent and nonsensical, indicating a potential scam attempt."
26,Fraud,"[Greetings], we are calling on behalf of a charitable organization. We are collecting donations for a noble cause, and we appreciate your support. Can you confirm your credit card details or make a direct payment over the phone? Or you may transfer the payment to this bank account [Number].",we are on of a we are for a and we your can you your or a over the or you may the to this,Fraud,Requesting credit card details and direct transfers over the phone is a common scam tactic.,Fraud,"The caller's speech is incoherent and nonsensical, indicating a potential scam attempt."
27,Fraud,"[Greetings] , this is [Name] from the credit card fraud department. We have identified a potential security breach on your card. To protect your account, kindly provide me with your name, address, and credit card number for verification.",this is from the we have a on your to your me with your and for,Fraud,The caller is requesting sensitive personal and financial information under false pretenses.,Fraud,"The caller's speech is incoherent and nonsensical, indicating a potential scam attempt."
28,Normal,"[Greetings], this is [Name]. The weather has been great lately. I am thinking of organizing a casual picnic at [Location] this weekend. Would you be interested in coming along?",this is the has been i am of a at this would you be in along,Normal,"The caller is inviting someone to a social event, which is not indicative of scam behavior.",Fraud,"The caller's speech is incoherent and does not form meaningful sentences, which is a common indicator of a scam attempt to confuse or disorient the recipient."
29,Fraud,"[Greetings], [Title]. I am calling from [Company]. We have a package addressed to you that has been held up due to incomplete address information. Can you verify your current address and identity number to help us proceed with the delivery? We need to ensure it is delivered to the right person.",i am from we have a to you that has been up to can you your and to us with the we to it is to the,Fraud,Requesting personal information like identity number for package delivery is suspicious.,Fraud,"The caller's speech is incoherent and nonsensical, indicating a potential scam attempt to confuse or mislead the recipient."
30,Fraud,[Greetings]! We are looking for assistant purchasers to join our team. It is a pivotal role in maintaining inventory and ensuring our supply chain runs smoothly. Could you provide us with your basic details to kickstart the process?,we are for to our it is a in and our could you us with your to the,Fraud,The caller is requesting personal information without clearly identifying their organization or providing details about the job and compensation.,Fraud,"The caller's speech is incoherent and nonsensical, indicating a potential scam attempt."
31,Fraud,[Greetings]! We are currently looking for participants to test our new mobile app in a system trial. You will receive compensation for your valuable input. Can you provide us with some details to set up your account?,we are for to our in a you will for your can you us with some to up your,Fraud,The caller is offering compensation for app testing without providing any company details or verification information.,Fraud,"The caller's speech is incoherent and nonsensical, indicating a potential scam attempt."
32,Fraud,"[Greetings] We are calling about your vehicle's extended warranty. Our records show that your warranty is about to expire, and we can offer you an exclusive renewal. To proceed, we need your credit card information and vehicle details.",we are about your our that your is about to and we can you an to we your and,Fraud,Requesting immediate credit card information for warranty renewal is suspicious.,Fraud,"The caller's speech is incoherent and nonsensical, indicating a potential scam attempt."
33,Normal,"[Greetings], this is [Company] Energy Solutions. We are following up on your solar panel inquiry. We would love to walk you through our packages—how about a call on [Date] at your preferred time?",this is we are up on your we would to you through our how about a on at your,Normal,The caller is initiating a follow-up related to an existing inquiry about solar panels.,Fraud,"The caller's speech is incoherent and nonsensical, indicating a potential scam attempt."
34,Normal,"[Greetings], this is [Company] Medical Clinic. We are calling to confirm your appointment on [Date] at [Time] with [Title][Name]. If you need assistance with transportation or rescheduling, let us know—We are happy to help.",this is we are to your on at with if you with or us we are to,Normal,"The caller is confirming an appointment and offering assistance, which are normal practices for a medical clinic.",Fraud,"The caller's speech is incoherent and nonsensical, indicating a potential scam attempt."
35,Normal,"[Greetings], this is [Name] from [Company] Insurance Agency. Your car insurance policy is due for renewal next month. Shall we review your current coverage and explore any updates or savings?",this is from your is for shall we your and any or,Normal,"The caller introduced themselves from a company and offered to review insurance coverage, which is a standard practice for customer service calls.",Fraud,The caller's speech is incoherent and nonsensical.
36,Normal,"[Greetings], this is [Name]. [Product] just launched a new smart whiteboard that can digitize everything as you write. It could be a great addition for your office. Let us look at the demo together.",this is just a that can as you it could be a for your us at the,Normal,The caller introduced themselves and offered a product demonstration for a new office tool.,Fraud,"The caller's speech is incoherent and nonsensical, indicating a potential scam attempt."
37,Normal,"[Greetings], colleagues! This is our workspace for the [Project Name] initiative. Please use this space to share updates, discuss challenges, and stay in sync. Introduce yourself and tell us your role—Let us work together smoothly.",this is our for the this to and in yourself and us your us,Normal,"The content is an introduction and workspace instruction for a project, not indicative of a scam attempt.",Fraud,"The caller's speech is incoherent and nonsensical, indicating a potential scam attempt."
38,Fraud,"[Greetings], I am [Name] from [Company] , and We are offering an incredible opportunity to be a travel advisor. This weekend-only role can earn you up to [Money] a week. Ready to turn your wanderlust into a source of income? Send us your cv along with your name and phone number. We also need your bank account and we will arrange an interview with you. Latest to submit is by this week.",i am from and we are an to be a this only can you up to a to your into a of us your along with your and we also your and we will an with you to is by this,Fraud,The caller requests sensitive information like bank account details without establishing a legitimate need for such data.,Fraud,"The caller's speech is incoherent and nonsensical, indicating a potential scam attempt."
39,Fraud,"[Greetings]! Your financial expertise did not go unnoticed. We have a fantastic opportunity in fund transfers. Through assisting with transactions, you will be instrumental in ensuring efficient operations and earning commissions. It is a straightforward process with significant earning potential. Curious to learn more?",your did not we have a in through with you will be in and it is a with to more,Fraud,The caller is offering a suspiciously easy way to earn money through unexplained fund transfers.,Fraud,"The caller's speech is incoherent and nonsensical, indicating a potential scam attempt."
40,Normal,"[Greetings], It is [Name]. Just wanted to say thank you for always being there. You have really helped me through some things lately. Let us catch up properly soon.",it is just to you for being there you have me through some us up,Normal,The caller appears to be reaching out to maintain a personal relationship rather than attempting to scam.,Fraud,"The transcript contains nonsensical and unclear statements, indicative of a potential scam attempt to confuse or disorient the recipient."
41,Fraud,"[Greetings], this is the [Company] reaching out to you. We have got a package in transit to [Country] , containing your identification card and credit cards. Our records indicate this delivery is for you. Regrettably, there appears to be a hiccup in the process. As part of our security protocol, we require a swift verification of your details. Could you please confirm your full name and identity n",this is the out to you we have a in to your and our this is for you there to be a in the as of our we a of your could you your and for us,Fraud,The caller is requesting sensitive personal information under the guise of security verification.,Fraud,"The caller's speech is incoherent and nonsensical, which is a common tactic used by scammers to confuse or disorient their targets."
42,Fraud,"[Greetings], we are extending an exciting offer for confident, captivating individuals to join our elite male escort team. Our clients are selective, sophisticated, and generous — with compensation starting from [money]. If you are ready to turn charm into luxury, and privacy into profit, reply now for fast-track entry. A small verification step applies.?",we are an for to our our are and with from if you are to into and into now for a,Fraud,The offer involves illegal activities such as prostitution under the guise of an escort service.,Fraud,"The caller's speech is incoherent and nonsensical, indicating a potential scam attempt."
43,Normal,"[Greetings], everyone! Welcome to our Hangout group—a fun place to plan meetups, share cool events, or just chat. Got any favourite hangout spots or ideas? Let us get the conversation rolling!",to our a to or just any or us the,Normal,"The caller is introducing a social group and inviting members to share ideas, which is typical for community engagement activities.",Fraud,The transcript contains nonsensical phrases indicating a potential scam attempt.
44,Normal,"[Greetings], this is [Name]. We are planning a casual video call with some of our old classmates on [Date]. It has been forever—hope you can join!",this is we are a with some of our on it has been you can,Normal,The caller is inviting for a social event which is common among friends and acquaintances.,Fraud,"The caller's speech is incoherent and nonsensical, indicating a potential scam attempt."
45,Fraud,"Welcome to our exclusive investment group on [Company]! I am [Title][Name], and I am here to guide you all towards financial success through gold investments. Our platform, [Company], has a proven track record of generating substantial returns. [Title][Name], I have noticed you are new here. Let me introduce you to a fantastic opportunity. Our gold investments are yielding impressive returns. If y",to our on i am and i am here to you all towards through our has a of i have you are here me you to a our are if you with us you could a of up to in a very i you it is a and to your it is very you just to an of to the and we will the your will be by our of you will your in no,Fraud,"The caller guarantees high returns and asks for an immediate transfer to a specific account, which are common red flags for investment scams.",Fraud,"The caller's speech is incoherent and nonsensical, indicating a potential scam attempt to confuse or mislead the recipient."
46,Normal,"[Greetings], this is [Company] Bank. We are calling to verify recent transactions on your account ending in [Number]. It is a routine security check—no action is required unless something looks unusual. Would you like to set up transaction alerts for better tracking?",this is we are to on your in it is a no is unless would you to up for,Normal,"The caller initiated a routine security check and offered to set up transaction alerts, which are legitimate banking practices.",Fraud,"The caller's speech is incoherent and nonsensical, indicating a potential scam attempt."
47,Fraud,"[Greetings]! I have been following your profile and noticed your financial acumen. We have an exciting venture in fund transfers. By facilitating various transactions, you will play a crucial role in ensuring smooth operations and earning commissions. It is a straightforward process with tremendous earning potential. Interested?",i have been your and your we have an in by you will a in and it is a with,Fraud,"The caller is offering a suspiciously easy way to earn money through unspecified fund transfers, which is a common scam tactic.",Fraud,The caller's speech is incoherent and does not form logical sentences.
48,Fraud,"46. [Greetings], this is [Title][Name]. Wanna be rich? I am guiding my fans to make fast bucks with little effort. Invest in a once-in-a-lifetime opportunity with us. Our interest rate is low, and your profit is twice than you invest I guarantee. Send us your bank details and phone number now to secure your spot.",this is be i am my to with in a in a with us our is and your is than you i us your and now to your,Fraud,"The caller is asking for bank details and phone numbers over the phone, which is a common red flag for scams.",Fraud,"The caller's speech is incoherent and does not form logical sentences, indicating possible fraudulent behavior or a deliberate attempt to confuse."
49,Normal,"[Greetings], this is [Name] from [Company] Pharmacy. Your prescription refill is ready for pickup. Would you like to stop by today or should we hold it for you until a later time?",this is from your is for would you to by or should we it for you until a,Normal,"The caller identified themselves from a pharmacy and mentioned a prescription refill, which is a legitimate interaction.",Fraud,"The caller's speech is disjointed and nonsensical, indicating a potential scam attempt."
50,Normal,"[Greetings], this is [Company] Spa & Wellness. We are offering an exclusive deal on our relaxation package this week. It includes a 60-minute massage and a free herbal tea session. Interested in booking?",this is we are an on our this it a and a in,Normal,The caller is offering a legitimate-sounding service and promotion from a known type of business.,Fraud,The caller's speech is incoherent and nonsensical.
51,Normal,"[Greetings], this is [Name] from [Company] Resorts. You are planning a stay with us. Could you confirm your check-in and check-out dates so we can finalize your booking?",this is from you are a with us could you your in and out so we can your,Normal,The caller identified themselves and their company clearly.,Fraud,"The caller's speech is disjointed and nonsensical, indicating a potential scam attempt."
52,Fraud,"[Greetings] [Title], we are trying to help you. My name is [Name], I am one of the supervisors at the credit card call centre. I was listening on the phone call, as a part of our quality control. We need your credit card information so we can cancel your credit cards.",we are to you my is i am one of the at the i was on the as a of our we your so we can your,Fraud,"Requesting credit card information to ""cancel"" cards is suspicious and not a standard practice for quality control or legitimate customer service interactions.",Fraud,"The caller's speech is incoherent and nonsensical, indicating potential fraudulent behavior."
53,Fraud,"[Greetings] there, calling from the [Company] . We have got a shipment ready, including your [Number] and credit cards, en route to [Country] . Regrettably, a minor snag has cropped up. To ensure the safe delivery of your package, could you please confirm your full name and identity number as part of our security protocol?",there from the we have a your and to a has up to the of your could you your and as of our,Fraud,The caller is requesting personal information under false pretenses of shipping issues.,Fraud,"The caller's speech is incoherent and nonsensical, indicating a potential scam attempt."
54,Normal,"[Greetings], this is [Name]. I know things have been busy lately, but I would love to reconnect. Are you free for a walk or a call this [Date]?",this is i have been but i would to are you for a or a this,Normal,The caller is initiating a friendly and casual conversation to reconnect.,Fraud,"The caller's speech is incoherent and does not form logical sentences, indicating a potential scam attempt or misleading behavior."
55,Normal,"[Greetings], this is [Name]. I heard you are moving to [City]. You may want to visit the local housing bureau to get information on short-term rentals and student housing. They have staff available to guide you through the listing process.",this is i you are to you may to the to on and they have to you through the,Normal,The caller provides helpful information about local resources for housing.,Fraud,The caller's speech is incoherent and nonsensical.
56,Normal,"[Greetings], It is [Name]. I have been meaning to ask—are you still planning that [Product] trip? I might have a few tips from when I went last year. Want to chat about it?",it is i have been to are you still that i might have a few from when i to about it,Normal,The caller appears to be a friend offering advice and information about a trip.,Fraud,The transcript contains nonsensical and disjointed speech patterns typical of a scam attempt to confuse or disorient the recipient.
57,Fraud,"[Greetings], [Title]. I am [Title][Name] , contacting you from the [Country] district police. Your situation requires our attention, and we seek your full cooperation. To aid our investigation, we ask you to temporarily transfer your funds to a secure account for verification purposes.",i am you from the your our and we your to our we you to your to a for,Fraud,"The caller requested the transfer of funds to a secure account for verification purposes, which is a common tactic used by scammers.",Fraud,The caller's speech is incoherent and does not form logical sentences.
58,Normal,"[Greetings], this is [Name]. Have you seen the new adaptive gaming controller launched by [Company]? It is designed to be more inclusive. I thought we could explore the features together.",this is have you the by it is to be more i we could the,Normal,The caller introduces themselves and discusses a legitimate product from a company.,Fraud,"The caller's speech is incoherent and does not form logical sentences, indicating a potential scam attempt or an attempt to confuse the recipient."
59,Fraud,"Your subscription is expiring. Please make the payment to this bank account [Number] before the [Date]. After this date, your account will be terminated. Thank you.",your is the to this before the after this your will be you,Fraud,The caller is requesting payment to a bank account without providing any verification details or confirming over a secure channel.,Fraud,"The text contains nonsensical and disjointed phrases, indicative of a potential scam attempt to confuse or disorient the recipient."
60,Fraud,"You have made a wise decision, [Title][Name]. Your investments are performing exceptionally well. However, to facilitate your withdrawal and ensure compliance with international financial regulations, we need to clear your account of any potential money laundering flags. This requires a final security deposit. This is a standard procedure designed to protect your funds and ensure a smooth transact",you have a your are however to your and with we to your of any this a this is a to your and a to this you to to our this is done you will be to all your without any me this is and will that you all your and,Fraud,"The caller requested a security deposit for verification purposes, which is a common tactic used by scammers to steal money under the guise of protecting investments.",Fraud,"The transcript contains nonsensical and repetitive language, indicative of a scam attempt to confuse the recipient."
61,Fraud,"[Greetings], this is [Name] from [Company]. Due to recent healthcare policy changes, you now qualify for a substantial reduction in your health insurance premiums. This opportunity allows you to maintain full coverage while significantly lowering your monthly costs. To explore your personalized options and secure these savings, press 1 now to connect with one of our health plan specialists.",this is from to you now for a in your this you to while your to your and these now to with one of our,Fraud,Unsolicited calls offering immediate financial benefits are common scam tactics.,Fraud,"The caller's speech is incoherent and nonsensical, indicating a potential scam attempt."
62,Normal,"[Greetings], this is [Company] Government Services. We are reviewing previous applications for accuracy. If you would like to update your information, you can do so online or by visiting our office.",this is we are for if you would to your you can do so or by our,Normal,The caller provided a legitimate-sounding reason for contacting and offered multiple methods to update information.,Fraud,The transcript shows nonsensical and unclear speech patterns typical of scam attempts.
63,Normal,"[Greetings], this is [Company] Cafe. We would love to invite you to our upcoming live music night on [Date]. There will be local artists, food specials, and cozy vibes. Will you be joining us?",this is we would to you to our on there will be and will you be us,Normal,The caller is inviting to a legitimate event.,Fraud,"The caller's speech is incoherent and nonsensical, indicating a potential scam attempt."
64,Normal,"[Greetings], this is [Name] from [Company] Gas Services. You reached out about an issue with your bill. Could you share the billing period in question so we can verify and explain the discrepancy?",this is from you out about an with your could you the in so we can and the,Normal,The caller identified themselves and addressed a specific issue related to billing.,Fraud,"The caller's speech is incoherent and nonsensical, indicating a potential scam attempt."
65,Fraud,"[Greetings]! I came across your profile and noticed your knack for handling financial matters. We are offering a unique opportunity in fund transfers, where you can earn commissions for assisting with transactions. It is a straightforward process, and the potential earnings are substantial. Would you be interested in learning more?",i across your and your for we are a in where you can for with it is a and the are would you be in more,Fraud,"The caller offers a suspiciously lucrative opportunity involving fund transfers without clear details, which is typical of scam attempts.",Fraud,"The caller's speech is incoherent and nonsensical, indicating a potential scam attempt."
66,Fraud,"This is [Title][Name] from the [Company]. Your name is linked to a money laundering investigation due to the contents of the package. To avoid an arrest warrant, you need to transfer [Money] immediately to cover legal fees and clear your name.",this is from the your is to a to the of the to an you to to and your,Fraud,"The caller threatens arrest if money is not transferred, which is a common scam tactic.",Fraud,"The caller's speech is incomprehensible and disjointed, indicating possible fraudulent behavior to confuse or disorient the recipient."
67,Normal,"[Greetings], this is [Name] from [Company] Tax Services. This is a reminder that the tax filing deadline is approaching on [Date]. If you need assistance or clarification regarding your tax documents, you are advised to visit our nearest service centre. Certified tax officers on-site conduct all consultations.",this is from this is a that the is on if you or your you are to our on all,Normal,The caller is providing a legitimate reminder about tax filing deadlines and advising to visit their service center for assistance.,Fraud,The caller's speech is incoherent and nonsensical.
68,Normal,"[Greetings], this is [Name] from [Company] University Funding Office. Tuition reimbursement checks are being distributed this month. To confirm your disbursement or submit updated bank documents, please visit the finance division at your campus office.",this is from are being this to your or the at your,Fraud,The caller is impersonating a university official to gather personal information or manipulate recipients into taking actions that could lead to fraud.,Fraud,"The caller's speech is incoherent and nonsensical, indicating a potential scam attempt or a malicious party trying to waste time."
69,Fraud,"You have made a significant impact! Your efforts are appreciated. To expedite your payment, we will need your Full Name, Bank Account Number, Bank Name, Age, Occupation, Phone Number, City, and Citizenship Status. Please rest assured, we would not ask for CVV or OTP.",you have a your are to your we will your and we would not for or,Fraud,The caller is requesting sensitive personal and financial information under the guise of processing a payment.,Fraud,"The caller's speech is incoherent and nonsensical, indicating a potential scam attempt."
70,Normal,"[Greetings], this is [Name] from [Company] Grocery Services. We have received a fresh shipment of organic produce. Would you like to place an order for fruits and vegetables this week?",this is from we have a of would you to an for and this,Normal,The caller is offering a legitimate service related to grocery delivery.,Fraud,"The caller's speech is disjointed and nonsensical, indicating a potential scam attempt."
71,Fraud,"[Greetings], this is [Name] from [Company]. Congratulations on your approved loan application! To proceed, we require an upfront fee. Please share your phone number and banking details.",this is from on your to we an your and,Fraud,Requesting upfront fees and personal information for a loan application is a common scam tactic.,Fraud,"The caller's speech is incoherent and nonsensical, indicating a potential scam attempt or a malicious hang-up."
72,Normal,"[Greetings], this is [Name]. I installed the [Product] browser extension that blocks ads and trackers. It made a huge difference in browsing speed. Want me to help you install it too?",this is i the that and it a in me to you it too,Fraud,Unsolicited offer to assist with software installation is a common scam tactic.,Fraud,The caller's speech is incoherent and does not form meaningful sentences.
73,Fraud,"[Greetings] there! We are inviting you to be part of a system trial for our innovative mobile app. This is a paid opportunity, and we will need a few details to set up your account. Are you up for it?",there we are you to be of a for our this is a and we will a few to up your are you up for it,Fraud,The caller is asking for personal details to set up a paid opportunity without clear information about the company or app.,Fraud,"The transcript contains nonsensical and disjointed phrases, indicative of a potential scam attempt to confuse or disorient the recipient."
74,Fraud,"[Greetings], you have been offered an invitation-only VIP access to our financial freedom program. This includes a deposit of [Money] directly to your bank. Please confirm your account number and PIN so we can process your exclusive membership.",you have been an only to our this a of to your your and so we can your,Fraud,Requesting account number and PIN for an unverified offer is a common scam tactic.,Fraud,"The caller's speech is incoherent and nonsensical, indicating a potential scam attempt."
75,Fraud,"[Greetings], [Title]. This is [Title][Name] with the Fraud Prevention Unit. We have identified an unusual activity on your accounts. To safeguard your funds, we need you to confirm some details. Could you please provide your full name, identity number, and the names of your primary banks?",this is with the we have an on your to your we you to some could you your and the of your,Fraud,The caller is requesting sensitive personal information under false pretenses of fraud prevention.,Fraud,"The caller's speech is incoherent and nonsensical, indicating a potential scam attempt."
76,Normal,"[Greetings], this is [Name] from [Company] Health Insurance. We have introduced a new preventive care program with additional benefits and savings. Would you like to hear more about it?",this is from we have a with and would you to more about it,Normal,"The caller introduced themselves from a company and offered information about a new program, which is typical for legitimate sales calls.",Fraud,"The caller's speech is disjointed and nonsensical, indicating a potential scam attempt."
77,Normal,"[Greetings], this is [Name]. I know we have both been busy lately, but I wanted to reconnect. We could schedule a call and catch up over the weekend. I miss talking with you.",this is i we have both been but i to we could a and up over the i with you,Normal,"The caller is reaching out to reconnect and catch up, which is a normal social interaction.",Fraud,The caller's speech is incoherent and does not form logical sentences.
78,Fraud,"[Greetings], this is the [Company]. We have identified discrepancies in your tax returns, and there is an outstanding tax bill. To avoid legal consequences, we require your immediate payment. Please provide your credit card information or make a wire transfer.",this is the we have in your and there is an to we your your or a,Fraud,Requesting immediate payment and personal financial information over the phone is a common scam tactic.,Fraud,"The caller's speech is incoherent and nonsensical, indicating a potential scam attempt."
79,Normal,"[Greetings], this is [Company] Medical Centre. You had a question about your medication dosage. Could you please provide your prescription ID so we can reference it correctly?",this is you had a about your could you your so we can it,Normal,"The caller is requesting a prescription ID to reference a patient's medication dosage, which is a normal procedure for medical inquiries.",Fraud,"The caller's speech is incoherent and nonsensical, indicating a potential scam attempt."
80,Normal,"[Greetings], this is [Name]. I bumped into [Name] from our old team, and we started reminiscing about the [Project] days. We were thinking of planning a mini reunion—are you in?",this is i into from our and we about the we were of a are you in,Normal,The caller is reaching out based on a personal connection and suggesting a social event.,Fraud,"The caller's speech is incoherent and nonsensical, indicating a potential scam attempt."
81,Fraud,"[Greetings], we are currently onboarding social media influencers to promote trending beauty products. You could earn around [Money] a day. To move forward, please send us your Instagram handle, a recent photo, and banking details for campaign payments. Deadline to apply is this weekend!",we are to you could around a to us your a and for to is this,Fraud,Requesting personal and banking information without establishing trust or verifying identity.,Fraud,"The caller's speech is incoherent and nonsensical, indicating a potential scam attempt."
82,Normal,"[Greetings], It is [Name]. Just calling to say I was thinking of you. How is everything been lately? I would love to catch up and hear all your updates.",it is just to i was of you how is been i would to up and all your,Normal,The caller initiated a friendly conversation without any suspicious requests or demands.,Fraud,The transcript contains nonsensical phrases indicating a potential scam attempt.
83,Fraud,"[Greetings], we are delighted to extend a generous investment opportunity that guarantees daily returns up to [Money]. To get started, please provide your banking information including your account number and online login credentials for verification purposes.",we are to a that up to to your your and for,Fraud,Requesting banking information and login credentials is a common red flag for scams.,Fraud,"The caller's speech is incoherent and does not form logical sentences, indicating a potential scam attempt to confuse or mislead the recipient."
84,Normal,"[Greetings], this is [Name] from [Company] Consumer Support. We are confirming delivery satisfaction for your recent purchase. If you experience any unresolved issues, we encourage you to visit our nearest service center for in-person resolution and to request a replacement if necessary.",this is from we are for your if you any we you to our for in and to a if,Normal,The caller identifies themselves from a company's consumer support and offers assistance related to product delivery satisfaction.,Fraud,"The caller's speech is incoherent and nonsensical, indicating a potential scam attempt."
85,Fraud,"Hi! I am [Name], an HR recruiter from [Company] . We are calling to welcome to our exclusive investment group on Phone! I am [Title][Name], and I am excited to guide you towards financial success through gold investments. Our platform, [Company] Investments, has a long-standing reputation for generating impressive returns. [Title] [Name], it is great to have you here. Let me introduce you to a fan",i am an from we are to to our on i am and i am to you towards through our has a for it is to have you here me you to a our are of up to in a very this is a and to your it is to you just to an of to the i will and we will of your will be by our you will your in no and i you will be,Fraud,"The caller is promising unusually high returns and asking for an immediate transfer of funds, which are common red flags for investment scams.",Fraud,"The caller's speech is incoherent and nonsensical, indicating potential fraudulent behavior aimed at confusing or disorienting the recipient."
86,Normal,"[Greetings], this is [Company] Scholarship Committee. Congratulations! You have been awarded a scholarship based on your academic excellence. Please check your email for next steps and verification documents.",this is you have been a on your your for and,Normal,The caller identified themselves from a legitimate-sounding organization and provided next steps for verification.,Fraud,"The caller's speech is incoherent and nonsensical, indicating a potential scam attempt or a prank call."
87,Normal,"[Greetings], this is [Company] Foundation. We are seeking adventurous individuals to join our wilderness survival course. Want to learn fire-building, shelter-making, and more in nature?",this is we are to our to and more in,Normal,The caller is offering a legitimate-sounding course and not requesting any personal information or money.,Fraud,"The caller's speech is incoherent and nonsensical, indicating a potential scam attempt or a prank call."
88,Normal,"[Greetings], this is Dr. [Name]’s office calling to confirm your scheduled surgery appointment for [Date] at [Time]. Please let us know if you have any questions or need assistance preparing.",this is to your for at us if you have any or,Normal,"The caller is confirming a scheduled appointment, which is a normal practice for healthcare providers.",Fraud,The transcript shows unclear and nonsensical speech patterns typical of scam attempts.
89,Normal,"[Greetings], this is [Name] from [Company] Energy Services. We received your inquiry about your latest electricity bill. Could you provide your account number so we can pull up your details and assist further?",this is from we your about your could you your so we can up your and further,Normal,"The caller identifies themselves and their company, and asks for information relevant to assisting with a specific inquiry about an electricity bill.",Fraud,"The caller's speech is incoherent and nonsensical, indicating a potential scam attempt."
90,Normal,"[Greetings], It is [Name]. I just wanted to let you know I am here if you need someone to talk to. No pressure—just checking in to say I care.",it is i just to you i am here if you to to no just in to i,Normal,The caller identifies themselves and offers support without any pressure or request for financial information.,Fraud,"The caller's speech is incoherent and does not form logical sentences, indicating possible fraudulent behavior or a setup to trick the recipient."
91,Fraud,[Greetings]! We have got a great job for you. We are looking for writers to contribute articles on various topics. You can earn up to [Money] per article. Would you like to learn more? Send us you details at our [Company] website and [Name] will contact you.,we have a for you we are for to on you can up to would you to more us you at our and will you,Fraud,The caller is asking for personal details without providing clear information about the company or job requirements.,Fraud,"The caller's speech is incoherent and nonsensical, indicating a potential scam attempt."
92,Fraud,"[Greetings] I am [Name]. I have been doing this for a while, and it has been a lucrative venture. I am consistently making [Money] to [Money] each month. Can you let me know your age and occupation? This will ensure you get the best assignments.",i am i have been doing this for a while and it has been a i am to each can you me your and this will you the,Fraud,"The caller's attempt to gather personal information like age and occupation for unspecified ""assignments"" is a common tactic used by scammers.",Fraud,"The caller's speech is incoherent and nonsensical, indicating possible fraudulent behavior attempting to confuse or mislead."
93,Fraud,"[Greetings], I hope this message finds you well. You have been selected for an exclusive reward program by [Company]. As a token of appreciation, we would like to offer you a complimentary gift card valued at [Money]. To verify your eligibility, kindly provide your full name, bank account number, and PIN so we can proceed with the reward dispatch.",i this you you have been for an by as a of we would to you a at to your your and so we can with the,Fraud,The caller requested sensitive personal and financial information under false pretenses.,Fraud,The text is nonsensical and indicates a potential scam attempt by trying to confuse or disorient the recipient.
94,Normal,"[Greetings], this is [Name]. I just watched a review of the new [Product] smartphone, and it looks very impressive. The camera features are supposed to be the best yet. Have you seen it already?",this is i just a of the and it very the are to be the yet have you it,Normal,The caller is inquiring about a product they are interested in and has seen a review of it.,Fraud,The caller's speech is incoherent and nonsensical.
95,Normal,"[Greetings], this is [Company] Catering Services. We are confirming the menu for your event on [Date]. Would you like to finalize the guest count or make any last-minute changes?",this is we are the for your on would you to the or any,Normal,"The caller is confirming details for an event, which is a legitimate business practice.",Fraud,"The caller's speech is incoherent and nonsensical, indicating a potential scam attempt."
96,Normal,"[Greetings], this is [Name]. The local library at [Location] is hosting a board game night this Friday. It is casual and perfect for winding down. Would you like to join me?",this is the at is a this it is and for would you to me,Normal,"The caller is inviting to a community event, which is not indicative of a scam.",Fraud,"The caller's speech is incoherent and nonsensical, indicating a potential scam attempt or a malicious party trying to waste time."
97,Fraud,"Good day, [Title]. This is Money from the [Company]. Your package was flagged for containing illegal items. We need your cooperation to clear this matter. I will transfer you to a police officer who will guide you on what steps to take next.",this is from the your was for we your to this i will you to a who will you on what to,Fraud,"The caller claims to be from a company and is threatening legal action while asking for cooperation that involves speaking to a police officer, which is an unusual and suspicious request.",Fraud,"The caller's speech is incoherent and nonsensical, indicating a potential scam attempt or a malicious intent to waste time."
98,Fraud,"[Greetings], this is [Name] from [Company]. Congratulations! You have been selected for a government grant. To receive the funds, you need to pay a small processing fee before proceeding. Please transfer the payment to this bank account [Number].",this is from you have been for a to the you to a before the to this,Fraud,Requesting a processing fee before receiving government funds is typical of scam tactics.,Fraud,"The caller's speech is incoherent and does not form meaningful sentences, which is a common indicator of a scam attempt or a social engineering tactic to confuse the recipient."
99,Normal,"[Greetings], this is [Name] from [Company] University Services. We are reviewing feedback from student committees. Would you be willing to share your thoughts in a short session next week?",this is from we are from would you be to your in a,Normal,"The caller is seeking feedback for university services, which is a legitimate activity.",Fraud,"The caller's speech is disjointed and unclear, suggesting a potential scam attempt."
100,Fraud,"[Greetings]! Fantastic news! A halal investment opportunity awaits you. It is high-profit and completely syariah-compliant. Join now: [Scam Website Link]. Urgent action required! Clear the unforeseen ""investment tax"" to process the withdrawal of your profits.",a you it is and now the to the of your,Fraud,"The caller is requesting an ""investment tax"" to release profits, which is a common scam tactic.",Fraud,The caller's speech is incoherent and nonsensical.
101,Normal,"[Greetings], this is [Company] Fitness Centre. We are launching a brand-new class—“[Product]”—on [Date], and you are invited for a free trial. Ready to move and groove with us?",this is we are a on and you are for a to and with us,Normal,The caller is inviting for a free trial of a new class at a fitness centre.,Fraud,The caller's speech is incoherent and nonsensical.
102,Fraud,"[Greetings]! I have been exploring profiles, and your financial experience stood out. We are currently offering a unique fund transfers venture. By facilitating various transactions, you will actively contribute to smooth operations and earn commissions. It is a proven method with impressive returns. Are you up for it?",i have been and your out we are a by you will to and it is a with are you up for it,Fraud,"The caller is offering a suspicious financial venture promising high returns for facilitating transactions, which is a common scam tactic.",Fraud,"The caller's speech is incoherent and nonsensical, indicating a potential scam attempt."
103,Fraud,"[Greetings], this is [Name] from [Company]. You have been selected for a free trial of a premium service. Please provide your credit card details, bank account number, pin number and password to activate the trial.",this is from you have been for a of a your and to the,Fraud,"The caller is requesting sensitive financial information for a free service trial, which is highly unusual and indicative of a scam attempt.",Fraud,"The caller's speech is incoherent and nonsensical, indicating a potential scam attempt."
104,Normal,"[Greetings], this is [Name]. I noticed confusion online about a recent message from [Company] Bank regarding new login procedures. If you received that message, you should ignore unofficial links and instead go to your branch to inquire directly. Bring your bank card and identification for confirmation.",this is i about a from if you that you should and to your to your and for,Fraud,The caller is impersonating a bank official to create confusion and potentially direct victims towards a fraudulent scheme.,Fraud,The transcript contains nonsensical phrases indicating a potential scam attempt.
105,Normal,"[Greetings], this is [Company] Insurance. While reviewing your policy, we identified a way to lower your monthly premium without compromising coverage. Shall we discuss the update options?",this is while your we a to your without shall we the,Normal,"The caller is offering to lower the monthly premium without compromising coverage, which is a legitimate service offered by insurance companies.",Fraud,The caller's speech is incoherent and does not form logical sentences.
106,Fraud,"[Greetings] , this is Matthew, a credit card manager. We are dedicated to assisting you. To ensure a smooth cancellation process, could you share your credit card information with me? I would need your bank account number, pin number and password as well.",this is a we are to you to a could you your with me i would your and as,Fraud,The caller requested sensitive information such as bank account numbers and passwords under false pretenses of assisting with a cancellation process.,Fraud,"The caller's speech is incoherent and nonsensical, indicating a potential scam attempt or a deliberate misleading communication."
107,Fraud,"As we proceed, we advise applying for a personal loan of [Money]. Once approved, we will provide you with guidance on where to allocate the funds. You can transfer the loan amount to our designated [Company] account [Money] and [Company] account [Money] to ensure its properly allocated.",as we we for a of we will you with on where to the you can the to our and to its,Fraud,The caller is requesting for funds to be transferred to unspecified company accounts without clear explanation of purpose.,Fraud,The transcript contains nonsensical phrases indicating a potential scam attempt.
108,Fraud,"[Greetings] I am [Name] calling from the credit card company. We have detected unauthorized access to your card. Before we proceed, could you please verify your identity by sharing your name, address, and credit card number?",i am from the we have to your before we could you your by your and,Fraud,"The caller requested sensitive personal information to ""verify identity,"" which is a common scam tactic.",Fraud,"The caller's speech is incoherent and nonsensical, indicating a potential scam attempt."
109,Fraud,"[Greetings]! I have been following your profile and noticed your sales expertise. We have an exciting opportunity in affiliate marketing. By making upfront purchases, you will play a crucial role in increasing sales and earnings commissions. It is a straightforward process with tremendous earning potential. Interested?",i have been your and your we have an in by you will a in and it is a with,Fraud,"The caller is offering a suspiciously lucrative opportunity that requires upfront payments, which is a common red flag for scams.",Fraud,The caller's speech is incoherent and nonsensical.
110,Normal,"[Greetings], this is [Name]. [Product] is trending right now for its ability to generate voiceovers that sound human-like. It might be useful for your content work. Shall we give it a try?",this is is now for its to that it might be for your shall we it a,Normal,The caller introduced themselves and mentioned a relevant product for content work without any suspicious demands.,Fraud,The caller's speech is incoherent and nonsensical.
111,Normal,"[Greetings], this is [Name]. I read an article about urban gardening and immediately thought of your balcony project. There is a workshop happening this [Date] at [Location]. Shall we register together?",this is i an about and of your there is a this at shall we,Normal,The caller is inviting to a relevant event based on shared interest.,Fraud,The caller's speech is incoherent and does not form any meaningful sentences.
112,Normal,"[Greetings], this is [Name] from [Company] Talent Acquisition. You expressed interest in our [Title] vacancy. We are ready to schedule your interview—What is your availability?",this is from you in our we are to your what is your,Normal,"The caller introduced themselves from a company and mentioned scheduling an interview for a position the recipient expressed interest in, which is typical of legitimate recruitment calls.",Fraud,"The caller's speech is incoherent and nonsensical, indicating a potential scam attempt."
113,Fraud,"[Title][Name], we have your daughter, [Name]. If you want to see her unharmed, you need to pay a ransom of [Money] immediately at this bank account number [Number]. We are watching her closely, so no police involvement.",we have your if you to her you to a of at this we are her so no,Fraud,The caller is threatening and demanding a ransom for the release of the recipient's daughter.,Fraud,"The transcript contains nonsensical and disjointed phrases, indicative of a potential scam attempt to confuse or disorient the recipient."
114,Normal,"[Greetings], this is [Name] from [Company] Investments. You reached out about concerns regarding your portfolio. Could you provide your account number for us to access your file securely?",this is from you out about your could you your for us to your,Fraud,Requesting sensitive information like an account number over the phone is a common scam tactic.,Fraud,"The caller's speech is incoherent and nonsensical, indicating a potential scam attempt."
115,Normal,"[Greetings], this is [Name] from [Company] Airlines. You recently booked a flight and asked about baggage allowances. Could you provide your booking reference so we can confirm the details for your trip?",this is from you a and about could you your so we can the for your,Normal,The caller identified themselves from a specific company and asked for a booking reference to confirm details related to a recent booking.,Fraud,"The caller's speech is incoherent and nonsensical, indicating a potential scam attempt."
116,Normal,"[Greetings], this is [Company] Solutions. Thank you for applying for the [Title] position. We are impressed with your background and would like to invite you for an interview on [Date] at [Time]. Would you prefer a virtual or in-person meeting?",this is you for for the we are with your and would to you for an on at would you a or in,Normal,"The caller initiated contact regarding an interview for a job application, which is standard procedure for legitimate companies.",Fraud,"The caller's speech is incoherent and nonsensical, indicating a potential scam attempt."
117,Normal,"[Greetings], this is [Name]. I attended an online seminar on cybersecurity hosted by [Company], and it was very insightful. I took notes and can share them if you are interested. Let me know if you want a copy.",this is i an on by and it was very i and can them if you are me if you a,Normal,"The caller is offering to share notes from an attended seminar, which is a normal and helpful action.",Fraud,"The caller's speech is incoherent and nonsensical, indicating a potential scam attempt or a deliberate misleading communication."
118,Normal,"[Greetings], this is [Company] Courier Services. Your parcel #[Number] is ready for pickup. If you require redelivery or need to update your address, contact our support centre.",this is your is for if you or to your our,Normal,The caller identified a specific courier service and provided a parcel number.,Fraud,"The caller's speech is incoherent and nonsensical, indicating a potential scam attempt."
119,Fraud,"[Greetings]! We have a paid survey program where you can earn up to [Money] per survey. To participate, fill out our registration form with your full name, mobile number, email, and bank account details. Once confirmed, you will receive your first paid survey within 24 hours.",we have a where you can up to to out our with your and you will your within,Fraud,Requesting bank account details for a survey registration is suspicious and typically not required for legitimate surveys.,Fraud,"The caller's speech is incoherent and nonsensical, indicating a potential scam attempt."
120,Fraud,"[Greetings] I am [Name], calling from the credit card security team. We have noticed suspicious activity on your account. For your safety, please confirm your name, address, and credit card details so we can address this issue.",i am from the we have on your for your your and so we can this,Fraud,"The caller is asking for personal and financial information to ""confirm"" details, which is a common tactic used by scammers.",Fraud,"The caller's speech is incoherent and nonsensical, indicating a potential scam attempt."
121,Fraud,"[Greetings], this is [Name] from [Company]. As a loyal and valued customer, we are pleased to offer you an exclusive opportunity to significantly reduce your mortgage rates. You now qualify for our limited-time mortgage relief program that can lower your monthly payments and save you thousands over the life of your loan. Press 1 now to speak with a mortgage advisor and take advantage of this perso",this is from as a and we are to you an to your you now for our that can your and you over the of your now to with a and of this before it,Fraud,The caller is pressuring the recipient to act quickly and offering a deal that seems too good to be true without any prior communication or verification of eligibility.,Fraud,"The caller's speech is incoherent and nonsensical, indicating a potential scam attempt."
122,Fraud,"[Greetings] job seekers! I am [Name], your hiring manager at [Company], and I am thrilled to present an incredible job opportunity that could change your life – the [Product]! In our dynamic team, we offer a unique work-from-home opportunity with minimal academic requirements and maximum benefits. With competitive salaries, flexible hours, and comprehensive health benefits, our program is designed",i am your at and i am to an that could your the in our we a from with and with and our is to your i have and now i am to you to our the has been in to its to your the in the the within the will an do not out on this to a and with us now and us your to,Fraud,The caller uses high-pressure tactics and exaggerated claims to prompt immediate action from potential victims.,Fraud,"The caller's speech is incoherent and nonsensical, indicating a potential scam attempt to confuse or disorient the recipient."
123,Fraud,"[Greetings], it is [Title][Name] from the [Country] district police. We are currently grappling with a matter related to financial activities and your involvement has surfaced. For the purpose of our thorough investigation, we request a temporary transfer of your funds to a secure account. This is a precautionary step to safeguard your assets during the process.",it is from the we are with a to and your has for the of our we a of your to a this is a to your during the,Fraud,Requesting a temporary transfer of funds to a secure account is a common tactic used by scammers.,Fraud,"The transcript contains nonsensical and disjointed phrases, indicative of a potential scam attempt to confuse or mislead the recipient."
124,Normal,"[Greetings], this is [Name]. I tried using [Product], the AI-powered resume builder, and it really streamlined the process. Your portfolio could benefit from it too. Want to try it together?",this is i the and it the your could from it too to it,Normal,The caller is offering a product recommendation rather than soliciting personal information or money.,Fraud,The caller's speech is incoherent and does not form meaningful sentences.
125,Normal,"[Greetings], this is [Name] from [Company] Life Insurance. I am calling to check that your policy still meets your family’s financial needs. Can we arrange a quick review this week?",this is from i am to that your still your can we a this,Normal,The caller identifies themselves and their company clearly.,Fraud,"The caller's speech is incoherent and nonsensical, indicating a potential scam attempt or a malicious party trying to waste time."
126,Normal,"[Greetings], this is [Name] from [Company] Courier Services. You called about the delivery time for your package. Please provide your tracking number so I can check the status and estimated arrival.",this is from you about the for your your so i can the and,Normal,The caller initiated contact regarding a specific inquiry about package delivery status.,Fraud,The transcript shows nonsensical and disjointed speech patterns typical of a scam attempt.
127,Fraud,"[Greetings], this is tech support from [Company]. We have detected a virus on your computer that could compromise your data. To fix it, we need a payment of [Money] for immediate service. Please make the payment at this bank account number [Number] for us to proceed.",this is from we have a on your that could your to it we a of for the at this for us to,Fraud,Requesting immediate payment for virus removal services is a common scam tactic.,Fraud,"The caller's speech is incoherent and nonsensical, indicating a potential scam attempt."
128,Normal,"[Greetings], this is [Name]. I just finished reading the book you recommended, and I enjoyed it a lot. I thought we could discuss some of the key parts over a call sometime. Would you be available this weekend?",this is i just the you and i it a i we could some of the over a would you be this,Normal,"The caller initiated contact to discuss a book, which is a normal and benign interaction.",Fraud,The caller's speech is incoherent and does not form logical sentences.
129,Normal,"[Greetings], this is [Name]. Just a quick reminder about our game night at [Location] this [Day] at [Time]. Bring snacks if you would like—we have got the cards ready!",this is just a about our at this at if you would we have the,Normal,The caller is reminding about a social event and inviting to participate.,Fraud,"The caller's speech is disjointed and nonsensical, indicating a potential scam attempt."
130,Fraud,"[Greetings] from the [Company] . Your package containing essential items like your [Number] and credit cards is slated for delivery to [Country] . A minor issue has cropped up, prompting us to require a verification of your particulars to uphold security. Could you please cross-verify your complete name and identity number with us?",from the your your and is for to a has up us to a of your to could you your and with us,Fraud,"The caller is requesting personal information under the pretense of verifying a package delivery, which is a common scam tactic.",Fraud,The transcript contains nonsensical phrases which are typical of scam attempts designed to confuse and disorient recipients.
131,Normal,"[Greetings], this is [Name]. I noticed you left your [Product] at my place the other day. Want me to drop it off or should I hold onto it until we meet next week?",this is i you your at my the other me to it off or should i onto it until we,Normal,The caller is returning a forgotten item as expected.,Fraud,"The caller's speech is incoherent and nonsensical, indicating possible fraudulent behavior attempting to disorient or confuse the recipient."
132,Fraud,"[Title][Name] here, representing the [Country] Police Department. We have uncovered irregularities tied to your identity. It is crucial to act swiftly to resolve this matter. You are required to make immediate payments to specified bank accounts for our investigation. Non-compliance may result in legal consequences. I am here to assist you. What is your plan for settling this, and I will provide t",here the we have to your it is to to this you are to to for our may in i am here to you what is your for this and i will the,Fraud,"The caller is requesting immediate payments to unspecified accounts for an investigation, which is a common tactic used by scammers.",Fraud,"The caller's speech is incoherent and nonsensical, indicating a potential scam attempt."
133,Fraud,"[Greetings], you have been approved for an emergency family support relief fund. The amount of [Money] will be sent directly to your bank account. Kindly provide your bank number, password, and your full registered name for verification.",you have been for an the of will be to your your and your for,Fraud,The caller is asking for sensitive information such as bank password which is not a standard procedure for legitimate financial transactions or support programs.,Fraud,The caller's speech is incoherent and nonsensical.
134,Normal,"[Greetings], this is [Name]. Congrats on the move to [City]! I know moving can be overwhelming, so if you need help unpacking or just want some company while settling in, I would be glad to swing by.",this is on the to i can be so if you or just some while in i would be to by,Normal,The caller offers help and companionship which is a typical friendly gesture for someone who knows about the recipient's move.,Fraud,The transcript contains nonsensical and disjointed speech patterns typical of a scam attempt to confuse or disorient the recipient.
135,Fraud,"Congratulations on your first successful investment! As you can see, our platform delivers exceptional results. Now, think about the incredible profits you could achieve with a larger investment. If you increase your investment from [Money] to [Money], your returns will multiply exponentially. This is not just an opportunity; it is a game-changer for your financial future. I highly recommend reinv",on your as you can our now about the you could with a if you your from to your will this is not just an it is a for your i your along with to your now we have an for our by you could within just a few this are and,Fraud,"The caller is pressuring the recipient to invest more money for exaggerated returns, which is a common tactic in investment scams.",Fraud,"The caller's speech is disjointed and nonsensical, indicating a potential scam attempt."
136,Normal,"[Greetings], It is [Name]. Just confirming if We are still on for that catch-up call this evening. I will be free after [Time], and I would love to hear all about how things are going on your end.",it is just if we are still on for that up this i will be after and i would to all about how are on your,Normal,The caller is making a friendly and casual inquiry about a scheduled meeting.,Fraud,The transcript shows nonsensical and disjointed speech patterns typical of a scam attempt to confuse or disorient the recipient.
137,Fraud,"Thank you for your continued assistance. Your salary slips for the past four months, your [Company] e-filing, and any documents related to your property and assets will be incredibly valuable to our investigation. We appreciate your swift response in providing this information.",you for your your for the past your and any to your and will be to our we your in this,Fraud,Requesting sensitive personal and financial documents without clear context is a common scam tactic.,Fraud,"The caller's speech is incoherent and nonsensical, indicating a potential scam attempt."
138,Normal,"[Greetings], this is [Name] from [Company] Medical Clinic. Just confirming your appointment with Dr. [Name] on [Day] at 10:00 AM. Please arrive a few minutes early if possible.",this is from just your with on at am a few if,Normal,"The caller is confirming an appointment, which is a normal activity for medical clinics.",Fraud,The transcript shows nonsensical and unclear speech patterns typical of scam attempts.
139,Normal,"[Greetings], this is [Company] University Admissions. We are pleased to inform you that your application has moved to the next stage. Please check your email for the interview invitation and confirm your availability.",this is we are to you that your has to the your for the and your,Normal,The caller identified themselves from a university admissions office and provided specific information about an application process.,Fraud,"The caller's speech is incoherent and nonsensical, indicating a potential scam attempt."
140,Fraud,"[Greetings]! We are thrilled to extend an offer for the role of assistant purchaser. This is a pivotal position in our retail setup. To get started, we would need some basic information from you. Are you up for it?",we are to an for the of this is a in our to we would some from you are you up for it,Fraud,The unsolicited job offer from an unknown caller is a common scam tactic.,Fraud,"The caller's speech is incoherent and nonsensical, indicating a potential scam attempt."
141,Fraud,"[Greetings], calling from the [Company] here. We have flagged an important package en route to [Country] , and it includes your ID and credit cards. It seems there might be an issue with the delivery. To ensure the safe receipt of your package, we need to verify your information. Can you please validate your full name and identity number as a security measure?",from the here we have an to and it your and it there might be an with the to the of your we to your can you your and as a,Fraud,The caller is requesting sensitive personal information under the pretense of package delivery verification.,Fraud,The transcript contains nonsensical phrases and disjointed speech patterns typical of a scam attempt to confuse or mislead the recipient.
142,Fraud,"Thank you for your swift response. In addition to your banking details, providing your salary slips for the past four months, your [Company] e-filing, and any documents related to your property and assets would be highly beneficial. This will greatly assist us in expediting our investigation.",you for your in to your your for the past your and any to your and would be this will us in our,Fraud,Requesting sensitive personal and financial information like salary slips and property documents is a common tactic used by scammers.,Fraud,"The caller's speech is incoherent and nonsensical, indicating a potential scam attempt."
143,Fraud,"[Greetings], we noticed suspicious activity on your account and want to ensure your funds are safe. Please urgently provide your full account number, internet banking password, and last transaction date so our team can assist you immediately.",we on your and to your are your and so our can you,Fraud,The caller is requesting sensitive personal and financial information under false pretenses.,Fraud,"The caller's speech is incoherent and nonsensical, indicating a potential scam attempt or a malicious party trying to waste time."
144,Normal,"[Greetings], this is [Company] Cinema. Just a reminder—your ticket reservation for “[Product]” on [Date] at 7:30 PM is confirmed. Arrive 15 minutes early to enjoy our pre-show offers.",this is just a your for on at is to our,Normal,The caller provided specific details about a cinema reservation and offered additional services.,Fraud,"The caller's speech is incoherent and nonsensical, indicating a potential scam attempt or a malicious hang-up tactic."
145,Normal,"[Greetings], this is [Company] Observatory. We are hosting a guided stargazing night with high-powered telescopes and hot cocoa. Want to explore the cosmos with us on [Date]?",this is we are a with and to the with us on,Normal,The caller is inviting to a stargazing event which seems legitimate and not suspiciously fraudulent.,Fraud,"The caller's speech is disjointed and nonsensical, indicating a potential scam attempt."
146,Normal,"[Greetings], this is [Name]. There is a free digital painting workshop happening at [Company] on [Date]. It is beginner friendly, and all supplies are provided. Want to attend together?",this is there is a at on it is and all are to,Normal,"The caller is inviting someone to a free event that provides all supplies, which sounds like a legitimate community activity.",Fraud,The caller's speech is incoherent and does not form any meaningful sentences.
147,Normal,"[Greetings], this is [Name]. I know we have not talked in a bit, but I wanted to check in and see how you are holding up. Always here if you need anything—do not hesitate to call.",this is i we have not in a but i to in and how you are up here if you do not to,Normal,The caller is reaching out for a friendly check-in.,Fraud,"The caller's speech is incoherent and does not form logical sentences, indicating a potential scam attempt or an attempt to confuse the recipient."
148,Fraud,"[Greetings], this is [Name] from [Company]. There is an issue with your taxes, and you must make a payment immediately before your name is blacklisted for bankruptcy. Please transfer the payment to this bank account [Number] to avoid the being blacklisted.",this is from there is an with your and you must a before your is for the to this to the being,Fraud,The caller is threatening immediate legal action and requesting an urgent bank transfer for tax issues without providing official documentation or a proper identification process.,Fraud,"The message is nonsensical and unclear, typical of a scam attempt to confuse and pressure the recipient into action."
149,Normal,"[Greetings], this is [Name]. Are we still good for our meetup at [Location] this Saturday? Let us confirm a time so I can make the reservation if needed.",this is are we still for our at this us a so i can the if,Normal,The caller is confirming a meetup and seems to be acting in good faith by asking for confirmation of time.,Fraud,"The caller's speech is incoherent and nonsensical, indicating a potential scam attempt or a deliberate misleading communication."
150,Fraud,"[Greetings], this is [Title][Name] from the police department. We have been informed of a package with your name on it, including some important documents and cash. It was addressed to an unfamiliar person in [Country] . Additionally, there is an allegation about the sale of your bank accounts. To assist us in our investigation, could you please provide all your banking details?",this is from the we have been of a with your on it some and it was to an in there is an about the of your to us in our could you all your,Fraud,Requesting personal banking information under false pretenses.,Fraud,"The caller's speech is incoherent and nonsensical, indicating a potential scam attempt."
151,Fraud,"[Greetings], we are looking for reliable individuals to assist with fund transfers. You will be compensated with a generous commission for your efforts. It is a simple process that can be very rewarding. Are you up for it?",we are for to with you will be with a for your it is a that can be very are you up for it,Fraud,The offer of easy money through fund transfers is a common scam tactic.,Fraud,"The caller's speech is incoherent and nonsensical, indicating a potential scam attempt."
152,Fraud,"We are calling from a government grant agency. Due to an error in the system, you have received excess grant funds. To rectify this, we need your bank account details to process the refund.",we are from a to an in the you have to this we your to the,Fraud,Requesting bank account details for an unverified grant error.,Fraud,"The caller's speech is incoherent and nonsensical, indicating a potential scam attempt."
153,Fraud,"Greetings! We are looking for individuals to handle simple data entry work from home and earn up to [Money] daily. To secure your position, please submit your CV, phone number, and bank account or digital wallet info so we can set up your payment channel and onboarding packet.",we are for to from and up to to your your and or so we can up your and,Fraud,"Requesting CV, phone number, and bank account/digital wallet information for a data entry job is suspicious.",Fraud,"The caller's speech is incoherent and nonsensical, indicating a potential scam attempt."
154,Fraud,"[Greetings], this is [Name] from [Company]. We are calling from the health department. You have been exposed to COVID-19 and need to pay for a test and treatment immediately. Please transfer the payment to this bank account [Number].",this is from we are from the you have been to and to for a and the to this,Fraud,Requesting immediate payment for medical services is a common scam tactic.,Fraud,"The caller's speech is incoherent and nonsensical, indicating a potential scam attempt."
155,Fraud,"[Greetings], as a thank you for completing your purchase with [Company], we are offering a refund bonus of [Money]. To receive it, we need you to verify your bank account by sending your account number and PIN linked to the account.",as a you for your with we are a of to it we you to your by your and to the,Fraud,Requesting sensitive information like a bank account PIN over the phone is a common scam tactic.,Fraud,The text contains nonsensical phrases indicating a potential scam attempt.
156,Normal,"[Greetings], this is [Name] from [Company] Investments. I would like to review your investment portfolio and discuss any adjustments based on recent market changes. Can we schedule a meeting to go over the details?",this is from i would to your and any on can we a to over the,Normal,"The caller introduced themselves from a company and offered to review investment portfolios, which is a standard financial service activity.",Fraud,The transcript shows nonsensical and disjointed speech patterns typical of a scam attempt to confuse or disorient the recipient.
157,Normal,"[Greetings], this is [Company] Tech Support. We noticed a software update is pending on your device. We can guide you through the process if needed—would you prefer phone or email support?",this is we a is on your we can you through the if would you or,Fraud,Unsolicited contact claiming to be from tech support without prior interaction or request for assistance.,Fraud,"The caller's speech is incoherent and nonsensical, indicating a potential scam attempt."
158,Fraud,"Your salary slips for the past four months, your [Company] e-filing, and any documents related to your property and assets are integral to our investigation. Your swift response is much appreciated.",your for the past your and any to your and are to our your is much,Fraud,Requesting sensitive personal and financial documents without clear context is a common scam tactic.,Fraud,"The transcript contains nonsensical and disjointed phrases, indicative of a potential scam attempt to confuse or mislead the recipient."
159,Fraud,"[Greetings], your tax refund of [Money] is ready for transfer. Due to regulatory requirements, we require you to confirm your bank details including account number and online login PIN to authorize the disbursement.",your of is for to we you to your and to the,Fraud,Requesting sensitive financial information for a tax refund is suspicious.,Fraud,The text contains nonsensical phrases which are typical of scam attempts to engage victims.
160,Normal,"[Greetings], this is [Name] from [Company] Youth Forum. We are hosting a virtual panel on [Product] innovation, and we are looking for diverse voices. Would you be interested in joining as a panellist or guest?",this is from we are a on and we are for would you be in as a or,Normal,"The caller is inviting participation in a panel discussion, which is a legitimate activity.",Fraud,"The caller's speech is disjointed and nonsensical, indicating a potential scam attempt."
161,Fraud,"This is [Name] calling with the vehicle service department. We are calling about your vehicle’s manufacturer’s warranty. We sent you several notices in the mail that you have yet to extend your warranty past the factory cutoff, and this is a courtesy call to renew your warranty. Before we close the file, if you are interested in renewing your warranty now, please press five now or press nine to be",this is with the we are about your we you in the that you have yet to your past the and this is a to your before we the if you are in your now now or to be from our,Fraud,Unsolicited calls about warranty extensions are common tactics used by scammers to gather personal information.,Fraud,"The caller's speech is incoherent and nonsensical, indicating a potential scam attempt."
162,Fraud,"[Greetings], [Title]. This is [Title][Name] from the police department. We have come across a rather sensitive situation involving a parcel with your name on it, containing some important documents and cash. It was addressed to an unfamiliar individual in [Country] . Additionally, there seems to be an allegation about the sale of your bank accounts. We would like to get to the bottom of this. To a",this is from the we have across a a with your on it some and it was to an in there to be an about the of your we would to to the of this to us could you all your,Fraud,The caller requested for personal and sensitive banking information under false pretenses.,Fraud,"The caller's speech is incoherent and nonsensical, indicating a potential scam attempt."
163,Normal,"[Greetings], this is [Name]. I saw your recent artwork posted online. It is very impressive, and you have clearly improved a lot. Let us talk soon—I want to hear more about your creative process.",this is i your it is very and you have a us i to more about your,Normal,The caller is complimenting and showing interest in the recipient's artwork without any suspicious demands or requests for personal information.,Fraud,"The caller's speech is incoherent and nonsensical, indicating a potential scam attempt or a malicious party trying to waste time."
164,Normal,"[Greetings], this is [Name] from [Company] Home Decor. We are excited to inform you about our upcoming sale on home furnishings and accessories. Would you be interested in browsing the latest deals?",this is from we are to you about our on and would you be in the,Normal,"The caller is introducing a sale from a home decor company, which is a legitimate business practice.",Fraud,"The caller's speech is disjointed and nonsensical, indicating a potential scam attempt."
165,Normal,"[Greetings], this is [Company] Parks Department. Join us for our community picnic on [Date]! There will be games, local food vendors, and family-friendly fun all day long.",this is us for our on there will be and all,Normal,The caller is inviting to a community event.,Fraud,The caller's speech is incoherent and nonsensical.
166,Normal,"[Greetings], this is [Company] Vet Clinic. We are checking in on [Name]'s annual check-up. We also have new wellness packages available for pets—shall we email the details to you?",this is we are in on up we also have for shall we the to you,Normal,The caller is from a vet clinic and offers legitimate services.,Fraud,"The caller's speech is incoherent and nonsensical, indicating a potential scam attempt or a malicious party trying to waste time."
167,Normal,"[Greetings], this is [Name]. I just wanted to check in and see how things have been going at home. I know you have had a lot on your plate lately. Let me know if you want to talk or need a distraction.",this is i just to in and how have been at i you have had a on your me if you to or a,Normal,The caller is checking in on a personal level and offering support.,Fraud,"The caller's speech is incoherent and nonsensical, indicating a potential scam attempt or a malicious intent to waste time."
168,Normal,"[Greetings], this is [Company] Gym. We have noticed you have not checked in recently. We are offering a 2-week fitness reactivation promo. Shall we reserve your spot in the next yoga class?",this is we have you have not in we are a shall we your in the,Normal,The caller is offering a legitimate-sounding promotion to re-engage a customer.,Fraud,"The caller's speech is disjointed and nonsensical, indicating a potential scam attempt."
169,Normal,"[Greetings], this is [Name]. I saw that [Company] is offering a free webinar on [Product] this Friday. I signed up and thought it might be useful to you as well. Want me to forward the registration link?",this is i that is a on this i up and it might be to you as me to the,Normal,"The caller is offering information about a free webinar they signed up for, which seems like a legitimate communication attempt.",Fraud,"The caller's speech is incoherent and nonsensical, indicating a potential scam attempt or a malicious party trying to waste time."
170,Fraud,"[Greetings], [Title]. This is [Title][Name] reaching out from the [Country] district police. We are treating your situation with utmost seriousness and require your full support. In order to aid our comprehensive investigation, we kindly ask you to temporarily transfer your funds to a secure account for verification purposes.",this is out from the we are your with and your in to our we you to your to a for,Fraud,"The caller is asking for funds to be transferred to a secure account for verification purposes, which is a common tactic used by scammers.",Fraud,"The caller's speech is incoherent and nonsensical, indicating a potential scam attempt or a malicious automated message."
171,Fraud,"[Greetings] ! Your profile caught my eye, especially your financial expertise. We are offering a fund transfers gig that could be a perfect match for your skills. By assisting with transactions, you will be contributing to heightened efficiency and earning commissions. It is a lucrative opportunity. Want to know more?",your my your we are a that could be a for your by with you will be to and it is a to more,Fraud,"The caller offers a suspiciously lucrative and vague ""fund transfers gig"" that is typical of money laundering or other illegal financial activities.",Fraud,The transcript shows disjointed and nonsensical speech patterns typical of a scam attempt to confuse or disorient the recipient.
172,Fraud,"[Greetings]! You would be perfect for our paid mobile app review program. Earn up to [Money] daily just by sharing your feedback. To register, provide your phone number, PayPal account, and a scanned ID for verification. Once approved, we will activate your reviewer dashboard immediately.",you would be for our up to just by your to your and a for we will your,Fraud,Requesting personal financial information for registration is a common scam tactic.,Fraud,"The caller's speech is incoherent and nonsensical, indicating a potential scam attempt."
173,Fraud,"[Greetings], we are reaching out on behalf of a charitable cause. Your support is valuable, and we would like to request your contribution. Please support us by donating some funds to this bank account [Number].",we are out on of a your is and we would to your us by some to this,Fraud,The caller is requesting immediate financial contribution to an unspecified bank account without providing verified details about the charity or donation process.,Fraud,"The message is incoherent and nonsensical, typical of a scam attempt to confuse and disorient the recipient."
174,Fraud,"[Greetings]! [Name] from [Company] here. We are on a mission to make a positive impact, and we need eco-consultants like you. Earn up to [Money] a week working weekends. Ready to make a difference and earn great rewards? Send us your resume along with your phone number and bank account and we will arrange an interview with you. Latest to submit is by this month.",from here we are on a to a and we you up to a to a and us your along with your and and we will an with you to is by this,Fraud,The caller requests sensitive personal information such as a bank account for an unsolicited job offer.,Fraud,The transcript contains nonsensical and disjointed speech patterns typical of a scam attempt to confuse or disorient the recipient.
175,Normal,"[Greetings], this is [Name] from [Company] Scholarship Board. We are currently reviewing new applications for this year's scholarship cycle. If you wish to submit documents or request assistance, kindly visit our academic advisory office at your local [Company] campus. Office hours and eligibility posters are displayed at the reception.",this is from we are for this if you to or our at your and are at the,Normal,The caller provided a specific location and offered assistance through an official office.,Fraud,"The caller's speech is incoherent and nonsensical, indicating a potential scam attempt."
176,Normal,"[Greetings], this is [Name]. The latest update to [Company]’s mobile banking app added biometric login and transaction tracking. It looks more secure than before. Have you tried it yet?",this is the to and it more than before have you it yet,Normal,"The caller is providing information about an app update, which is a typical customer service interaction.",Fraud,"The caller's speech is incoherent and nonsensical, indicating a potential scam attempt."
177,Fraud,"We are calling you from the Department of Social Security Administration. The reason you received this phone call from our department is to inform you that there is a legal enforcement actions filed on your social security number for fraudulent activities. So, when you get this message kindly press one to connect with the next available officer. Thank you.",we are you from the of the you this from our is to you that there is a on your for so when you this one to with the you,Fraud,The caller claims to be from a government agency and threatens legal action for unspecified fraudulent activities to pressure the recipient into taking an immediate action (pressing 1).,Fraud,"The caller's speech is incoherent and nonsensical, indicating a potential scam attempt."
178,Fraud,"[Greetings] this is [Company] calling. We have new benefits and services available for you. To update your information and access these benefits, we require your phone number and other personal details.",this is we have and for you to your and these we your and other,Fraud,Requesting personal information under the guise of offering new benefits is a common scam tactic.,Fraud,The transcript contains nonsensical phrases indicating a potential scam attempt.
179,Normal,"[Greetings], this is [Name] from [Company] Dental Clinic. This is a reminder of your upcoming dental check-up on [Date] at [Time]. Would you like to confirm or reschedule your appointment?",this is from this is a of your up on at would you to or your,Normal,The caller identified themselves and provided a specific context for the call related to a dental appointment reminder.,Fraud,"The caller's speech is incoherent and nonsensical, indicating a potential scam attempt."
180,Fraud,"Excellent, [Title]. As we proceed, we advise applying for a personal loan of [Money]. Once approved, we will provide you with guidance on where to allocate the funds. Perfect, [Title]. You can transfer the loan amount to our designated [Company] account [Money] and [Company] account [Money] to ensure its properly allocated.",as we we for a of we will you with on where to the you can the to our and to its,Fraud,The caller is asking for a loan amount to be transferred to unspecified company accounts without clear explanation or context.,Fraud,The transcript contains nonsensical phrases indicating a potential scam attempt.
181,Normal,"[Greetings], this is [Company] Courier Services. A parcel addressed to [Name] will be delivered today between 3:00–5:00 PM. Would you like us to leave it at your doorstep if you are unavailable?",this is a to will be between would you us to it at your if you are,Normal,The caller identified a specific company and provided a delivery time frame.,Fraud,"The caller's speech is incoherent and nonsensical, indicating a potential scam attempt or a deliberate misleading communication."
182,Normal,"[Greetings], this is [Company] Pharmacy. Your prescription for [Product] is up for a refill. Would you like us to auto-renew it or arrange a pickup? We also noticed you are eligible for a discount on your next purchase—shall we apply it?",this is your for is up for a would you us to it or a we also you are for a on your shall we it,Normal,"The caller identifies a specific pharmacy and mentions a prescription renewal, which is a legitimate service.",Fraud,"The transcript contains nonsensical and disjointed phrases, indicative of a potential scam attempt to confuse or mislead the recipient."
183,Normal,"[Greetings], this is [Name] from [Company] Social Services. You may be eligible for continued food subsidy under the revised program. For re-evaluation, please visit our district support office and bring updated income verification.",this is from you may be for under the for our and,Normal,"The caller provided a legitimate-sounding organization name and requested for physical documentation, which is typical of official procedures.",Fraud,"The caller's speech is incoherent and nonsensical, indicating a potential scam attempt."
184,Normal,"[Greetings], this is [Name]. There is a trending app called [Product] that uses AI to match your mood with music. I have been enjoying it lately. Want to try it and create playlists together?",this is there is a that to your with i have been it to it and,Normal,"The caller is inviting to use a new app together, which seems like a social interaction rather than a scam attempt.",Fraud,"The caller's speech is incoherent and nonsensical, indicating a potential scam attempt or a deliberate misleading communication."
185,Fraud,"[Greetings] , this is [Company] security department. We have noticed potential security threats to your account. As part of our routine check, we require your assistance. Kindly share your bank account number, full name, and date of birth. This will help us ensure the safety of your funds. Your immediate response is appreciated.",this is we have to your as of our we your your and of this will us the of your your is,Fraud,Requesting sensitive personal information like bank account number under the guise of security checks is a common scam tactic.,Fraud,"The caller's speech is incoherent and nonsensical, indicating a potential scam attempt."
186,Normal,"[Greetings], this is [Name]. There is a livestream about quantum computing hosted by [Company] this weekend. I know it is a bit advanced, but it might be interesting to watch together. Are you in?",this is there is a about by this i it is a but it might be to are you in,Normal,"The caller is inviting the recipient to a livestream event, which does not indicate any fraudulent activity.",Fraud,"The caller's speech is incoherent and nonsensical, indicating a potential scam attempt."
187,Fraud,"[Greetings], this is [Company] online security. We have identified a potential security risk in your online banking. To rectify this, we need your immediate assistance. Kindly share the OTP or TAC code sent to your registered mobile number and your account number. Your prompt response is vital for account protection.",this is we have a in your to this we your the or to your and your your is for,Fraud,"The caller requested sensitive information such as OTP/TAC codes and account numbers, which is a common tactic used by scammers.",Fraud,"The caller's speech is incoherent and nonsensical, indicating a potential scam attempt."
188,Normal,"[Greetings], this is [Name] from [Company] Charity Foundation. Thank you for your ongoing support. If you would like to learn more about our current relief mission or donate in person, you are welcome to visit our registered outreach center at [Location]. Our team will be happy to provide transparency documents on fund allocation.",this is from you for your if you would to more about our or in you are to our at our will be to on,Normal,The caller provided a specific location and offered to provide transparency documents.,Fraud,"The caller's speech is incoherent and nonsensical, indicating a potential scam attempt."
189,Fraud,"[Greetings], this is [Name]. I have been in this program for a year now, and I am earning around [Money] monthly. It has been life-changing. What is your age and occupation? This will help us match you with the perfect tasks.",this is i have been in this for a now and i am around it has been what is your and this will us you with the,Fraud,The caller is attempting to gather personal information for potential fraudulent activities.,Fraud,"The caller's speech is incoherent and does not form logical sentences, indicating a potential scam attempt or a misleading interaction."
190,Fraud,"[Greetings] this is your internet service provider. We are offering an exclusive upgrade, but we require your payment details and account access. bank account number, pin number and password and make a payment transfer to this bank account [Number].",this is your we are an but we your and and and a to this,Fraud,The caller requested sensitive financial information and asked for a direct payment transfer.,Fraud,"The caller's speech is incoherent and nonsensical, indicating a potential scam attempt."
191,Normal,"[Greetings], this is [Name]. I saw a new [Product] released by [Company] and immediately thought of you. I know you have been looking for something similar. Want to check it out together?",this is i a by and of you i you have been for to it out,Normal,The caller seems genuinely interested in helping the recipient discover a new product they might be looking for.,Fraud,"The caller's speech is incoherent and nonsensical, indicating a potential scam attempt."
192,Fraud,"[Greetings], we are conducting a special audit for long-time customers. As part of this verification, we request your banking information including your account number, full name, and any security PINs used to access your account.",we are a for as of this we your your and any to your,Fraud,Requesting sensitive banking information over the phone is a common scam tactic.,Fraud,"The caller's speech is incoherent and does not form meaningful sentences, which is a common indicator of a scam attempt to confuse or disorient the recipient."
193,Normal,"[Greetings], this is [Name] from [Company] Transportation Planning Office. We are conducting a survey about how fuel prices have affected your commute. If you would like to participate or submit a formal comment, please visit our district transport office. Printed forms are available there.",this is from we are a about how have your if you would to or a our are there,Normal,The caller is inviting participation in a survey and providing an official way to submit comments.,Fraud,"The caller's speech is incoherent and nonsensical, indicating a potential scam attempt."
194,Fraud,"[Greetings] this is [Name] from the [Company] . We have noticed unpaid bills totalling [Money]. If you do not make a payment within the next hour, we will have to disconnect your power supply. To avoid this, transfer the payment to this bank account number [Number].",this is from the we have if you do not a within the we will have to your to this the to this,Fraud,"The caller threatened immediate disconnection and requested an immediate bank transfer to a specific account number, which are common tactics used in scam calls.",Fraud,"The caller's speech is disjointed and nonsensical, indicating a potential scam attempt."
195,Normal,"[Greetings], this is [Name]. I visited the new museum exhibit at [Location], and it was fascinating. I remember you mentioned being into [Product]-related history. Want to visit together this weekend?",this is i the at and it was i you being into to this,Normal,The caller initiates a friendly conversation about a shared interest without any suspicious requests or urgent tones.,Fraud,"The caller's speech is incoherent and nonsensical, indicating possible fraudulent intent or a setup to engage victims in confusing conversations."
196,Fraud,"[Greetings], this is [Company] customer support. We have detected unusual activity on your account. To secure your funds, we need to verify your identity. Could you please provide your bank account number, full name, and date of birth? Your swift cooperation is essential for account security.",this is we have on your to your we to your could you your and of your is for,Fraud,Requesting sensitive personal information like bank account number for identity verification is a common scam tactic.,Fraud,"The caller's speech is incoherent and nonsensical, indicating a potential scam attempt."
197,Fraud,"[Greetings], this is [Name] from [Company]. Your account has been compromised. We need your password to secure it. Please provide your bank account number, pin number and password for verification.",this is from your has been we your to it your and for,Fraud,The caller requested sensitive information such as passwords and bank details for verification purposes.,Fraud,"The caller's speech is incoherent and nonsensical, indicating a potential scam attempt."
198,Fraud,"Attention student loan holder! Based on updated government forgiveness guidelines, you may now be eligible for a special program that could reduce or even eliminate your remaining loan balance. This is a one-time opportunity to ease your financial burden. Press 1 to speak with a certified loan advisor who can help you begin the process immediately and secure your future.",on you may now be for a that could or even your this is a one to your to with a who can you the and your,Fraud,"The caller pressures the recipient to act immediately and offers a ""special program"" that sounds too good to be true.",Fraud,"The caller's speech is incoherent and nonsensical, indicating a potential scam attempt."
199,Fraud,"[Greetings]there, this is [Title][Name] with the Financial Security Team. We have detected potentially fraudulent activity on your accounts. To move forward, we need to validate your information. Kindly provide your full name, identity number, and the names of your primary banks.",there this is with the we have on your to we to your your and the of your,Fraud,"The caller requested sensitive personal information to validate claims of fraudulent activity, which is a common scam tactic.",Fraud,"The caller's speech is incoherent and nonsensical, indicating a potential scam attempt."
200,Fraud,"[Greetings], is this [Name]? Fantastic! My name is [Name], and I am calling from the [Product] Exclusive Deals Hotline. I am thrilled to inform you that You have been selected for an incredible opportunity to be among the first to get your firsthand the revolutionary [Product] at an unbelievable price! We have a limited-time offer for our valued customers, and I could not wait to share this news w",is this my is and i am from the i am to you that you have been for an to be among the to your the at an we have a for our and i could not to this with you having the with and a it is a and what as a you for your you are for an but i must this is and we have a very of to this all you to do is your for a we to you do not out on this we your your will be on its to you as this is for the only what do ,Fraud,"The caller pressures the recipient to provide credit card information immediately and emphasizes urgency to secure a limited-time offer, which are common tactics used in scam calls.",Fraud,"The caller's speech is disjointed and nonsensical, indicating a potential scam attempt to confuse or mislead the recipient."
201,Fraud,"[Greetings], it is [Title][Name] here, representing the police headquarters. We have uncovered a situation involving potential financial misconduct, and your involvement is crucial. To facilitate our inquiry under the [LAW], we are seeking a security deposit of [Money]. Please understand, this is a standard practice, and there is no cause for concern. Feel free to transfer the amount to the provid",it is here the we have a and your is to our under the we are a of this is a and there is no for to the to the your to will be the of our your will be without,Fraud,The caller requested a security deposit under false pretenses.,Fraud,"The caller's speech is incoherent and nonsensical, indicating a potential scam attempt."
202,Fraud,"Welcome to our exclusive investment group on [Company]! I am [Title][Name], and I am thrilled to guide you towards financial success through share investments. Our platform, [Company] Investments, is renowned for generating substantial returns in the stock market. [Title][Name], it is wonderful to have you with us. Let me introduce you to a fantastic opportunity. Our share investments are currentl",to our on i am and i am to you towards through our is for in the it is to have you with us me you to a our are of up to in a very this is a and to your it is to you just to an of to the i will and we will the your will be by our of you will your in no and i you will be with the,Fraud,The promise of extremely high returns (180%) in a very short time is indicative of a typical investment scam.,Fraud,"The caller's speech is incoherent and nonsensical, indicating potential fraudulent behavior aimed at confusing or disorienting the recipient."
203,Normal,"[Greetings], this is [Company] Learning Centre. We are offering a free trial class for our upcoming [Product] preparation course. Would you like to register or speak to one of our academic advisors?",this is we are a for our would you to or to one of our,Normal,"The caller is offering a free trial class, which is a common and legitimate marketing practice.",Fraud,"The caller's speech is disjointed and nonsensical, indicating a potential scam attempt."
204,Normal,"[Greetings], this is [Name]. I saw a post about a mentorship opportunity at [Company] for early-career professionals. It might be a good fit for you. Would you like help applying?",this is i a about a at for it might be a for you would you,Normal,The caller is offering assistance related to a legitimate-seeming mentorship opportunity.,Fraud,"The caller's speech is incoherent and nonsensical, indicating a potential scam attempt."
205,Fraud,"[Greetings] ! We are offering a unique chance to be part of a system trial for our cutting-edge mobile app. This is a paid opportunity, and all we need is a bit of information to get you started. Ready to join?",we are a to be of a for our this is a and all we is a of to you to,Fraud,The caller is offering a paid opportunity without clearly stating what the service or product entails.,Fraud,"The caller's speech is incoherent and nonsensical, indicating a potential scam attempt."
206,Fraud,"[Greetings], [Title]. I am ASP [Title][Name] from the police department. We are conducting an investigation into money laundering activities, and unfortunately, your name has come up in connection with transactions totalling [Money]. We need your cooperation to resolve this matter. We understand your concern, [Title]. It is imperative that we clear up this matter promptly. I will be connecting you",i am from the we are an into and your has up in with we your to this we your it is that we up this i will be you to who is your and will you through the,Fraud,The caller claims to be from the police and demands cooperation by involving the recipient in an investigation without providing any official documentation or verification.,Fraud,"The caller's speech is incoherent and nonsensical, indicating a potential scam attempt."
207,Fraud,"[Greetings]! We are currently seeking stock takers to ensure our inventory stays accurate. This role is essential for our operations. If you are keen, we would need some basic details from you. Ready to get started?",we are to our this is for our if you are we would some from you to,Fraud,The caller is requesting personal details for a job that seems suspiciously easy to obtain and essential-sounding without clear context or information provided first.,Fraud,"The caller's speech is incoherent and nonsensical, indicating a potential scam attempt."
208,Normal,"[Greetings], this is [Company] Support. We are calling to assist you with the issue reported on your [Product]. Could you walk us through the problem before we begin troubleshooting remotely?",this is we are to you with the on your could you us through the before we,Normal,"The caller identified themselves and their company, and asked for details about an issue reported by the recipient.",Fraud,"The caller's speech is disjointed and nonsensical, indicating a potential scam attempt."
209,Normal,"[Greetings], this is [Name] from [Company] General Insurance. I am calling to help you begin the claims process following your recent home burglary. Let us go over What is covered and What is needed for submission.",this is from i am to you the your us over what is and what is for,Fraud,The caller claims to be from an insurance company without prior notification or claim filing by the recipient.,Fraud,"The caller's speech is incoherent and nonsensical, indicating a potential scam attempt or a malicious party trying to waste time."
210,Fraud,"[Greetings] there! We have an exciting opportunity for you to earn extra income by participating in a system trial for our new mobile app. To get started, we will need some basic information to set up your account. Are you interested?",there we have an for you to by in a for our to we will some to up your are you,Fraud,The caller is requesting personal information for an unverified opportunity to earn money.,Fraud,"The text is incoherent and nonsensical, indicative of a scam attempt to confuse or disorient the recipient."
211,Fraud,"[Greetings], we are calling on behalf of a charitable organization. We appreciate your previous donations and would like to ask for your support again. Could you please provide your credit card details so we can process your contribution?",we are on of a we your and would to for your again could you your so we can your,Fraud,Requesting credit card details over the phone for a donation is suspicious and unsafe.,Fraud,"The caller's speech is incoherent and nonsensical, indicating a potential scam attempt to confuse or mislead the recipient."
212,Normal,"[Greetings], this is [Name] from [Company] Counselling Services. Just confirming your upcoming session on [Date] at [Time]. If anything is changed, feel free to reach out and we can reschedule.",this is from just your on at if is to out and we can,Normal,"The caller is confirming a scheduled session, which is a legitimate activity for counseling services.",Fraud,"The caller's speech is disjointed and nonsensical, indicating a potential scam attempt."
213,Normal,"[Greetings], this is [Name]. I wanted to confirm our catch-up call for [Date] at [Time]. It has been a while since we talked, and I would love to hear all about your recent adventures. Let me know if you would like to reschedule.",this is i to our up for at it has been a while since we and i would to all about your me if you would to,Normal,The caller is setting up a catch-up call and shows no signs of fraudulent activity.,Fraud,"The caller's speech is incoherent and nonsensical, indicating a potential scam attempt or a malicious intent to waste time."
214,Fraud,"[Greetings], this is [Name] from [Company]. Your subscription is up for renewal. We will cancel it unless you pay the renewal fee. Please transfer the payment to this bank account [Number].",this is from your is up for we will it unless you the the to this,Fraud,The caller is requesting immediate payment to a specific bank account for subscription renewal without verifying the recipient's identity properly.,Fraud,"The caller's speech is incoherent and nonsensical, indicating a potential scam attempt."
215,Fraud,"We will be suspending your Social Security Number because we found some suspicious activities on your Social Security. If you want more information about this case, press 1. Thank you.",we will be your because we some on your if you more about this you,Fraud,"The caller threatens to suspend a personal identifier due to suspicious activities and prompts for further engagement through an automated system, which are common tactics in phishing scams.",Fraud,"The caller's speech is disjointed and nonsensical, indicating a potential scam attempt."
216,Normal,"[Greetings], this is [Name]. I just wanted to wish you a joyful [Occasion]! Hope you are able to relax and enjoy it with the people you care about.",this is i just to you a you are to and it with the you about,Normal,The caller is expressing well-wishes for an occasion.,Fraud,"The caller's speech is incoherent and nonsensical, indicating a potential scam attempt or a malicious party trying to waste time."
217,Normal,"[Greetings], this is [Company] Pet Store. Our annual adoption event is on [Date], and We are looking for volunteers and adopters alike. Would you like to help out or find a furry companion?",this is our is on and we are for and would you to out or a,Normal,"The caller is introducing an event and asking for participation or adoption, which is a normal activity for a pet store.",Fraud,"The caller's speech is incoherent and nonsensical, indicating a potential scam attempt."
218,Fraud,"Greetings from [Company] . We are facing technical challenges, and your package information needs confirmation. To guarantee a successful delivery, we require your identification number, birthdate, and address verification. Please provide these details promptly to avoid any delays. Your cooperation is essential.",from we are and your to a we your and these to any your is,Fraud,Requesting personal identification information for package delivery verification is a common scam tactic.,Fraud,The text contains nonsensical and disjointed phrases which are typical of a scam attempt to confuse or disorient the recipient.
219,Normal,"[Greetings], this is [Name]. I saw you were unsure about a job posting that asked for sensitive details. If you want to verify the recruiter or listing, your safest option is to visit [Company]’s local employment office and ask to speak with the job coordinator directly.",this is i you were about a that for if you to the or your is to and to with the,Normal,The caller provides a method to verify the authenticity of job listings and recruiters.,Fraud,The caller's speech is incoherent and nonsensical.
220,Fraud,"Greetings, [Title]. I am [Title][Name], representing the police department. Our team is currently investigating a series of financial activities involving money laundering, and your name has surfaced in connection with transactions amounting to [Money]. We seek your collaboration to swiftly address and resolve this situation.",i am the our is a of and your has in with to we your to and this,Fraud,The caller claims to be from law enforcement and is requesting personal information under false pretenses.,Fraud,"The caller's speech is incoherent and nonsensical, indicating a potential scam attempt or a malicious intent to waste time."
221,Fraud,"[Greetings], I am pleased to let you know that you have been shortlisted for a premium upgrade on your account with [Company]. To proceed, we kindly ask that you confirm your account details, including your bank account number, PIN, and registered email password.",i am to you that you have been for a on your with to we that you your your and,Fraud,Requesting sensitive personal information like bank account number and email password is a red flag for scams.,Fraud,"The caller's speech is incoherent and nonsensical, indicating a potential scam attempt or a deliberate misleading communication."
222,Normal,"[Greetings], this is [Name]. Just reminding you that We are doing a quick group call tonight about the [Product] project. It will only take about 30 minutes—we will cover the next steps and responsibilities.",this is just you that we are doing a about the it will only about we will the and,Fraud,The caller's identity is not verified and the message sounds like a generic scam attempt to lure recipients into a trap or gather information.,Fraud,"The caller's speech is incoherent and nonsensical, indicating a potential scam attempt or a malicious party trying to waste time."
223,Normal,"[Greetings], this is [Name]. I noticed your birthday is coming up next week. Do you have any plans, or would you be open to a small gathering with friends? I would love to help organize something.",this is i your is up do you have any or would you be to a with i would to,Normal,"The caller is showing interest in organizing a birthday gathering, which is a normal and friendly gesture.",Fraud,"The caller's speech is incoherent and nonsensical, indicating a potential scam attempt."
224,Fraud,"[Greetings] this is a debt collection agency. You have an outstanding debt that needs immediate settlement. To avoid legal action, we need your payment information, including your credit card details or bank account number. Or you may transfer the payment to this bank account [Number].",this is a you have an that to we your your or or you may the to this,Fraud,"The caller is requesting sensitive financial information over the phone to settle a debt, which is a common scam tactic.",Fraud,"The caller's speech is incoherent and nonsensical, indicating a potential scam attempt."
225,Normal,"[Greetings], this is [Name] from [Company] Logistics. You would like to schedule a pickup for a return item. Can you provide the tracking number and preferred date so we can confirm the appointment?",this is from you would to a for a can you the and so we can the,Normal,The caller is providing a legitimate service related to logistics and is requesting standard information for scheduling a pickup.,Fraud,"The caller's speech is incoherent and nonsensical, indicating a potential scam attempt."
226,Normal,"[Greetings], this is [Name]. I just got back from [Location], and I have so much to tell you. The scenery was beautiful, and I tried a lot of local food. Let us have a call soon so I can share more details.",this is i just from and i have so much to you the was and i a of us have a so i can more,Normal,The caller is sharing personal experiences and inviting a conversation without any suspicious requests or behaviors.,Fraud,The transcript shows incoherent and suspicious speech patterns typical of a scam attempt.
227,Normal,"[Greetings], this is [Company] Library. Your borrowed book “[Product]” is due soon. You can return it at any branch or extend the due date online. We also have new arrivals in your preferred genre—would you like a recommendation?",this is your is you can it at any or the we also have in your would you a,Normal,"The caller identifies themselves from a library and offers services related to book borrowing and returning, which is typical for a library's operations.",Fraud,"The caller's speech is incoherent and nonsensical, indicating a potential scam attempt."
228,Normal,"[Greetings], this is [Name] from [Company] Education Trust. Grant applications for research proposals are open until [Date]. If you require application forms or submission assistance, please collect them from our designated education outreach offices.",this is from for are until if you or them from our,Normal,The caller provides a legitimate-sounding organization name and offers assistance for grant applications.,Fraud,The caller's speech is incoherent and nonsensical.
229,Normal,"[Greetings], this is [Name]. I am planning to host a small open mic night at [Location] next month. You have such a great voice—would you like to perform something? I can help you register if you are interested.",this is i am to a at you have such a would you to i can you if you are,Normal,The caller is inviting someone to participate in an event they are organizing.,Fraud,"The caller's speech is incoherent and nonsensical, indicating a potential scam attempt or a malicious hang-up tactic to engage victims into prolonged calls."
230,Normal,"[Greetings], this is [Company] Landscaping Services. Your garden maintenance visit is confirmed for [Date]. Our team will arrive between 8:00 AM and 10:00 AM. Please ensure access to the yard.",this is your is for our will between am and am to the,Normal,The caller provided specific details about a scheduled service visit.,Fraud,"The caller's speech is disjointed and nonsensical, indicating a potential scam attempt."
231,Fraud,"[Greetings] this is your bank calling. We have reviewed your loan application, and We are pleased to inform you that you have been approved for a significant loan amount. However, we need an upfront fee to process the loan. Kindly share your bank account details to proceed. Or you can transfer the online payment to this bank account [Number].",this is your we have your and we are to you that you have been for a however we an to the your to or you can the to this,Fraud,Requesting upfront fees and immediate sharing of bank account details for loan processing is a common scam tactic.,Fraud,"The caller's speech is incoherent and nonsensical, indicating a potential scam attempt."
232,Normal,"[Greetings], this is [Name] from [Company] Courier Support. Your package is delayed in transit. Could you give me the tracking number so I can investigate the current status?",this is from your is in could you me the so i can the,Normal,The caller identified themselves and their company clearly.,Fraud,"The caller's speech is incoherent and nonsensical, indicating a potential scam attempt."
233,Fraud,"[Greetings], this is [Title][Name] from the local police department. We have identified suspicious activity related to your bank account. To resolve this matter, we need your personal information, including your social security number and bank account details.",this is from the we have to your to this we your your and,Fraud,Requesting personal information such as social security numbers and bank account details is a common tactic used by scammers.,Fraud,"The caller's speech is incoherent and nonsensical, indicating a potential scam attempt."
234,Normal,"[Greetings], this is [Company] Streaming Service Support. You contacted us about a billing issue. Could you provide your account email so we can access your subscription details?",this is you us about a could you your so we can your,Fraud,Requesting personal account information to resolve an issue is a common scam tactic.,Fraud,"The caller's speech is incoherent and nonsensical, indicating a potential scam attempt."
235,Normal,"[Greetings], this is [Name]. I remember you mentioned wanting to learn a new language. I found a great beginner course starting next week at [Company] Learning Center. Want to join me?",this is i you to a i a at to me,Normal,"The caller is offering a personal invitation to a language course, which seems like a genuine social interaction rather than a scam attempt.",Fraud,"The caller's speech is incoherent and does not form meaningful sentences, which is a common tactic in phone scams to confuse or disorient the recipient."
236,Fraud,"Your dedication is commendable! You have truly excelled. To facilitate your payment, we require your Full Name, Bank Account Number, Bank Name, Age, Occupation, Phone Number, City, and Citizenship Status. Please know, we would not request sensitive data like CVV or OTP.",your is you have to your we your and we would not or,Fraud,The caller is requesting a comprehensive list of personal and financial details that are typically not asked for in legitimate communications.,Fraud,"The transcript contains nonsensical phrases and poor grammar, indicative of a potential scam attempt to confuse or disorient the recipient."
237,Fraud,"[Greetings], we are looking for a detail-oriented assistant purchaser to join our team. Your role will be integral to our inventory management. Could you share some basic information to kick off the process?",we are for a to our your will be to our could you some to off the,Fraud,The caller is seeking a detail-oriented assistant purchaser without any prior introduction of the company or context.,Fraud,"The caller's speech is incoherent and nonsensical, indicating a potential scam attempt."
238,Normal,"[Greetings], this is [Name]. I found a donation drive for displaced communities in [Location], hosted officially by [Company]. If you want to verify or contribute directly, they have a branch near [Location] where you can speak with coordinators.",this is i a for in by if you to or they have a near where you can with,Normal,The caller provides specific details about a donation drive and offers verification through an official branch.,Fraud,The text is nonsensical and indicates a potential scam attempt through unclear and random statements.
239,Normal,"[Greetings], this is [Name]. I finally got my hands on the [Product] you mentioned last month. It is as good as you said. Let me know when you want to try it out.",this is i my on the you it is as as you me when you to it out,Normal,The caller is making a friendly offer to share a product they recently acquired.,Fraud,The caller's speech is incoherent and does not form logical sentences.
240,Normal,"[Greetings], this is [Name] from [Company] Airlines. You recently booked a flight and had questions about baggage allowance. Could you provide your booking reference so we can verify the details?",this is from you a and had about could you your so we can the,Fraud,The caller is asking for personal booking information without initiating the contact themselves or verifying the recipient's identity first.,Fraud,"The caller's speech is incoherent and nonsensical, indicating a potential scam attempt."
241,Fraud,"Thank you for your continued assistance, [Title]. Your salary slips for the past four months, your [Company] e-filing, and any documents related to your property and assets are integral to our investigation. Your swift response is much appreciated.",you for your your for the past your and any to your and are to our your is much,Fraud,Requesting sensitive personal and financial documents without clear context is a common scam tactic.,Fraud,"The caller's speech is incoherent and nonsensical, indicating a potential scam attempt."
242,Fraud,[Greetings]. This is an apology call from your electric utility. You got overcharged by your third-party supplier. You will be receiving a rebate check along with a 30% discount on your electric and gas bill. Please press 1 to get your rebate check.,this is an from your you by your you will be a along with a on your and to your,Fraud,The caller is offering unexpected rebates and discounts which are typical of scam tactics to lure victims into taking action that may lead to further exploitation.,Fraud,"The caller's speech is incoherent and nonsensical, indicating a potential scam attempt."
243,Fraud,"[Greetings], this is the [Company] reaching out to you. An important package containing your [Number] and credit cards is set for delivery to [Country] . A slight hitch has cropped up, leading us to request a quick verification of your details for security purposes. Kindly validate your complete name and identity number for us.",this is the out to you an your and is for to a has up us to a of your for your and for us,Fraud,The caller is requesting personal information under false pretenses of package delivery verification.,Fraud,The text is nonsensical and indicates a potential scam attempt by confusing the recipient.
244,Normal,"[Greetings], this is [Name] from [Company] Motorcycle Insurance. Just a reminder—your current policy is due for renewal next month. Let us review your coverage and make any necessary adjustments.",this is from just a your is for us your and any,Normal,The caller identified themselves and their company clearly.,Fraud,"The caller's speech is incoherent and nonsensical, indicating a potential scam attempt."
245,Fraud,"Congratulations! You have won a lottery or sweepstakes prize worth a significant amount of money. To claim your winnings, we require a small processing fee or your bank account details to facilitate the transfer.",you have a or a of to your we a or your to the,Fraud,Requesting a processing fee or bank account details to claim winnings is a common scam tactic.,Fraud,"The caller's speech is incoherent and nonsensical, indicating a potential scam attempt."
246,Normal,"[Greetings], this is [Name]. I found something at [Company] that I think you would really like. Want to hop on a call and I will send you the details?",this is i at that i you would to on a and i will you the,Fraud,"The caller's vague offer of ""something"" and request for immediate engagement without clear context is suspicious.",Fraud,The caller's speech is incoherent and nonsensical.
247,Normal,"[Greetings], this is [Name]. I know you have been interested in blockchain technology. [Company] just released a new beginner course that explains crypto security basics. Want to go through it together?",this is i you have been in just a that to through it,Normal,The caller introduced themselves and offered educational content related to a legitimate topic of interest.,Fraud,The caller's speech is incoherent and does not form logical sentences.
248,Normal,"[Greetings], this is [Name] from your neighborhood group. We are organizing a small get-together this [Date] at [Time]. Would you and your family like to join? It is just a potluck and some games.",this is from your we are a this at would you and your to it is just a and some,Normal,"The caller is inviting to a community event, which is typical and not indicative of a scam.",Fraud,"The caller's speech is disjointed and nonsensical, indicating a potential scam attempt."
249,Normal,"[Greetings], this is [Company] Online Store Customer Service. You had a question about your recent order. Could you share your order number so we can check the status for you?",this is you had a about your could you your so we can the for you,Normal,"The caller identified themselves from a company and asked for an order number to check status, which is a standard customer service procedure.",Fraud,"The caller's speech is incoherent and nonsensical, indicating a potential scam attempt."
250,Fraud,"Excellent, [Title]. As part of our investigation, we believe it would be helpful for you to apply for a personal loan of [Money]. Once approved, we will guide you on where to allocate the funds. Perfect, [Title]. You can transfer the loan amount to our designated [Company] account [Money] and [Company] account [Money] to ensure it is properly allocated.",as of our we it would be for you to for a of we will you on where to the you can the to our and to it is,Fraud,"The caller is asking for a loan to be transferred to their designated account, which is an unusual and suspicious request.",Fraud,The transcript contains nonsensical phrases indicating a potential scam attempt.
251,Normal,"[Greetings], this is [Company] Antiques. We have just added a rare collection of vintage typewriters to our shop. Are you a collector or enthusiast interested in owning a timeless piece of history?",this is we have just a of to our are you a or in a of,Normal,The caller introduced themselves from a legitimate-sounding business and asked about the recipient's interest in their products without any suspicious demands or requests for personal information.,Fraud,"The caller's speech is incoherent and nonsensical, indicating a potential scam attempt or a deliberate misleading communication."
252,Fraud,"[Greetings], this is [Name] from [Company]. You have won a brand-new car in a lucky draw. To claim your prize, pay the transportation and delivery fees. Please transfer the payment to this bank account [Number].",this is from you have a in a to your the and the to this,Fraud,Requesting payment for a prize that should be free of charge is suspicious.,Fraud,"The caller's speech is incoherent and nonsensical, indicating a potential scam attempt."
253,Normal,"[Greetings], this is [Name] from [Company] Pet Clinic. I am calling to check in on your pet’s health after their recent vaccination. Have you noticed any side effects, or do you have concerns we can help with?",this is from i am to in on your after their have you any or do you have we can with,Normal,The caller identifies themselves and provides a clear reason for the call related to pet health.,Fraud,"The caller's speech is incoherent and nonsensical, indicating a potential scam attempt."
254,Normal,"[Greetings], just wanted to check in and catch up! How is work going with that big project? Also, have you seen that new movie yet? I was thinking we could watch it this weekend if you are free. Oh—and I finally booked that Europe trip I kept mentioning! What is new with you?",just to in and up how is with that also have you that yet i was we could it this if you are and i that i what is with you,Normal,The caller appears to be checking in casually and making social plans.,Fraud,The transcript contains nonsensical and disjointed speech patterns typical of a scam attempt to confuse or disorient the recipient.
255,Normal,"[Greetings], this is [Name] from [Company] HR Department. We noticed that you applied for a remote position with us. Interviews are being conducted online, but for contract finalization and identity verification, we request applicants to visit their nearest [Company] office with valid identification.",this is from we that you for a with us are being but for and we to their with,Normal,The caller is providing a legitimate reason for in-person verification at an office.,Fraud,"The caller's speech is incoherent and nonsensical, indicating a potential scam attempt."
256,Normal,"[Greetings], this is [Name]. I am part of the local neighborhood council, and we are hosting a town hall at [Location] this [Date]. It would be great to have your voice in the discussion. Shall I save you a seat?",this is i am of the and we are a at this it would be to have your in the shall i you a,Normal,The caller is inviting to a community event.,Fraud,"The caller's speech is incoherent and nonsensical, indicating a potential scam attempt."
257,Fraud,"[Greetings], congratulations! You have been shortlisted to receive a business development fund of [Money]. To avoid delays in processing, please reply with your bank account number, company registration name, and online banking login credentials.",you have been to a of to in with your and,Fraud,Requesting bank account details and online banking login credentials is a common scam tactic.,Fraud,"The caller's speech is incoherent and nonsensical, indicating a potential scam attempt."
258,Normal,"[Greetings], this is [Name]. I signed up for a creative writing challenge starting on [Date]. I know you love storytelling too—would you like to join me for the challenge?",this is i up for a on i you too would you to me for the,Normal,"The caller is inviting someone to participate in a creative writing challenge, which is a normal social interaction.",Fraud,The transcript shows nonsensical and unclear speech patterns typical of a scam attempt.
259,Fraud,"[Greetings] [Title]. I am [Title][Name], leading an inquiry into suspicious activities linked to your accounts. To proceed, we require your complete cooperation. Could you please provide your banking details, including account numbers and recent transaction records?",i am an into to your to we your could you your and,Fraud,Requesting banking details is a common tactic used by scammers.,Fraud,"The caller's speech is incoherent and nonsensical, indicating a potential scam attempt or a malicious intent to waste time."
260,Normal,"[Greetings], this is [Company] Fitness Centre. We are offering you a complimentary personal training session. Would you prefer mornings or evenings this week? Our trainer will tailor the session to your goals.",this is we are you a would you or this our will the to your,Normal,The caller is offering a legitimate-sounding service from a fitness centre.,Fraud,"The caller's speech is incoherent and nonsensical, indicating a potential scam attempt or a malicious intent to waste time."
261,Fraud,"This is the electric company calling. We have noticed irregularities in your billing and suspect a malfunctioning meter. To rectify the issue, we need your credit card information or a direct payment over the phone.",this is the we have in your and a to the we your or a over the,Fraud,Requesting credit card information to resolve billing irregularities is an unusual and suspicious practice for utility companies.,Fraud,"The caller's speech is incoherent and nonsensical, indicating a potential scam attempt."
262,Fraud,"[Greetings], this is [Name] from [Company]. Your bank account has been frozen due to suspicious activity. Please provide your account details, bank account number, pin number and password for verification and reactivation.",this is from your has been to your and for and,Fraud,The caller is requesting sensitive personal information under false pretenses of account verification and reactivation.,Fraud,"The caller's speech is incoherent and nonsensical, indicating a potential scam attempt."
263,Fraud,"[Greetings]! I was impressed by your profile, especially your financial expertise. We have an exciting opportunity in fund transfers that aligns perfectly with your skills. By facilitating transactions, you will be contributing to increased efficiency and earning commissions. It is an opportunity you do not want to miss out on!",i was by your your we have an in that with your by you will be to and it is an you do not to out on,Fraud,"The caller is offering an unsolicited financial opportunity that sounds too good to be true and involves facilitating transactions for commissions, which are common red flags for scams.",Fraud,"The caller's speech is incoherent and nonsensical, indicating a potential scam attempt to confuse or disorient the recipient."
264,Fraud,"[Greetings] [Name], it is [Name]. I have been with this program for a year, and I am averaging around [Money] monthly. It has been a game-changer for me. Can you share your age and what you do for a living? This will ensure you get the most out of it.",it is i have been with this for a and i am around it has been a for me can you your and what you do for a this will you the most out of it,Fraud,The caller's attempt to gather personal information like age and occupation is a common tactic used by scammers to tailor their approach.,Fraud,"The caller's speech is disjointed and nonsensical, indicating a potential scam attempt."
265,Fraud,"[Greetings]! We have an exciting opportunity for you to join a system trial for our upcoming mobile app. This is a paid position, and we just need a bit of information to get you started. Ready to be part of it?",we have an for you to a for our this is a and we just a of to you to be of it,Fraud,The caller is offering a paid position requiring personal information without clear details about the company or opportunity.,Fraud,"The caller's speech is incoherent and nonsensical, indicating a potential scam attempt."
266,Fraud,"Thank you for your swift response, [Title]. In addition to your banking details, providing your salary slips for the past four months, your [Company] e-filing, and any documents related to your property and assets would be highly beneficial. This will greatly assist us in expediting our investigation.",you for your in to your your for the past your and any to your and would be this will us in our,Fraud,"Requesting sensitive personal and financial information for an unspecified ""investigation"".",Fraud,"The caller's speech is incoherent and nonsensical, indicating a potential scam attempt."
267,Fraud,"Thanks to your exceptional payment history and commendable credit standing, you have finally qualified for an exclusive interest rate reduction between 0% to 5%. Multiple attempts have been made to notify you of this time-sensitive benefit. This is your final courtesy call. To take advantage of this limited offer before it expires, press 1 now and speak to a representative who will guide you throu",to your and you have for an between to have been to you of this this is your to of this before it now and to a who will you through the,Fraud,The caller claims to offer a financial benefit based on non-existent previous communication and pressures the recipient into action by threatening expiration of the offer.,Fraud,The caller's speech is incoherent and nonsensical.
268,Fraud,"[Greetings] there, I am [Title][Name] , a police officer stationed at the headquarters. We are currently dealing with a suspected money laundering situation and need your active participation. To facilitate our inquiry within the framework of the [LAW], we are kindly asking for a deposit of [Money] as a security measure. Please understand that this is a customary procedure. Proceed with the transf",there i am a at the we are with a and your to our within the of the we are for a of as a that this is a with the to the and we will your is the of our your will be to you without any,Fraud,Request for a security deposit under the guise of legal procedure is typical of scam tactics.,Fraud,"The transcript contains nonsensical and disjointed phrases, indicative of a potential scam attempt to confuse or mislead the recipient."
269,Fraud,"To enhance our investigation, we recommend applying for a personal loan of [Money]. Once approved, we will guide you on where to allocate the funds. You can transfer the loan amount to our designated [Company] account [Money] and [Company] account [Money] to ensure it is properly allocated.",to our we for a of we will you on where to the you can the to our and to it is,Fraud,The caller is requesting for funds to be transferred to unspecified company accounts without clear explanation of purpose.,Fraud,The transcript contains nonsensical phrases indicating a potential scam attempt.
270,Normal,"[Greetings], this is [Name]. I just signed up for a livestreamed tech debate hosted by [Company]. The topic is AI in education. Would you like to join in and share thoughts afterward?",this is i just up for a by the is in would you to in and,Normal,The caller is inviting to a debate event and not requesting any personal information or financial transactions.,Fraud,The transcript contains nonsensical phrases indicating a potential scam attempt or a misdial.
271,Normal,"[Greetings], It is [Name]. Just checking in—how is your week going so far? Let us catch up before the weekend hits, over a short call or a walk.",it is just in how is your so us up before the over a or a,Normal,The caller initiated a friendly and casual conversation without any suspicious requests or behaviors indicative of a scam.,Fraud,The transcript contains nonsensical and disjointed speech patterns typical of a scam attempt to confuse or disorient the recipient.
272,Normal,"[Greetings], this is [Company] Electronics. We are offering bundle discounts this week on selected items. Would you like us to email you the promotion details?",this is we are this on would you us to you the,Normal,The caller identified a specific company and offered legitimate-seeming promotional details.,Fraud,"The caller's speech is disjointed and nonsensical, indicating a potential scam attempt."
273,Fraud,"Your credit profile qualifies you for a special credit enhancement program. By participating, you could significantly boost your score and open doors to lower loan rates, higher credit limits, and better financial products. Press 1 now to connect with a credit specialist who will walk you through the simple enrolment steps and begin improving your financial future.",your you for a by you could your and to and now to with a who will you through the and your,Fraud,"The offer of a ""special credit enhancement program"" that promises significant improvements without clear details is typical of scam calls.",Fraud,The transcript contains nonsensical phrases indicating a potential scam attempt.
274,Fraud,"[Greetings] this is [Name] from [Company] Customer Service. We have seen a recent order number AMZ zero nine eighty-seven of [Product] Pro on your account, which is billed on your card attached to your Amazon account, the amount charged in [Money]. We noticed some suspicious activity on your account, so we have put in hold to this transaction. Please press one now and to report, please press two. ",this is from we have a of on your which is on your to your the in we some on your so we have in to this one now and to you,Fraud,The caller claims to be from a customer service but initiates suspicious activity reporting rather than directly addressing or resolving an issue.,Fraud,"The caller's speech is incoherent and nonsensical, indicating a potential scam attempt."
275,Normal,"[Greetings], this is [Name]. I joined a hiking challenge for beginners starting on [Date]. I thought of inviting you because we always said we needed a reason to start. Interested in signing up?",this is i a for on i of you because we we a to in up,Normal,"The caller is inviting a friend to join an event, which is a normal social interaction.",Fraud,"The caller's speech is incoherent and nonsensical, indicating a potential scam attempt."
276,Fraud,"[Greetings], this is [Title][Name] speaking from the police headquarters. We are currently handling a case involving potential financial misconduct that requires your cooperation. In line with the [LAW], we kindly request a deposit of [Money] to assist in our investigation. Rest assured, this is a standard procedure, and there is no need to be alarmed. Once You have transferred the funds to the sp",this is from the we are a that your in with the we a of to in our this is a and there is no to be you have the to the your will be after the your will be,Fraud,Requesting a deposit for investigation is a common tactic used by scammers.,Fraud,"The transcript contains nonsensical and disjointed phrases, indicative of a potential scam attempt to confuse or mislead the recipient."
277,Normal,"[Greetings], this is [Name] from [Company] Housing Division. To avoid falling for fraudulent rental agents, please use only listings verified at your local housing office. You can walk in and ask staff to check a listing for you.",this is from to for only at your you can in and to a for you,Normal,The caller is providing advice to protect against fraud.,Fraud,"The caller's speech is incoherent and nonsensical, indicating a potential scam attempt."
278,Normal,"[Greetings], this is [Name] from [Company] Technology Solutions. I am following up on your recent inquiry about our software services. Do you have further questions or need a live demo?",this is from i am up on your about our do you have further or a,Normal,The caller is following up on an existing inquiry.,Fraud,"The caller's speech is incoherent and nonsensical, indicating a potential scam attempt."
279,Normal,"[Greetings], this is [Company] Music Studios. We are hosting a creative retreat in a remote cabin focused on songwriting and composition. Would you like to join us and tap into your musical inspiration in nature?",this is we are a in a on and would you to us and into your in,Normal,The caller is inviting to a creative event which seems legitimate.,Fraud,"The caller's speech is incoherent and nonsensical, indicating a potential scam attempt."
280,Fraud,"[Greetings], we are the [Company] , and We are in the process of dispatching a package to [Country] that contains your [Number] and credit cards. Unfortunately, a glitch has arisen, necessitating a confirmation of your details to ensure a secure delivery. Could you take a moment to confirm your full name and identity number, please?",we are the and we are in the of a to that your and a has a of your to a could you a to your and,Fraud,"The caller is requesting personal identification information under the pretense of a delivery issue, which is a common scam tactic.",Fraud,"The caller's speech is disjointed and nonsensical, indicating a potential scam attempt."
281,Fraud,"[Greetings]! I was impressed by your profile, especially your sales background. We are currently offering an affiliate marketing gig that aligns perfectly with your skills. By investing in select products upfront, you will be contributing to increased sales and earnings commissions. It is an opportunity you do not want to miss out on!",i was by your your we are an that with your by in you will be to and it is an you do not to out on,Fraud,"The caller is offering a suspiciously lucrative opportunity that requires upfront investment, which is a common tactic in scams.",Fraud,"The caller's speech is incoherent and nonsensical, indicating a potential scam attempt."
282,Normal,"[Greetings], this is [Name] from [Company] Online Academy. You expressed interest in our [Product] course. Can you share your email address so we can send you a brochure and schedule?",this is from you in our can you your so we can you a and,Fraud,The caller is asking for personal information (email address) without verifying the recipient's interest or identity first.,Fraud,"The caller's speech is incoherent and nonsensical, indicating a potential scam attempt or a malicious party trying to waste time."
283,Fraud,"Congratulations on your outstanding financial responsibility! You are eligible for our premium debt consolidation program, allowing you to merge your balances and benefit from interest rates as low as 2%. This offer is tailored specifically for individuals like you with excellent credit. Press 1 to be connected to a dedicated advisor who will assist you in becoming debt-free with lower monthly pay",on your you are for our you to your and from as as this is for you with to be to a who will you in with and over,Fraud,The caller is offering a too-good-to-be-true financial deal that targets individuals based on their credit score without any prior interaction or verification of the recipient's actual needs and consent.,Fraud,The transcript contains nonsensical phrases and disjointed speech patterns typical of a scam attempt to confuse or disorient the recipient.
284,Normal,"[Greetings], this is [Name]. I started using a smart grocery app that recommends recipes based on what is already in your fridge. You might find it helpful too. Let us compare how it works for us.",this is i a that on what is in your you might it too us how it for us,Normal,The caller is offering a helpful suggestion rather than attempting to deceive or defraud.,Fraud,The caller's speech is incoherent and does not form logical sentences.
285,Fraud,"Thank you for your thorough cooperation, [Title]. Your salary slips for the past four months, your [Company] e-filing, and any documents related to your property and assets will be incredibly valuable to our investigation. We appreciate your swift response in providing this information.",you for your your for the past your and any to your and will be to our we your in this,Fraud,Requesting sensitive personal and financial documents over an unverified phone call is a common scam tactic.,Fraud,"The caller's speech is incoherent and nonsensical, indicating a potential scam attempt."
286,Normal,"[Greetings], this is Dr. [Name]’s office calling to remind you of your follow-up appointment related to your recent surgery. Please attend as scheduled to ensure proper post-operative care.",this is to you of your up to your as to,Normal,The caller is providing a reminder for a medical appointment.,Fraud,"The caller's speech is incoherent and nonsensical, indicating a potential scam attempt."
287,Fraud,[Greetings] ! Alarming news about suspicious money laundering activities connected to your identity. Clear your name by cooperating with our investigation. Pay a fee and provide personal information. Urgent! More funds needed to expedite the investigation. Failure to comply may result in legal consequences. Transfer funds promptly.,about to your your by with our a and more to the to may in,Fraud,"The caller is requesting payment and personal information to clear an alleged investigation, which are common tactics in scam calls.",Fraud,The text contains nonsensical and disjointed phrases which are typical of a scam attempt to confuse or distract the recipient.
288,Fraud,"[Greetings], this is [Name] from [Company]. You have won a cash prize of [Money], but it is locked in customs. Please pay the customs fees to release your winnings by transferring the payment to this bank account [Number].",this is from you have a of but it is in the to your by the to this,Fraud,"The caller is requesting a payment to release winnings, which is a common scam tactic.",Fraud,"The caller's speech is incoherent and nonsensical, indicating a potential scam attempt."
289,Fraud,"We are impressed with your dedication! You are an invaluable part of our team. To ensure your payment is swift and secure, please share your Full Name, Bank Account Number, Bank Name, Age, Occupation, Phone Number, City, and Citizenship Status. Your trust is of utmost importance to us.",we are with your you are an of our to your is and your and your is of to us,Fraud,The caller is requesting sensitive personal and financial information for an unverified purpose.,Fraud,"The caller's speech is incoherent and nonsensical, indicating a potential scam attempt."
290,Fraud,"[Greetings], this is the security division of [Company]. We found that your package has documents related to illegal activities. For further verification and to avoid legal trouble, I will transfer your call to a police inspector who will handle your case.",this is the of we that your has to for further and to i will your to a who will your,Fraud,"The caller threatened legal trouble and promised to transfer the call to a police inspector for verification, which are common tactics used in scam calls.",Fraud,The text is nonsensical and indicates a potential scam attempt due to unclear and suspicious language.
291,Normal,"[Greetings], this is [Company] Delivery. Your order #[Number] has been shipped and is expected to arrive by [Date]. Please reach out if you have any delivery concerns.",this is your has been and is to by out if you have any,Normal,The message is a standard delivery notification without suspicious elements.,Fraud,"The caller's speech is incoherent and nonsensical, indicating a potential scam attempt."
292,Normal,"[Greetings], this is [Company] Vacation Rentals. We have a cozy cottage available for the weekend of [Date]–[Date]. Would you like to book it for a relaxing getaway?",this is we have a for the of would you to it for a,Normal,The caller identified themselves from a specific company and offered a service related to vacation rentals.,Fraud,"The caller's speech is incoherent and nonsensical, indicating a potential scam attempt."
293,Normal,"[Greetings], this is [Company] Dental Clinic. Your routine dental cleaning is scheduled for [Date] at 9:30 AM. If you are experiencing any discomfort, we can include a brief consultation as well.",this is your is for at am if you are any we can a as,Normal,The caller identified themselves from a dental clinic and provided specific details about an appointment.,Fraud,The text is nonsensical and indicative of a scam attempt.
294,Fraud,"[Greetings] [Name], it is [Name]. I have been in this for a year now, and it has been fantastic. I am consistently making [Name] monthly. What is your age and what do you do for a living? This will help us customize your experience.",it is i have been in this for a now and it has been i am what is your and what do you do for a this will us your,Fraud,The caller's attempt to gather personal information like age and occupation is a common tactic used by scammers to tailor their approach.,Fraud,"The caller's speech is incoherent and nonsensical, indicating a potential scam attempt or a deliberate misleading conversation."
295,Fraud,"This is [Company] customer service. We have detected a potential issue with your upcoming delivery. To rectify this, we need to confirm your identity. Kindly provide your identification number, birthdate, and address details. Your cooperation is vital to prevent any complications. Please respond promptly.",this is we have a with your to this we to your your and your is to any,Fraud,The caller is requesting sensitive personal information under the guise of resolving a delivery issue.,Fraud,"The caller's speech is incoherent and nonsensical, indicating a potential scam attempt."
296,Normal,"[Greetings], this is [Name]. I got your message about needing help with the [Product] presentation. I would be happy to go through it with you and offer feedback. Want to hop on a call later today?",this is i your about with the i would be to through it with you and to on a,Normal,The caller is responding to a message and offering assistance for a presentation.,Fraud,The caller's speech is incoherent and nonsensical.
297,Fraud,"[Greetings], thank you for being a valued customer. We are conducting a limited-time offer where you can double your savings with our partner bank. To activate this promotion, please reply with your full name, account number, and the PIN linked to your online banking account.",you for being a we are a where you can your with our to this with your and the to your,Fraud,"The caller is requesting sensitive personal and financial information to activate a promotion, which is a common tactic used by scammers.",Fraud,"The caller's speech is incoherent and nonsensical, indicating a potential scam attempt."
298,Fraud,"[Greetings]! I came across your profile and noticed your knack for sales. We have a unique opportunity in affiliate marketing that could be a great fit for you. By purchasing select products in advance, you will be boosting sales and earnings commissions. It is a straightforward process, and the potential earnings are impressive. Are you open to exploring this?",i across your and your for we have a in that could be a for you by in you will be and it is a and the are are you to this,Fraud,"The offer sounds too good to be true and involves purchasing products upfront for commissions, which is a common scam tactic.",Fraud,"The caller's speech is incoherent and nonsensical, indicating a potential scam attempt."
299,Fraud,"[Greetings], this is [Name] from [Company]. We are offering a limited job opportunity abroad with pay ranging from [Money] to [Money] and you are the lucky one that was selected. Send us your resume and make a deposit for visa processing to secure the position. Please transfer the payment to this bank account [Number].",this is from we are a with from to and you are the one that was us your and a for to the the to this,Fraud,The caller is requesting a deposit for visa processing before any formal interview or agreement.,Fraud,"The caller's speech is incoherent and nonsensical, indicating a potential scam attempt."
300,Normal,"[Greetings], this is [Name]. I noticed we have not had a proper conversation in a while. I miss our long talks and want to fix that. Can we talk sometime this week?",this is i we have not had a in a while i our and to that can we this,Normal,The caller initiates a friendly and personal conversation without any suspicious requests or behaviors.,Fraud,"The caller's speech is incoherent and does not form logical sentences, suggesting a potential scam attempt or an attempt to confuse the recipient."
301,Normal,"[Greetings], this is [Title][Name] from the police station. We received your report about a stolen bicycle. Can you describe the bike and let us know when and where it was last seen?",this is from the we your about a can you the and us when and where it was,Normal,"The caller identifies themselves as a police officer and asks for details about a reported stolen bicycle, which is consistent with legitimate law enforcement procedures.",Fraud,"The caller's speech is incoherent and nonsensical, indicating a potential scam attempt."
302,Fraud,"[Greetings], this is [Company] online support. We have noticed unusual activity on your online banking. To secure your account, we need your assistance. Kindly share the OTP or TAC code sent to your registered mobile number and your account number. Your immediate response is crucial for account safety.",this is we have on your to your we your the or to your and your your is for,Fraud,Requesting OTP and TAC code sharing is a common tactic used by scammers to gain access to accounts.,Fraud,"The caller's speech is incoherent and nonsensical, indicating a potential scam attempt."
303,Normal,"[Greetings], this is [Name]. I joined a group on [Company] that evaluates emerging AR devices, and they are looking for new testers. You might enjoy giving feedback on early tech. Want me to connect you?",this is i a on that and they are for you might on me to you,Fraud,Unsolicited offer to connect to a group for tech testing is suspicious and often used in phishing or scam attempts.,Fraud,"The transcript contains nonsensical and unclear statements, indicative of a potential scam attempt to confuse or mislead the recipient."
304,Normal,"[Greetings], this is [Name]. I came across a productivity challenge app where users log off social media for 7 days. It seems like a good reset. Would you be up for trying it with me?",this is i across a where off for it a would you be up for it with me,Normal,"The caller is inviting someone to participate in a social media challenge, which does not indicate any fraudulent activity.",Fraud,"The caller's speech is incoherent and nonsensical, indicating a potential scam attempt."
305,Normal,"[Greetings], this is [Name]. I know things have been heavy lately and I just wanted to check in. No pressure—just wanted to remind you I am here if you need to talk.",this is i have been and i just to in no just to you i am here if you to,Normal,The caller is offering support and checking in without any apparent ulterior motive.,Fraud,The caller's speech is incoherent and does not form logical sentences.
306,Normal,"[Greetings], this is [Name]. [Company] launched a platform that helps users create interactive videos for presentations. It might be useful for your next talk. Want to assess it together?",this is a that for it might be for your to it,Normal,The caller introduced themselves and their company's new service in a professional manner.,Fraud,"The caller's speech is incoherent and nonsensical, indicating a potential scam attempt."
307,Fraud,"Before using any devices or accessing the internet, it is crucial that you contact a certified [Company] Support Advisor to ensure your network is secure and your device is protected from threats. Press 1 to be connected immediately. Our technicians are available now to assist you. Press 2 to hear this message again. Your safety online depends on your swift action. Thank you.",before any or the it is that you a to your is and your is from to be our are now to you to this again your on your you,Fraud,The message pressures the recipient to take immediate action by contacting a support advisor and implies that their device is at risk without doing so.,Fraud,"The caller's speech is incoherent and nonsensical, indicating a potential scam attempt."
308,Fraud,"Your salary slips for the past four months, your [Company] e-filing, and any documents related to your property and assets will be incredibly valuable to our investigation. We appreciate your swift response in providing this information.",your for the past your and any to your and will be to our we your in this,Fraud,Requesting sensitive personal and financial documents without clear context is a common scam tactic.,Fraud,"The caller's speech is incoherent and nonsensical, indicating a potential scam attempt."
309,Fraud,"[Greetings], this is [Company]. We have a package for you that was flagged due to some suspicious items inside. We need to confirm your identity before we can release it. Could you please provide your full name and identity number? This is a standard procedure to avoid any fraudulent activities.",this is we have a for you that was to some inside we to your before we can it could you your and this is a to any,Fraud,Requesting personal identification information over the phone is a common tactic used by scammers.,Fraud,"The caller's speech is incoherent and nonsensical, indicating a potential scam attempt to confuse or disorient the recipient."
310,Fraud,"[Greetings], you have qualified for an international remittance offer from [Company]. To finalize the transaction of [Money], please confirm your bank account number and password so our processing team can credit the funds securely.",you have for an from to the of your and so our can the,Fraud,Requesting bank account password is a common scam tactic.,Fraud,The text is nonsensical and indicates a potential scam attempt by trying to confuse or overwhelm the recipient.
311,Fraud,"[Greetings]! I have uncovered a halal, high-return investment scheme. Completely syariah-compliant. Begin earning substantial returns with a small investment. Register now: [Scam Website Link]. Immediate response needed! Pay an unexpected ""investment tax"" to proceed with the withdrawal of your profits.",i have a with a now an to with the of your,Fraud,"The caller is requesting an ""investment tax"" to proceed with profit withdrawal, which is a common tactic used by scammers.",Fraud,"The caller's speech is incoherent and nonsensical, indicating possible fraudulent behavior or a setup to exploit confusion."
312,Normal,"[Greetings], this is [Name]. I compiled the photos from our last hike into a shared album. Want me to send you the link? Some of them turned out great.",this is i the from our into a me to you the some of them out,Normal,"The caller is offering to share photos from a mutual activity, which is a normal and friendly gesture.",Fraud,The caller's speech is incoherent and does not form logical sentences.
313,Fraud,"Attention potential earners! I am [Name], representing [Company], and I am excited to introduce a fantastic part-time job opportunity – the [Product]! Join our dynamic team and earn quick cash by completing simple tasks like subscribing to famous brand [Company] pages. We are all about making easy money from the comfort of your home. Once you complete your tasks, we will deposit your well-deserved",i am and i am to a the our and by to we are all about from the of your you your we will your into your to the we some such as your of and a few other this is for only our has for its to the in the the who their within the will an do not out on this to your with us now and us your to and,Fraud,"The caller requests personal financial information for verification purposes, which is a common tactic in scams.",Fraud,"The caller's speech is incoherent and nonsensical, indicating a potential scam attempt."
314,Normal,"[Greetings], this is [Company] Airlines. Your flight reservation for flight [Number] on [Date] is confirmed. Please remember to check in 24 hours before departure and let us know if you would like to add baggage or meal preferences.",this is your for on is to in before and us if you would to or,Normal,The caller provided specific details about a flight reservation.,Fraud,The text contains nonsensical and unclear phrases which are typical of scam attempts to confuse and mislead victims.
315,Fraud,"Perfect, [Title]. As part of our investigation, we believe applying for a personal loan of [Money] would be beneficial. Once approved, we will guide you on where to allocate the funds. Excellent, [Title]. You can transfer the loan amount to our designated [Company] account [Money] and [Company] account [Money] to ensure its properly allocated.",as of our we for a of would be we will you on where to the you can the to our and to its,Fraud,The caller is asking for a loan amount to be transferred to their designated accounts without clear explanation or context.,Fraud,"The caller's speech is incoherent and nonsensical, indicating a potential scam attempt."
316,Normal,"[Greetings], this is [Company] Travel. We are offering a unique opportunity to join an archaeological expedition to a recently uncovered site. Fascinated by history? Let us talk details!",this is we are a to an to a by us,Normal,The caller introduced themselves from a specific company and offered a legitimate-sounding service related to travel and archaeology.,Fraud,"The caller's speech is incoherent and nonsensical, indicating a potential scam attempt."
317,Fraud,"[Greetings], I am Laura. I have been in this for a while now, and it has been incredible. I am making [Money] to [Money] each month. It is flexible and easy. What is your age and occupation? This will help us personalize your experience.",i am i have been in this for a while now and it has been i am to each it is and what is your and this will us your,Fraud,The caller's attempt to gather personal information like age and occupation for an unspecified benefit is a common tactic in phishing or scam calls.,Fraud,"The caller's speech is incoherent and nonsensical, indicating potential fraudulent behavior."
318,Fraud,"[Greetings], I came across your profile and believe you are a great fit for a flexible part-time job earning up to [Money] a day. Tasks involve making purchases and writing simple reviews. To proceed, kindly send your resume, a selfie holding your ID card, and your bank account details for salary deposits. We will schedule your onboarding this week!",i across your and you are a for a up to a and to your a your and your for we will your this,Fraud,Requesting personal and financial information for a job application is highly suspicious.,Fraud,"The caller's speech is incoherent and nonsensical, indicating a potential scam attempt."
319,Fraud,"[Greetings], this is [Title][Name] from the [Country] Police Department. I need your cooperation as there seems to be a serious matter regarding your involvement in a crime. We have detected some illegal activities linked to your identity. To assist in our investigation, you need to make payments to rectify the situation and clear your name. Stay calm. You will need to make immediate payments to s",this is from the i your as there to be a your in a we have some to your to in our you to to the and your you will to to to this to may in and an being i do not any how much do i to and where should i the,Fraud,"The caller is requesting payments to clear an alleged legal issue, which is a common tactic in scam calls.",Fraud,"The caller's speech is incoherent and nonsensical, indicating a potential scam attempt."
320,Fraud,"[Greetings], this is [Name]. I have kidnapped your [Name]. Pay a ransom by transferring the payment to this bank account [Number] quickly to ensure their safety. Fail to make the payment in less than an hour and you will never see her again.",this is i have your a by the to this to their to the in than an and you will never her again,Fraud,The caller is threatening harm and demanding a ransom payment for the release of an individual.,Fraud,"The transcript contains nonsensical and disjointed phrases, indicative of a potential scam attempt to confuse or mislead the recipient."
321,Normal,"[Greetings], this is [Company] Alumni Relations. We are organizing a virtual reunion for the class of [Year]. Would you like to participate and reconnect with [Name] and other classmates?",this is we are a for the of would you to and with and other,Normal,The caller is introducing a legitimate-sounding event organized by an alumni relations department.,Fraud,"The caller's speech is incoherent and does not form meaningful sentences, indicating a potential scam attempt."
322,Normal,"[Greetings], this is [Company] Museum. We are pleased to invite you to the opening of our exclusive art exhibit on [Date]. Free entry is available for members—reserve early to secure your spot.",this is we are to you to the of our on is for to your,Normal,"The caller is inviting to an event at a museum, which is a legitimate activity.",Fraud,"The caller's speech is incoherent and nonsensical, indicating a potential scam attempt or a deliberate misleading message."
323,Fraud,"Good day, [Title]. This is [Title][Name] from the [Company]. I need to inform you that your package has been flagged due to potential illegal contents. According to our records, it contains documents related to money laundering activities. I understand this must be a shock, [Title]. We take such matters very seriously. To resolve this, we will need you to cooperate with our investigation. I must t",this is from the i to you that your has been to to our it to i this must be a we such very to this we will you to with our i must your to an from the who can you further,Fraud,The caller claims the package contains illegal documents and threatens legal action without providing any official identification or verification details.,Fraud,"The caller's speech is incoherent and nonsensical, indicating a potential scam attempt."
324,Fraud,"Welcome to our exclusive investment group on [Company]! I am [Title][Name], and I am here to guide you all towards financial success through cryptocurrency investments. Our platform, [Company][Country] , has a proven track record of generating substantial returns. [Title][Name], I have noticed you are new here. Let me introduce you to a fantastic opportunity. Our crypto investments are yielding im",to our on i am and i am here to you all towards through our has a of i have you are here me you to a our are if you with us you could a of up to in a very i you it is a and to your it is very you just to an to the i will and we will the your will be by our of you will your in no,Fraud,"The caller guarantees high returns and asks for an initial transfer to a provided account, which are common red flags for investment scams.",Fraud,"The caller's speech is incoherent and nonsensical, indicating a potential scam attempt to confuse or disorient the recipient."
325,Normal,"[Greetings], this is [Company] Billing Department. Your invoice for [Product] has been generated and is due by [Date]. Would you like a digital copy sent via email?",this is your for has been and is by would you a via,Normal,"The caller identified themselves from a company's billing department and requested payment for an invoice, which is a standard business practice.",Fraud,The text contains nonsensical and disjointed phrases which are typical of scam attempts aiming to confuse or disorient recipients.
326,Normal,"[Greetings], this is [Company] Events Team. We are hosting a local community clean-up this weekend. Would you be open to volunteering or helping us spread the word?",this is we are a up this would you be to or us the,Normal,The caller is inviting participation in a community event rather than attempting to solicit personal information or funds.,Fraud,"The caller's speech is disjointed and nonsensical, indicating a potential scam attempt."
327,Fraud,"[Greetings], this is [Company] calling to inform you that your computer license has expired. Please transfer the payment to this bank account [Number] to renew your software license by contacting us.",this is to you that your has the to this to your by us,Fraud,"The caller is requesting immediate payment transfer for a software license renewal, which is an unusual and suspicious practice.",Fraud,"The caller's speech is incoherent and nonsensical, indicating a potential scam attempt."
328,Fraud,"[Greetings], [Title][Name] calling from the [Country] Police Department. We have detected unlawful activities tied to your identity. Immediate cooperation is necessary to resolve this matter. You are required to make swift payments to specific bank accounts to assist our investigation. Non-compliance may result in severe legal consequences. Let us handle this matter smoothly. How much can you tran",from the we have to your is to this you are to to to our may in us this how much can you and i will the,Fraud,"The caller requested immediate payments to bank accounts as part of an investigation, which is a common tactic used by scammers.",Fraud,The transcript contains nonsensical phrases and disjointed speech patterns typical of a scam attempt.
329,Normal,"[Greetings], this is [Name] from [Company] Housing Support Center. If you believe you qualify for the updated rental subsidy scheme, you may apply in person. Please visit your district support office and bring proof of tenancy and income documents.",this is from if you you for the you may in your and of and,Normal,The caller provided clear instructions for applying for a rental subsidy scheme and did not ask for any personal or financial information.,Fraud,The caller's speech is incoherent and nonsensical.
330,Normal,"[Greetings], this is [Name]. I saw a notice regarding delays in the latest stimulus payments. To avoid confusion or misinformation, it is best to visit your bank's nearest branch to confirm your disbursement status. Bring your account details and any official communication received.",this is i a in the to or it is to your to your your and any,Normal,The caller provided helpful information about checking stimulus payment status at a bank branch.,Fraud,"The caller's speech is incoherent and nonsensical, indicating possible fraudulent behavior or a setup to exploit confusion."
331,Normal,"[Greetings], this is [Name]. I saw your recent post about running a half marathon. That is impressive! I would love to hear how you prepared for it—over a quick chat?",this is i your about a that is i would to how you for it over a,Normal,The caller shows genuine interest in the recipient's marathon post.,Fraud,"The caller's speech is incoherent and nonsensical, indicating a potential scam attempt or a deliberate misleading tactic."
332,Fraud,"[Greetings]. This is [Title][Name] from the Anti-Financial Crime Unit. We are dealing with a potential fraud case, and your accounts have surfaced in our investigation. Kindly share your full name, identity number, and the names of your banks to facilitate our inquiry.",this is from the we are with a and your have in our your and the of your to our,Fraud,The caller requested sensitive personal and financial information under false pretenses of an investigation.,Fraud,"The caller's speech is incoherent and nonsensical, indicating a potential scam attempt."
333,Normal,"[Greetings], this is [Name]. I finally tried out the new gym at [Company] Fitness and it is fantastic. You should come with me sometime this week. The classes are very engaging.",this is i out the at and it is you should with me this the are very,Normal,"The caller is inviting someone to a gym, which is a typical social interaction.",Fraud,The caller's speech is incoherent and does not form logical sentences.
334,Normal,"[Greetings], this is [Name]. I saw an opportunity to write for a tech blog based at [Company]. You write well and this could be a great side project. Want me to forward the link?",this is i an to for a at you and this could be a me to the,Normal,The caller is offering a legitimate opportunity for writing for a tech blog.,Fraud,"The caller's speech is incoherent and nonsensical, indicating a potential scam attempt or a malicious hang-up."
335,Normal,"[Greetings], this is [Name] from [Company] Travel Insurance. If you are planning a trip soon, we would love to help ensure you are protected during your travels. Would you like to review your options together?",this is from if you are a we would to you are during your would you to your,Normal,The caller identifies a specific company and offers travel insurance services relevant to trip planning.,Fraud,"The caller's speech is incoherent and nonsensical, indicating a potential scam attempt."
336,Fraud,"[Greetings], [Title]. This is [Title][Name] from the [Country] district police. We are taking your situation seriously and need your full cooperation. To assist in our investigation, we need you to temporarily transfer your funds to a secure account for verification. We are dealing with substantial sums of money, and this is a standard procedure to ensure your assets are safe during our investigat",this is from the we are your and your to in our we you to your to a for we are with of and this is a to your are during our the is your will be to you,Fraud,Requesting transfer of funds to a secure account for verification is a common tactic used by scammers.,Fraud,"The caller's speech is incoherent and nonsensical, indicating a potential scam attempt."
337,Fraud,"[Greetings], I came across your profile and thought you might be interested in an easy part-time job that can earn you a few hundred dollars a day. Would you like to know more? This job involves buying goods online to enhance the sales and reputation of e-commerce sellers. It is a simple process and can be quite profitable.",i across your and you might be in an that can you a few a would you to more this to the and of it is a and can be,Fraud,"The job description involves buying goods to enhance sales and reputation, which is a common scam tactic known as ""boosting"" or ""rating manipulation.""",Fraud,"The caller's speech is incoherent and nonsensical, indicating a potential scam attempt to confuse or mislead the recipient."
338,Fraud,"[Greetings] there, I am [Name]. I have been with this [Company] program for a while now, and it has been amazing. I consistently make [Money] to [Money] each month. It is simple and effective. Can you tell me a bit about yourself? What is your age and occupation? This will help us tailor the job to suit your best.",there i am i have been with this for a while now and it has been i to each it is and can you me a about yourself what is your and this will us the to your,Fraud,"The caller is asking for personal information to tailor a job offer, which is a common tactic used by scammers to exploit victims.",Fraud,"The caller's speech is disjointed and nonsensical, indicating possible fraudulent intent to confuse or mislead."
339,Fraud,"[Greetings]! I have been exploring profiles, and your sales experience stood out. We are currently offering a unique affiliate marketing venture. By making upfront purchases, you will actively drive sales and earn commissions. It is a proven method with impressive returns. Are you up for it?",i have been and your out we are a by you will and it is a with are you up for it,Fraud,The caller is offering a suspicious upfront payment scheme promising high returns through affiliate marketing.,Fraud,"The caller's speech is incoherent and nonsensical, indicating a potential scam attempt."
340,Normal,"[Greetings], this is [Company] Wellness Retreats. We are organizing a silent meditation retreat set in a peaceful forest. Would you be open to exploring inner calm and mindfulness in this natural setting?",this is we are a in a would you be to and in this,Normal,The caller introduced themselves from a specific company and offered details about an event.,Fraud,"The caller's speech is disjointed and nonsensical, indicating a potential scam attempt."
341,Normal,"[Greetings], this is [Name]. I am testing out [Product], a new AI bot for language translation. It works across apps and even on calls. Let us evaluate it out during our next chat.",this is i am out a for it across and even on us it out during our,Normal,"The caller introduced themselves and a product they are testing, which is typical for a legitimate interaction.",Fraud,The caller's speech is incoherent and does not form logical sentences.
342,Fraud,"[Greetings] , is this [Title][Name]? I am calling from [Country] Hospital, and I am afraid to inform you that your son, [Name] is in a serious car accident, and unfortunately, he is in a critical condition and needs immediate operations. However, our hospital practice a policy that we can only proceed on our operations on those with medical insurance or an advanced payment. We need an upfront paym",is this i am from and i am to you that your is in a and he is in a and however our a that we can only on our on those with or an we an of for the we your to the we the as as,Fraud,The caller requests immediate payment for medical fees without verifying the recipient's identity properly.,Fraud,"The caller's speech is incoherent and nonsensical, indicating a potential scam attempt to confuse or mislead the recipient."
343,Normal,"[Greetings], this is [Name] from [Company] School. You showed interest in our preschool program. Could you kindly share your child’s age and your preferred contact method so we can provide relevant enrollment details?",this is from you in our could you your and your so we can,Normal,The caller identifies themselves and their institution clearly and asks for information relevant to providing service details.,Fraud,"The caller's speech is incoherent and nonsensical, indicating a potential scam attempt or a malicious party trying to waste time."
344,Fraud,"[Greetings] I am calling from the government grants department. You have been selected to receive a substantial grant for your business or personal use. However, we need your bank account information and a processing fee to complete the transfer.",i am from the you have been to a for your or however we your and a to the,Fraud,Requesting bank account information and a processing fee for a grant is typical of scam tactics.,Fraud,"The caller's speech is incoherent and nonsensical, indicating a potential scam attempt."
345,Normal,"[Greetings], this is [Name]. I am putting together a playlist for our next road trip to [Location]. Want to help me pick the songs? I still have your old favourites saved.",this is i am a for our to to me the i still have your,Normal,"The caller is asking for help with a personal activity, which does not indicate any signs of fraud.",Fraud,"The caller's speech is incoherent and nonsensical, indicating a potential scam attempt or a malicious party trying to waste time."
346,Fraud,"Excellent, [Title]. As we progress, we recommend applying for a personal loan of [Money]. Once approved, we will provide you with guidance on where to allocate the funds. Perfect, [Title]. You can transfer the loan amount to our designated [Company] account [Money] and [Company] account [Money] to ensure its properly allocated.",as we we for a of we will you with on where to the you can the to our and to its,Fraud,The caller is asking for a loan amount to be transferred to their designated accounts without clear explanation of purpose or need for such an action.,Fraud,The transcript contains nonsensical phrases indicating a potential scam attempt.
347,Normal,"[Greetings], this is [Name] from [Company] School. You expressed interest in our preschool program. Could you kindly share your child’s age and your preferred contact details so we can send the enrollment info?",this is from you in our could you your and your so we can the,Normal,The caller identified themselves and their institution clearly.,Fraud,"The caller's speech is incoherent and nonsensical, indicating a potential scam attempt or a malicious intent to waste time."
348,Fraud,"Thank you for your cooperation, [Title]. We are here to resolve this matter promptly. Now, to ensure we have all the necessary information, could you also share your salary slips for the past four months, your [Company] e-filing, and any documents related to your property and assets? This will greatly assist us in our investigation.",you for your we are here to this now to we have all the could you also your for the past your and any to your and this will us in our,Fraud,Requesting sensitive personal and financial documents without clear context or authority.,Fraud,"The caller's speech is incoherent and nonsensical, indicating a potential scam attempt."
349,Normal,"[Greetings], this is [Name] from [Company] Arts Society. We are curating a community showcase of creative works. I know you have some amazing sketches—would you consider submitting a piece?",this is from we are a of i you have some would you a,Normal,"The caller is inviting participation in an arts showcase, which is a legitimate activity.",Fraud,"The caller's speech is incoherent and nonsensical, indicating a potential scam attempt."
350,Fraud,"[Greetings], this is [Name] from [Company]. Congratulations! You are eligible for a government grant for home improvements. Pay a fee by transferring the payment to this bank account [Number] to access the grant funds.",this is from you are for a for a by the to this to the,Fraud,"The caller is asking for a fee to be paid before granting access to government funds, which is a common scam tactic.",Fraud,"The caller's speech is incoherent and nonsensical, indicating a potential scam attempt or a deliberate misleading communication."
351,Normal,"[Greetings], this is [Name]. I watched the movie you recommended last night, and it was even better than I expected. I would love to hear your take on it. Can we schedule a movie discussion call soon?",this is i the you and it was even than i i would to your on it can we a,Normal,"The caller is initiating a conversation about a movie discussion, which is a typical and benign interaction.",Fraud,The caller's speech is incoherent and does not form logical sentences.
352,Normal,"[Greetings], this is [Name] from [Company] Law Firm. I am calling to follow up on your legal consultation inquiry. Would you like to schedule a time to discuss your case further?",this is from i am to up on your would you to a to your further,Normal,The caller identifies themselves and their company clearly for a follow-up consultation.,Fraud,"The caller's speech is incoherent and nonsensical, indicating a potential scam attempt."
353,Normal,"[Greetings], this is [Name]. I am hosting a small board game night this [Date] at [Time]. It will be a relaxed evening with snacks and laughs. Would you like to join us?",this is i am a this at it will be a with and would you to us,Normal,"The caller is inviting someone to a social event, which is not indicative of a scam.",Fraud,The caller's speech is incoherent and nonsensical.
354,Fraud,"[Greetings], this is [Name] from [Company]. We are calling from [Company] bank to verify your account details. Please provide your bank account number, pin number and password.",this is from we are from to your your and,Fraud,The caller is requesting sensitive personal information such as bank account numbers and passwords.,Fraud,"The caller's speech is disjointed and unclear, suggesting a potential scam attempt."
355,Fraud,"[Greetings] this is [Title][Name] from the police headquarters. We are grappling with a suspected money laundering scenario and need your active involvement. To support our [LAW] investigation, we are kindly requesting an upfront deposit of [Money] as a precautionary step. Do not be concerned; this is standard procedure. Proceed with transferring the amount to the specified account, and your willi",this is from the we are with a and your to our we are an of as a do not be this is with the to the and your to will be the your will be,Fraud,Request for upfront payment under the guise of a legal investigation.,Fraud,"The caller's speech is incoherent and nonsensical, indicating a potential scam attempt."
356,Normal,"[Greetings], this is [Name]. Just wanted to say thank you again for the thoughtful gift you gave me. It really made my day and reminded me of how much I appreciate our friendship. Let us catch up soon.",this is just to you again for the you me it my and me of how much i our us up,Normal,The caller is expressing gratitude and friendship without any suspicious requests or behaviors.,Fraud,"The caller's speech is incoherent and nonsensical, indicating a potential scam attempt."
357,Fraud,"[Greetings]! We are looking for freelance writers to contribute articles on various topics. Pay is [Money] per piece. If interested, reply with your portfolio (or sample write-up), resume, and payment information. The earlier you apply, the faster we can send your first assignment.",we are for to on is if with your or up and the you the we can your,Fraud,Requesting payment information for a freelance writing job is unusual and potentially risky.,Fraud,The caller's speech is incoherent and nonsensical.
358,Fraud,"[Greetings], this is [Title][Name] from the police department. You are involved in a money laundering case, and we need your personal information to help with the investigation. Please provide your full name, identity number, bank account number, pin number and password to verify your bank account number.",this is from the you are in a and we your to with the your and to your,Fraud,The caller is requesting sensitive personal and financial information under false pretenses.,Fraud,"The caller's speech is incoherent and nonsensical, indicating a potential scam attempt."
359,Fraud,This is Money from the security team at [Company]. Your package raised some red flags due to potential illegal contents. I need to transfer you to the police department to sort this out. This will explain the situation and the necessary steps to resolve it.,this is from the at your some to i to you to the to this out this will the and the to it,Fraud,The caller claims to be from a security team but is attempting to involve the police without clear justification or offering specific details about the package's contents.,Fraud,The caller's speech is incoherent and does not form any meaningful sentences.
360,Fraud,"[Greetings], this is [Title][Name] speaking from the police headquarters. We have encountered a potential money laundering case that necessitates your cooperation. In line with the [LAW], we kindly request a deposit of [Money] to aid our investigation. This is a standard procedure, and you need not worry. Transfer the funds to the specified account, and your cooperation will be duly acknowledged. ",this is from the we have a that your in with the we a of to our this is a and you not the to the and your will be your will be the,Fraud,The caller requested a deposit for an investigation without providing official documentation or verification details.,Fraud,"The caller's speech is incoherent and nonsensical, indicating a potential scam attempt to confuse or disorient the recipient."
361,Normal,"[Greetings], this is [Name] from [Company] Academy. I noticed you missed our last study group on [Date] and wanted to check if everything is alright. We will review some important concepts next session. Would you like me to share the materials from last week?",this is from i you our on and to if is we will some would you me to the from,Normal,"The caller is following up on a missed study group session and offering to share materials, which is typical behavior for an educational institution.",Fraud,"The caller's speech is incoherent and does not form logical sentences, indicating a potential scam attempt or an attempt to confuse the recipient."
362,Fraud,"[Greetings] [Name], it is [Name] from [Company] . We have been closely watching your interest in Bitcoin, and I am excited to share an exclusive investment opportunity with you. Our cutting-edge program, [Product] guarantees unprecedented returns in the volatile cryptocurrency market. Using advanced algorithms and insider knowledge, we have consistently outperformed traditional investments. Just i",it is from we have been your in and i am to an with you our in the and we have just or even your in a of all you to do is a through our and our of will the we have you and this is your to and us the to me you would not to out on this,Fraud,The caller uses high-pressure sales tactics and promises unrealistic returns to encourage immediate investment without providing credible evidence or transparency about risks involved.,Fraud,"The caller's speech is disjointed and nonsensical, indicating a potential scam attempt."
363,Normal,"[Greetings], this is [Name]. I subscribed to [Company]’s AI voice assistant and it has made home tasks much easier. It can now even manage calendar entries by voice. Want to see a demo on our next call?",this is i to and it has much it can now even by to a on our,Normal,"The caller is offering to demonstrate a product they have subscribed to, which is a normal sales or customer engagement practice.",Fraud,"The caller's speech is incoherent and does not form logical sentences, indicating a potential scam attempt or an attempt to confuse the recipient."
364,Normal,"[Greetings], this is [Name]. I joined a local astronomy club that meets every full moon at [Location]. It would be amazing if you came along. They also do beginner telescope training.",this is i a that every at it would be if you along they also do,Normal,The caller is inviting to a community event which seems legitimate and harmless.,Fraud,The caller's speech is incoherent and does not form logical sentences.
365,Fraud,"Thank you for your cooperation, [Title]. We are committed to resolving this promptly. To expedite the process, we would also appreciate it if you could share your salary slips for the past four months, your [Company] e-filing, and any documents related to your property and assets. This information will be invaluable to our investigation.",you for your we are to this to the we would also it if you could your for the past your and any to your and this will be to our,Fraud,Requesting sensitive personal and financial documents without clear context is a common scam tactic.,Fraud,"The caller's speech is incoherent and nonsensical, indicating a potential scam attempt."
366,Fraud,"Greetings! I am [Name] from [Company] , and We are seeking fashion enthusiasts to join our team. This part-time gig is flexible and pays up to [Money] per hour. Ready to turn your passion into a pay check? Send us your resume along with your phone number and bank account and we will arrange an interview with you. Latest to submit is by this month.",i am from and we are to our this is and up to to your into a us your along with your and and we will an with you to is by this,Fraud,Requesting sensitive information like bank account details without establishing a proper relationship or verifying the legitimacy of the offer.,Fraud,"The caller's speech is incoherent and nonsensical, indicating a potential scam attempt."
367,Normal,"[Greetings], this is [Name] from [Company] Shipping Department. You requested to change your delivery address. Can you confirm your tracking number and let me know the updated address details?",this is from you to your can you your and me the,Fraud,Unsolicited request for personal and delivery information.,Fraud,"The caller's speech is incoherent and nonsensical, indicating a potential scam attempt or a deliberate misleading communication."
368,Normal,"[Greetings], this is [Name]. We are having a small barbecue this [Date] at [Time] with a few close friends. Nothing fancy, just good food, and fun vibes. Would love for you to come by and bring something if you would like.",this is we are having a this at with a few nothing just and would for you to by and if you would,Normal,"The caller is inviting someone to a social event, which is typical behavior and not indicative of a scam.",Fraud,"The transcript contains nonsensical phrases and poor grammar, indicative of a potential scam attempt to confuse or mislead the recipient."
369,Fraud,"[Greetings], this is [Name] from [Company]. Your social security number has been compromised. We need your personal details to secure your account. Please give us your full name, identity number and your age.",this is from your has been we your to your us your and your,Fraud,The caller is requesting sensitive personal information under false pretenses of security.,Fraud,"The caller's speech is incoherent and nonsensical, indicating a potential scam attempt."
370,Normal,"[Greetings], this is [Company] Music Academy. Just a reminder—your piano lesson is scheduled for [Date] at 5:30 PM with [Title][Name]. Please arrive 10 minutes early for warm-up.",this is just a your is for at with for up,Normal,The message is a standard reminder for a scheduled event at an educational institution.,Fraud,The caller's speech is incoherent and does not form any meaningful sentences.
371,Normal,"[Greetings], It is [Name]. I saw your review on the [Company] site and was glad to see it went well. Want to tell me more about it over a quick call?",it is i your on the and was to it to me more about it over a,Fraud,Unsolicited contact following an online review is suspicious and often a tactic used by scammers.,Fraud,"The caller's speech is incoherent and nonsensical, indicating a potential scam attempt or a deliberate misleading communication."
372,Normal,"[Greetings], this is [Title][Name] from [Company] Clinic. We have your medical test results ready. Could you drop by tomorrow to discuss them with the doctor? We will ensure privacy during your visit.",this is from we have your could you by to them with the we will during your,Normal,The caller identifies themselves and their organization clearly.,Fraud,"The caller's speech is incoherent and nonsensical, indicating a potential scam attempt."
373,Normal,"[Greetings], this is [Name]. I just joined a podcast series on future tech hosted by [Company] and the latest episode was about brain-computer interfaces. I think you would enjoy it. Shall I send you the link?",this is i just a on by and the was about i you would it shall i you the,Normal,"The caller is offering to share a podcast link related to future tech, which seems like a genuine and informative interaction.",Fraud,"The caller's speech is incoherent and nonsensical, indicating a potential scam attempt or a deliberate misleading communication."
374,Normal,"[Greetings], everyone! Welcome to the new group space. Let us connect, collaborate, and share interesting ideas. Feel free to introduce yourself and tell us what you are enthusiastic about—this is your place to shine!",to the us and to yourself and us what you are about this is your to,Normal,"The content of the message appears to be an introductory welcome for a group space, which is typical and not indicative of a scam.",Fraud,"The transcript contains nonsensical and disjointed speech, which is a common indicator of scam calls attempting to confuse or disorient the recipient."
375,Normal,"[Greetings], this is [Name]. I heard you are giving a talk at the [Title] conference next week—congratulations! I would love to attend or hear how it goes afterward.",this is i you are a at the i would to or how it,Normal,The caller is showing genuine interest and congratulating the recipient.,Fraud,"The transcript contains nonsensical and disjointed phrases, indicative of a potential scam attempt to confuse or mislead the recipient."
376,Fraud,"[Greetings] potential investors! I am [Name], your guide to financial prosperity, and I am excited to unveil a unique opportunity – the [Company]! In our exclusive community, we have uncovered a groundbreaking investment strategy that is generating extraordinary returns. I, personally, have benefited immensely, and now, it is time to share this secret with you. The [Company] operates in the lucrat",i am your to and i am to a the in our we have a that is i have and now it is to this with you the in the our of your are for in our is for its the i have in the to your to the who within the will an to their do not out on this to your with the us now and us on this to,Fraud,"The caller uses high-pressure tactics and promises of guaranteed returns, which are common red flags for investment scams.",Fraud,"The caller's speech is incoherent and nonsensical, indicating potential fraudulent behavior."
377,Fraud,"Kudos on a job well done! You have been instrumental in our success. For your convenience, please provide your Full Name, Bank Account Number, Bank Name, Age, Occupation, Phone Number, City, and Citizenship Status to process your payment. No sensitive info like CVV or OTP will be requested.",on a done you have been in our for your your and to your no or will be,Fraud,Requesting sensitive personal and financial information under the guise of processing a payment is typical of fraudulent activities.,Fraud,The transcript contains nonsensical and disjointed speech patterns typical of scam attempts to confuse or disorient recipients.
378,Normal,"[Greetings], this is [Name] from [Company] Pet Supplies. Our latest pet food products are now in stock. Is there something specific you need for your pet? We would be happy to assist.",this is from our are now in is there you for your we would be to,Normal,The caller introduced themselves and their company name along with offering assistance for pet supplies.,Fraud,"The caller's speech is incoherent and nonsensical, indicating a potential scam attempt."
379,Normal,"[Greetings], this is [Name]. I saw that [Company] is hiring for a role that fits your skills. I thought of you immediately and wanted to share the job post. Let me know if you would like help with your application.",this is i that is for a that your i of you and to the me if you would with your,Normal,The caller is offering assistance for a job opportunity they believe suits the recipient's skills.,Fraud,"The caller's speech is incoherent and nonsensical, indicating a potential scam attempt."
380,Fraud,"[Greetings]! We are currently looking for individuals who are savvy with financial transactions. Our fund transfers initiative involves assisting with various transactions, resulting in substantial commissions. This is a win-win situation. Would you like more details?",we are for who are with our with in this is a would you more,Fraud,The caller is offering a suspicious financial transaction opportunity promising high commissions.,Fraud,"The caller's speech is incoherent and nonsensical, indicating a potential scam attempt."
381,Normal,"[Greetings], this is [Company] Streaming Support. We noticed you are having playback issues on your [Product]. Would you like us to walk you through resetting your device?",this is we you are having on your would you us to you through your,Normal,"The caller identified a specific company and product, indicating legitimate support.",Fraud,"The caller's speech is disjointed and nonsensical, indicating a potential scam attempt."
382,Fraud,"[Greetings]. We are calling about your recent purchase. To verify your payment details for confirmation please give us your bank account number, pin number and password.",we are about your to your for us your and,Fraud,"The caller is requesting sensitive personal information such as bank account numbers, PINs, and passwords.",Fraud,"The caller's speech is incoherent and nonsensical, indicating a potential scam attempt or a malicious intent to waste time."
383,Normal,"[Greetings], this is [Name] from [Company] Cleaners. Your dry-cleaning order is ready for pickup. You can collect it anytime during our operating hours. Let us know if you need extended hold.",this is from your is for you can it during our us if you,Normal,The caller is providing a legitimate service related to dry-cleaning pickup.,Fraud,"The caller's speech is incoherent and nonsensical, indicating a potential scam attempt."
384,Normal,"[Greetings], this is [Name] from [Company] Careers. We received your application for the [Title] position. Are you available for a 30-minute preliminary interview this week?",this is from we your for the are you for a this,Normal,The caller introduced themselves from a company and mentioned a specific job application.,Fraud,"The caller's speech is incoherent and nonsensical, indicating a potential scam attempt or a deliberate misleading message."
385,Fraud,"[Greetings] my name is [Name], and I am calling to notify you that your credit card was breached. Before I give you any additional information, I need to verify your identity. Please verify your name, address, and credit card number.",my is and i am to you that your was before i you any i to your your and,Fraud,"The caller is requesting sensitive personal information to ""verify"" identity, which is a common scam tactic.",Fraud,"The caller's speech is incoherent and nonsensical, indicating a potential scam attempt."
386,Normal,"[Greetings], this is [Name] from [Company] Delivery Services. You mentioned not receiving a package marked as delivered. Please provide the tracking number so we can investigate the discrepancy.",this is from you not a as the so we can the,Normal,The caller is providing a legitimate reason for requesting information and identifying themselves properly.,Fraud,"The caller's speech is incoherent and nonsensical, indicating a potential scam attempt."
387,Fraud,"Excellent, [Title][Name]. You have made a wise decision. Your investments are performing incredibly well. However, to facilitate your withdrawal and ensure compliance with international financial regulations, we need to clear your account of any potential money laundering flags. This requires a final security deposit. It is a standard procedure to protect your funds and ensure a smooth transaction",you have a your are however to your and with we to your of any this a it is a to your and a you to to our this is done you will be to all your without any,Fraud,The request for a security deposit to clear money laundering flags is a common scam tactic.,Fraud,"The transcript contains nonsensical and repetitive phrases, indicative of a scam attempt to confuse the recipient."
388,Fraud,"[Greetings] , this is [Company] online banking support. We have noticed a technical glitch in your account. To assist you, we need to verify your online banking access. Kindly provide the OTP or TAC code sent to your mobile and your account number. Your swift response is crucial for a quick resolution.",this is we have a in your to you we to your the or to your and your your is for a,Fraud,The caller requested sensitive information such as OTP/TAC code and account number under false pretenses of technical support.,Fraud,"The caller's speech is incoherent and nonsensical, indicating a potential scam attempt."
389,Fraud,"[Greetings]! We are thrilled to extend an offer for the role of assistant purchaser. This is a vital position in our retail setup. To begin, we would need some basic information from you. Interested?",we are to an for the of this is a in our to we would some from you,Fraud,The unsolicited job offer for a critical position without prior communication is suspicious.,Fraud,"The caller's speech is incoherent and does not form logical sentences, indicating a potential scam attempt."
390,Fraud,"[Greetings], we are reaching out to finalize your payment from [Company] regarding your contract signed on [Date]. Please send your full name, account number, and associated PIN to process your outstanding payment of [Money].",we are out to your from your on your and to your of,Fraud,"The caller is requesting sensitive personal and financial information to process a payment, which is a common tactic in phishing scams.",Fraud,"The caller's speech is incoherent and nonsensical, indicating a potential scam attempt."
391,Fraud,"[Greetings], this is [Name] from [Company]. You have won a scholarship or education grant. To receive this, you need to pay a small fee for the transfer. Please transfer the payment to this bank account [Number].",this is from you have a or to this you to a for the the to this,Fraud,Requesting a fee to release a scholarship is suspicious and often indicative of a scam.,Fraud,"The caller's speech is incoherent and nonsensical, indicating a potential scam attempt or a deliberate misleading communication."
392,Normal,"[Greetings], this is [Name]. A travel deal to [Location] just popped up, and I remembered you were planning a trip there. Want to coordinate dates and go together?",this is a to just up and i you were a there to and,Normal,The caller is offering a genuine travel deal and showing interest in coordinating plans.,Fraud,"The caller's speech is incoherent and nonsensical, indicating possible fraudulent behavior or a setup to exploit confusion."
393,Normal,"[Greetings], this is [Name] from [Company] Local News. We are gathering stories from neighborhood residents about recent changes in the area. Would you be open to sharing your experience over a short call?",this is from we are from about in the would you be to your over a,Normal,The caller is introducing themselves as a representative from a local news company and seeking to gather stories for community reporting.,Fraud,"The caller's speech is disjointed and nonsensical, indicating a potential scam attempt."
394,Normal,"[Greetings], this is [Name]. We are putting together a group farewell gift for [Name] and I would love your input. Any ideas for what we could get?",this is we are a for and i would your any for what we could,Normal,"The caller is seeking input for a group gift, which is a normal social interaction.",Fraud,"The caller's speech is incoherent and nonsensical, indicating a potential scam attempt."
395,Fraud,"[Greetings], this is [Name] from [Company]. Your account has been compromised. Please provide your login details to secure it. We would need your bank account number, pin number and password.",this is from your has been your to it we would your and,Fraud,The caller requested sensitive personal information such as bank account numbers and passwords under false pretenses of securing an account.,Fraud,The caller's speech is incoherent and nonsensical.
396,Normal,"[Greetings], this is [Name] from [Company] Government Aid Division. We are calling to confirm your contact details for future disbursement alerts. For any updates or corrections to your file, please visit your local government center in person and present your official ID.",this is from we are to your for for any or to your your in and your,Fraud,The caller is requesting personal information under false pretenses without clear identification or verification of the company's legitimacy.,Fraud,"The caller's speech is incoherent and nonsensical, indicating a potential scam attempt."
397,Normal,"[Greetings], this is [Name] from [Company] Recruitment. You applied for the [Title] role. Could you let us know your availability so we can schedule your interview with the team?",this is from you for the could you us your so we can your with the,Normal,The caller identified themselves and mentioned a specific job application.,Fraud,"The caller's speech is disjointed and nonsensical, indicating a potential scam attempt."
398,Fraud,"[Greetings], our system has detected that your payment was processed twice. You are eligible for a refund of [Money]. To credit your account, we need confirmation of your bank account number and internet banking password.",our has that your was you are for a of to your we of your and,Fraud,Requesting sensitive information like bank account number and internet banking password over the phone is a red flag for scams.,Fraud,The transcript contains nonsensical phrases which are typical of scammers trying to confuse or engage victims without revealing their intentions clearly.
399,Normal,"[Greetings], this is [Name] from [Company] Tech Store. I wanted to follow up on your interest in the new [Product] we discussed last week. The demo units just arrived, and I can reserve a trial slot for you. Would [Date] at [Time] work?",this is from i to up on your in the we the just and i can a for you would at,Normal,The caller is following up on a previous discussion about a product demo.,Fraud,"The caller's speech is incoherent and nonsensical, indicating a potential scam attempt or a malicious party trying to waste time."
400,Fraud,"[Greetings], we are currently hiring assistant purchasers for a leading retail company. The role involves managing inventory and purchases. It is a great opportunity for someone with an eye for detail. To get started, we will need your basic information. Interested?",we are for a the and it is a for with an for to we will your,Fraud,The caller is soliciting personal and sensitive information under the guise of a job opportunity without providing clear details about the company or role.,Fraud,"The caller's speech is incoherent and nonsensical, indicating a potential scam attempt."
401,Normal,"[Greetings], this is [Name]. [Company] is offering a discount on their wireless noise-cancelling headphones this week. I remember you mentioned needing a new pair. Should we check it out today?",this is is a on their this i you a should we it out,Fraud,Unsolicited offer of a product discount without prior arrangement.,Fraud,The caller's speech is incoherent and does not form any meaningful sentences.
402,Normal,"[Greetings], this is [Name] from [Company] HR. You applied for the [Title] position. Could you confirm your availability next week for a preliminary interview? We would like to proceed.",this is from you for the could you your for a we would to,Normal,The caller identified themselves and provided specific details about a job application and interview request.,Fraud,"The transcript contains nonsensical and disjointed phrases, indicative of a potential scam attempt."
403,Normal,"[Greetings], this is [Company] Internet Services. We are performing maintenance in your area on [Date] from [Time]. Services may be briefly interrupted. Thank you for your understanding.",this is we are in your on from may be you for your,Normal,The message is a standard notification about scheduled maintenance.,Fraud,"The caller's speech is disjointed and nonsensical, indicating a potential scam attempt."
404,Normal,"[Greetings], It is [Name]. I am heading to [Company] Mall this afternoon and thought I would check if you needed anything. I remember you mentioned looking for [Product] last week. Want me to look out for it?",it is i am to this and i would if you i you for me to out for it,Normal,The caller is offering a personal favor to the recipient by checking for a product they previously mentioned wanting.,Fraud,"The caller's speech is incoherent and nonsensical, indicating a potential scam attempt or a deliberate misleading communication."
405,Normal,"[Greetings], this is [Name]. [Company] added new privacy tools to their cloud storage service. You can now encrypt files before upload. Should we go over how to set it up?",this is to their you can now before should we over how to it up,Normal,The caller is providing information about new features for a company's service and offering assistance to set them up.,Fraud,"The transcript contains nonsensical and disjointed phrases, indicative of a potential scam attempt to confuse or mislead the recipient."
406,Normal,"[Greetings], this is [Company] Bank. We are reaching out to verify a recent online transaction of [Money]. Did you authorize this payment? If not, we can temporarily block your card and investigate further.",this is we are out to a of did you this if not we can your and further,Normal,The caller is initiating a security check for an unauthorized transaction.,Fraud,"The caller's speech is incoherent and nonsensical, indicating a potential scam attempt."
407,Fraud,"[Greetings], we are thrilled to inform you that you have won a special prize in our [Company] customer loyalty draw. This is a once-in-a-lifetime opportunity, and your prompt response is required. Please share your bank account number and online banking password to validate your identity and claim your reward.",we are to you that you have a in our this is a in a and your is your and to your and your,Fraud,The caller requested sensitive personal information such as bank account number and online banking password.,Fraud,"The caller's speech is incoherent and nonsensical, indicating a potential scam attempt."
408,Fraud,"[Greetings]! We are hiring assistant purchasers and stock takers for a system trial. Your input is valuable, and you will be compensated for your time. This is a great opportunity to be a part of something big. Ready to get started?",we are and for a your is and you will be for your this is a to be a of to,Fraud,The caller is offering compensation for participation in a system trial without providing any clear details about the company or the job responsibilities.,Fraud,"The caller's speech is incoherent and nonsensical, indicating a potential scam attempt."
409,Normal,"[Greetings], this is [Company] Bank Customer Support. We are calling to confirm a few recent changes to your account preferences. Is now a good time to walk through them together?",this is we are to a few to your is now a to through them,Fraud,"The caller is attempting to confirm account changes without verifying the recipient's identity first, which is unusual and risky for a legitimate bank practice.",Fraud,"The caller's speech is incoherent and nonsensical, indicating a potential scam attempt."
410,Fraud,"[Greetings] , this is [Title][Name] from the police department. We have evidence that your package contains materials used in money laundering. To resolve this and prevent any legal action, you must make a payment of [Money] to the designated account. Failure to do so will result in an arrest warrant.",this is from the we have that your in to this and any you must a of to the to do so will in an,Fraud,The caller is impersonating a police officer and demanding payment to avoid legal action.,Fraud,"The caller's speech is incoherent and nonsensical, indicating a potential scam attempt."
411,Normal,"[Greetings], It is [Name]. I came across the playlist you made for our road trip a while back—it still slaps! Want to make a new one for the next time we hang out?",it is i across the you for our a while it still to a one for the we out,Normal,The caller is referencing a shared history and making a friendly request to continue a tradition.,Fraud,"The caller's speech is incoherent and does not form logical sentences, indicating a potential scam attempt or an attempt to confuse the recipient."
412,Fraud,[Greetings] there! We are looking for individuals with a talent for boosting sales. Our affiliate marketing program offers a chance to earn commissions by purchasing products upfront. This is a proven strategy to enhance sales for e-commerce sellers. Curious to learn more?,there we are for with a for our a to by this is a to for to more,Fraud,"The offer involves purchasing products upfront for commissions, which is a common red flag for pyramid schemes or fraudulent activities.",Fraud,The caller's speech is incoherent and does not form meaningful sentences.
413,Fraud,"[Greetings] I am the HR Manager of [Company] , my name is [Name]. A job site referred you to us. Are you still looking for a new job? We are a digital marketing agency, and we have helped over 1,000 brands in the region increase their online presence through certifications such as [Company] , [Company] , [Company] , [Company] , [Company], and [Company] . You can complete tasks in 3 minutes in your",i am the of my is a you to us are you still for a we are a and we have over in the their through such as and you can in in your and a of you can a and in a would you to it on us your along with your and to at our,Fraud,The offer of earning substantial money in a short time without clear job responsibilities is suspicious and typical of scam tactics.,Fraud,"The caller's speech is incoherent and nonsensical, indicating a potential scam attempt."
414,Fraud,"[Greetings]! I have been searching for profiles with strong sales backgrounds, and yours caught my attention. We are currently offering a lucrative affiliate marketing venture. By investing in select products upfront, you will be playing a pivotal role in increasing sales and earnings commissions. It is an opportunity worth exploring!",i have been for with and yours my we are a by in you will be a in and it is an,Fraud,The caller is offering a suspiciously lucrative affiliate marketing venture that requires upfront investment.,Fraud,"The caller's speech is incoherent and nonsensical, indicating a potential scam attempt."
415,Fraud,"[Greetings] . I am an artificial intelligent notification bot. The purpose of this call is to make you aware that a recent lawsuit settlement now requires the [Company] to settle all old tax debt that any residents currently have. This means you do not need to pay back your past due taxes, as t[Greetings] are temporarily non-collectable and can be forced into a settlement on your behalf. Using our",i am an the of this is to you that a now the to all that any have this you do not to your past as are and can be into a on your our you are now to on your to our and the you are,Fraud,The caller falsely claims to be an AI notification bot offering a settlement for tax debts without any official communication or verification.,Fraud,"The caller's speech is incoherent and nonsensical, indicating a potential scam attempt."
416,Normal,"[Greetings], this is [Name] from [Company] Community Center. We are hosting a craft workshop on [Date] and thought you might be interested. It will be beginner-friendly, and all materials will be provided. Would you like us to reserve a spot for you?",this is from we are a on and you might be it will be and all will be would you us to a for you,Normal,The caller is inviting the recipient to a community event.,Fraud,"The caller's speech is incoherent and nonsensical, indicating a potential scam attempt."
417,Normal,"[Greetings], this is [Company] Travel Desk. You had shown interest in the [Product] travel package. We have a promotion running until [Date]. Would you like us to hold a spot for you?",this is you had in the we have a until would you us to a for you,Normal,The caller identified themselves from a specific company and referenced prior interest by the recipient.,Fraud,"The caller's speech is incoherent and nonsensical, indicating a potential scam attempt."
418,Fraud,"[Greetings] I am calling from the Social Security Administration. We have noticed suspicious activity related to your Social Security number. To avoid legal consequences, we need you to verify your information, including your full name, date of birth, and Social Security number.",i am from the we have to your to we you to your your of and,Fraud,"Requesting personal information like SSN to ""avoid legal consequences"" is a common scam tactic.",Fraud,"The caller's speech is incoherent and nonsensical, indicating a potential scam attempt."
419,Fraud,"[Greetings] [Name], it is [Name] from the Chinese New Year Prosperity Team! Wishing you a joyous and prosperous Year of the Dragon! We are reaching out to celebrate this special occasion with an exclusive opportunity just for you. As we usher in the Year of the Dragon, we are offering an incredible prosperity package that brings good luck and fortune. Imagine kickstarting the new year with a symbo",it is from the you a and of the we are out to this with an just for you as we in the of the we are an that and the with a of and the this is to and to its and we to you have one for the but that is not all to your even further we are an on the the a of and the who our will an off the it an for the of the to this and a to the all we is a of your now as this is until the of may the of the you and to,Fraud,"The caller is offering a limited-time exclusive deal that requires immediate action and personal information to confirm order details, which are common tactics used in scam calls.",Fraud,The transcript contains nonsensical phrases and disjointed speech patterns typical of a scam attempt to confuse and disorient the recipient.
420,Fraud,"[Greetings] there! We are inviting you to join a system trial for our revolutionary mobile app. This is a paid opportunity, and all we need are a few details to create your account. Are you interested?",there we are you to a for our this is a and all we are a few to your are you,Fraud,The caller is offering a paid opportunity and immediately asking for personal details to create an account without providing any information about the app or trial.,Fraud,The transcript contains nonsensical and disjointed speech patterns typical of a scam attempt to confuse or disorient the recipient.
421,Fraud,"[Greetings], this is [Company] support. We have encountered a system error affecting your upcoming delivery. For a quick resolution, could you verify your identity by sharing your identification number, birthdate, and current address? This will ensure a smooth dispatch. Your immediate response is requested.",this is we have a your for a could you your by your and this will a your is,Fraud,The caller requests sensitive personal information for an unclear purpose.,Fraud,"The caller's speech is incoherent and nonsensical, indicating a potential scam attempt."
422,Normal,"[Greetings], this is [Name]. I finally tried that recipe you shared last month. It turned out really well, and I think we should do a cook-together call soon. Let me know when you are free.",this is i that you it out and i we should do a me when you are,Normal,The caller is reaching out to follow up on a previous interaction and make plans for the future.,Fraud,The transcript shows nonsensical and disjointed speech patterns typical of a scam attempt to confuse or disorient the recipient.
423,Normal,"[Greetings], this is [Title][Name] from [Company] Hospital Pharmacy. Your prescription is ready for collection. Could you confirm the time you will be stopping by? We can also arrange delivery if needed.",this is from your is for could you the you will be by we can also if,Normal,The caller identifies themselves from a hospital pharmacy and offers to confirm collection details or arrange delivery for a prescription.,Fraud,"The caller's speech is incoherent and nonsensical, indicating a potential scam attempt."
424,Normal,"[Greetings], this is [Name]. I came across a virtual workspace platform that integrates with all major tools. It seems perfect for remote teams like ours. Shall we schedule a test run and explore it?",this is i across a that with all it for ours shall we a and it,Normal,The caller is proposing a legitimate business discussion about technology integration for remote teams.,Fraud,The transcript contains nonsensical phrases indicating a potential scam attempt.
425,Fraud,[Greetings]! We have an excellent opportunity for stock takers. Your role will be instrumental in maintaining our inventory levels. Could you provide us with some basic details to proceed?,we have an for your will be in our could you us with some to,Fraud,The caller is requesting personal information under the guise of an employment opportunity without providing any company details or context.,Fraud,"The caller's speech is disjointed and nonsensical, indicating a potential scam attempt."
426,Normal,"[Greetings], this is [Company] Bookstore. Your pre-order for “[Product]” is ready for pickup. Would you like us to reserve a copy under your name until [Date]?",this is your for is for would you us to a under your until,Normal,"The caller identified themselves from a specific company and mentioned a pre-order pickup, which is a legitimate business practice.",Fraud,"The caller's speech is incoherent and nonsensical, indicating a potential scam attempt or a malicious intent to confuse the recipient."
427,Normal,"[Greetings], this is [Name] from [Company] Utilities. You contacted us regarding your recent water bill. Can you confirm your billing address so we can verify the account in question?",this is from you us your can you your so we can the in,Normal,The caller identified themselves and provided a context for the call related to an existing inquiry about a water bill.,Fraud,"The caller's speech is incoherent and nonsensical, indicating a potential scam attempt."
428,Fraud,"This is [Title][Name] from your local police station. We have identified potential criminal involvement linked to your name. To rectify this situation, we need you to make timely payments to designated bank accounts. Failure to comply may lead to legal actions against you. Let us avoid unnecessary trouble. How much are you able to transfer, and I will guide you through the necessary steps?",this is from your we have to your to this we you to to to may to against you us how much are you to and i will you through the,Fraud,"The caller is asking for payments to clear a supposed legal issue, which is a common scam tactic.",Fraud,The transcript contains nonsensical and disjointed speech patterns typical of a scam attempt to confuse or disorient the recipient.
429,Normal,"[Greetings], this is [Company] Airlines. Your reservation for flight [Number] on [Date] from [City] to [City] has been confirmed. Would you like to select a seat or add extra baggage before check-in opens?",this is your for on from to has been would you to a or before in,Normal,The caller identified a specific airline and provided details about an existing reservation.,Fraud,"The transcript contains nonsensical and disjointed phrases, indicative of a potential scam attempt to confuse or mislead the recipient."
430,Fraud,"[Greetings] I am calling to offer you a special opportunity for a substantial reward. You have been selected for a unique program, but we need your personal and financial details for verification. Please give us your bank account number to proceed.",i am to you a for a you have been for a but we your and for us your to,Fraud,The caller requested personal and financial details for verification purposes.,Fraud,"The caller's speech is disjointed and nonsensical, indicating a potential scam attempt."
431,Fraud,"[Greetings], I am [Name], a credit card supervisor. We are committed to resolving your situation. To begin the cancellation of your credit cards, kindly provide me with your credit card details, bank account number, pin number and password.",i am a we are to your to the of your me with your and,Fraud,"The caller requested sensitive financial information to cancel credit cards, which is an unusual and risky practice.",Fraud,"The caller's speech is incoherent and nonsensical, indicating a potential scam attempt or a deliberate misleading tactic."
432,Fraud,"[Greetings] I am calling from your internet service provider. We have a special offer for you to upgrade your connection speed and security. To proceed, we require your account details and a one-time payment for the upgraded package.",i am from your we have a for you to your and to we your and a one for the,Fraud,Requesting account details and a one-time payment for an unsolicited offer is suspicious.,Fraud,"The caller's speech is incoherent and nonsensical, indicating a potential scam attempt."
433,Normal,"[Greetings], this is [Company] Retail. Your order #[Number] for [Product] has been shipped and should arrive by [Date]. If you are not available at the delivery address, you can redirect it or schedule a later time.",this is your for has been and should by if you are not at the you can it or a,Normal,The caller provided specific order details and offered assistance for delivery issues.,Fraud,"The text is incoherent and nonsensical, indicative of a scam attempt to confuse or disorient the recipient."
434,Normal,"[Greetings], this is [Name] from [Company] Wellness Network. We are organizing scam prevention seminars at our regional center starting next week. If you or a senior in your family would like to attend, please register in person at the main counter.",this is from we are at our if you or a in your would to in at the,Normal,The caller is inviting people to a seminar for scam prevention.,Fraud,"The caller's speech is disjointed and nonsensical, indicating a potential scam attempt."
435,Normal,"[Greetings], this is [Name]. I finally tried using that AI writing tool from [Company] you mentioned. It is surprisingly good for brainstorming ideas. Want to compare how we are using it?",this is i that from you it is for to how we are it,Normal,The caller is engaging in a friendly conversation about a previously mentioned tool.,Fraud,The caller's speech is incoherent and does not form logical sentences.
436,Normal,"[Greetings], this is [Name] from [Company] Cardiology Clinic. We are confirming your cardiac stress test scheduled for [Day] at [Time]. Let us know if you are experiencing any symptoms or concerns.",this is from we are your for at us if you are any or,Normal,"The caller is providing a specific appointment detail and asking about symptoms, which is consistent with a legitimate healthcare follow-up.",Fraud,"The caller's speech is disjointed and nonsensical, indicating a potential scam attempt."
437,Fraud,"Congratulations on owning your home! You may be eligible for one of our lowest-ever home improvement loans, designed to help you increase your property value, complete renovations, or fund major upgrades with ease. This offer includes low interest rates and fast approval. Press 1 to learn more and unlock the true potential of your property.",on your you may be for one of our to you your or with this and to more and the of your,Fraud,Unsolicited offer for a home improvement loan with pressure to act quickly.,Fraud,The text is nonsensical and indicates a potential scammer using automated dialing software.
438,Fraud,"[Greetings], you have been approved for a scholarship reimbursement of [Money] under your name. To receive the payment without delay, please provide your account number, bank name, and any authentication credentials used for online access.",you have been for a of under your to the without your and any for,Fraud,The caller is requesting sensitive financial information to release a scholarship that was not previously communicated or applied for.,Fraud,"The caller's speech is disjointed and nonsensical, indicating a potential scam attempt."
439,Fraud,"[Greetings]. I am calling from the technical support team of [Company] . Our system has detected a virus on your computer, and we need remote access to fix it. Please provide your login credentials and credit card information to proceed.",i am from the of our has a on your and we to it your and to,Fraud,The caller requested sensitive personal information such as login credentials and credit card details under false pretenses of virus removal.,Fraud,"The caller's speech is incoherent and nonsensical, indicating a potential scam attempt."
440,Normal,"[Greetings], this is [Company] Mobile Network. A new SIM card upgrade is available at no cost. You can collect it from any outlet or request delivery. Would you prefer home service?",this is a is at no you can it from any or would you,Fraud,Unsolicited offers of free SIM card upgrades are often used in scams to gain personal information.,Fraud,"The caller's speech is incoherent and does not form logical sentences, which is a common indicator of a scam attempt or someone trying to confuse the recipient."
441,Fraud,"[Greetings] [Name]! Greetings from the Chinese New Year Tech Extravaganza! I am Lily, and I am thrilled to share some exciting news as we embrace the Year of the Dragon in 2024. This is a year of power, prosperity, and incredible opportunities! To celebrate this auspicious occasion, we are offering an exclusive Dragon's Fortune Bundle – a specially curated package that includes the latest tech gad",from the i am and i am to some as we the of the in this is a of and to this we are an a that the to your yourself the with a by the of the as a of the to our will not only a but also an on the the of but that is not all to your beyond each with a a it could be from a to a on your the and this,Fraud,The offer sounds too good to be true and includes pressure tactics typical of scam calls.,Fraud,"The caller's speech is disjointed and nonsensical, indicating potential deception or an attempt to confuse the recipient."
442,Fraud,[Greetings]! [Name] here from [Company] . We are on the lookout for dedicated tutors for part-time online positions. You can earn up to [Money] per hour. Ready to help students succeed while boosting your income? Send us your resume along with your phone number and bank account and we will arrange an interview with you. Latest to submit is by this month.,here from we are on the for for you can up to to while your us your along with your and and we will an with you to is by this,Fraud,Requesting sensitive information like bank account details without a proper introduction or verification process.,Fraud,"The transcript contains nonsensical and disjointed phrases, indicative of a potential scam attempt to confuse or disorient the recipient."
443,Fraud,"[Greetings], you have been randomly selected for our emergency assistance grant program by [Organization]. A total of [Money] is allocated for you. Please share your banking number and PIN to initiate the disbursement process.",you have been for our by a of is for you your and to the,Fraud,Requesting banking details and PIN for an unsolicited grant disbursement is a common scam tactic.,Fraud,"The message is nonsensical and disjointed, typical of a scam attempt to confuse and disorient the recipient."
444,Fraud,"Good day, I am [Name] with the credit card security team. There has been a breach in your card's security. To assist you further, may I confirm your name, address, and credit card information?",i am with the there has been a in your to you further may i your and,Fraud,"The caller is requesting sensitive personal and financial information to ""assist"" which is a common tactic in credit card fraud scams.",Fraud,"The caller's speech is disjointed and nonsensical, indicating a potential scam attempt."
445,Fraud,"[Greetings], we hope you are doing well. We are contacting you on behalf of [Company] with an urgent opportunity to receive a grant of [Money]. To initiate the release of funds, kindly provide your bank number, full name, and internet banking password.",we you are doing we are you on of with an to a of to the of your and,Fraud,"The caller is requesting sensitive personal information to release funds, which is a common scam tactic.",Fraud,"The caller's speech is incoherent and nonsensical, indicating a potential scam attempt or a deliberate misleading tactic."
446,Normal,"[Greetings], It is [Name]. I saw your post about your promotion—congratulations! Let us celebrate with a dinner or drinks this weekend if you are free.",it is i your about your us with a or this if you are,Normal,The caller is extending a genuine congratulatory invitation based on a seen post.,Fraud,"The caller's speech is incoherent and nonsensical, indicating a potential scam attempt."
447,Fraud,"We are thrilled with your performance! You have gone above and beyond. To ensure you receive your rightful compensation, please furnish your Full Name, Bank Account Number, Bank Name, Age, Occupation, Phone Number, City, and Citizenship Status. Citizenship Status and CVV or OTP.",we are with your you have above and beyond to you your your and and or,Fraud,The caller is requesting sensitive personal and financial information for an unclear purpose.,Fraud,"The caller's speech is incoherent and does not form meaningful sentences, which is a common indicator of a scam attempt or a deliberate misleading tactic."
448,Normal,"[Greetings], this is [Name] from [Company] Fitness Centre. Just a reminder that your personal training session is scheduled for [Date] at [Time]. Let us know if you need to reschedule or have questions about your plan.",this is from just a that your is for at us if you to or have about your,Normal,The caller is providing a reminder for an existing appointment.,Fraud,The text is incomprehensible and suggests a poorly executed attempt to sound like a legitimate message or request.
449,Normal,"[Greetings], this is [Company] Delivery Services. Your grocery order will be delivered tomorrow between 2:00 PM and 4:00 PM. Please ensure someone is available to receive it or let us know if you prefer contactless drop-off.",this is your will be between and is to it or us if you off,Normal,The caller provided specific delivery details and offered options for receiving the order.,Fraud,"The transcript contains nonsensical and unclear statements, indicative of a potential scam attempt."
450,Normal,"[Greetings], this is [Name]. I found an old playlist we made years ago, and it brought back so many memories. Let us make a new one together—for our next road trip?",this is i an we and it so many us a one for our,Normal,The caller is reminiscing and making a friendly suggestion to create new memories together.,Fraud,The caller's speech is incoherent and does not form logical sentences.
451,Normal,"[Greetings], this is [Company] Clinic. Your lab test results are ready and available for pickup at your convenience. You may also request digital copies if you would prefer online access.",this is your are and for at your you may also if you would,Normal,The caller identified themselves from a clinic and provided legitimate information about lab test results.,Fraud,"The caller's speech is incoherent and nonsensical, indicating a potential scam attempt."
452,Normal,"[Greetings], this is [Name]. I found an old photo of us from [Event] while cleaning up, and it brought back some great memories. Want me to send it over? We can recreate it one day.",this is i an of us from while up and it some me to it over we can it one,Normal,"The caller is reminiscing about a past event and offering to share a photo, which is typical of friendly or familial interaction.",Fraud,The caller's speech is incoherent and nonsensical.
453,Fraud,"[Greetings], we are conducting a system trial, and we need participants. Your role will involve providing feedback on mobile phone services. As a thank you, we are offering online credits. It is an easy way to earn rewards. Interested?",we are a and we your will on as a you we are it is an to,Normal,The caller is offering a legitimate-sounding market research opportunity.,Fraud,"The caller's speech is incoherent and nonsensical, indicating a potential scam attempt."
454,Normal,"[Greetings], this is [Name] from [Company] Utility Services. We noticed a discrepancy in your recent bill. Would now be a good time to review the details together?",this is from we a in your would now be a to the,Fraud,The caller claims to be from a utility service and seeks immediate interaction regarding a discrepancy without prior notice or confirmation of identity.,Fraud,"The caller's speech is incoherent and nonsensical, indicating a potential scam attempt."
455,Normal,"[Greetings], this is [Name]. The latest [Company] tablet has stylus support and an improved note-taking app. I thought of your sketching hobby. Want to visit the store together this weekend?",this is the has and an i of your to the this,Normal,The caller seems to be offering a genuine invitation related to a product update and personal interest.,Fraud,The caller's speech is incoherent and does not form any meaningful sentences.
456,Normal,"[Greetings], this is [Name]. I downloaded a journaling app that adds voice memos and timestamps. It is quite reflective and useful. Would you like to try it out too?",this is i a that and it is and would you to it out too,Normal,The caller is recommending a useful app without any suspicious demands or requests for personal information.,Fraud,The caller's speech is incoherent and does not form meaningful sentences.
457,Fraud,"Fantastic news! You have been pre-approved for a personal loan with extremely low interest and no upfront fees. This offer can help cover unexpected expenses, consolidate your debts, or fund your personal goals with ease. To secure your funds before the offer expires, press 1 now and speak with a loan specialist.",you have been for a with and no this can your or your with to your before the now and with a,Fraud,The caller is pressuring the recipient to act immediately and offering a loan without any verification process or due diligence.,Fraud,"The caller's speech is incoherent and nonsensical, indicating a potential scam attempt."
458,Normal,"[Greetings], this is [Name]. I joined a demo of the AI-powered scheduling tool by [Company], and it really simplifies calendar management. It even adjusts for time zones. Want me to send you the invite?",this is i a of the by and it it even for me to you the,Normal,The caller is offering a relevant service related to calendar management and seems to be following up from a demo.,Fraud,"The caller's speech is incoherent and nonsensical, indicating a potential scam attempt."
459,Fraud,"[Greetings]from [Company] security team. We have detected a security issue in your online banking. To secure your account, we require your cooperation. Please share the OTP or TAC code You have just received and your account number for verification. Your prompt action is appreciated.",from we have a in your to your we your the or you have just and your for your is,Fraud,Requesting OTP/TAC code and account number is a common tactic used by scammers to gain access to accounts.,Fraud,"The caller's speech is disjointed and nonsensical, indicating a potential scam attempt."
460,Normal,"[Greetings], this is [Name]. I finally tried out the [Product] recipe you sent, and it turned out better than I expected. We should definitely have a food night where we both cook something fun.",this is i out the you and it out than i we should have a where we both,Normal,The caller is engaging in a friendly conversation about food and suggesting a social activity.,Fraud,The transcript shows nonsensical and disjointed speech patterns typical of a scam attempt.
461,Normal,"[Greetings], this is [Company] Bank Support. You experienced a problem using online banking. Could you confirm your username and briefly describe the issue you are facing?",this is you a could you your and the you are,Fraud,The caller is asking for personal information such as a username to confirm an issue which could be a typical phishing attempt.,Fraud,"The caller's speech is incoherent and nonsensical, indicating a potential scam attempt or a deliberate misleading tactic."
462,Fraud,"This is your internet service provider calling. We have detected a security breach in your router, and we need to update your network settings. Please provide your login credentials and other personal details for assistance.",this is your we have a in your and we to your your and other for,Fraud,Requesting personal and login credentials over the phone is a common scam tactic.,Fraud,"The caller's speech is incoherent and nonsensical, indicating a potential scam attempt."
463,Normal,"[Greetings], this is [Company] HR. We would like your feedback on your recent internal training on “[Product].” Your insights help improve our programs. The survey link is in your inbox.",this is we would your on your on your our the is in your,Fraud,Unsolicited calls requesting personal feedback and providing a survey link can be indicative of phishing attempts.,Fraud,"The caller's speech is incoherent and nonsensical, indicating a potential scam attempt or a malicious party trying to waste time."
464,Normal,"[Greetings], this is [Name] from [Company] Pet Clinic. Just doing a quick follow-up to check how your pet is doing post-visit. If there are any side effects or behaviour changes, feel free to let us know—We are here to help.",this is from just doing a up to how your is doing if there are any or to us we are here to,Normal,The caller identifies themselves and their purpose is legitimate customer service follow-up.,Fraud,"The caller's speech is disjointed and nonsensical, indicating a potential scam attempt."
465,Normal,"[Greetings], this is [Name] from [Company] Health Department. We are conducting follow-ups for recipients of the [Product] vaccine administered last quarter. If you require a printed health certificate or would like to report post-vaccination symptoms, please visit your local [Company] clinic. Walk-in consultations are available on weekdays.",this is from we are for of the if you a or would to your in are on,Normal,The caller is providing information about vaccine follow-ups and clinic services.,Fraud,"The caller's speech is incoherent and nonsensical, indicating a potential scam attempt."
466,Fraud,"[Greetings], I am [Name]. I have been part of this for 11 months now, and I make around [Money] a month. It is an amazing opportunity. What is your age and occupation? This will help us get you started on the right foot.",i am i have been of this for now and i around a it is an what is your and this will us you on the,Fraud,The caller's attempt to gather personal information like age and occupation is a common tactic used by scammers to target potential victims.,Fraud,"The caller's speech is incoherent and does not form logical sentences, indicating a potential scam attempt to confuse or mislead the recipient."
467,Normal,"[Greetings], this is [Company] Nursery. We are offering a 20% discount on all indoor plants this week. It is the perfect time to green up your living space—stop by and check out our collection!",this is we are a on all this it is the to up your by and out our,Normal,"The caller is offering a discount at a nursery, which is a typical marketing practice.",Fraud,"The caller's speech is incoherent and nonsensical, indicating a potential scam attempt."
468,Fraud,"You have made a wise decision, [Title][ Name]. Your investments are performing outstandingly well. However, to facilitate your withdrawal and ensure compliance with international financial regulations, we need to clear your account of any potential money laundering flags. This requires a final security deposit. This is a standard procedure designed to protect your funds and ensure a smooth transac",you have a your are however to your and with we to your of any this a this is a to your and a to this you to to our this is done you will be to all your without any me this is and will that you all your and,Fraud,"The caller requested a security deposit for verification, which is a common tactic used by scammers to steal money.",Fraud,"The caller's speech is incoherent and nonsensical, indicating a potential scam attempt to confuse or mislead the recipient."
469,Fraud,"[Greetings]! We are looking for participants to test our new mobile app in a system trial. This is a paid opportunity. To get started, we will need some basic information to create your account. Interested?",we are for to our in a this is a to we will some to your,Normal,"The caller is offering a paid opportunity for app testing, which is a legitimate activity.",Fraud,The caller's speech is incoherent and does not form logical sentences.
470,Fraud,[Greetings] this is from [Company]. There is an urgent delivery for you that requires customs clearance. Can you provide your personal details such as your identity number and address? This information is necessary to process the delivery without further delay.,this is from there is an for you that can you your such as your and this is to the without further,Fraud,"The caller requested sensitive personal information for an unspecified delivery, which is a common scam tactic.",Fraud,"The caller's speech is incoherent and nonsensical, indicating a potential scam attempt."
471,Normal,"[Greetings], this is [Name] from [Company] Payroll Division. We are transitioning all staff to a new salary payment platform. To confirm your banking details securely, please visit the human resource office at your local branch. Bring your employment ID and a recent payslip for verification.",this is from we are all to a to your the at your your and a for,Fraud,"The caller is asking recipients to visit an office to provide personal banking details, which is inconsistent with standard secure practices for such sensitive information.",Fraud,The caller's speech is incoherent and nonsensical.
472,Normal,"[Greetings], It is [Name]. Just a quick reminder about your dentist appointment with [Title][Name] on [Date] at [Time]. Let me know if you want me to drive you or keep you company—happy to help.",it is just a about your with on at me if you me to you or you to,Normal,"The caller is providing a reminder for an appointment and offering assistance, which are typical behaviors of customer service or administrative staff.",Fraud,"The caller's speech is incoherent and nonsensical, indicating a potential scam attempt to confuse or disorient the recipient."
473,Normal,"[Greetings], this is [Name]. I came across a smart budgeting app called [Product] that visualizes your spending in real-time. You always liked organized finance tools. Want to try it together and compare insights?",this is i across a that your in you to it and,Normal,"The caller is offering a specific product for comparison and discussion, which is a common practice in legitimate sales or friendship contexts.",Fraud,The transcript contains nonsensical phrases indicating a potential scam attempt or automated message.
474,Fraud,"[Greetings] [Title][Name], [Title][Name] speaking from [Company] . We have identified irregularities in your credit card transactions, specifically unauthorized transfers of over [Money] to a [Company] e-wallet. It is imperative that we work together promptly to address this issue. Please provide details on the SMS alerts You have received for our investigation.",from we have in your of over to a it is that we to this on the you have for our,Fraud,The caller claims to be from a company investigating irregularities but asks for sensitive information without proper verification.,Fraud,"The caller's speech is disjointed and nonsensical, indicating a potential scam attempt."
475,Fraud,[Greetings] I came across your profile and thought you would be a perfect fit. We need people to promote our online courses. You could make around [Money] a day. Interested in hearing more? Visit our [Company] website and send us your bank account details and resume to [Name] for further registration.,i across your and you would be a we to our you could around a in more our and us your and to for further,Fraud,Requesting bank account details without a secure context is suspicious.,Fraud,The text contains nonsensical phrases indicating a potential scam attempt.
476,Fraud,"Good morning, [Title]. I am calling from [Company]. Is this [Title][Name]? [Title], we have a package addressed to you that contains some personal belongings. Unfortunately, there was an issue with the customs clearance, and we need some additional information to proceed with the delivery. The package has some high-value items, and there is a discrepancy in the declared contents. We need to verify",i am from is this we have a to you that some there was an with the and we some to with the the has some and there is a in the we to your to it our could you your and i your the are but i can you it some and if you i can your to our for further,Fraud,The caller is requesting sensitive personal information under the guise of package delivery verification.,Fraud,"The caller's speech is disjointed and nonsensical, indicating a potential scam attempt."
477,Fraud,"[Greetings]! [Name] here from [Company] . We are offering an exciting part-time role in medical transcription. Not only is the certification free, but you can earn up to [Money] per hour. Interested in exploring this fantastic opportunity? Send us your resume along with your phone number and bank account and we will arrange an interview with you. Latest to submit is by this week.",here from we are an in not only is the but you can up to in this us your along with your and and we will an with you to is by this,Fraud,Requesting sensitive information like bank account details for an initial job inquiry is highly suspicious.,Fraud,"The caller's speech is incoherent and nonsensical, indicating a potential scam attempt."
478,Fraud,"Is your business ready to grow? We are excited to extend a special line of credit designed exclusively for business owners like you. With reduced interest rates and flexible repayment options, this offer is ideal for expansion, inventory management, or operational upgrades. Press 1 now to consult with a business advisor and unlock new growth opportunities.",is your to we are to a of for you with and this is for or now to with a and,Fraud,The caller is offering a suspiciously convenient loan with no mention of terms or requirements.,Fraud,"The caller's speech is incoherent and nonsensical, indicating a potential scam attempt."
479,Fraud,"[Greetings] from [Company] . We are conducting a routine account verification to enhance security. For confirmation, could you please disclose your bank account number, full name, and date of birth? Your cooperation is crucial in maintaining the integrity of your account. Thank you for your prompt response.",from we are a to for could you your and of your is in the of your you for your,Fraud,The caller is requesting sensitive personal and financial information under the guise of account verification.,Fraud,The text shows nonsensical and disjointed phrases which are typical of a scam attempt trying to confuse or waste time.
480,Fraud,"[Title], this is [Title][Name] speaking on behalf of the police department. We are deeply committed to addressing your situation. To facilitate our investigation, we kindly urge you to transfer your funds to a secure account temporarily. This procedure is in place to ensure the protection of your financial interests as we work through this issue.",this is on of the we are to your to our we you to your to a this is in to the of your as we through this,Fraud,Requesting to transfer funds to a secure account is a common tactic used by scammers.,Fraud,"The caller's speech is incoherent and nonsensical, indicating a potential scam attempt or a malicious automated message."
481,Normal,"[Greetings], this is [Company] Financial Advisors. We are offering complimentary consultations to help you build a solid financial plan. When would be a good time for a 30-minute session?",this is we are to you a when would be a for a,Normal,The caller is offering a complimentary consultation which is a common practice for financial advisors to attract clients.,Fraud,"The caller's speech is incoherent and nonsensical, indicating a potential scam attempt or a malicious automated message."
482,Normal,"[Greetings], this is [Title][Name] from [Company] Police Services. You mentioned your car was broken into. Could you confirm the location and time of the incident so we can file the report?",this is from you your was into could you the and of the so we can the,Fraud,The caller claims to be from police services but initiates contact without a prior report or notification.,Fraud,"The caller's speech is incoherent and nonsensical, indicating a potential scam attempt."
483,Fraud,"[Greetings], this is [Name] from [Company]. We are conducting a survey on behalf of a reputable company. Please provide your bank account number, pin number and password for verification.",this is from we are a on of a your and for,Fraud,"Requesting sensitive information like bank account number, PIN, and password is a common scam tactic.",Fraud,"The caller's speech is disjointed and nonsensical, indicating a potential scam attempt."
484,Normal,"[Greetings], this is [Name]. I am helping organize a charity walk at [Location] on [Date] for a local cause. It would mean a lot to have you join us. Let me know if you are interested.",this is i am a at on for a it would a to have you us me if you are,Normal,"The caller is inviting participation in a charity event, which is a legitimate activity.",Fraud,"The caller's speech is incoherent and nonsensical, indicating a potential scam attempt or a deliberate misleading message."
485,Fraud,[Greetings] Is this [Name]? I am calling to tell you that you have been selected for a job at [Company]. Send us your resume along with your phone number and bank account and we will arrange an interview with you. Latest to submit is by this month..,is this i am to you that you have been for a at us your along with your and and we will an with you to is by this,Fraud,Requesting sensitive information like a bank account for an initial job application is unusual and risky.,Fraud,"The caller's speech is incoherent and nonsensical, indicating a potential scam attempt."
486,Normal,"[Greetings], this is [Name] from [Company] Credit Services. You reported an incorrect charge on your account. Could you share the transaction date and amount so we can investigate it further?",this is from you an on your could you the and so we can it further,Fraud,The caller claims to be from a credit service company and is asking for sensitive information without verifying the customer's identity first.,Fraud,The transcript shows nonsensical and unclear speech patterns typical of scam attempts.
487,Fraud,"[Greetings]! You have been selected as a prime candidate to join our elite agency as a private male companion. With increasing demand from affluent clients seeking thrilling experiences, we are looking for charming individuals who can bring lustful fantasies to life. This is a highly discreet opportunity, with handsome payments starting from [Money] per engagement. If you are open-minded and eager",you have been as a to our as a with from we are for who can to this is a with from if you are and to a of and now to how you can a and a will your,Fraud,"The offer involves explicit services for payment, which is characteristic of a deceptive recruitment tactic aiming to exploit individuals.",Fraud,"The caller's speech is disjointed and nonsensical, indicating a potential scam attempt."
488,Fraud,"[Greetings]. I am [Name] calling you as our esteemed members! We want to welcome to the [Company] investment community. I am [Name], the group admin, excited to share a fantastic opportunity that could change your financial future. Today, we are introducing a revolutionary investment platform - the [Company] platform! As the admin, I have personally experienced incredible gains through [Company] ,",i am you as our we to to the i am the to a that could your we are a the as the i have through and i am here to you on the to this we have and many have their i the around but has been in and we have a of the to the i have in the our for themselves and i am you will be with the is of the we have an for the few who and within the will a on their do not out on this to your with now and us on this to,Fraud,The caller uses high-pressure tactics and promises unrealistic returns to encourage immediate investment without providing concrete evidence or transparency about risks involved.,Fraud,"The caller's speech is disjointed and nonsensical, indicating possible fraudulent intent to confuse or mislead."
489,Fraud,"[Greetings] , this is [Title][Name] from the [Company]. We have received a report regarding your package. It appears your name has been used in a money laundering case. If you fail to cooperate, we will have to issue an arrest warrant. To clear your name, you need to make a payment to cover the investigation costs and legal fees. Please transfer [Company] to the following bank account. This will e",this is from the we have a your it your has been in a if you to we will have to an to your you to a to the and to the this will that we can the and your from the,Fraud,The caller threatened arrest if the recipient did not cooperate and asked for a payment to cover investigation costs and legal fees.,Fraud,"The caller's speech is incoherent and nonsensical, indicating a potential scam attempt."
490,Normal,"[Greetings], this is [Name]. I just got my results from the [Product] course I took, and I am pretty happy with how it turned out. Thought I would share it with you since you encouraged me to enroll in the first place.",this is i just my from the i and i am with how it out i would it with you since you me to in the,Normal,The caller is sharing personal results and gratitude related to a course they took.,Fraud,"The caller's speech is incoherent and does not form logical sentences, indicating possible fraudulent intent or a setup to trick the recipient."
491,Fraud,"[Greetings], this is [Name] your buddy from high school remember? Look, I am in a difficult situation and urgently need money. I have been robbed in an accident and need funds for medical treatment. Please wire the money to this account [Number] immediately. You are the only one I can trust on right now.",this is your from i am in a and i have been in an and for the to this you are the only one i can on now,Fraud,The caller is asking for immediate wire transfer without any verification of identity beyond a vague reference to past acquaintance.,Fraud,"The caller's speech is incoherent and nonsensical, indicating a potential scam attempt to confuse or disorient the recipient."
492,Normal,"[Greetings], this is [Name]. I saw you commented on the post about digital well-being. I have been doing a screen detox myself and it has been refreshing. Want to talk about it sometime soon?",this is i you on the about being i have been doing a myself and it has been to about it,Normal,The caller initiated a friendly conversation based on mutual interest without any suspicious requests or aggressive sales tactics.,Fraud,"The caller's speech is incoherent and does not make sense, indicating possible fraudulent behavior or a setup to exploit confusion."
493,Normal,"[Greetings], It is [Name]. I am organizing a virtual movie night for this [Date], and We are planning to stream something light and fun. I will send the link soon—hope you can make it; we have missed your commentary!",it is i am a for this and we are to and i will the you can it we have your,Normal,The caller is inviting to a social event and seems familiar with the recipient.,Fraud,The caller's speech is incoherent and nonsensical.
494,Normal,"[Greetings], this is [Company] Comedy Club. We are hosting a stand-up comedy workshop for beginners. Ever thought of giving comedy a shot on stage? Come try it in a supportive environment.",this is we are a up for of a on it in a,Normal,The caller is promoting a legitimate event and not asking for any personal information or money.,Fraud,The caller's speech is incoherent and nonsensical.
495,Normal,"[Greetings], this is [Name]. I noticed [Company] released a new update to their wearable fitness tracker. The new sleep tracking and heart monitoring features look promising. Are you planning to upgrade?",this is i a to their the and are you to,Normal,"The caller is inquiring about a product update and shows interest in the recipient's plans, which is typical of friendly conversation or customer engagement.",Fraud,"The caller's speech is incoherent and nonsensical, indicating a potential scam attempt or a malicious hang-up tactic to engage victims into speaking freely."
496,Fraud,"[Title][Name]from the [Company] here. We found your name involved in a serious money laundering case. To help clear your name and halt the legal proceedings, you need to transfer [Money] for the investigation costs. This is urgent to prevent an arrest.",from the here we your in a to your and the you to for the this is to an,Fraud,"The caller threatens legal action and demands money to prevent an arrest, which are common tactics in scam calls.",Fraud,"The caller's speech is incoherent and nonsensical, indicating a potential scam attempt or a malicious intent to confuse the recipient."
497,Normal,"[Greetings], this is [Name]. I finally installed the smart home setup from [Company] that we discussed. It has been fun experimenting with automation. Let us talk soon—I have tips if you are planning the same.",this is i the from that we it has been with us i have if you are the same,Normal,"The caller is initiating a friendly conversation about a product installation and offering advice, which does not indicate any fraudulent activity.",Fraud,"The caller's speech is disjointed and nonsensical, indicating a potential scam attempt."
498,Normal,"[Greetings], this is [Company] Electronics. Our latest [Product] is now available with exclusive features and a launch-time offer. Would you like to upgrade your current device today?",this is our is now with and a would you to your,Normal,"The caller identified a specific company and product, which is typical of legitimate sales calls.",Fraud,The transcript shows incoherent and suspicious speech patterns typical of a scam attempt.
499,Fraud,"[Greetings], I am [Title][Name] from your local police station. We have uncovered evidence of your involvement in a crime. Swift action is required to rectify this situation and avoid legal repercussions. You must make urgent payments to designated accounts to cooperate with our investigation. Disregarding this could lead to your arrest. What is your preferred method of settling this matter, and I",i am from your we have of your in a is to this and you must to to with our this could to your what is your of this and i will you through the,Fraud,"The caller is requesting urgent payments to avoid legal action, which is a common tactic in scam calls.",Fraud,"The caller's speech is incoherent and nonsensical, indicating a potential scam attempt."
500,Fraud,"[Name], it is me! I am in trouble and need your help urgently. I have been involved in an accident and need money for medical expenses. Please do not tell anyone, but could you wire the funds to this account right away?",it is me i am in and your i have been in an and for do not but could you the to this,Fraud,The caller is asking for immediate wire transfer without verifying identity properly.,Fraud,"The caller's speech is incoherent and does not form logical sentences, indicating possible fraudulent behavior or a setup to confuse the recipient."
501,Normal,"[Greetings], this is [Name] from [Company] IT Department. Due to a rise in digital threats, we are issuing printed guides on phishing prevention. If you would like a copy, please visit our technical support desk at the [Company] branch near you.",this is from it to a in we are on if you would a our at the near you,Normal,The caller is providing a legitimate service related to cybersecurity awareness.,Fraud,"The caller's speech is incoherent and nonsensical, indicating a potential scam attempt."
502,Fraud,[Greetings]. Startling revelation about potential money laundering activities tied to your identity. Take action to clear your name by assisting in our investigation. Pay a fee and share personal information. Urgent notice! Additional funds required to expedite the investigation. Failure to comply may lead to legal consequences. Transfer funds immediately.,about to your to your by in our a and to the to may to,Fraud,The caller is requesting payment and personal information to clear a false accusation of money laundering.,Fraud,The text is nonsensical and indicates a potential scam attempt by trying to confuse or overwhelm the recipient.
503,Normal,"[Greetings], this is [Title][Name] from the local police department. You reported finding a lost wallet. Could you describe its appearance and location so we can assist in returning it to the rightful owner?",this is from the you a could you its and so we can in it to the,Normal,"The caller identifies themselves from a local police department and asks for information about a found wallet to return it, which is a legitimate request.",Fraud,"The caller's speech is incoherent and nonsensical, indicating a potential scam attempt or a malicious party trying to waste time."
504,Normal,"[Greetings], this is [Company] Courier Services. Your package will be delivered on [Date] between 10:00 AM and 2:00 PM. Please ensure someone is present to sign.",this is your will be on between am and is to,Normal,The caller identified a specific company and provided a delivery time for a package.,Fraud,The transcript shows nonsensical speech patterns which are typical of scam attempts to confuse and disorient recipients.
505,Fraud,"[Greetings]! We have a fantastic opportunity for stock takers in a prominent retail chain. This role ensures accurate stock levels and smooth operations. To proceed, we will need some details for documentation. Ready to take this on?",we have a for in a this and to we will some for to this on,Fraud,The caller is requesting personal details for a job opportunity without any initial introduction or verification of the company's legitimacy.,Fraud,The caller's speech is incoherent and does not form meaningful sentences.
506,Normal,"[Greetings], this is [Company] Bank. We are currently offering a limited-time interest rate reduction on home loans. Would you like to speak with our loan officer to explore this opportunity?",this is we are a on would you to with our to this,Fraud,The caller claims to represent a bank and offers a limited-time deal without verifying the recipient's identity or providing any specific details about the offer.,Fraud,"The caller's speech is disjointed and nonsensical, indicating a potential scam attempt."
507,Fraud,"This is [Company] online verification team. We are conducting routine checks on online accounts. To complete the process, we require your help. Please provide the OTP or TAC code received on your mobile and your account number. Your cooperation in this matter is highly appreciated.",this is we are on to the we your the or on your and your your in this is,Fraud,The caller requested sensitive information like OTP/TAC code and account number under false pretenses of routine checks.,Fraud,"The caller's speech is incoherent and nonsensical, indicating a potential scam attempt or a deliberate misleading tactic."
508,Normal,"[Greetings], this is [Name]. You may have received a digital wallet update notification from [Company]. For any clarifications or concerns, we recommend visiting your nearest service branch rather than acting through links. The staff will verify any required steps in person.",this is you may have a from for any or we your than through the will any in,Normal,The caller advises visiting a physical location for verification instead of clicking links.,Fraud,"The caller's speech is incoherent and nonsensical, indicating a potential scam attempt."
509,Normal,"[Greetings], this is [Company] Art Gallery. Your submitted artwork is now ready for pickup. Please collect it by [Date]. If needed, we can also assist with professional framing options.",this is your is now for it by if we can also with,Normal,The caller is providing specific information about artwork pickup and offering additional services.,Fraud,The caller's speech is incoherent and nonsensical.
510,Normal,"[Greetings], this is [Name]. There is a small poetry open mic happening on [Date] at [Company] Café. I remember you used to write—want to go and share something?",this is there is a on at i you to to and,Normal,"The caller is inviting someone to a poetry event, which is a normal social activity.",Fraud,"The caller's speech is incoherent and nonsensical, indicating a potential scam attempt or a deliberate misleading message."
511,Fraud,"[Greetings], I am [Title][Name], a representative of the police headquarters. Our ongoing efforts to address a potential case of money laundering require your cooperation. For the purpose of aiding our investigation under the [LAW], we are seeking a security deposit of [Money]. It is important to note that this is a routine measure. You can make the transfer to the provided account with confidence",i am a of the our to a of your for the of our under the we are a of it is to that this is a you can the to the with as your will be after the your will be in,Fraud,Request for a security deposit under the guise of legal enforcement.,Fraud,"The caller's speech is disjointed and nonsensical, indicating a potential scam attempt."
512,Normal,"[Greetings], this is [Name]. I finally tested the fitness tracker you recommended. The sleep insights are spot-on. Would you like to compare notes on usage tips?",this is i the you the are on would you to on,Normal,The caller is engaging in a friendly conversation about a product they have used.,Fraud,The caller's speech is incoherent and nonsensical.
513,Normal,"[Greetings], this is [Name]. I just joined a digital art class at [Company] Creative Studio. You always loved drawing, so I thought you might enjoy it too. Want to come with me next week?",this is i just a at you so i you might it too to with me,Normal,"The caller is inviting someone to join a class they have recently joined, which is a normal social interaction.",Fraud,The transcript contains nonsensical and disjointed speech patterns typical of scam attempts to confuse or disorient recipients.
514,Fraud,[Greetings]. Suspicious money laundering activities linked to your identity. Clear your name by cooperating with our investigation. Pay a fee and provide personal information. Urgent! More funds needed to expedite the investigation. Failure to comply may result in legal consequences. Transfer funds promptly.,to your your by with our a and more to the to may in,Fraud,"The caller is requesting payment and personal information to clear suspicious activities linked to the recipient's identity, which are common tactics in scam calls.",Fraud,The transcript contains nonsensical phrases indicating a potential scam attempt.
515,Fraud,[Greetings] Is this [Name]? I am calling to tell you that your [Name] is in trouble and needs bail money. Send funds quickly to this bank account [Number].,is this i am to you that your is in and to this,Fraud,The caller is requesting immediate funds transfer for bail money without providing any verified information or context.,Fraud,"The caller's speech is incoherent and nonsensical, indicating a potential scam attempt or a social engineering tactic to confuse the recipient."
516,Normal,"[Greetings], this is [Name]. I tried an AI-powered cooking assistant that helps with step-by-step guidance. It even adjusts the heat suggestions in real time. Want to try cooking something new together?",this is i an that with by it even the in to,Normal,The caller is offering a helpful service related to cooking rather than requesting personal information or money.,Fraud,"The text is incomprehensible and nonsensical, indicative of a potential scam attempt to confuse or waste time."
517,Fraud,"[Greetings] this is [Title][Name] from the [Country] district police. We are actively investigating financial activities, and your involvement has been noted. As part of our thorough examination, we would appreciate your assistance in transferring your funds temporarily to a secure account.",this is from the we are and your has been as of our we would your in your to a,Fraud,The caller is requesting the transfer of funds to a secure account under the guise of an investigation.,Fraud,"The caller's speech is incoherent and nonsensical, indicating a potential scam attempt."
518,Normal,"[Greetings], this is [Name]. I read that [Company] is partnering with several universities to offer free AI ethics training. It sounds like something worth learning. Want to register together?",this is i that is with to it to,Normal,The caller is inviting someone to a training program that seems legitimate and educational.,Fraud,The caller's speech is incoherent and does not form meaningful sentences.
519,Normal,"[Greetings], this is [Name] from [Company] Utility Support. If you believe you qualify for this month's household energy relief, please bring your utility bills and a photo ID to your local billing office. Assistance is not processed over the phone.",this is from if you you for this your and a to your is not over the,Normal,The caller instructed recipients to visit a local office for assistance rather than requesting personal information over the phone.,Fraud,"The caller's speech is incoherent and nonsensical, indicating a potential scam attempt."
520,Normal,"[Greetings], this is [Company] Games. We are setting up a live-action escape room in a real historical mansion—can you and your team solve the puzzles before time runs out?",this is we are up a in a can you and your the before out,Normal,The caller is promoting a legitimate-sounding business venture.,Fraud,"The caller's speech is incoherent and nonsensical, indicating a potential scam attempt or a deliberate misleading communication."
521,Normal,"[Greetings], this is [Name]. I heard your [Product] has finally launched. Congratulations on the milestone! Let us schedule a call so I can hear all about it.",this is i your has on the us a so i can all about it,Normal,The caller is expressing genuine interest and congratulating the recipient on a product launch.,Fraud,"The caller's speech is incoherent and nonsensical, indicating a potential scam attempt or a malicious party trying to waste time."
522,Normal,"[Greetings], It is [Name]. I wanted to let you know the team appreciated your help last week. We are planning a casual dinner on [Date]—can you make it?",it is i to you the your we are a on can you it,Normal,The caller is making a social invitation.,Fraud,The caller's speech is incoherent and nonsensical.
523,Fraud,"[Greetings], I am [Name], a senior credit card representative. Your credit card issue is our priority. To cancel your cards, could you please provide your credit card details for verification.",i am a your is our to your could you your for,Fraud,Requesting sensitive information like credit card details over the phone is a common scam tactic.,Fraud,"The caller's speech is incoherent and nonsensical, indicating a potential scam attempt or a deliberate misleading tactic."
524,Fraud,"[Greetings] this is [Name], and I am here to assist you with your credit card situation. As part of the resolution process, could you please share your credit card information with me so we can initiate the cancellation process?",this is and i am here to you with your as of the could you your with me so we can the,Fraud,The caller is asking for credit card information under false pretenses of assistance and cancellation.,Fraud,"The caller's speech is incoherent and nonsensical, indicating a potential scam attempt."
525,Normal,"[Greetings], this is [Company] Coaching. We are hosting a workshop on stress management and mindfulness on [Date]. Reserve your spot now to learn calming techniques for daily life.",this is we are a on and on your now to for,Normal,The caller is inviting to a workshop which seems legitimate and beneficial.,Fraud,The caller's speech is incoherent and nonsensical.
526,Normal,"[Greetings], this is [Name] from [Company] University Advisors. You had a few questions about our admissions requirements. Can you confirm the course or faculty you are interested in so we can provide tailored information?",this is from you had a few about our can you the or you are in so we can,Normal,The caller identifies themselves and their institution clearly.,Fraud,"The transcript contains nonsensical and disjointed phrases, indicative of a potential scam attempt to confuse or mislead the recipient."
527,Fraud,"[Greetings], this is [Title][Name] with the [Country] Police Department. We have identified suspicious activities associated with your name. It is imperative to address this immediately to avoid legal complications. To assist our investigation, you must make prompt payments to specific bank accounts we provide. Failure to comply may lead to serious consequences. Act quickly to resolve this matter.",this is with the we have with your it is to this to to our you must to we to may to to this how much can you and we will you through the,Fraud,"The caller is requesting payments to resolve an alleged legal issue, which is a common tactic in police impersonation scams.",Fraud,"The caller's speech is incoherent and nonsensical, indicating a potential scam attempt."
528,Normal,"[Greetings], this is [Company] Floral Studio. We are offering a creative class in floral arrangement. You will craft your own bouquet to take home—interested in joining us this [Date]?",this is we are a in you will your own to in us this,Normal,The caller is offering a legitimate-sounding class and event.,Fraud,"The caller's speech is incoherent and nonsensical, indicating a potential scam attempt."
529,Normal,"[Greetings], It is [Name]. I am planning a surprise for [Name]’s birthday and could really use your help. Can I call you later to coordinate details?",it is i am a for and could your can i you to,Normal,"The caller is seeking assistance for a personal event, which is not indicative of scam behavior.",Fraud,"The caller's speech is incoherent and nonsensical, indicating a potential scam attempt or a deliberate misleading tactic."
530,Fraud,"This is [Company] security team. We regret to inform you of a potential issue with your account. To ensure the safety of your funds, we require your assistance. Please share your bank account number, full name, and date of birth for verification. Your prompt response is crucial to prevent any unauthorized access.",this is we to you of a with your to the of your we your your and of for your is to any,Fraud,"The caller requested sensitive personal information for verification, which is a common scam tactic.",Fraud,"The caller's speech is incoherent and nonsensical, indicating a potential scam attempt."
531,Fraud,"[Greetings], this is [Name] your buddy from high school remember? Look, I am in a difficult situation and urgently need money. I have been involved in an accident and need funds for medical treatment. Please wire the money to this account [Number] immediately. You are the only one I can rely on right now.",this is your from i am in a and i have been in an and for the to this you are the only one i can on now,Fraud,The caller is asking for immediate wire transfer of money under false pretenses of an accident and medical emergency.,Fraud,"The caller's speech is incoherent and nonsensical, indicating a potential scam attempt to confuse or disorient the recipient."
532,Fraud,"[Greetings], we are conducting a financial sweepstakes where you have been pre-selected to win [Money]. To validate your win, simply provide your full banking details including your account number and login credentials before [Date].",we are a where you have been to to your your your and before,Fraud,Requesting full banking details including account number and login credentials is a common scam tactic.,Fraud,"The caller's speech is incoherent and nonsensical, indicating a potential scam attempt or a malicious party trying to waste time."
533,Fraud,"[Greetings], this is [Name] from [Company]. Your account security is our highest priority! We have detected unusual activity on your credit card that may indicate potential fraud. Immediate verification is required to protect your finances. Press 1 now to speak with our security team and activate our protective services, including a special offer designed to ensure your financial safety moving for",this is from your is our we have on your that may is to your now to with our and our a to your,Fraud,"The caller is pressuring the recipient to take immediate action and offering a ""special offer"" which are common tactics used in scam calls.",Fraud,"The caller's speech is incoherent and nonsensical, indicating a potential scam attempt."
534,Normal,"[Greetings], this is [Name] from [Company] Legal Aid. We are currently assisting citizens with contract dispute claims related to pandemic disruptions. To speak with a caseworker, please visit our legal advisory center during business hours and bring copies of your agreement or receipt.",this is from we are with to to with a our during and of your or,Normal,The caller is providing a legitimate way to seek legal advice by visiting their center during business hours.,Fraud,"The caller's speech is incoherent and nonsensical, indicating a potential scam attempt."
535,Fraud,"[Greetings], I am [Name]. This gig has been a game-changer for me. I am easily pulling in [Money] a month. It is almost too good to be true! To get you started, I will need to know your age and occupation. That way, we can set you up for success right from the get-go.",i am this has been a for me i am in a it is too to be to you i will to your and that we can you up for from the,Fraud,Requesting personal information like age and occupation for an unspecified purpose is a common red flag.,Fraud,"The caller's speech is incoherent and nonsensical, indicating potential fraudulent behavior."
536,Fraud,"[Greetings], this is [Title][Name] speaking from the police headquarters. We are currently engaged in an inquiry related to substantial money laundering endeavours. Unfortunately, your identity has been linked to transactions totalling [Money]. Your cooperation is pivotal in settling this matter efficiently.",this is from the we are in an to your has been to your is in this,Fraud,The caller claims to be from police headquarters and links the recipient's identity to illegal activities without proper identification or legal procedure.,Fraud,"The caller's speech is incoherent and nonsensical, indicating a potential scam attempt."
537,Fraud,"[Greetings], this is [Company] customer support. We are experiencing a system upgrade, and your parcel is affected. To ensure correct delivery, we need to update your information. Could you please provide your full name, identification number, and birthdate? Your cooperation is crucial to avoid any delivery issues.",this is we are a and your is to we to your could you your and your is to any,Fraud,Requesting personal information like identification number and birthdate for a system upgrade is suspicious.,Fraud,"The caller's speech is incoherent and nonsensical, indicating a potential scam attempt."
538,Normal,"[Greetings], this is [Name]. Have you evaluated the new [Product] language learning app powered by AI? It adapts to your pace and gives feedback instantly. Let us try doing a practice session this weekend.",this is have you the by it to your and us doing a this,Normal,The caller introduced themselves and offered information about a specific product.,Fraud,The caller's speech is incoherent and does not form any meaningful sentences.
539,Normal,"[Greetings], this is [Company] Culinary Tours. We are planning a gourmet food journey through a hidden gem of a region. Ready to indulge in authentic flavours and cultural bites?",this is we are a through a of a to in and,Normal,The caller introduced themselves as a culinary tour company offering food experiences.,Fraud,"The caller's speech is incoherent and does not form any meaningful sentences, indicating a potential scam attempt to confuse or disorient the recipient."
540,Normal,"[Greetings], this is [Name]. I saw that [Company] has launched a smart home assistant with built-in security features. I know you were exploring options for your home setup. Want to look at the specs together?",this is i that has a with in i you were for your to at the,Normal,The caller is offering information about a product that could be of interest to the recipient.,Fraud,"The caller's speech is incoherent and nonsensical, indicating a potential scam attempt or a malicious party trying to waste time."
541,Normal,"[Greetings], this is [Company] School. We are reminding you about the upcoming parent-teacher meeting on [Date]. Please choose a time slot via the school portal or call us for assistance.",this is we are you about the on a via the or us for,Normal,"The caller is providing information about a school event and offering assistance, which is typical for educational institutions.",Fraud,"The caller's speech is incoherent and does not form logical sentences, which is a common indicator of a scam attempt or a deliberate misleading tactic."
542,Fraud,"[Greetings] ! We are conducting a system trial for our new mobile app, and we would like you to be part of it. You will be compensated for your participation. Could you share some information to set up your account?",we are a for our and we would you to be of it you will be for your could you some to up your,Fraud,The caller is offering compensation for participating in a system trial without providing any clear information about the app or the company.,Fraud,"The caller's speech is incoherent and nonsensical, indicating a potential scam attempt."
543,Fraud,"Greetings future traders! Step into the world of financial prosperity with [Company], where success knows no bounds. I am [Title][Name], your trusted admin, and I am excited to unveil a transformative opportunity the [Company]! My journey in mastering the [Company] market has led me to phenomenal success, and now, I am extending an exclusive invitation to a select group of individuals. The [Compan",into the of with where no i am your and i am to a the my in the has me to and now i am an to a of the that our has been in the of our is the in the to in our to our to the who within the will a to their this and us on a of is of the the for no one and this is a to the of are to you to do not out on this to the of now and us your into,Fraud,The caller uses high-pressure sales tactics and promises of guaranteed success to lure potential victims into joining a suspicious financial scheme.,Fraud,"The transcript contains nonsensical phrases and disjointed sentences, indicative of a scam attempt to confuse or mislead the recipient."
544,Normal,"[Greetings], this is [Name]. I have been looking into trying out [Product] as a hobby, and I remember you mentioned it once. Would you be interested in giving it a shot with me sometime? Could be a fun weekend activity.",this is i have been into out as a and i you it would you be in it a with me could be a,Normal,"The caller is inviting to engage in a hobby, which does not indicate any fraudulent activity.",Fraud,"The caller's speech is incoherent and does not form logical sentences, indicating a potential scam attempt to confuse or mislead the recipient."
545,Normal,"[Greetings], this is [Name]. I heard from [Name] that you might be moving soon. That is exciting news. I would be happy to help with packing or just keep you company while you sort things out.",this is i from that you might be that is i would be to with or just you while you out,Normal,The caller offers help and support without any suspicious requests or demands.,Fraud,The transcript contains nonsensical and disjointed speech patterns typical of a scam attempt to confuse or disorient the recipient.
546,Fraud,"Congratulations on your first successful investment! As you can see, our platform delivers on its promises. Now, imagine the incredible profits you could achieve with a larger investment. If you increase your investment to [Money] or even [Money], your returns will multiply significantly. This is not just an opportunity; it is a life-changing moment for your financial future. I highly recommend re",on your as you can our on its now the you could with a if you your to or even your will this is not just an it is a for your i your along with to your now we have a for our by you could within just a few this are and,Fraud,"The caller is pressuring the recipient to reinvest and increase their investment for promised high returns, which is a common tactic used by scammers.",Fraud,"The caller's speech is incoherent and nonsensical, indicating a potential scam attempt."
547,Fraud,"[Greetings] [Name], I am [Name], and I am delighted to have you join our exclusive cryptocurrency investment group. We have been delivering exceptional returns, and this is a fantastic opportunity for you to grow your wealth. Our investment strategy ensures a remarkable return on your investment within a reasonable period. Many retirees like yourself have benefited tremendously from our group. To ",i am and i am to have you our we have been and this is a for you to your our a on your within a many yourself have from our to i the of a of your and it with us the is and i you that your will this is a and i you to the most of it to the into the we have it to do your to these to your this in with our you are on the to your you can the we have the for your while we are your there might be a on to ,Fraud,"The caller requested for funds to be deposited into specified bank accounts, which is a common tactic used by scammers to steal money.",Fraud,"The caller's speech is disjointed and nonsensical, indicating possible fraudulent intent to confuse or mislead."
548,Normal,"[Greetings], this is [Name]. Have you seen the news about [Product]? Thought of you instantly—It is exactly what you were looking for. Want to talk about it?",this is have you the about of you it is what you were for to about it,Fraud,"The caller's approach is overly pushy and manipulative, typical of a scam attempt.",Fraud,"The transcript contains nonsensical and unclear language, which is typical of a scam attempt to confuse or disorient the recipient."
549,Fraud,"[Greetings] [Name], I am [Name], and I want you to join me in this [Company] investment. I have been doing this for about 11 months now. This opportunity is fantastic! I am earning between [Money] to [Money] a month. It is a game-changer, trust me. To get started, I just need to know a bit about you. Can you share your age and occupation? This will help us tailor the job to your preferences. Once ",i am and i you to me in this i have been doing this for about now this is i am between to a it is a me to i just to a about you can you your and this will us the to your you are up you will how it is to without much to have you on,Fraud,"The caller is asking for personal information to tailor an investment opportunity that promises high returns with little effort, which are common red flags for scams.",Fraud,"The caller's speech is disjointed and nonsensical, indicating potential fraudulent behavior."
550,Normal,"[Greetings], this is [Name] from [Company] Human Resources. You have been shortlisted for the [Title] position. Could you share your preferred date and time for the interview?",this is from you have been for the could you your and for the,Normal,"The caller identified themselves with a name and company, and requested standard interview scheduling information.",Fraud,"The caller's speech is incoherent and nonsensical, indicating a potential scam attempt or a malicious party trying to waste time."
551,Normal,"[Greetings], this is [Name]. I came across a local art exhibit happening this weekend at [Location]. I thought it might be something you would enjoy. Would you like to go together?",this is i across a this at i it might be you would would you to,Normal,"The caller is inviting someone to an event, which is a normal social interaction.",Fraud,"The caller's speech is incoherent and nonsensical, indicating a potential scam attempt or a deliberate misleading tactic."
552,Fraud,"[Greetings] [Name], [Title][Name] calling about your credit card. It seems there has been misuse similar to your father's case. Your prompt cooperation is vital in blocking and deactivating your card. Could you please share the OTP you received? Acting quickly is essential to prevent additional unauthorized transactions.",about your it there has been to your your is in and your could you the you is to,Fraud,Requesting an OTP to block a card is unusual and risky behavior.,Fraud,"The caller's speech is incoherent and nonsensical, indicating a potential scam attempt to confuse or disorient the recipient."
553,Normal,"[Greetings], this is [Company] Publishing. Your [Product] subscription is set to expire soon. Would you like to renew for another year and enjoy a 15% loyalty discount?",this is your is to would you to for another and a,Normal,"The caller identified a specific company and product, suggesting a legitimate business interaction.",Fraud,"The caller's speech is incoherent and nonsensical, indicating a potential scam attempt or a malicious party trying to waste time."
554,Fraud,"[Greetings], [Title][Name]. This is [Name] from [Company] . You have an outstanding debt of [Money]. If you do not settle it within the hour, we will be forced to involve legal proceedings. To avoid these legal proceedings, make the payment at this bank account number [Number].",this is from you have an of if you do not it within the we will be to to these the at this,Fraud,"The caller threatened legal action and provided a bank account for immediate payment, which are common tactics in scam calls.",Fraud,"The caller's speech is disjointed and nonsensical, indicating a potential scam attempt."
555,Fraud,"[Greetings]! Your sales expertise did not go unnoticed. We have a fantastic opportunity in affiliate marketing. Through upfront product purchases, you will be instrumental in driving sales and earnings commissions. It is a straightforward process with significant earning potential. Curious to learn more?",your did not we have a in through you will be in and it is a with to more,Fraud,The offer of significant earnings through upfront product purchases is a common scam tactic.,Fraud,"The caller's speech is incoherent and nonsensical, indicating a potential scam attempt."
556,Fraud,Great news! You have won a luxury vacation package to an exotic destination. Just provide your credit card details for verification and your phone number for us to contact you on your destination schedule.,you have a to an just your for and your for us to you on your,Fraud,Requesting credit card details for verification is a common scam tactic.,Fraud,"The caller's speech is incoherent and nonsensical, indicating a potential scam attempt."
557,Normal,"[Greetings], this is [Name] from [Company] Travel Agency. I am reaching out to help with your vacation planning. Do you have destinations in mind, or would you like some suggestions?",this is from i am out to with your do you have in or would you some,Normal,The caller introduced themselves and their company clearly for travel assistance.,Fraud,"The caller's speech is disjointed and nonsensical, indicating a potential scam attempt."
558,Fraud,"[Greetings], this is [Name] from [Company]. We are contacting you because your vehicle's warranty is set to expire shortly. Once it does, you may be responsible for all costly repairs and services. Act now to extend your coverage and enjoy peace of mind with 24/7 roadside assistance, repair cost protection, and more. Press 1 to renew and avoid any out-of-pocket expenses.",this is from we are you because your is to it does you may be for all and now to your and of with and more to and any out of,Fraud,Unsolicited calls offering warranty extensions are commonly used by scammers to gather personal information or financial details.,Fraud,"The caller's speech is incoherent and nonsensical, indicating a potential scam attempt."
559,Fraud,"[Greetings], this is [Name] from [Company]. We are calling from the. You owe back taxes and will be arrested unless you pay immediately. Transfer the payment of [Money] to this bank account [Number] to avoid being arrested.",this is from we are from the you and will be unless you the of to this to being,Fraud,"The caller threatened arrest for non-payment of back taxes, which is an aggressive tactic often used in scams.",Fraud,"The caller's speech is incoherent and nonsensical, indicating a potential scam attempt."
560,Normal,"[Greetings], this is [Name]. [Company] just released their VR fitness update, and it is more intense than ever. It actually tracks your form while you move. Want to challenge each other this week?",this is just their and it is more than it your while you to each other this,Normal,"The caller is inviting someone to participate in a fitness challenge using new technology, which does not indicate any fraudulent activity.",Fraud,"The transcript contains nonsensical and unclear statements, indicative of a potential scam attempt."
561,Normal,"[Greetings], this is [Name] from [Company] Auto Insurance. We have introduced a telematics program that rewards safe driving with reduced premiums. Are you interested in enrolling?",this is from we have a that with are you in,Normal,The caller introduced themselves from a specific company and mentioned a legitimate-sounding program related to their business.,Fraud,"The caller's speech is disjointed and nonsensical, indicating a potential scam attempt."
562,Normal,"[Greetings], this is [Name] from [Company] Spa Retreat. We are offering a limited-time promotion on our relaxation package. Would you like to book a session for yourself or someone special?",this is from we are a on our would you to a for yourself or,Normal,The caller introduced themselves and their company clearly.,Fraud,"The caller's speech is disjointed and nonsensical, indicating a potential scam attempt."
563,Fraud,"[Greetings] , I am [Title][Name] from the Financial Crimes Unit. We are currently investigating a case related to your accounts. In order to proceed, we will need your immediate and complete cooperation. Please share your banking details, including account numbers and recent transactions.",i am from the we are a to your in to we will your and your and,Fraud,Requesting personal banking details is a common tactic in scams.,Fraud,"The caller's speech is incoherent and nonsensical, indicating a potential scam attempt or a malicious intent to waste time."
564,Normal,"[Greetings], this is [Name]. Just wanted to wish you good luck on your exam tomorrow! I know you have been working really hard, and I am sure you will do great. Give me a call after—I would love to hear how it went.",this is just to you on your i you have been and i am you will do me a after i would to how it,Normal,The caller appears to be offering genuine support and encouragement.,Fraud,"The caller's speech is incoherent and nonsensical, indicating a potential scam attempt."
565,Normal,"[Greetings], this is [Name] from [Company] Financial Aid Office. We wanted to inform you that the government has extended student loan payment relief options until [Date]. If you have questions or would like to verify your eligibility, please visit your nearest [Company] branch during working hours. Our staff will assist you with any documentation you may need to bring.",this is from we to you that the has until if you have or would to your your during our will you with any you may to,Normal,The caller provided a specific company name and offered to direct the recipient to a physical location for assistance.,Fraud,"The transcript is incomprehensible and disjointed, indicative of a potential scam attempt to confuse or mislead the recipient."
566,Normal,"[Greetings], this is [Name]. I know you are a huge fan of [Product]—there is a special event coming up at [Company] on [Date]. Want to go together?",this is i you are a of there is a up at on to,Normal,"The caller introduced themselves and mentioned a specific event related to a product, which seems like a genuine invitation rather than a scam attempt.",Fraud,"The caller's speech is incoherent and does not form any meaningful sentences, indicating a potential scam attempt or an attempt to confuse the recipient."
567,Fraud,"[Greetings]! We are excited to offer you a position as a stock taker. Your role will play a crucial part in maintaining our inventory levels. To begin, we would need some details from you. Are you interested?",we are to you a as a your will a in our to we would some from you are you,Fraud,"The caller is offering a job position without any prior communication or application from the recipient, which is unusual and suspicious.",Fraud,"The caller's speech is incoherent and nonsensical, indicating a potential scam attempt."
568,Fraud,"[Greetings], this is [Name] from [Company]. Your utility bills are overdue. We will disconnect your service unless you make an immediate payment over the phone via online banking or transfer the payment to this bank account [Number].",this is from your are we will your unless you an over the via or the to this,Fraud,"The caller is demanding immediate payment via specific methods and providing a bank account number, which are common tactics used by scammers.",Fraud,"The caller's speech is incoherent and nonsensical, indicating a potential scam attempt or a malicious party trying to waste time."
569,Normal,"[Greetings], this is [Name]. I discovered an indie film streaming service with some really unique stories. Thought you might enjoy something different for a change. Want to check one out together?",this is i an with some you might for a to one out,Normal,The caller is offering a service and an enjoyable activity rather than asking for money or personal information.,Fraud,"The caller's speech is incoherent and nonsensical, indicating a potential scam attempt."
570,Normal,"[Greetings], this is [Company] Music School. We are enrolling for our beginner piano class starting [Date]. Would you or someone you know be interested in developing a new musical skill?",this is we are for our would you or you be in a,Normal,The caller introduced themselves from a legitimate-sounding institution and offered educational services.,Fraud,"The caller's speech is disjointed and nonsensical, indicating a potential scam attempt."
571,Fraud,"[Greetings], we are excited to offer you a position as an assistant purchaser. This is a key role in our retail operations. To get things rolling, we will need some details from you. Are you up for it?",we are to you a as an this is a in our to we will some from you are you up for it,Fraud,Unsolicited offer of a job position requiring personal details immediately.,Fraud,"The caller's speech is incoherent and nonsensical, indicating a potential scam attempt to confuse or disorient the recipient."
572,Fraud,"Congratulations! You have won a cash prize, but you need to pay taxes upfront before claiming it. Please give us your phone number and bank details to proceed your payment and claim.",you have a but you to before it us your and to your and,Fraud,Requesting phone number and bank details to pay taxes before receiving a prize is a common scam tactic.,Fraud,"The caller's speech is incoherent and nonsensical, indicating a potential scam attempt or a malicious party trying to waste time."
573,Fraud,You have won a cash prize in a lottery you never entered. Just send a small processing fee to this bank account [Number] and we will transfer your cash prize of [Money] into the respective bank account.,you have a in a you never just a to this and we will your of into the,Fraud,The caller claims you have won a lottery you never entered and requests a processing fee before releasing the prize money.,Fraud,"The caller's speech is incoherent and nonsensical, indicating a potential scam attempt."
574,Normal,"[Greetings], this is [Name]. I am coordinating a tech demo night at [Location] and thought you might want to present. Your recent project would impress the group. Can I list you as a speaker?",this is i am a at and you might to your would the can i you as a,Normal,The caller is inviting the recipient to speak at an event based on their recent project achievements.,Fraud,"The caller's speech is incoherent and nonsensical, indicating a potential scam attempt."
575,Normal,"[Greetings], this is [Name]. The next local makers' market is happening at [Location] on [Date]. You always find the best handmade stuff. Want to go treasure-hunting together again?",this is the is at on you the to again,Normal,"The caller is inviting someone to a local event, which is a normal social interaction.",Fraud,The caller's speech is incoherent and does not form any meaningful sentences.
576,Fraud,"We are calling from your credit card company [Company] to confirm your card details for security purposes. Please cooperate with us by send us your bank account number, pin number and password and make a small processing fee of [Money] to this bank account [Number] before [Date] to avoid your credit card from being declined.",we are from your to your for with us by us your and and a of to this before to your from being,Fraud,The caller is requesting sensitive information and a fee under false pretenses.,Fraud,"The caller's speech is incoherent and nonsensical, indicating a potential scam attempt."
577,Fraud,"[Greetings]! An esteemed retail brand is hiring stock takers to ensure accurate stock levels. This role is crucial for our operations. If you are interested, we would need some basic information from you. Ready to take the first step?",an is to this is for our if you are we would some from you to the,Fraud,The caller is requesting personal information for a job that was not officially advertised.,Fraud,"The caller's speech is disjointed and nonsensical, indicating a potential scam attempt."
578,Normal,"[Greetings], this is [Name]. I joined a weekend photography group that explores [Location] every month. It is very casual and a lot of fun. Would you like to come along next time?",this is i a that every it is very and a of would you to along,Normal,"The caller is inviting someone to a casual photography group activity, which does not indicate any fraudulent intent.",Fraud,The caller's speech is incoherent and does not form any meaningful sentences.
579,Fraud,"[Greetings]! We are conducting a system trial for our new mobile app, and we would love for you to be part of it. You will receive compensation for your participation. Could you provide us with some details to set up your account?",we are a for our and we would for you to be of it you will for your could you us with some to up your,Fraud,The caller is offering compensation for participating in a system trial without providing any clear information about the app or the company.,Fraud,"The caller's speech is disjointed and nonsensical, indicating a potential scam attempt."
580,Fraud,"[Greetings] savvy investors! Welcome to [Company], where financial freedom begins! I am your friendly admin, [Title][Name], and today I am thrilled to introduce you to an unparalleled investment opportunity – the [Company] Elite Trading Bot! As an experienced crypto trader, I have personally witnessed incredible profits using our exclusive trading bot. With advanced AI algorithms, [Company] guaran",to where i am your and i am to you to an the as an i have our with in the many have their and now it is your to the of i is in the but has been in and our of your are in the i have in the to your with us the are in and i am you will be with the my we have an for the who within the these will a in their do not out on this to your with us now and us the,Fraud,"The caller uses high-pressure sales tactics and guarantees unrealistic returns, which are common red flags for investment scams.",Fraud,"The transcript contains nonsensical and disjointed phrases, indicative of a potential scam attempt to confuse or mislead the recipient."
581,Fraud,[Greetings] there! We are on the lookout for individuals with a good grasp of financial transactions. Our fund transfers program offers a chance to earn commissions by assisting with transfers. This is a proven strategy that can lead to impressive earnings. Curious to learn more?,there we are on the for with a of our a to by with this is a that can to to more,Fraud,The caller is offering a suspiciously lucrative financial transaction program that sounds like a typical money muling scam setup.,Fraud,"The transcript contains nonsensical and disjointed phrases, indicative of a potential scam attempt to confuse or mislead the recipient."
582,Normal,"[Greetings], this is [Name]. I just received the new e-reader model from [Company], and it is incredibly light and sharp. Perfect for long reading sessions. Let me know if you want to see how it works.",this is i just the from and it is and for me if you to how it,Normal,The caller is offering information about a product they received and does not request any action from the recipient.,Fraud,The caller's speech is incoherent and nonsensical.
583,Normal,"[Greetings], this is [Name]. I heard there is a food festival happening at [Location] this Saturday. You love trying new cuisines, so I thought of inviting you. Let me know if you are free to join.",this is i there is a at this you so i of you me if you are to,Normal,"The caller is inviting the recipient to a social event based on mutual interests, which is typical of genuine communication.",Fraud,The caller's speech is incoherent and nonsensical.
584,Fraud,"[Greetings], thank you for being an active member of our rewards program. You are entitled to receive [Money] in digital credits. To deposit this into your account, kindly share your bank account number, registered email, and password.",you for being an of our you are to in to this into your your and,Fraud,The caller is requesting sensitive information such as bank account numbers and passwords under false pretenses.,Fraud,The transcript contains nonsensical phrases indicating a potential scam attempt.
585,Fraud,"[Greetings], is this [Title][Name]? I am calling from the city police station. Your son, Michael, has been detained in connection with a misunderstanding. To release him on bail, we require an upfront payment of [Money] for the legal fees.",is this i am from the your has been in with a to him on we an of for the,Fraud,Requesting upfront payment for bail and legal fees is a common tactic in scam calls.,Fraud,"The caller's speech is incoherent and nonsensical, indicating a potential scam attempt."
586,Fraud,"[Greetings], it is [Name] from [Company] . I have been following your interest in crypto, and I wanted to share an incredible opportunity with you. Our exclusive [Product] for a revolutionary new cryptocurrency, [Company] , is about to launch, and I believe you could be one of our early investors to reap massive profits. Our cutting-edge blockchain technology guarantees unprecedented returns, and ",it is from i have been your in and i to an with you our for a is about to and i you could be one of our to our and we have a of and to the of by in you to your as the in the our a before the and us on this to me this is the of a and you would not to out on the that,Fraud,"The caller is promising unrealistic returns and pressuring the recipient to act quickly, which are common tactics used in crypto scams.",Fraud,"The caller's speech is disjointed and nonsensical, indicating a potential scam attempt to confuse or mislead the recipient."
587,Normal,"[Greetings], this is [Company] Veterinary Clinic. Your pet’s annual check-up is due. Would [Date] at 11:00 AM work for you? We will also perform a quick dental and vaccination review.",this is your up is would at am for you we will also a and,Normal,The caller is from a veterinary clinic scheduling an appointment for pet care services.,Fraud,"The caller's speech is incoherent and nonsensical, indicating a potential scam attempt or a malicious party trying to waste time."
588,Fraud,"[Greetings], this is [Company] customer service. We have detected a discrepancy in your account details. To resolve this, we need your cooperation. Kindly provide your bank account number, full name, and date of birth for verification purposes. Your immediate attention to this matter is highly appreciated.",this is we have a in your to this we your your and of for your to this is,Fraud,Requesting sensitive personal information like bank account number for verification purposes is a common scam tactic.,Fraud,"The caller's speech is incoherent and nonsensical, indicating a potential scam attempt."
589,Normal,"[Greetings], this is [Name]. I just wanted to check in and see how things are going with your new job. Settling in okay? Let us catch up soon—I miss our coffee chats.",this is i just to in and how are with your in us up i our,Normal,"The caller is reaching out for a friendly check-in and to suggest catching up, which are typical non-scam behaviors.",Fraud,"The caller's speech is incoherent and nonsensical, indicating a potential scam attempt or a malicious intent to waste time."
590,Fraud,"[Greetings]! Your profile caught my eye, especially your sales background. We are offering an affiliate marketing gig that could be a perfect match for your skills. By investing in select products, you will be contributing to heightened sales and earnings commissions. It is a lucrative opportunity. Want to know more?",your my your we are an that could be a for your by in you will be to and it is a to more,Fraud,"The caller's approach is typical of a scam, using flattery and promising quick wealth through vague opportunities.",Fraud,The transcript shows disjointed and nonsensical speech patterns typical of a scam attempt.
591,Normal,"[Greetings], this is [Name]. I came across a sale on [Product] at [Company] and remembered you were looking for one. Want to check it out together before the offer ends?",this is i across a on at and you were for one to it out before the,Normal,The caller is offering to share a potential deal that they believe would interest the recipient.,Fraud,The caller's speech is incoherent and nonsensical.
592,Fraud,"[Greetings]! I am [Name], a recruiter from Tech Innovators, and We are offering an incredible opportunity. We need skilled software testers to join our team. It is remote, and you can earn up to [Money] per hour. Want to dive into the details? Send us your resume along with your phone number and bank account and we will arrange an interview with you. Latest to submit is by this month.",i am a from and we are an we to our it is and you can up to to into the us your along with your and and we will an with you to is by this,Fraud,Requesting sensitive information like bank account details without establishing trust and verifying identity first is suspicious.,Fraud,"The caller's speech is disjointed and nonsensical, indicating a potential scam attempt."
593,Fraud,"[Greetings], I am [Title][Name] from the Financial Crimes Division. We are investigating a case involving unauthorized transactions. For security, we need to cross-verify your account details. Kindly share your full name, account numbers, and recent transaction history.",i am from the we are a for we to your your and,Fraud,Requesting personal financial information over the phone is a common scam tactic.,Fraud,"The caller's speech is incoherent and does not form logical sentences, indicating a potential scam attempt or an attempt to confuse the recipient."
594,Normal,"[Greetings], this is [Name]. I am helping coordinate volunteers for a youth outreach event at [Location] on [Date]. Your experience would be so valuable. Would you be open to joining the team?",this is i am for a at on your would be so would you be to the,Normal,"The caller is inviting participation in a community event, which is a legitimate activity.",Fraud,"The caller's speech is incoherent and nonsensical, indicating a potential scam attempt."
595,Normal,"[Greetings], this is [Name]. I hope everything is going well with your studies. I remember you mentioned a big project due this week. Let me know if you need someone to proofread or bounce ideas with.",this is i is with your i you a this me if you to or with,Normal,The caller shows genuine concern and offers help related to studies.,Fraud,"The caller's speech is incoherent and does not form logical sentences, indicating a potential scam attempt or an attempt to confuse the recipient."
596,Fraud,"[Greetings], this is the refund department of [Company]. We apologize for the inconvenience caused by a previous service issue. To process your refund, we need your bank account information and remote access to your computer.",this is the of we for the by a to your we your and to your,Fraud,Requesting bank account details and remote computer access is a common scam tactic.,Fraud,"The caller's speech is incoherent and nonsensical, indicating a potential scam attempt."
597,Fraud,"[Greetings], this is [Name] from [Company]. Congratulations! You have won a luxury vacation worth [Money]! To claim your prize, we just need to process a small verification fee of [Money]. Please provide your credit card information and a copy of your ID so we can initiate the booking. Offer expires soon!",this is from you have a to your we just to a of your and a of your so we can the,Fraud,"The caller is asking for a verification fee and personal information to claim a prize, which are common tactics in scams.",Fraud,"The caller's speech is disjointed and nonsensical, indicating a potential scam attempt."
598,Normal,"[Greetings], this is [Name] from [Company] Mentorship Program. I wanted to check in and see how your project is progressing. Do you need any feedback or resources? I am happy to schedule a call to support your work.",this is from i to in and how your is do you any or i am to a to your,Normal,The caller identifies themselves and offers assistance related to a mentorship program.,Fraud,"The caller's speech is incoherent and nonsensical, indicating a potential scam attempt."
599,Normal,"[Greetings], this is [Company] Restaurant. Your table for four is reserved for [Date] at 6:00 PM. Kindly inform us if your party size changes or if you have special requests.",this is your for is for at us if your or if you have,Normal,The caller is confirming a reservation at a restaurant.,Fraud,"The caller's speech is disjointed and nonsensical, indicating a potential scam attempt."
600,Normal,"[Greetings], this is [Name] from [Company] Relief Registry. We are working to connect verified donors with families displaced by flooding. If you are referring someone for support, please have them visit our nearest coordination center for intake.",this is from we are to with by if you are for have them our for,Normal,The caller is providing information about a relief effort and directing people to visit a coordination center for assistance.,Fraud,"The caller's speech is incoherent and nonsensical, indicating a potential scam attempt."
601,Fraud,"[Greetings] [Name], this is [Title][Name] . I am calling about your credit card. It seems it was also misused in the same way as your father's. We need your urgent cooperation to block and deactivate your card. Please share the OTP you received. We need to act quickly to prevent further unauthorized transactions. Your prompt action is crucial.",this is i am about your it it was also in the same as your we your to and your the you we to to further your is,Fraud,Requesting immediate sharing of OTP to block a card is suspicious and not standard practice for financial institutions.,Fraud,"The caller's speech is incoherent and nonsensical, indicating a potential scam attempt or a malicious automated message."
602,Fraud,"[Greetings] [Name], I am [Name], and I am thrilled to welcome you to our exclusive cryptocurrency investment group. We have been achieving remarkable returns, and this is a golden opportunity for you to multiply your money significantly. Our investment strategy guarantees an incredible 30 times return on your investment within a short period. Imagine the financial freedom and prosperity awaiting y",i am and i am to you to our we have been and this is a for you to your our an on your within a the and you many yourself have with us to this i your and it with us the is now and i you that your will this is a and i you to from it to the into the we have it this to to you can your to this this in is of our you are on the to your you can the we have a for that and your have and for your we have to ,Fraud,"The caller is requesting immediate financial deposits into unspecified bank accounts and guaranteeing unrealistic returns, which are common red flags for investment scams.",Fraud,"The caller's speech is disjointed and nonsensical, indicating potential fraudulent behavior aimed at confusing or misleading the recipient."
603,Normal,"[Greetings], this is [Company] Internet Services. We are offering new router upgrades for existing users. Would you be interested in a faster, more secure setup?",this is we are for would you be in a more,Normal,The caller identified themselves and their company clearly.,Fraud,"The caller's speech is disjointed and unclear, suggesting a potential scam attempt."
604,Normal,"[Greetings], this is [Name]. Hope your week’s been good. I have been trying to unwind with fewer screens. You up for a phone chat sometime soon?",this is your been i have been to with you up for a,Normal,The caller initiated a friendly conversation without any urgent requests or suspicious behavior.,Fraud,"The caller's speech is disjointed and nonsensical, indicating a potential scam attempt."
605,Fraud,"[Greetings] [Title][Name], this is [Title][Name] from [Company] . We have detected some suspicious activity on your credit card. There are transactions exceeding [Money] to a [Company] e-wallet. Urgent cooperation is required for a swift resolution. Your immediate attention is crucial.",this is from we have some on your there are to a is for a your is,Fraud,"The caller claims to be from a company and reports suspicious activity without verifying identity, which is a common scam tactic.",Fraud,"The caller's speech is incoherent and nonsensical, indicating a potential scam attempt to confuse or mislead the recipient."
606,Fraud,"[Greetings] [Name], [Title][Name] here. Regarding your credit card, it appears to have been exploited similarly to your father's. We urgently need your cooperation to block and deactivate your card. Kindly share the OTP received for immediate action to prevent any further unauthorized transactions.",here your it to have been to your we your to and your the for to any further,Fraud,"The caller is requesting sensitive information like an OTP to block a card, which is unusual and risky.",Fraud,"The caller's speech is incoherent and nonsensical, indicating a potential scam attempt."
607,Normal,"[Greetings], this is [Name] from [Company] Resorts. You are planning a stay with us. Could you share your preferred check-in and check-out dates so we can check availability and rates for your booking?",this is from you are a with us could you your in and out so we can and for your,Normal,The caller identified themselves and their company clearly and asked for specific information relevant to making a reservation.,Fraud,"The caller's speech is disjointed and nonsensical, indicating a potential scam attempt."
608,Normal,"[Greetings], this is [Company] Auto Service. Your vehicle is due for scheduled maintenance. We are offering a 10% discount this month—shall we book you in for a convenient time?",this is your is for we are a this shall we you in for a,Normal,"The caller identified themselves from an auto service company and offered a discount for maintenance, which is a normal business practice.",Fraud,"The caller's speech is disjointed and nonsensical, indicating a potential scam attempt."
609,Fraud,"As part of our limited-time promotion, you can now grab the [Product] at an unbeatable price that is too good to pass up. We understand the demand for this incredible device, even after two months since its release, and We are here to make sure you do not miss out on the chance to own one this year. To sweeten the deal, the first customers will receive an additional off the already discounted pric",as of our you can now the at an that is too to up we the for this even after since its and we are here to you do not out on the to own one this to the the will an off the the and of the all while but here is the this is for the only do not this your of the and be one of the with the in this what do you to this with the and in,Fraud,The caller uses high-pressure sales tactics and creates a sense of urgency to push the recipient into making an impulsive purchase.,Fraud,"The caller's speech is incoherent and nonsensical, indicating possible fraudulent intent through confusion or disorientation tactics."
610,Fraud,"As part of our investigation, we believe it would be helpful for you to apply for a personal loan of [Money]. Once approved, we will guide you on where to allocate the funds. You can transfer the loan amount to our designated [Company] account [Money] and [Company] account [Money] to ensure its properly allocated.",as of our we it would be for you to for a of we will you on where to the you can the to our and to its,Fraud,"The caller is asking for a loan to be transferred to their designated accounts, which is a common tactic in fraudulent activities.",Fraud,"The text is incoherent and nonsensical, indicative of a potential scam attempt to confuse or disorient the recipient."
611,Fraud,"Congratulations on your first successful investment! As you can see, our platform delivers on its promises. Now, imagine the profits you could make with a larger investment. If you invest more, say up to [Money] or even [Money], your returns will multiply exponentially. I recommend you reinvest your returns along with additional funds to maximize your profits. We have a special offer right now for",on your as you can our on its now the you could with a if you more up to or even your will i you your along with to your we have a now for our by you could within a few this is a you should not,Fraud,"The caller pressures the recipient to invest more money for higher returns, which is a common tactic used by scammers.",Fraud,"The transcript contains nonsensical and disjointed phrases, indicative of a potential scam attempt to confuse or mislead the recipient."
612,Fraud,"[Greetings], [Title][Name]. I am reaching out from [Charity Name], dedicated to helping underprivileged children. A small donation of [Money] could change lives. Kindly fill out our donor form with your full name, home address, and banking details so we can issue your official donation certificate. We need your response before the end of this month.",i am out from to a of could out our with your and so we can your we your before the of this,Fraud,Requesting personal and banking information for a donation certificate is unusual and risky.,Fraud,"The caller's speech is incoherent and nonsensical, indicating a potential scam attempt."
613,Normal,"[Greetings], this is [Name]. I found a new productivity tool I think you would really like. It helps organize creative projects without being overwhelming. Want to try it out together?",this is i a i you would it without being to it out,Normal,The caller introduces themselves and offers a helpful suggestion without any immediate request for personal information or financial commitment.,Fraud,The transcript contains nonsensical and disjointed speech patterns typical of a scam attempt to confuse or disorient the recipient.
614,Fraud,"[Greetings], I noticed your profile and thought you would be interested in an easy part-time job. We are hiring product testers for electronics. You can earn up to [Money] a day. Want to know more? Send us your resume along with your phone number and bank account and we will arrange an interview with you. Latest to submit is by this month.",i your and you would be in an we are for you can up to a to more us your along with your and and we will an with you to is by this,Fraud,Requesting sensitive information like bank account details for an initial job inquiry is suspicious.,Fraud,"The caller's speech is incoherent and nonsensical, indicating a potential scam attempt."
615,Fraud,"[Greetings], it is[Title][Name] here, representing the police headquarters. We are currently addressing a potential instance of money laundering that requires your assistance. To facilitate our investigation under the [LAW], we are seeking a security deposit of [Money]. Rest assured; this is a customary measure. Kindly make the transfer to the provided account, and we will ensure your cooperation ",it is here the we are a of that your to our under the we are a of this is a the to the and we will your is your will be the,Fraud,The caller requested a security deposit under false pretenses of representing law enforcement.,Fraud,"The caller's speech is incoherent and nonsensical, indicating a potential scam attempt."
616,Normal,"[Greetings], this is [Name]. I know you have been working on your public speaking skills. There is a community event at [Location] where new speakers can practice. Would you like me to sign us both up?",this is i you have been on your there is a at where can would you me to us both up,Normal,The caller is offering assistance related to a community event for skill development.,Fraud,The transcript contains nonsensical and disjointed speech patterns typical of a scam attempt to confuse or disorient the recipient.
617,Normal,"[Greetings], this is [Name]. I am organizing a surprise appreciation call for [Name] this weekend. It would be great to have you join and share a few kind words. Let me know if you are available.",this is i am a for this it would be to have you and a few me if you are,Normal,"The caller is inviting participation in a social event, which is not indicative of fraudulent activity.",Fraud,The transcript shows incoherent and suspicious speech patterns typical of a scam attempt.
618,Fraud,"Great news! Your contributions have made a real impact. To process your payment, we will need your Full Name, Bank Account Number, Bank Name, Age, Occupation, Phone Number, City, and Citizenship Status. Citizenship Status and CVV or OTP.",your have a to your we will your and and or,Fraud,The caller is requesting sensitive personal information including bank account details and CVV/OTP for an unspecified payment processing purpose.,Fraud,"The caller's speech is incoherent and nonsensical, indicating a potential scam attempt."
619,Normal,"[Greetings], this is [Name]. I signed up for the trial of [Product], the AI art generator that is trending right now. It created some amazing images from just a few words. Would you like to try it out together?",this is i up for the of the that is now it some from just a few would you to it out,Normal,"The caller is inviting someone to use a product together, which does not indicate fraudulent activity.",Fraud,The caller's speech is incoherent and nonsensical.
620,Normal,"[Greetings], this is [Name]. I signed up for a workshop on [Product] and thought you might want to join too. It is happening on [Date] and looks really fun.",this is i up for a on and you might to too it is on and,Normal,"The caller is inviting someone to a workshop they have signed up for, which appears to be genuine engagement rather than a scam attempt.",Fraud,"The caller's speech is incoherent and nonsensical, indicating a potential scam attempt."
621,Fraud,"[Greetings], is this [Title][Name]? I am calling from [Company] . I am representing your son, Benjamin. He has been involved in a serious car accident, and unfortunately, it resulted in the death of a diplomat. He is currently in custody and will be facing a court trial. I understand this is a difficult time for you. Benjamin is quite shaken, but he is cooperating. To ensure his legal representati",is this i am from i am your he has been in a and it in the of a he is in and will be a i this is a for you is but he is to his we an of for the it is me i am in and i your do you can to me out of here i am so we your to the we the as as,Fraud,The caller is requesting an upfront payment for court fees under false pretenses involving a fabricated accident and legal trouble for the recipient's son.,Fraud,"The caller's speech is disjointed and nonsensical, indicating potential fraudulent behavior."
622,Normal,"[Greetings], this is [Company] Technical Support. We have received your service request for your [Product]. Would you be available on [Date] at 2:00 PM for a remote troubleshooting session?",this is we have your for your would you be on at for a,Normal,The caller identified themselves and provided a specific service request related to a product.,Fraud,"The caller's speech is disjointed and nonsensical, indicating a potential scam attempt."
623,Normal,"[Greetings], this is [Name] from [Company] Energy Services. You had a query about your recent electricity bill. Kindly share your account number so we can assist you further.",this is from you had a about your your so we can you further,Fraud,Requesting personal information like an account number without verifying the caller's identity first is a common scam tactic.,Fraud,"The caller's speech is disjointed and nonsensical, indicating a potential scam attempt."
624,Normal,"[Greetings], this is [Name] from [Company] Bank. I am calling to update you about your current account balance. Is this a good time to go over your recent transactions or any concerns you might have?",this is from i am to you about your is this a to over your or any you might have,Fraud,"The caller claims to be from a bank but initiated contact without prior arrangement for an update, which is unusual practice.",Fraud,"The caller's speech is disjointed and nonsensical, indicating a potential scam attempt."
625,Fraud,"[Greetings], this is [Title][Name]from the Financial Security Bureau. We have encountered a case involving your accounts. For verification, we will need your full name, identity number, and the names of your main banks. Your cooperation is crucial.",this is from the we have a your for we will your and the of your your is,Fraud,The caller requests sensitive personal information for verification.,Fraud,"The caller's speech is incoherent and nonsensical, indicating a potential scam attempt."
626,Fraud,"[Greetings]! We are on the lookout for individuals with a flair for sales. Our affiliate marketing initiative involves purchasing specific products in advance, resulting in boosted sales and substantial commissions. This is a win-win situation. Would you like more details?",we are on the for with a for our in in and this is a would you more,Fraud,The offer sounds too good to be true and involves upfront purchases for promised rewards.,Fraud,The transcript contains nonsensical and disjointed speech patterns typical of scam attempts.
627,Fraud,"Hi! I am [Name], an HR recruiter from [Company] . you just made [Company] more recognized, and you will be rewarded accordingly. This is the basic requirement to make the payment. Note that we will never ask you for private and sensitive information such as CVV, OTP, Bank Card number, etc. Please give me your Payee full name, Bank account number, Bank name, Age, Occupation, phone number, city and ",i am an from you just more and you will be this is the to the that we will never you for and such as me your and are you are a,Fraud,"The caller is requesting sensitive personal information under the guise of an HR process, which is unusual and risky.",Fraud,"The caller's speech is incoherent and nonsensical, indicating a potential scam attempt."
628,Fraud,"Congratulations! You have won a vacation package to an exotic destination. However, we need a payment from you before you can claim your prize. Please transfer the payment to this bank account [Number].",you have a to an however we a from you before you can your the to this,Fraud,"The caller is asking for payment to claim a prize, which is a common scam tactic.",Fraud,"The caller's speech is incoherent and nonsensical, indicating a potential scam attempt."
629,Normal,"[Greetings], this is [Title][Name] from the police department. You witnessed a hit-and-run accident. Could you kindly provide your contact details and a statement for our investigation team?",this is from the you a and could you your and a for our,Fraud,Unsolicited calls claiming to be from law enforcement asking for personal information are common scam tactics.,Fraud,"The caller's speech is incoherent and nonsensical, indicating a potential scam attempt or a malicious intent to waste time."
630,Normal,"[Greetings], this is [Name]. [Company] added real-time collaboration to their coding platform, and it looks perfect for remote pair programming. Want to try it on a small script later today?",this is to their and it for to it on a,Normal,The caller is offering to collaborate on a professional task using new features of an existing platform.,Fraud,The transcript contains nonsensical phrases indicating a potential scam attempt.
631,Normal,"[Greetings], this is [Title][Name] from the police department. You reported witnessing a minor road accident. Could you provide more details such as the time, place, and any involved vehicles or individuals?",this is from the you a could you more such as the and any or,Normal,The caller identifies themselves from a legitimate institution and asks for details related to a reported incident.,Fraud,The transcript contains nonsensical phrases indicating a potential scam attempt or a deliberate misleading message.
632,Fraud,"[Greetings], this is the [Company] contacting you. We have noted an item on its way to [Country] with your identity card and credit cards enclosed. However, we have encountered a minor hiccup in the process. To proceed, we need to verify your information for security reasons. Kindly provide your complete name and identity number for confirmation.",this is the you we have an on its to with your and however we have a in the to we to your for your and for,Fraud,The caller is requesting sensitive personal information under false pretenses.,Fraud,"The caller's speech is incoherent and nonsensical, indicating a potential scam attempt."
633,Fraud,"[Greetings] , [Title]. I am [Title][Name], part of the Financial Crimes Task Force. We are looking into a series of unusual transactions. To assist us, we need your banking particulars. Could you please disclose your full name, identity number, and bank account details?",i am of the we are into a of to us we your could you your and,Fraud,Requesting personal banking information is a common tactic used by scammers.,Fraud,"The caller's speech is incoherent and nonsensical, indicating a potential scam attempt or a deliberate misleading communication."
634,Fraud,"[Greetings], this is [Name] from [Company]. We have identified an issue with your electricity bill. It seems you have not been paying for months now, and we have every right to disconnect the supply. To avoid disconnection, we need your immediate payment. You may contact our [Company] or make a payment transfer to this bank account [Number].",this is from we have an with your it you have not been for now and we have every to the to we your you may our or a to this,Fraud,The caller threatened immediate disconnection and requested an immediate payment transfer to a specific bank account without verifying the recipient's identity properly.,Fraud,"The caller's speech is incoherent and nonsensical, indicating a potential scam attempt."
635,Fraud,"[Greetings], this is the [Company] . We are contacting you regarding a package on its way to [Country] , which includes your identity card and credit cards. Our system shows this package is designated for you. However, there seems to be a slight snag in the process. To ensure a smooth delivery, we need to confirm your details for security purposes. Could you kindly verify your complete name and id",this is the we are you a on its to which your and our this is for you however there to be a in the to a we to your for could you your and with us,Fraud,The caller is requesting sensitive personal information under the pretense of package delivery.,Fraud,"The caller's speech is incoherent and nonsensical, indicating a potential scam attempt."
636,Fraud,"Perfect, [Title]. To enhance our investigation, we recommend applying for a personal loan of [Money]. Once approved, we will guide you on where to allocate the funds. Excellent, [Title]. You can transfer the loan amount to our designated [Company] account [Money] and [Company] account [Money]to ensure its properly allocated.",to our we for a of we will you on where to the you can the to our and to its,Fraud,"The caller is asking for a loan to be transferred to their designated accounts, which is a common tactic in scam calls.",Fraud,The text contains nonsensical phrases indicating a potential scam attempt.
637,Fraud,"Congratulations! You have won a free vacation package to an exotic destination. To claim your prize, we require your credit card information for verification purposes. Do not miss this opportunity!",you have a to an to your we your for do not this,Fraud,Requesting credit card information for verification purposes is a common scam tactic.,Fraud,"The caller's speech is incoherent and nonsensical, indicating a potential scam attempt."
638,Fraud,"[Greetings] aspiring traders! Welcome to [Company] , the ultimate destination for elite investors seeking extraordinary profits in the [Company] investment market. I am [Name], your experienced admin, and I am here to introduce you to an exclusive opportunity that will catapult your financial success – the [Company][Product]! I have spent years mastering the [Company] market, and now, I am sharing",to the for in the i am your and i am here to you to an that will your the i have the and now i am my with a few our that i have my and i you to the same has been in the of our is the in the to in our as a of for our the who up within the will an to their my the and our would not the of are to you to do not out on this to the of now and us your a,Fraud,The caller uses high-pressure sales tactics and promises unrealistic returns to lure potential victims into joining a potentially fraudulent investment scheme.,Fraud,"The transcript contains nonsensical phrases and disjointed sentences, indicative of a scam attempt to confuse or mislead the recipient."
639,Fraud,"Congratulations! You have been selected for a lucrative job opportunity at [Company] . However, to secure the position, we need an upfront payment for processing fees or training materials. Please provide your payment information or you may transfer the payment to this bank account [Number].",you have been for a at however to the we an for or your or you may the to this,Fraud,Request for upfront payment is a common scam tactic.,Fraud,"The caller's speech is incoherent and nonsensical, indicating a potential scam attempt."
640,Normal,"[Greetings], this is [Company] Healthcare Services. We are updating patient contact info for health alerts. Could you confirm your preferred phone number or email address?",this is we are for could you your or,Normal,The caller identified a specific company and provided a clear reason for contacting the individual related to healthcare services.,Fraud,"The caller's speech is incoherent and nonsensical, indicating a potential scam attempt or a malicious party trying to waste time."
641,Normal,"[Greetings], this is [Name] from [Company] Travel Support Services. Before traveling, we recommend stopping by our office to go through travel advisories and complete your destination checklist. Walk-ins are welcome Monday through Friday.",this is from before we by our to through and your are through,Normal,The caller provides a legitimate-sounding service related to travel advisories and checklists.,Fraud,The caller's speech is incoherent and nonsensical.
642,Normal,"[Greetings], this is [Company] HR Team. Thank you for your recent application. We would like to schedule a formal interview to discuss the [Title] position. Are you available next week?",this is you for your we would to a to the are you,Normal,The caller identified themselves from a company's HR team and initiated contact regarding an interview for a position applied for previously.,Fraud,"The caller's speech is incoherent and nonsensical, indicating a potential scam attempt."
643,Fraud,"[Greetings] , is this [Title][Name]? I am calling from [Company] . Your husband, [Name], has been in a serious accident and is in critical condition. We need to perform immediate surgery, and the total cost is [Money]. We require an upfront payment to proceed. Please make the payment at this bank account number [Number].",is this i am from your has been in a and is in we to and the is we an to the at this,Fraud,The caller is requesting immediate payment for medical services without verifying the identity of the recipient properly and providing suspiciously specific financial instructions.,Fraud,"The caller's speech is incoherent and nonsensical, indicating a potential scam attempt."
644,Normal,"[Greetings], this is [Name]. I know it has been a challenging few week for you. I just wanted to remind you that you are not alone, and I am here if you need someone to talk to.",this is i it has been a few for you i just to you that you are not and i am here if you to to,Normal,The caller offers support and empathy without any request for financial information or suspicious actions typical of a scam.,Fraud,"The caller's speech is incoherent and nonsensical, indicating potential fraudulent behavior aimed at confusing or disorienting the recipient."
645,Normal,"[Greetings], this is [Name] from [Company] Gas Services. You mentioned a discrepancy in your gas bill. Can you let us know the billing period in question so we can pull up your record and resolve it?",this is from you a in your can you us the in so we can up your and it,Normal,The caller identified themselves from a specific company and addressed a specific issue related to billing.,Fraud,"The caller's speech is disjointed and nonsensical, indicating a potential scam attempt."
