idx,true,text,qwen_kb,qwen_kb_why
0,Fraud,with amazon how can i help you i i need to speak to the i guess fraud department amazon yes ma'am this is amazon fraud prevention department how can i help you oh wow okay so i i got an email saying there was a 17 500 90 wait oh 1 750 i mean that's still a lot though 1 750 order and this is fraud you did not prevent this fraud this is i did not place this order it has a an ugly looking mouse for a,Fraud,"3 learned patterns matched. The caller is reporting a suspicious order and interacting with someone claiming to be from the fraud prevention department, which aligns with typical behaviors of scams aiming to gather information or validate fraudulent activities."
1,Normal,good morning i'm really struggling because blue screen of death thanks for reaching out i'll help you sort out blue screen of death how long has this been happening about a week ago i thought it would fix itself but it didn't i see as a first step have you tried unplugging and reconnecting the device done that already no change let me check from my end can you provide your device model i checked a,Normal,The interaction appears to be a legitimate technical support session for resolving a computer issue.
2,Normal,hello i need urgent help software won't install hello i'm sorry to hear that let's fix this together when did software won't install start it happened after i restarted my computer got it have you tried restarting the device completely i tried that didn't work at all let's go further can you check for any pending system updates there's a pending update should i install it now that driver error is ,Normal,The interaction appears to be a standard technical support conversation.
3,Normal,hello i need urgent help laptop battery not charging good day i'm here to help let's start when did you first notice laptop battery not charging about a week ago i thought it would fix itself but it didn't understood first let's try a full shutdown and restart did that help done that already no change okay please navigate to settings and check the device drivers settings show version 3 1 2 is that,Normal,The interaction appears to be a legitimate technical support session.
4,Normal,hey i'm having a technical issue printer not detected hello i'm sorry to hear that let's fix this together when did printer not detected start it began yesterday morning i haven't changed anything i see as a first step have you tried unplugging and reconnecting the device yes still happening after the restart okay please navigate to settings and check the device drivers i checked and the drivers s,Normal,The interaction appears to be a genuine technical support conversation.
5,Normal,i need support laptop battery not charging and it's causing me a lot of stress hi that sounds frustrating can you tell me more about when laptop battery not charging began about a week ago i thought it would fix itself but it didn't got it have you tried restarting the device completely multiple restarts still the same issue let me check from my end can you provide your device model i checked and ,Normal,The interaction appears to be a legitimate customer service support session for a technical issue.
6,Fraud,is this mr yeah this is you today i'm doing pretty good how are you i'm doing very well thanks for asking lovely lovely so you must be knowing that our company is giving you a refund of 399 which you will subscribe and this refund is being given to you because the service will not be needed in your computer anymore yeah 389 399 99 i was telling the last time we paid for norton was back in 2004 i h,Fraud,"3 learned patterns matched. The caller claims an unexpected refund for a service not recently used by the recipient, which is indicative of attempting to engage in a fraudulent activity likely related to installing malware or gaining personal information under false pretenses."
7,Fraud,hello thank you for calling mcafee hi my name is how can i help you hi i got an invoice for mcafee today it just says despite your previous plan expiring we have now renewed your service plan as your hobbit auto debit services in effect there is no dollar amount listed well so what what am i being charged still i'm trading mom okay and i got information that you have been charged or the auto real ,Fraud,"2 learned patterns matched. The caller is being charged for an auto-renewed service plan without their consent and is attempting to cancel it, which aligns with typical behaviors of a scam involving unexpected charges and attempts to stop them."
8,Fraud,hi i need to speak to the norton department please yeah ma'am this is norton how may i help you sorry what is you name my name is okay do you work for norton yes norton antivirus support okay i got a call an email sorry i think from someone named about about my norton subscription being auto renewed okay can you tell me the auto id number or the invoice number hello it's okay and what is the amoun,Normal,"2 learned patterns matched. The caller is seeking assistance regarding a legitimate-seeming service (Norton subscription), without pressing for personal information or unexpected benefits."
9,Fraud,calling this is how can i help you yeah i'm going about my refund i said you're closing down or something okay you okay you want you want to cancel right yes okay are you in front of your computer side is your computer on yes okay so tell me what do you see on the computer my computer screen okay look at the very bottom left hand corner at the very bottom left corner which icon do you see on my co,Fraud,The caller's behavior and questions suggest a typical pattern of tech support scam tactics.
10,Normal,hello i need urgent help usb port not working hi that sounds frustrating can you tell me more about when usb port not working began about a week ago i thought it would fix itself but it didn't thank you can you try clearing the cache and restarting the application multiple restarts still the same issue okay please navigate to settings and check the device drivers my device model is hp pavilion 15 ,Normal,The interaction appears to be a legitimate technical support conversation.
11,Normal,hi my software won't install and i have no idea what to do hello i'm sorry to hear that let's fix this together when did software won't install start about a week ago i thought it would fix itself but it didn't i see as a first step have you tried unplugging and reconnecting the device i tried that didn't work at all alright let's try running the built in diagnostic tool there's a pending update s,Normal,The interaction appears to be a standard customer support session for software installation issues.
12,Normal,i need support microphone not detected and it's causing me a lot of stress thanks for reaching out i'll help you sort out microphone not detected how long has this been happening it started two days ago completely out of nowhere understood first let's try a full shutdown and restart did that help yes still happening after the restart okay please navigate to settings and check the device drivers i ,Normal,The caller followed standard troubleshooting steps and resolved the issue without unusual behavior.
13,Fraud,thank you for calling the support desk of norton my name is how can i help you hey how are you i'm good sir how about you i'm doing i'm doing okay got a lot kind of got a lot going on i'm starting to i sold i sold my i sold my business and if i'm honest i don't know what to do with myself i understand i retired i retired a couple months back sold the business and now i'm sitting here with all this,Normal,The conversation does not contain any indicators of fraud or scam activities.
14,Normal,good morning i'm really struggling because keyboard keys not responding good day i'm here to help let's start when did you first notice keyboard keys not responding it started two days ago completely out of nowhere understood first let's try a full shutdown and restart did that help done that already no change alright let's try running the built in diagnostic tool settings show version 3 1 2 is th,Normal,The interaction appears to be a genuine customer service support session for troubleshooting keyboard issues.
15,Normal,hi my software won't install and i have no idea what to do thanks for reaching out i'll help you sort out software won't install how long has this been happening it began yesterday morning i haven't changed anything thank you can you try clearing the cache and restarting the application done that already no change okay please navigate to settings and check the device drivers i ran the diagnostic a,Normal,The caller received technical assistance and resolved their issue without any suspicious activities.
16,Fraud,thank you for calling support this is how can i help you hello can you hear me can can you yeah i can hear you you can hear me yeah i can hear you hi i received this a message popup message on my computer telling me that i need to contact this number because access to this pc has been blocked for security reasons to see what is going on here all right i will surely help you out can you just let me,Normal,"2 learned patterns matched. The caller is seeking assistance for a message on their computer and there are no indications of urgency, threats, or requests for personal information that match scam behaviors."
17,Normal,hi there i've been dealing with fan making loud noise for a while now good day i'm here to help let's start when did you first notice fan making loud noise this started after the last system update thank you can you try clearing the cache and restarting the application multiple restarts still the same issue let's go further can you check for any pending system updates settings show version 3 1 2 i,Normal,The call involved troubleshooting a technical issue and did not contain any suspicious elements indicative of fraud.
18,Fraud,hello hello i'm calling about my refund sure wish you a very good day sir this is here and we are calling you from the microsoft refund department how are you doing today i'm doing great how are you doing you sound like you're out of breath are you running i'm fine you sound like you're breathing i'm fine thanks for asking well sir the call is well sir the call is about your refund okay like did y,Normal,1 learned pattern matched. The transcript does not match the distinguishing signals of a healthcare offer scam.
19,Fraud,thank you for connecting with the cancellation department how may i assist you yes i had a missed call from this number it said to call for my refund yes sir so right now sir what you want to do do you want your refund or do you want to renew it no i want my refund i didn't know i was paying it all right no problem actually sir right now what happened your computer firewall security and the window,Fraud,The caller claimed that the recipient's computer security had expired and needed updating as a ruse to诱导退款。
20,Normal,hello i need urgent help software won't install hello i'm sorry to hear that let's fix this together when did software won't install start since this morning it was fine yesterday understood first let's try a full shutdown and restart did that help yes still happening after the restart let's go further can you check for any pending system updates settings show version 3 1 2 is that the latest perf,Normal,The interaction appears to be a legitimate technical support session.
21,Fraud,thank you for calling technical support how can i help you hi i'm getting a message on my screen that says access to this device has been blocked for security reasons oh are you doing something on the internet ma'am when this thing happened yes i was looking at dress patterns and i came across a lovely article that was hosted on a facebook page yes let me tell you ma'am why the reason your compute,Fraud,1 learned pattern matched. The caller insists that the user's computer has been blocked due to a trojan infection and attempts to gather sensitive information from the user.
22,Fraud,hello hi thank you for calling technical support this is how can i help you hey i was on with this guy because i had a pop up and he had me a download ultra viewer and then he just like shut his phone off and he didn't help me well do you have the ultra viewer id and the password on your screen yes sir i do can you are you able to help me well all right just give me one minute okay okay i just wan,Fraud,"The caller mentions a suspicious software ""ultra viewer"" and an abrupt hang-up by the previous support person, indicating potential tech support scam tactics."
23,Normal,hi my webcam not working and i have no idea what to do good day i'm here to help let's start when did you first notice webcam not working since this morning it was fine yesterday thank you can you try clearing the cache and restarting the application yes i restarted multiple times same problem let's go further can you check for any pending system updates i ran the diagnostic and it says driver err,Normal,The interaction appears to be a legitimate technical support session.
24,Normal,good morning i'm really struggling because printer not detected hi that sounds frustrating can you tell me more about when printer not detected began it started two days ago completely out of nowhere i see as a first step have you tried unplugging and reconnecting the device done that already no change let me check from my end can you provide your device model my device model is hp pavilion 15 hop,Normal,The interaction appears to be a genuine customer service exchange for printer troubleshooting.
25,Normal,i need support keyboard keys not responding and it's causing me a lot of stress good day i'm here to help let's start when did you first notice keyboard keys not responding it happened after i restarted my computer got it have you tried restarting the device completely multiple restarts still the same issue let's go further can you check for any pending system updates i checked and the drivers see,Normal,The interaction appears to be a genuine technical support conversation.
26,Fraud,thank you for calling online support you're speaking to how may i help you today hi i have a strange message on my screen that says that my computer is blocked for security reasons all right miss if you don't mind can you read that complete message for me so that i can easily understand that yes okay i'm over at the computer it literally says windows defender security warning access to this comput,Fraud,3 learned patterns matched. The caller is describing a typical scenario where scammers use fake security warnings to create urgency and gain access to personal information.
27,Normal,hi there i've been dealing with webcam not working for a while now hello i'm sorry to hear that let's fix this together when did webcam not working start since this morning it was fine yesterday i see as a first step have you tried unplugging and reconnecting the device yes still happening after the restart let's go further can you check for any pending system updates i ran the diagnostic and it s,Fraud,The caller sent a suspicious update link to resolve the issue.
28,Fraud,thank you for calling norton this is how can i help you i'm being charged 255 so would you like to continue with it or would you like to cancel it i would like to cancel because we didn't we didn't okay okay okay for the cancellation you have to be seated in front of your computer so i can help you out with the cancellation if your computer is turned on right now yes it's turned on how do you thin,Fraud,"The caller instructed to open a web browser and follow instructions, which is a common tactic for remote access scams."
29,Normal,hello i need urgent help blue screen of death hi that sounds frustrating can you tell me more about when blue screen of death began it happened after i restarted my computer thank you can you try clearing the cache and restarting the application yes still happening after the restart alright let's try running the built in diagnostic tool settings show version 3 1 2 is that the latest perfect i'll p,Normal,The interaction appears to be a standard technical support session for resolving a computer issue.
30,Fraud,thank you for calling in geek squad this is how can i help you yes this is i had a message to call this number oh yeah man this call is regarding your computer a laptop services it's called expired and for the renewal you're about to get a charge of two hundred and ninety nine dollars what this is just a confirmation call whether you want to renew 299 for what for your computer services like firew,Fraud,"3 learned patterns matched. The caller is creating a sense of urgency by threatening to charge for services that the recipient did not know they were paying for, which aligns with the Urgency and Threats scam category."
31,Normal,i need support usb port not working and it's causing me a lot of stress hello i'm sorry to hear that let's fix this together when did usb port not working start this started after the last system update i see as a first step have you tried unplugging and reconnecting the device i tried that didn't work at all alright let's try running the built in diagnostic tool settings show version 3 1 2 is tha,Normal,The interaction appears to be a genuine technical support conversation.
32,Fraud,thank you for calling paypal please press one to talk with an agent your call will be recorded for training and monitoring purposes thank you thank you for calling paypal this is how can i help you hi i'm calling microsoft because i have a problem with my product key okay oh oh yeah so you have received a pop up from microsoft right yes i received an offical pop up pop up from paypal and microsoft,Normal,3 learned patterns matched. The call does not match any distinguishing signals from the learned knowledge base for scams.
33,Fraud,thank you for calling support this is how may i help you today yeah can you can you transfer me to the just technical support team my computer sure you're talking to microsoft technical support okay so i'm already in the right place great great i got yes a little bit of a little bit of a problem i don't know how to fix in that i was on the laptop doing the same thing i do every day okay and for so,Fraud,The caller is likely engaging with a simulated Microsoft support scenario indicative of a scam.
34,Normal,hello i need urgent help webcam not working good day i'm here to help let's start when did you first notice webcam not working about a week ago i thought it would fix itself but it didn't got it have you tried restarting the device completely done that already no change alright let's try running the built in diagnostic tool settings show version 3 1 2 is that the latest that version is outdated le,Normal,The interaction appears to be a standard technical support conversation without any suspicious elements.
35,Fraud,thank you for calling this is hi i'm responding to a text message that i got about a auto renewal for norton lifelock i haven't used norton in many years so i guess i'm subscribed still it seems so sir because they know that's the only case when you receive those messages okay well so did you you try to subscribe to our northern lifelock security no i mean that's what's confusing me i i i never ha,Normal,"3 learned patterns matched. The caller is responding to a text message about an auto-renewal and is seeking clarification, which does not match the distinguishing signals of any scam category provided."
36,Fraud,hello yes i'm calling for yes my name is i'm i'm husband yes i'm calling about an invoice that we received last week for 398 yes yes obviously but today each and everything is not working so we are giving you a call back on tomorrow because you know today the banks are closed right now so we can't make a transaction well our bank cyprus credit union's open yeah why not we will provide you the refu,Normal,3 learned patterns matched. The caller does not exhibit typical scam behaviors such as creating urgency through threats or requesting sensitive personal information.
37,Normal,good morning i'm really struggling because printer not detected hi that sounds frustrating can you tell me more about when printer not detected began this started after the last system update thank you can you try clearing the cache and restarting the application i tried that didn't work at all let's go further can you check for any pending system updates i checked and the drivers seem outdated ye,Normal,The conversation appears to be a typical technical support interaction.
38,Fraud,thank you for calling customer support my name is how can i help you yes i just got home and noticed an email that was in my inbox i'm telling me that i have a seven almost seven hundred 693 93 a bill for a product called mcafee i don't understand why we're paying for this i don't even know what mcafee is okay so it is for your computer do know about it we were told by geek squad that our computer,Normal,"3 learned patterns matched. The caller is seeking assistance to cancel an unexpected bill, which does not match the distinguishing signals of any known scam categories."
39,Normal,hey i'm having a technical issue laptop battery not charging hi that sounds frustrating can you tell me more about when laptop battery not charging began it happened after i restarted my computer understood first let's try a full shutdown and restart did that help yes still happening after the restart let me check from my end can you provide your device model i ran the diagnostic and it says drive,Normal,The interaction appears to be a legitimate technical support conversation.
40,Normal,hi my blue screen of death and i have no idea what to do hello i'm sorry to hear that let's fix this together when did blue screen of death start it happened after i restarted my computer got it have you tried restarting the device completely yes still happening after the restart okay please navigate to settings and check the device drivers settings show version 3 1 2 is that the latest yes please,Normal,The interaction appears to be a legitimate technical support conversation.
41,Fraud,thank you for calling technical support here speaking with how can i help you today hi i have a message on my screen that says my computer's been blocked for security reasons and for safety no problem ma'am i will surely help you okay let me go ahead and guide you some of the troubleshooting steps which you have to follow so i can go ahead and connect your network to our server so i could diagnose,Fraud,The caller is attempting to gain remote access to the computer under the guise of technical support.
42,Fraud,thank you for reaching tech support this is how may i help you today hi i have a message on my screen that says my access to the computer's blockfor security reasons it's all right you don't need to worry about that ma'am well it says my facebook login and my banking has been data is at risk so i am worried it seems like there is a bridge on your network which means it's an attempt of hacking with,Fraud,"1 learned pattern matched. The caller is asking for sensitive information related to security risks on Facebook and banking, which aligns with typical scam behaviors of requesting personal data under false pretenses."
43,Normal,hello i need urgent help fan making loud noise hello i'm sorry to hear that let's fix this together when did fan making loud noise start it started two days ago completely out of nowhere understood first let's try a full shutdown and restart did that help yes still happening after the restart let me check from my end can you provide your device model i checked and the drivers seem outdated yes ple,Normal,The interaction appears to be a standard technical support conversation for resolving an issue with a device.
44,Normal,i need support computer shuts down randomly and it's causing me a lot of stress thanks for reaching out i'll help you sort out computer shuts down randomly how long has this been happening it started two days ago completely out of nowhere i see as a first step have you tried unplugging and reconnecting the device yes still happening after the restart alright let's try running the built in diagnost,Normal,The interaction appears to be a legitimate technical support session.
45,Fraud,yeah i had a message calls number about my amazon account yes sir did you order iphone 11 pro from your amazon account and this is a verification call so do you confirm this order or no i haven't ordered anything what are you talking about i'm talking about your amazon so you haven't done it you did not order iphone 11 pro yeah that's what i'm trying to tell you is i don't know what you're talking,Fraud,"3 learned patterns matched. The caller requests personal verification for an unauthorized order, which is a typical behavior of a scam involving package delivery."
46,Normal,i need support computer shuts down randomly and it's causing me a lot of stress hello i'm sorry to hear that let's fix this together when did computer shuts down randomly start it began yesterday morning i haven't changed anything understood first let's try a full shutdown and restart did that help i tried that didn't work at all alright let's try running the built in diagnostic tool my device mod,Normal,The interaction appears to be a legitimate technical support session.
47,Normal,hi there i've been dealing with computer shuts down randomly for a while now hi that sounds frustrating can you tell me more about when computer shuts down randomly began about a week ago i thought it would fix itself but it didn't got it have you tried restarting the device completely yes still happening after the restart okay please navigate to settings and check the device drivers i checked and,Fraud,"The caller offered to remotely install an update without verifying the recipient's identity or need for such intervention, which is a common scam tactic."
48,Fraud,thank you for calling support you are talking to how may i help you thank you i receive a note your computer has alerted us it has been infected by a trojan spywear the following data has been compromised sir i will tell you what you have to do i'll go ahead and get that checked for you i said may i know the make and model of your computer what i have to do now in this moment sir i am asking what',Fraud,"The caller claims the recipient's computer is infected and demands immediate action, a common tactic in tech support scams."
49,Normal,good morning i'm really struggling because monitor flickering good day i'm here to help let's start when did you first notice monitor flickering it happened after i restarted my computer got it have you tried restarting the device completely yes still happening after the restart alright let's try running the built in diagnostic tool i ran the diagnostic and it says driver error detected that drive,Normal,The interaction appears to be a genuine technical support session.
50,Normal,hi there i've been dealing with webcam not working for a while now good day i'm here to help let's start when did you first notice webcam not working since this morning it was fine yesterday understood first let's try a full shutdown and restart did that help done that already no change okay please navigate to settings and check the device drivers settings show version 3 1 2 is that the latest yes,Normal,The interaction appears to be a standard technical support conversation for troubleshooting a webcam issue.
51,Fraud,hi i got a strange message on my screen that's telling me i have suspicious movements and my computer's been blocked okay and what were you doing on the computer when you got that message i was looking up recipes for chicken chicken casserole did you download anything on your computer lately i did i've got a new wallpaper for my desktop of my dog i downloaded this the other day okay is that a lapt,Fraud,The caller received a message indicating their computer has been blocked and is being guided through a process that typically mimics tech support scams.
52,Normal,good morning i'm really struggling because laptop battery not charging thanks for reaching out i'll help you sort out laptop battery not charging how long has this been happening this started after the last system update understood first let's try a full shutdown and restart did that help yes i restarted multiple times same problem let me check from my end can you provide your device model i check,Normal,The interaction appears to be a legitimate technical support session for resolving a laptop battery issue.
53,Normal,hello i need urgent help keyboard keys not responding hello i'm sorry to hear that let's fix this together when did keyboard keys not responding start it began yesterday morning i haven't changed anything thank you can you try clearing the cache and restarting the application done that already no change okay please navigate to settings and check the device drivers i checked and the drivers seem ou,Fraud,"The caller sent an update link to fix the issue, which is a common tactic for phishing or malware distribution."
54,Fraud,thank you for calling norton this is how can i help you hi there thank you if you could please transfer me to anyone in the help desk who could help me cancel an order that would be greatly appreciated thank you i will help you are you in front of your computer i am yes okay can you give me five to ten minutes and i will give you a call back god can you transfer me to someone else then i mean i re,Fraud,The caller's urgency to cancel an order and reluctance to wait for assistance are suspicious behaviors often associated with scam attempts.
55,Fraud,the cancellation department this is how may i assist you hi my husband i got your call yep voicemail ma'am what's going on okay do you have your personal computer is it at your place yeah we have a computer yes so the firewall protection for your computer has expired he's talking about a computer and he's talking about our computer the box with the things the technology yeah yeah yes okay what's w,Fraud,"The caller is attempting to solicit payment for expired firewall protection, which is a common scam tactic."
56,Normal,good morning i'm really struggling because computer runs very slow thanks for reaching out i'll help you sort out computer runs very slow how long has this been happening about a week ago i thought it would fix itself but it didn't i see as a first step have you tried unplugging and reconnecting the device yes still happening after the restart let's go further can you check for any pending system ,Normal,The interaction appears to be a legitimate technical support conversation.
57,Normal,good morning i'm really struggling because keyboard keys not responding hi that sounds frustrating can you tell me more about when keyboard keys not responding began since this morning it was fine yesterday got it have you tried restarting the device completely yes still happening after the restart let me check from my end can you provide your device model there's a pending update should i install,Normal,The interaction appears to be a legitimate technical support conversation.
58,Fraud,thank you for calling norton this is how may i help you yes my name is i was trying to contact my wife was working with them on getting an invoice refunded to us okay so do one thing open up your google chrome you want me to click on any desk okay it's got okay now give a click on download now now you need to click on never show incoming session do you see third option over there never show incomi,Fraud,"The caller instructed the recipient to download unknown software and disable security warnings, which are common tactics in phishing scams."
59,Fraud,thank you for calling support this is how can i help here hi it's i said i would call you when i got home okay okay so just give me one minute please may i have your name please originally spoke with oh yes i do remember that yes there's a 780 macbook i wasn't ordered on my amazon yes yes yes thank you so much for calling back so could you please get your computer again where are you located we're,Normal,The conversation does not contain any red flags typically associated with scam calls.
60,Normal,good morning i'm really struggling because wifi keeps disconnecting good day i'm here to help let's start when did you first notice wifi keeps disconnecting it started two days ago completely out of nowhere thank you can you try clearing the cache and restarting the application yes still happening after the restart alright let's try running the built in diagnostic tool my device model is hp pavili,Normal,The interaction appears to be a legitimate technical support conversation.
61,Fraud,thank you for calling support you are talking to saw may i help you yes my computer has been locked down i need help i'll help you out ma'am for sure sorry for that inconvenience let me explain you let me explain you something here very quick ma'am hackers somehow they get in your computer and they have installed so many harmful viruses over there with the help of that they are trying to get in yo,Fraud,"3 learned patterns matched. The caller asked for sensitive personal information such as bank details, which is a typical behavior of scammers seeking to obtain personal data."
62,Normal,hi there i've been dealing with printer not detected for a while now thanks for reaching out i'll help you sort out printer not detected how long has this been happening it happened after i restarted my computer i see as a first step have you tried unplugging and reconnecting the device yes i restarted multiple times same problem let's go further can you check for any pending system updates i chec,Normal,The call involved troubleshooting a printer issue without any suspicious activities.
63,Normal,hey i'm having a technical issue microphone not detected hi that sounds frustrating can you tell me more about when microphone not detected began since this morning it was fine yesterday i see as a first step have you tried unplugging and reconnecting the device multiple restarts still the same issue alright let's try running the built in diagnostic tool i ran the diagnostic and it says driver err,Normal,The call involved troubleshooting a technical issue and did not contain any suspicious elements indicative of fraud.
64,Normal,i need support bluetooth not pairing and it's causing me a lot of stress good day i'm here to help let's start when did you first notice bluetooth not pairing since this morning it was fine yesterday understood first let's try a full shutdown and restart did that help yes still happening after the restart alright let's try running the built in diagnostic tool there's a pending update should i inst,Normal,The call involved troubleshooting and resolving a technical issue without any suspicious activities.
65,Fraud,thank you for calling support this is mac how may i help you yes my computer's beeping it says someone signed on to my computer and it's it's a suspicious activity and i could get an infection from it i am really sorry to hear that ma'am can i ask you what exactly you was doing when you got that kind of a message or an alert ma'am all i did was put in american heart association all i did was put i,Normal,"1 learned pattern matched. The caller is seeking assistance related to a suspicious activity alert while trying to access a legitimate website for work purposes, which does not match typical scam behaviors."
66,Normal,hi my wifi keeps disconnecting and i have no idea what to do hello i'm sorry to hear that let's fix this together when did wifi keeps disconnecting start it began yesterday morning i haven't changed anything understood first let's try a full shutdown and restart did that help multiple restarts still the same issue let's go further can you check for any pending system updates settings show version ,Fraud,The caller was remotely connected to and had updates installed without clear verification of the technician's legitimacy.
67,Fraud,hello hello thank you for calling paypal my name is i'm husband she said that i should call you yes told me i help you sir while we have a invoice from paypal for christmas lights 507 99 are you feeling okay you sound like you sound like you might have a cold no no i'm fine sir okay you got a little bit of a cold okay yeah christmas lights do you want to cancel the subscription or you have an issu,Fraud,"3 learned patterns matched. The caller is attempting to create a sense of urgency by discussing an unexpected and expensive subscription for Christmas lights, which aligns with typical scam behaviors aiming to solicit personal or financial information from the recipient."
68,Fraud,thank you for calling microsoft this is how may i help you today i need to speak with someone about a problem with my computer please okay right now you're talking with technician from microsoft my name is could you please tell me what were you doing on your computer when when you got this alert sir hey it's yeah i'm calling about my windows defender oh okay sure so could you read out that alert f,Normal,"2 learned patterns matched. The caller is engaging in a typical support interaction without any signs of urgency, threats, or requests for personal information."
69,Normal,hi my usb port not working and i have no idea what to do hello i'm sorry to hear that let's fix this together when did usb port not working start it happened after i restarted my computer understood first let's try a full shutdown and restart did that help yes still happening after the restart let's go further can you check for any pending system updates there's a pending update should i install i,Normal,The call involves troubleshooting a technical issue.
70,Normal,good morning i'm really struggling because computer runs very slow hi that sounds frustrating can you tell me more about when computer runs very slow began this started after the last system update i see as a first step have you tried unplugging and reconnecting the device done that already no change let me check from my end can you provide your device model i checked and the drivers seem outdated,Normal,The interaction appears to be a legitimate technical support conversation.
71,Normal,good morning i'm really struggling because fan making loud noise hi that sounds frustrating can you tell me more about when fan making loud noise began it began yesterday morning i haven't changed anything thank you can you try clearing the cache and restarting the application yes still happening after the restart let me check from my end can you provide your device model my device model is hp pav,Normal,The interaction appears to be a standard technical support conversation without any suspicious elements.
72,Fraud,hello hello hi i received this email about northern lifelock subscription that is expiring today it's asking me for 249 looks like or something like that i'm i never remember having such a subscription what is going on here who's taking money from my account my company sir because you have our company security software in your computer and this is auto renewal services that's the reason my company,Fraud,"3 learned patterns matched. The caller is creating a sense of urgency and threatening financial implications without clear verification, suggesting an Urgency and Threats scam."
73,Fraud,thanks for calling online support my name is how can i help you today hi i have a strange message on my screen it's telling me that i have suspicious activities is this your laptop or is it a regular pc well it's a dell desktop it runs windows 10 all right okay so this is your personal home computer right yes so what i'm going to do is i'm going to give you some few troubleshooting step okay i wil,Normal,"3 learned patterns matched. The caller is providing technical support and asking for information to troubleshoot an issue, which does not match typical scam behaviors."
74,Normal,i need support usb port not working and it's causing me a lot of stress thanks for reaching out i'll help you sort out usb port not working how long has this been happening it happened after i restarted my computer thank you can you try clearing the cache and restarting the application yes i restarted multiple times same problem let's go further can you check for any pending system updates setting,Normal,The interaction appears to be a legitimate technical support session.
75,Fraud,welcome to technical support avanquest technical support my name's how can i help you hi my name is i've downloaded one safe pc cleaner and it's identified a lot of files that i need to remove but i i can't i can't remove them without i don't want like a license number or something yes and sir that's the reason why you need purchase the license for the onesafe pc cleaner to use all the features in,Fraud,The caller is pretending to be from technical support and attempting to gather information under false pretenses.
76,Normal,good morning i'm really struggling because microphone not detected thanks for reaching out i'll help you sort out microphone not detected how long has this been happening since this morning it was fine yesterday thank you can you try clearing the cache and restarting the application multiple restarts still the same issue let's go further can you check for any pending system updates i checked and t,Normal,The call involved troubleshooting technical issues and did not indicate any signs of fraud.
77,Fraud,thank you for calling macafee how can i help you yeah i hello you called me about 399 thing is that right yeah you received a voice recorded call sir yes ok perfect so sir the call was in regards to a refund of 399 basically three years back you had gone ahead and opted for a security service for your computer and internet connection and okay it was for five years that you made the payments i'm i',Normal,"3 learned patterns matched. The caller is providing information about a past transaction and a refund, which does not match typical scam behaviors such as urgent threats or requests for personal information under false pretenses."
78,Fraud,department how may i help you yes i i had a missed call from this number yes sir this call is about your computer service you charge for the anti virus protection for your computer 399 99 you want to cancel it sir or you want to renew this service well sure i want to cancel it when did they start that when did they charge you okay i'm done sir when you purchase that computer at that time you pay s,Fraud,"3 learned patterns matched. The caller is attempting to charge for a service that was supposedly purchased at the time of buying a computer, which is a common tactic in scam calls aiming to collect payment information under false pretenses."
79,Normal,i need support keyboard keys not responding and it's causing me a lot of stress hi that sounds frustrating can you tell me more about when keyboard keys not responding began it started two days ago completely out of nowhere got it have you tried restarting the device completely i tried that didn't work at all let's go further can you check for any pending system updates settings show version 3 1 2,Normal,The caller received technical support and resolved their issue without any suspicious activity.
80,Fraud,hello hello yeah hi this is from vtech how may i help you sir it's kind of about my refund okay so you don't want to continue the service you want to cancel it of course yeah i didn't even know you are charging my account why is it echoing not a problem so if you want to cancel that we will definitely help you out so are you in front of your computer for the cancellation sir i am in front of my co,Fraud,The caller's request for the recipient to turn on their computer volume is unusual and suggests a potential scam attempt to gain personal information or control over the recipient's device.
81,Normal,good morning i'm really struggling because keyboard keys not responding hello i'm sorry to hear that let's fix this together when did keyboard keys not responding start it began yesterday morning i haven't changed anything got it have you tried restarting the device completely done that already no change let's go further can you check for any pending system updates my device model is hp pavilion 1,Normal,The interaction appears to be a legitimate customer service support session for resolving a technical issue.
82,Normal,good morning i'm really struggling because microphone not detected good day i'm here to help let's start when did you first notice microphone not detected it happened after i restarted my computer understood first let's try a full shutdown and restart did that help done that already no change let's go further can you check for any pending system updates my device model is hp pavilion 15 hope that ,Normal,The interaction appears to be a standard technical support conversation.
83,Normal,good morning i'm really struggling because bluetooth not pairing hello i'm sorry to hear that let's fix this together when did bluetooth not pairing start about a week ago i thought it would fix itself but it didn't i see as a first step have you tried unplugging and reconnecting the device i tried that didn't work at all let's go further can you check for any pending system updates i ran the diag,Normal,The caller and recipient engaged in a troubleshooting process for a technical issue.
84,Normal,hello i need urgent help keyboard keys not responding hello i'm sorry to hear that let's fix this together when did keyboard keys not responding start since this morning it was fine yesterday i see as a first step have you tried unplugging and reconnecting the device multiple restarts still the same issue okay please navigate to settings and check the device drivers my device model is hp pavilion ,Normal,The interaction involved troubleshooting a technical issue without any suspicious elements.
85,Fraud,yeah thanks for calling amazon refund department this is how are you doing today hi i had a voicemail saying i was going to get charged for something can you help me with that alright so as i can see there is some fraud activities are going into your amazon account so can you tell me like are you in front of your computer or laptop right now yes sir i'm at my computer alright ma'am so just use tha,Fraud,"3 learned patterns matched. The caller claims there is fraud activity in the recipient's Amazon account and requests immediate action over the phone to cancel an order, which creates a sense of urgency typical of scam calls."
86,Fraud,thank you for calling how can i help you yeah i'm returning a phone call about my refund yeah this is for the services this call is for the services of your computer so you want to renew the services or you just want to cancel it yeah no i don't want to renew it i didn't know i was paying for it sorry i didn't get you i said no i don't want to renew it i didn't even know i was paying for it okay n,Fraud,The caller's confusion and lack of awareness about a service they are supposedly paying for is suspicious.
87,Normal,hi there i've been dealing with printer not detected for a while now good day i'm here to help let's start when did you first notice printer not detected about a week ago i thought it would fix itself but it didn't understood first let's try a full shutdown and restart did that help yes still happening after the restart alright let's try running the built in diagnostic tool my device model is hp p,Normal,The conversation appears to be a standard technical support interaction.
88,Normal,hi my webcam not working and i have no idea what to do good day i'm here to help let's start when did you first notice webcam not working since this morning it was fine yesterday i see as a first step have you tried unplugging and reconnecting the device done that already no change let's go further can you check for any pending system updates my device model is hp pavilion 15 hope that helps yes p,Normal,The interaction appears to be a standard technical support conversation without any suspicious elements.
89,Normal,i need support external hard drive not recognized and it's causing me a lot of stress hello i'm sorry to hear that let's fix this together when did external hard drive not recognized start it began yesterday morning i haven't changed anything i see as a first step have you tried unplugging and reconnecting the device yes i restarted multiple times same problem let's go further can you check for an,Normal,The caller followed standard troubleshooting steps and received a solution without any suspicious behavior.
90,Fraud,thank you for calling cancellation department how may i help you hi i got a notice saying that i'm going to be owing norton lifelock for 349 it's an invoice all right ma'am now as you can see my system you had been charged like a 349 99 for your computer security software so tell me what you want you want to keep it and you want to cancel it and get back your refund money what do you want i want t,Normal,"2 learned patterns matched. The caller is requesting cancellation of a service they did not realize they were charged for, which does not match typical scam behaviors."
91,Fraud,thank you for calling amazon thank you for calling paypal support my name is how can i help you today i am looking at what appears to be a paypal purchase and it has your phone number on it this is paypal nobody to answer him why did you answer amazon if its paypal no no it's the amazon shopping like i was asking this amazon shopping i was talking with somebody i'm so sorry but you're talking to m,Fraud,"3 learned patterns matched. The caller claims a hacked PayPal account and requests sensitive information under the guise of fraud verification, matching typical scam behaviors for requesting personal data."
92,Normal,hello i need urgent help printer not detected good day i'm here to help let's start when did you first notice printer not detected about a week ago i thought it would fix itself but it didn't i see as a first step have you tried unplugging and reconnecting the device yes i restarted multiple times same problem alright let's try running the built in diagnostic tool there's a pending update should i,Normal,The caller received technical assistance and successfully resolved an issue without any suspicious activities.
93,Normal,i need support software won't install and it's causing me a lot of stress good day i'm here to help let's start when did you first notice software won't install this started after the last system update got it have you tried restarting the device completely multiple restarts still the same issue let's go further can you check for any pending system updates my device model is hp pavilion 15 hope th,Normal,The interaction appears to be a legitimate technical support session.
94,Normal,hi my webcam not working and i have no idea what to do hello i'm sorry to hear that let's fix this together when did webcam not working start since this morning it was fine yesterday i see as a first step have you tried unplugging and reconnecting the device i tried that didn't work at all okay please navigate to settings and check the device drivers my device model is hp pavilion 15 hope that hel,Normal,The conversation appears to be a technical support interaction for webcam issues.
95,Fraud,thank you for calling support how may help you hi i have a strange message on my screen it says access to my device has been blocked for security reasons and can you just read it out for me what exactly see on your computer screen right now well it says windows defender security warning access to this scammer this or computer is blocked for security reasons block for your computer sorry it says yo,Fraud,3 learned patterns matched. The caller describes a scenario that is typical of a scam where a fake security warning is used to create urgency and gain control over the victim's device.
96,Fraud,hello yes this is calling for all right this is sir so you back to your home yeah i just got home i'm just turning on turning on the computer again okay how's your day so far it's really frustrating irritating sir why yes we got two days you know wednesday from wednesday to friday the cancellation keeps going on and you know the cancellation is the big right just open a new tab in your google chro,Fraud,The caller's behavior and irrelevant instructions suggest a potential scam attempt.
97,Normal,good morning i'm really struggling because printer not detected good day i'm here to help let's start when did you first notice printer not detected this started after the last system update understood first let's try a full shutdown and restart did that help yes still happening after the restart let's go further can you check for any pending system updates my device model is hp pavilion 15 hope t,Normal,The interaction appears to be a legitimate customer support session for printer issues.
98,Normal,hi there i've been dealing with computer runs very slow for a while now hello i'm sorry to hear that let's fix this together when did computer runs very slow start since this morning it was fine yesterday i see as a first step have you tried unplugging and reconnecting the device multiple restarts still the same issue let's go further can you check for any pending system updates my device model is,Fraud,"The caller sent an update link without verifying its safety, which is a common scam tactic."
99,Fraud,thank you for calling support you are talking to how may i help you where are you from ma'am i'm from microsoft my name is okay but what country are you from microsoft microsoft windows support ma'am country there's no there's no country by the name of microsoft seattle washington we have a headquarters here in seattle washington ma'am but what country are you from you're not english no no english,Fraud,"The caller claims to be from Microsoft but incorrectly states there is no country named ""Microsoft,"" indicating a potential scam attempt."
100,Normal,hi my laptop battery not charging and i have no idea what to do hello i'm sorry to hear that let's fix this together when did laptop battery not charging start this started after the last system update i see as a first step have you tried unplugging and reconnecting the device i tried that didn't work at all let's go further can you check for any pending system updates my device model is hp pavili,Normal,The interaction appears to be a genuine customer support session for troubleshooting a laptop issue.
101,Fraud,thank you for calling support how can i help you hi i got an email with an invoice for 349 and i'm really really confused why you were confused because i don't even know what mcafee is what is a mcafee mcafee is the charges that has happened to use your account for what yeah so you need to go to your computer so i can help you to go ahead and cancel right now you need to follow the instructions i',Fraud,2 learned patterns matched. The caller is requesting immediate action to cancel charges on an account without providing clear context or verification of the service being legitimate.
102,Fraud,thank you for calling support you're speaking with how can i help you hi i'm i'm calling in regards to a little bit of a problem that i'm that i just got on my my computer i don't okay i don't know exactly what it is but but i was browsing the web and it said that access to my pc had been blocked okay not a problem ma'am we have to just diagnose your system and can you tell me one thing ma'am what,Fraud,The caller's vague description and immediate acceptance of assistance suggest a potential tech support scam attempt.
103,Normal,hello i need urgent help bluetooth not pairing hello i'm sorry to hear that let's fix this together when did bluetooth not pairing start since this morning it was fine yesterday got it have you tried restarting the device completely i tried that didn't work at all let's go further can you check for any pending system updates i ran the diagnostic and it says driver error detected perfect i'll push ,Fraud,The caller agreed to remote access too quickly and easily without verifying the identity of the helper.
104,Fraud,hello hello yes sir can you hear me yeah can yeah i think i i just called a second ago hello yes can i please talk with the accounting department sir my name is this is the cancellation department of norton how can i help you today oh the cancellation department is this who i need to talk to to cancel my payment yes yes yes yes right okay right now the present moment do you want to continue with t,Fraud,"The caller seems confused and claims accidental subscription to a service they do not recognize, which is indicative of potential scam tactics."
105,Fraud,hello yes sir this is what yeah this is engineer again can you hear me sir yes from microsoft yes is your computer is on yes it is now what you need to do you need to look at your computer keyboard right yes on your keyboard extremely left bottom corner do you see the ctrl key the control key yes what is this noise coming from your side like it is windy or something hold on let me clear the line j,Fraud,The caller's behavior and request to look at specific keys on the keyboard are indicative of a tech support scam attempt.
106,Normal,hey i'm having a technical issue laptop battery not charging hi that sounds frustrating can you tell me more about when laptop battery not charging began it started two days ago completely out of nowhere i see as a first step have you tried unplugging and reconnecting the device done that already no change let's go further can you check for any pending system updates there's a pending update shoul,Normal,The caller followed standard troubleshooting steps and received a system update link from the assistant.
107,Normal,good morning i'm really struggling because external hard drive not recognized good day i'm here to help let's start when did you first notice external hard drive not recognized it started two days ago completely out of nowhere thank you can you try clearing the cache and restarting the application yes still happening after the restart alright let's try running the built in diagnostic tool i ran th,Normal,The interaction appears to be a legitimate technical support conversation.
108,Normal,hi there i've been dealing with blue screen of death for a while now thanks for reaching out i'll help you sort out blue screen of death how long has this been happening since this morning it was fine yesterday got it have you tried restarting the device completely multiple restarts still the same issue let's go further can you check for any pending system updates i ran the diagnostic and it says ,Normal,The caller and recipient followed a troubleshooting process without any suspicious activities.
109,Normal,hi there i've been dealing with wifi keeps disconnecting for a while now hi that sounds frustrating can you tell me more about when wifi keeps disconnecting began it happened after i restarted my computer understood first let's try a full shutdown and restart did that help yes i restarted multiple times same problem alright let's try running the built in diagnostic tool i ran the diagnostic and it,Normal,The interaction appears to be a legitimate technical support session.
110,Normal,hello i need urgent help printer not detected thanks for reaching out i'll help you sort out printer not detected how long has this been happening it started two days ago completely out of nowhere understood first let's try a full shutdown and restart did that help yes i restarted multiple times same problem alright let's try running the built in diagnostic tool settings show version 3 1 2 is that,Normal,The interaction appears to be a standard technical support conversation without any red flags.
111,Normal,good morning i'm really struggling because printer not detected good day i'm here to help let's start when did you first notice printer not detected it happened after i restarted my computer understood first let's try a full shutdown and restart did that help done that already no change let's go further can you check for any pending system updates my device model is hp pavilion 15 hope that helps ,Normal,The interaction appears to be a standard technical support conversation.
112,Fraud,thank you for calling norton securities how may i help you i'm calling because i have a a paypal invoice for norton 360 it's being charged 349 we only use our paypal for emergencies and for us to be charged on my emergency this is not paypal this is norton security so the payment method is doesn't matter just confirm me what would you like me to do with this auto renewal i need to cancel and get m,Fraud,"3 learned patterns matched. The caller claims to be from Norton Securities and requests cancellation of an auto-renewal charge, which is indicative of a scam attempting to gather personal information or manipulate the recipient into taking action regarding a supposed service subscription."
113,Fraud,thanks for your call speaking with can we help you hi i was just trying to watch movies in my computer and it's telling me it's locked and i have to call security okay and what were you trying to do on this computer i'm watching movies is this your personal computer or it's a family computer its a work computer it's a work computer okay so do you have any it guy sorry do you have any it guy in you,Fraud,"The caller's situation seems fabricated and suspicious, involving a work laptop needing security intervention for movie watching issues without IT support available."
114,Normal,i need support external hard drive not recognized and it's causing me a lot of stress hello i'm sorry to hear that let's fix this together when did external hard drive not recognized start about a week ago i thought it would fix itself but it didn't got it have you tried restarting the device completely done that already no change let me check from my end can you provide your device model i ran th,Normal,The interaction appears to be a legitimate technical support session for an external hard drive issue.
115,Normal,i need support blue screen of death and it's causing me a lot of stress hi that sounds frustrating can you tell me more about when blue screen of death began about a week ago i thought it would fix itself but it didn't understood first let's try a full shutdown and restart did that help i tried that didn't work at all let me check from my end can you provide your device model my device model is hp,Normal,The interaction appears to be a legitimate support session for troubleshooting a technical issue.
116,Normal,i need support printer not detected and it's causing me a lot of stress hello i'm sorry to hear that let's fix this together when did printer not detected start it began yesterday morning i haven't changed anything got it have you tried restarting the device completely done that already no change alright let's try running the built in diagnostic tool settings show version 3 1 2 is that the latest ,Normal,The caller is seeking technical support for a printer issue and follows troubleshooting steps provided by the technician.
117,Normal,hey i'm having a technical issue microphone not detected good day i'm here to help let's start when did you first notice microphone not detected it started two days ago completely out of nowhere understood first let's try a full shutdown and restart did that help yes still happening after the restart okay please navigate to settings and check the device drivers i checked and the drivers seem outda,Normal,The interaction appears to be a genuine technical support conversation.
118,Normal,hi there i've been dealing with laptop battery not charging for a while now hello i'm sorry to hear that let's fix this together when did laptop battery not charging start since this morning it was fine yesterday got it have you tried restarting the device completely yes i restarted multiple times same problem alright let's try running the built in diagnostic tool i ran the diagnostic and it says ,Normal,The conversation appears to be a standard technical support interaction.
119,Fraud,thank you for calling billing and cancellation this is here how are you hi it's it's i just got home from work i took off my work clothes you can help me out with my amazon okay yes ma'am yes yes well it might be as i told you as you do not have any amazon account was it 799 that's a lot of money oh my goodness what can we do all right so what i'll do i'll first of all well do one thing i first of,Fraud,"1 learned pattern matched. The caller claims to be from billing and cancellation but immediately discusses refunding a large sum of money without addressing any issues or questions related to billing or account status, which is inconsistent with normal customer service procedures."
120,Fraud,thank you for calling tech support this is can i help you today hey i need to be transferred to whatever department it is it unblocks the computers it got blocked by accident okay and what do you see on your screen could you just read it to me please yeah well it's a message it says microsoft blocked my computer and disabled it for security reasons i i i think that could have been some kind of mis,Fraud,The caller displays typical signs of being contacted by scammers posing as Microsoft tech support.
121,Fraud,thank you for calling norton how may i help you i have an invoice from norton stating that i owe 398 so so according to your invoice number i got to know that whenever you bought a laptop or a desktop norton has provided its security for free since the free subscription has been expired norton has auto renewed it for five years at 398 so so are you willing to continue with the subscription or you ,Fraud,The caller claims automatic renewal for five years at a specific cost without prior agreement.
122,Fraud,hi this is calling you from mcafee i am the senior supervisor how are you doing today oh i'm fine mr thank you all right so i believe madam you just had a vote with one of our representatives regarding to your 395 95 refund right all right so could you please just explain me madam what exactly happened like can you see me once again what happened oh i just got an email that that i was being renewe,Fraud,"2 learned patterns matched. The caller is requesting sensitive information and discussing unauthorized charges under the guise of resolving a customer service issue, which aligns with typical scam behaviors for financial scams involving subscription renewals or refunds."
123,Fraud,hello yeah i'm calling for please this is yeah who is this my name is you talked to my wife about a paypal oh okay where is she she's at work and she asked me to take care of it when i got home and i just got okay so where are you right now are you at your computer right now yep i'm at the computer yes i'm at the computer yes i'm at the computer oh this computer which computer you're using right n,Normal,2 learned patterns matched. The caller is asking for information to follow up on an issue mentioned by the wife and not requesting sensitive personal data or creating urgency through threats.
124,Normal,i need support computer runs very slow and it's causing me a lot of stress thanks for reaching out i'll help you sort out computer runs very slow how long has this been happening it began yesterday morning i haven't changed anything thank you can you try clearing the cache and restarting the application done that already no change alright let's try running the built in diagnostic tool my device mo,Normal,The caller received technical support and resolved an issue without any suspicious activities.
125,Normal,hi there i've been dealing with printer not detected for a while now hello i'm sorry to hear that let's fix this together when did printer not detected start it started two days ago completely out of nowhere thank you can you try clearing the cache and restarting the application i tried that didn't work at all okay please navigate to settings and check the device drivers settings show version 3 1 ,Normal,The interaction appears to be a legitimate technical support session for resolving printer issues.
126,Fraud,thank you for getting the naked norton this is here how may i help you today hi my name is my wife had called and spoken to a today with regard to an invoice all right so you want to cancel this subscription and get that even back right last time i used norton was in 2004 we haven't purchased a virus scanner since then and i don't understand why we're still enrolled might be the internet era sir y,Fraud,The caller's claim of not subscribing and the offer to refund seem like typical tactics in subscription cancellation scams.
127,Fraud,dear hi ma'am this is i'm one of the senior officer from norton how from amazon now let me tell you what happened we can see that you did not place this order right yes using alpemix mix is due to the transmission below and by using alpemix you are deemed to accept the terms all or some of these terms may be changed wholly yes ma'am or partially without a prior warning yeah what are the options oh,Fraud,"1 learned pattern matched. The call involves a senior officer from Norton (mistakenly mentioned Amazon) pressuring the recipient about an order and terms acceptance, which is inconsistent and potentially misleading."
128,Fraud,thank you for calling support you're speaking with how can i help you well i got one of these big blue things that came up on my screen said that somebody had used something to access my computer and that it was a critical alert and it says let's see your computer has alerted us that is has been infected with a pornographic spyware and virus oh and since how long have you been getting all these th,Fraud,"2 learned patterns matched. The caller received a critical alert about their computer being infected with pornographic spyware and virus, which is a typical tactic used by scammers to create urgency and fear."
129,Fraud,thank you for call support this site how can i help you today okay so microsoft windows defender warning alert system access has been blocked for security reasons and for the safety your system has alerted us that has been infected with spywear issues threat detected trojan spyware access has been blocked for security reasons and for the safety call windows security toll free okay i understand sir,Fraud,The caller attempts to exploit fear and guilt by falsely claiming a security alert for spyware related to pornography.
130,Fraud,yes mom how can i help you hi i need to talk to somebody about my subscription please yes mom how can i help you in that well i my husband asked me to call you he's at the doctor's today he he just printed out this email about to support subscriptions okay it says 499 and then auto renewed so i'd like to i'd like to talk to someone about that all right ma'am can you please tell me your email addre,Normal,"1 learned pattern matched. The caller is seeking assistance regarding a subscription and billing issue, which does not match the distinguishing signals of a healthcare offer scam."
131,Fraud,how may i help you yes this is microsoft yes okay i had a pop up this microsoft tell me to call this number okay okay can you tell me what do you see exactly on your screen it just had my desktop because i closed it all out i wrote down the number and then i called okay so right this time your computer is shut down no i just have my desktop open okay and what do you see on your desktop it's i gott,Fraud,The caller exhibits typical behavior of a potential victim contacted by a scammer impersonating Microsoft support.
132,Fraud,thank you for calling norton this is how can i help you hey i need to speak with a representative who can help me with an invoice that i'm receiving about or i guess it's not even an invoice so are you calling to get it's a payment are you calling to get more information or you are calling to cancel your service sir i said are you calling to get more information or you are calling to cancel your s,Normal,"2 learned patterns matched. The caller is seeking to cancel a service, which does not match the distinguishing signals of the scam categories provided."
133,Normal,good morning i'm really struggling because software won't install good day i'm here to help let's start when did you first notice software won't install it began yesterday morning i haven't changed anything understood first let's try a full shutdown and restart did that help yes still happening after the restart okay please navigate to settings and check the device drivers there's a pending update,Normal,The interaction was a typical technical support conversation without any signs of fraud.
134,Normal,hey i'm having a technical issue fan making loud noise hi that sounds frustrating can you tell me more about when fan making loud noise began about a week ago i thought it would fix itself but it didn't i see as a first step have you tried unplugging and reconnecting the device i tried that didn't work at all okay please navigate to settings and check the device drivers settings show version 3 1 2,Normal,The interaction was a typical technical support conversation without any signs of fraud.
135,Normal,good morning i'm really struggling because software won't install thanks for reaching out i'll help you sort out software won't install how long has this been happening it began yesterday morning i haven't changed anything i see as a first step have you tried unplugging and reconnecting the device yes still happening after the restart okay please navigate to settings and check the device drivers i,Normal,The interaction appears to be a legitimate technical support conversation.
136,Fraud,thank you for calling support you're speaking to how can i help you hello i'm calling because i'm getting a message on my computer that says my computer's blocked for security reasons oh well ma'am your voice is breaking up could you please repeat that again okay on my screen in my browser there's a message it says windows defender security center access to this computer is blocked for security re,Fraud,The caller is being directed to contact Microsoft support for an issue that is likely a simulated security alert designed to trick users into giving control of their computer or personal information to scammers.
137,Normal,good morning i'm really struggling because bluetooth not pairing thanks for reaching out i'll help you sort out bluetooth not pairing how long has this been happening it started two days ago completely out of nowhere thank you can you try clearing the cache and restarting the application yes i restarted multiple times same problem let's go further can you check for any pending system updates i ran,Normal,The interaction appears to be a legitimate technical support conversation.
138,Normal,i need support microphone not detected and it's causing me a lot of stress good day i'm here to help let's start when did you first notice microphone not detected about a week ago i thought it would fix itself but it didn't thank you can you try clearing the cache and restarting the application yes still happening after the restart okay please navigate to settings and check the device drivers my d,Normal,The interaction appears to be a genuine technical support session.
139,Fraud,hello no one is available to hello hello hello can you hear me sir yes who is this sir this is from microsoft i got a call from your number right now how can i help you oh okay yes i was trying to talk to you but for some reason it for some reason you weren't answering me okay no issues sir tell me how can i help you today what is the problem well i i didn't i couldn't quite understand the voicema,Fraud,"The caller claims to be from Microsoft but the conversation lacks specific technical issues typically addressed by such calls and includes suspicious elements like difficulty understanding a ""robot voice."""
140,Fraud,thanks for get connected to the cancellation department this is how are you doing today hi well i have an email invoiced in this morning i'm being charged 389 and i'm not sure i understand why that says on thank you for choosing mcafee protection plan you find the related invoice sympathetically against the contributions for the auto reclamation code quantity mcafee total security and where did yo,Normal,"3 learned patterns matched. The caller is assisting with a customer service inquiry about an unexpected charge, which does not match the distinguishing signals of any scam category provided."
141,Normal,hi my wifi keeps disconnecting and i have no idea what to do hello i'm sorry to hear that let's fix this together when did wifi keeps disconnecting start it began yesterday morning i haven't changed anything got it have you tried restarting the device completely yes i restarted multiple times same problem let me check from my end can you provide your device model there's a pending update should i ,Normal,The interaction appears to be a legitimate technical support session for resolving WiFi connectivity issues.
142,Fraud,thanks for calling geek squad this is how may i help you hello i got some kind of message a few days ago about a charge from geek squad or best buy or something like that can you help me a few days ago yeah or today i don't know i guess i was earlier today i've been drunk for like three days so i don't really know what what day it is what you need to do you just need to be in front of your compute,Normal,1 learned pattern matched. The caller is seeking assistance for a potential charge issue and not engaging in behaviors typical of a product pre-order scam.
143,Fraud,we have found some suspicious activity in your amazon account that someone has tried to order an iphone 11 so that's why we called you do you know about that one minute let me confirm your phone number your phone number is okay so this is just a confirmation call and we have found that you haven't placed the order right yes that's correct i haven't do we have do we have any computer or laptops so ,Normal,"3 learned patterns matched. The caller is confirming suspicious activity and seeking to send an online cancellation form, which does not match typical scam behaviors."
144,Fraud,well thanks for getting connected to mcafee this is how may i help you hi it's how are you doing sweetie yes have a great day ma'am no how i'm fine thank you for your asking so are you be in front of your computer right now yes i just turned it on honey i got home from lunch five minutes ago and i'm now now logged into my computer right all right once you see the home screen please let me know oka,Fraud,The caller's behavior and script are indicative of a typical tech support scam attempt.
145,Fraud,thank you for calling norton how are you doing today i'm doing fine how are you i'm fine thank you very much ma'am and i believe you have received an email confirmation for your norton renewal right yes i did i i wrote down the phone number so you want torenew your norton security you want to cancel your norton security i didn't even know i had norton security yes ma'am no i don't want to renew it,Fraud,"The caller did not recognize having Norton security, which is unusual for existing customers and suggests a potential scam attempt to gather payment information."
146,Normal,i need support computer shuts down randomly and it's causing me a lot of stress good day i'm here to help let's start when did you first notice computer shuts down randomly it started two days ago completely out of nowhere understood first let's try a full shutdown and restart did that help i tried that didn't work at all let's go further can you check for any pending system updates i ran the diag,Normal,The interaction appears to be a legitimate customer support session for resolving technical issues.
147,Fraud,thank you for calling paypal support this is how may i help you hi this is this is my wife made arrangements for me to work with you yeah the reason we just received our two more requests for one week for 950 and one is for 630 well the one that i'm looking at i believe this it says 874 so we can see here like someone logged into your account in russia i believe you guys don't know anybody in russ,Fraud,"3 learned patterns matched. The caller creates a sense of urgency by threatening financial loss and suggesting unauthorized account activity in Russia, which are typical behaviors for an Urgency and Threats scam."
148,Fraud,thank you for calling support how can i help hi i'm having a weird issue with my computer i was in my facebook and a pop up popped up and said i had to call you because my computer has been blocked okay ma'am because when you were on facebook over there you clicked on infected link or any ad that's why trojans infections they transferred in your computer okay so what do i do so now i so now i have,Fraud,"The caller instructed to call a number due to a fake infection claim, a common scam tactic."
149,Fraud,welcome to amazon you're speaking with how can i help you today yes i i need to talk to somebody about an order that i i don't understand on my email please okay no problem ma'am i'll be happy to help you what i can help you with that ma'am please tell me how can i help you if you have any problem with an order so i i can hardly understand what you're saying ma'am can you hear me fine oh that's a ,Normal,"1 learned pattern matched. The caller is seeking assistance with an unclear order issue, which does not match the distinguishing signals of a product pre-order scam involving limited-time discounts and immediate financial transactions."
150,Normal,hey i'm having a technical issue monitor flickering good day i'm here to help let's start when did you first notice monitor flickering it happened after i restarted my computer understood first let's try a full shutdown and restart did that help done that already no change okay please navigate to settings and check the device drivers i ran the diagnostic and it says driver error detected that vers,Normal,The interaction appears to be a legitimate technical support session.
151,Normal,hey i'm having a technical issue blue screen of death thanks for reaching out i'll help you sort out blue screen of death how long has this been happening about a week ago i thought it would fix itself but it didn't i see as a first step have you tried unplugging and reconnecting the device yes i restarted multiple times same problem alright let's try running the built in diagnostic tool settings ,Normal,The call involved troubleshooting a technical issue and did not contain any suspicious activities indicative of fraud.
152,Fraud,a very good day to you this is from amazon how may i help you oh yes i had something wrong with my account did you place that order of an iphone from your amazon account sir no no why would i do that my phone works perfectly fine and are you the only user of this amazon account or except you anybody else also use it for online shopping no i'm the only one that uses this one you're the only one all,Fraud,"3 learned patterns matched. The caller claims to be from Amazon and identifies a fraudulent transaction for an iPhone that the recipient did not order, which is typical of scam behavior aiming to gather personal information or access to accounts."
153,Fraud,hello hello yes how can i help you may i talking to mrs yes this how can i help you mrs like we're calling you from the malwarebytes customer support okay yeah we are seeing some we are seeing some unusual activities in your malwarebytes okay so we are calling you so can you please let me know that like do you have any access from another country like russia because the some hackers have a uses of,Fraud,"3 learned patterns matched. The caller is asking for sensitive personal information and claiming affiliation with a customer support organization to obtain this data, matching behaviors from the Scam category: Request for Personal Information and Impersonation and Authority."
154,Fraud,i'm the senior technician here in microsoft windows support ma'am i don't do anything over the phone ma'am if you don't do it anything over the phone why did you call on this number then why did you call on this number because it's telling me to call on the number so i wanted to see what it says ma'am this is a microsoft windows support i will go ahead and work on it yeah okay okay well i'll call ,Fraud,"The caller claims to be from Microsoft support but indicates they don't perform actions over the phone, yet insists on involvement despite the recipient's disinterest."
155,Fraud,i was just alerted that i have a trojan spyware on my computer i understand ma'am i will go ahead and get that check for you may i know what exactly you were trying to do at that moment when you go this a lot i was ordering off of ebay okay you were ordering something from ebay and your screen locked up may i know the making model of your computer what kind of computer you have this,Normal,1 learned pattern matched. The caller is responding to a security alert and not engaging in pre-ordering products with immediate payment.
156,Fraud,thank you for calling how can i help you yes this is paypal right yes ma'am i got a message that i was being charged for something but i haven't used paypal oh yes ma'am can you hear me yeah i can hear you yeah like we have seen some kind of suspicious activity on your computer i p address so that means like someone has tried to compromise that information so that's why you have been charged for t,Fraud,"3 learned patterns matched. The caller reported suspicious activity and a charge without the recipient's knowledge, which is inconsistent with normal PayPal operations and suggests an attempt to manipulate the recipient into taking action that could compromise their security."
157,Fraud,thank you for calling the refund department this is how can i help you hi it said that you're canceling or you're going out of business yes ma'am i'm very sorry to say like our main internal server has got crashed down so like our company won't be able to provide you any further services that is the reason ma'am according to the refund act 1948 we have to refund you the money if we are not eligibl,Fraud,The caller claims their company is shutting down due to a server crash but mentions an outdated refund act (1948).
158,Normal,good morning i'm really struggling because printer not detected thanks for reaching out i'll help you sort out printer not detected how long has this been happening it happened after i restarted my computer thank you can you try clearing the cache and restarting the application multiple restarts still the same issue alright let's try running the built in diagnostic tool my device model is hp pavil,Normal,The interaction appears to be a genuine technical support conversation.
159,Normal,hey i'm having a technical issue computer shuts down randomly hi that sounds frustrating can you tell me more about when computer shuts down randomly began since this morning it was fine yesterday understood first let's try a full shutdown and restart did that help yes i restarted multiple times same problem let me check from my end can you provide your device model settings show version 3 1 2 is ,Normal,The interaction appears to be a legitimate technical support conversation.
160,Fraud,thank you for calling cancellation department my name is how can i help you hello i received this email from paypal saying we're glad to serve you as our registered customer we have the premium security services ready for installation and looks like money has come out of my account i'm just calling to see what's going on okay can you confirm me with your invoice number ma'am so i can go ahead and ,Fraud,"3 learned patterns matched. The caller is creating a sense of urgency by referencing an email about security services and money being taken out of the account, which aligns with the ""Urgency and Threats"" scam category."
161,Normal,good morning i'm really struggling because bluetooth not pairing hello i'm sorry to hear that let's fix this together when did bluetooth not pairing start since this morning it was fine yesterday thank you can you try clearing the cache and restarting the application done that already no change let's go further can you check for any pending system updates my device model is hp pavilion 15 hope tha,Normal,The interaction appears to be a legitimate technical support conversation.
162,Fraud,thank you for calling my phone support my name is how may i help you yes my name is i'd like you to help me get my birthday corrected on my microsoft account i put in an error i put in the current date when i got the computer five years ago and i keep getting these things that say i need a family family support in order to get into certain apps so you need to change your birthday date on which sir,Fraud,The caller claims to need help changing their birthday but误导指令，实际上该通话中呼叫者表现出对微软支持流程的误解和混淆，这通常表明这是一个试图获取敏感信息的欺诈行为。正确的微软支持不会要求用户提供此类个人信息或引导他们拨打另一个号码来解决账户设置问题。
163,Normal,hello i need urgent help bluetooth not pairing good day i'm here to help let's start when did you first notice bluetooth not pairing it started two days ago completely out of nowhere understood first let's try a full shutdown and restart did that help yes still happening after the restart alright let's try running the built in diagnostic tool my device model is hp pavilion 15 hope that helps that ,Normal,The caller is seeking technical assistance for a legitimate issue.
164,Fraud,thank you for calling this is how can i help you hey we got a voicemail hello yes go ahead oh sorry i thought i heard something back there my husband and i were just we're just checking our voicemails and we got a quote from you saying saying that there was something going on with there's like some kind of charge that you're doing is that right some kind of judge if i may hi this is we have you on,Fraud,The caller seems confused and uses vague language indicative of a potential scam attempt.
165,Normal,i need support keyboard keys not responding and it's causing me a lot of stress good day i'm here to help let's start when did you first notice keyboard keys not responding it happened after i restarted my computer i see as a first step have you tried unplugging and reconnecting the device i tried that didn't work at all okay please navigate to settings and check the device drivers settings show v,Normal,The caller received technical support and resolved their issue without any suspicious activities.
166,Fraud,thank you for calling amazon this is how may i help you hello i was talking to or or something yeah ma'am there is a purchase for iphone on your amazon account okay so have you made this purchase or not because this is just a very efficient call so have you made this purchase or not no can i please speak to because he locked my computer sorry ma'am can i please talk to him because he locked my com,Fraud,"1 learned pattern matched. The caller is attempting to speak to someone about a locked computer regarding an iPhone purchase, which could be indicative of a scam where they try to divert attention or gain personal information."
167,Fraud,thank you for calling customer support you are talking to how can i help you hi i have a message on my screen that says my computer is blocked for security reasons okay and is this happening for the first time on your computer or has it happened prior to this once i've never seen anything like it okay and what were you trying to do on the computer when you got this message links that i i came acro,Fraud,"2 learned patterns matched. The caller describes a scenario that is typical of malware warnings designed to trick users into contacting supposed ""customer support"" for help, which often leads to attempts at gathering personal information or financial details under false pretenses."
168,Fraud,hello yeah yes hello thank your for connecting with us macafee technical support how can i help you sorry you're gonna have to you for some reason i can't tell what you're saying madam but the subscription of your computer has been expired so you need to hello so you ned to follow our step otherwise you can lose your computer yeah you will lose your computer if you're not going to try to listen to,Fraud,"The caller claims to be from McAfee technical support and threatens loss of computer if action is not taken, which are common tactics in tech support scams."
169,Normal,hey i'm having a technical issue external hard drive not recognized hello i'm sorry to hear that let's fix this together when did external hard drive not recognized start it began yesterday morning i haven't changed anything thank you can you try clearing the cache and restarting the application yes still happening after the restart let me check from my end can you provide your device model my dev,Normal,The interaction appears to be a standard technical support conversation without any suspicious elements.
170,Normal,i need support bluetooth not pairing and it's causing me a lot of stress thanks for reaching out i'll help you sort out bluetooth not pairing how long has this been happening about a week ago i thought it would fix itself but it didn't i see as a first step have you tried unplugging and reconnecting the device i tried that didn't work at all let me check from my end can you provide your device mod,Normal,The interaction appears to be a legitimate customer service support session for resolving a technical issue.
171,Fraud,thanks for getting connected not in how can i help you yes i got an invoice from mcafee it says that i'm gonna be paying 699 and wondering why i'm being charged okay and did you give any approval for this transaction i called my husband and read the invoice to him and he said we're not paying that we don't we're the we use windows defender and i'm like well what is a mcafee it is a antivirus and f,Fraud,"3 learned patterns matched. The caller is attempting to gather information under false pretenses related to an unauthorized invoice, which aligns with typical scam behaviors aiming to exploit victims' concerns about unexpected charges."
172,Normal,i need support laptop battery not charging and it's causing me a lot of stress hi that sounds frustrating can you tell me more about when laptop battery not charging began it began yesterday morning i haven't changed anything thank you can you try clearing the cache and restarting the application yes still happening after the restart alright let's try running the built in diagnostic tool i ran the,Normal,The caller followed troubleshooting steps and resolved the issue without any suspicious activity.
173,Normal,hi my software won't install and i have no idea what to do thanks for reaching out i'll help you sort out software won't install how long has this been happening this started after the last system update thank you can you try clearing the cache and restarting the application multiple restarts still the same issue let me check from my end can you provide your device model there's a pending update s,Normal,The interaction appears to be a standard technical support conversation.
174,Normal,i need support keyboard keys not responding and it's causing me a lot of stress hi that sounds frustrating can you tell me more about when keyboard keys not responding began this started after the last system update thank you can you try clearing the cache and restarting the application yes i restarted multiple times same problem let me check from my end can you provide your device model settings ,Normal,The interaction appears to be a standard technical support conversation.
175,Fraud,thank you for calling support team this is how may i help you today hi i have a strange message on my screen that says my computer's been blocked due to security reasons all right sir don't worry sir we are here to help you out so now we can see that someone trying to hack your computer with the help of your ip address okay so that's the reason you receive this follow it on your computer which is ,Fraud,"2 learned patterns matched. The caller claims affiliation with a support team and uses this guise to create a sense of urgency around a hacking attempt, which is typical behavior for impersonation scams."
176,Normal,hi there i've been dealing with webcam not working for a while now thanks for reaching out i'll help you sort out webcam not working how long has this been happening about a week ago i thought it would fix itself but it didn't thank you can you try clearing the cache and restarting the application yes still happening after the restart let's go further can you check for any pending system updates m,Normal,The interaction appears to be a standard technical support conversation without any red flags for fraud.
177,Normal,hey i'm having a technical issue computer runs very slow hi that sounds frustrating can you tell me more about when computer runs very slow began this started after the last system update thank you can you try clearing the cache and restarting the application done that already no change let's go further can you check for any pending system updates there's a pending update should i install it now p,Normal,The interaction appears to be a legitimate technical support conversation.
178,Normal,good morning i'm really struggling because webcam not working thanks for reaching out i'll help you sort out webcam not working how long has this been happening it happened after i restarted my computer i see as a first step have you tried unplugging and reconnecting the device multiple restarts still the same issue okay please navigate to settings and check the device drivers my device model is h,Normal,The interaction appears to be a legitimate technical support conversation.
179,Normal,hey i'm having a technical issue wifi keeps disconnecting hi that sounds frustrating can you tell me more about when wifi keeps disconnecting began since this morning it was fine yesterday i see as a first step have you tried unplugging and reconnecting the device i tried that didn't work at all alright let's try running the built in diagnostic tool settings show version 3 1 2 is that the latest t,Normal,The interaction appears to be a genuine technical support conversation without any suspicious elements.
180,Fraud,thank you for calling reimage support please wait for the next available agent hi thank you for calling reimage my name is how can i help you today hi yeah i think i've got a problem with my computer it was it was talking about a virus first and i downloaded re image and it seems to have identified some things and i'm not sure what it means if you can help okay okay if i got it correctly you are s,Fraud,"The caller was prompted to download Reimage, which is often used in scam scenarios to trick users into paying for unnecessary services or malware."
181,Fraud,thank you for calling my phone support this is how can i help you i want to have you help me change my birth date on my microsoft account can you do that right sir i will definitely help you out with that before i go ahead any further may i have your first and last name all right thank you and your email address please okay thank you and in case the line got disconnected with the right number,Fraud,Requesting personal information like name and email to change a birth date is unusual and suspicious.
182,Fraud,hello hi how can i help you today sorry i got a mised call from this number i'm not really sure what's about is it the dentist i have an appointment next week no you're calling a national debt helpline we help people for the unsecured debt for free government program well you know what i i lost my job six months ago and i haven't been paying my bills so is it something you can help with yes of cou,Fraud,The caller pretends to be a national debt helpline but engages in typical scam tactics like pressuring for personal financial information.
183,Fraud,yeah i had a missed call from this number yeah so this is a amazon refund department you have been you you have paid 599 for iphone 11 so we just want to confirm it that have you purchased that iphone no not that i'm aware of that is the reason sir we have been calling you just to check it out that the payment has been done that this is a genuine transaction or not for your safety sir you need to ,Fraud,"3 learned patterns matched. The caller is requesting confirmation of a transaction for a product not recognized by the recipient, which is indicative of attempting to verify details under false pretenses."
184,Fraud,my name is how can i help you hi david i got an email from you about my was it mcafee subscriptions okay go ahead okay well i don't i don't really want to pay the 399 i prefer to cancel that okay you want to cancel all the services and why you want to cancel it because of the money yeah mostly this is a okay definitely ma'am we will cancel the services and for that we have to remove the services f,Fraud,"2 learned patterns matched. The caller claims to be able to cancel services by removing them from the computer, which is an unusual and suspicious request for a legitimate customer service interaction."
185,Normal,hi there i've been dealing with fan making loud noise for a while now thanks for reaching out i'll help you sort out fan making loud noise how long has this been happening about a week ago i thought it would fix itself but it didn't understood first let's try a full shutdown and restart did that help yes i restarted multiple times same problem let's go further can you check for any pending system ,Normal,The call involved troubleshooting a technical issue and did not indicate any signs of fraud.
186,Normal,hi my software won't install and i have no idea what to do hi that sounds frustrating can you tell me more about when software won't install began since this morning it was fine yesterday thank you can you try clearing the cache and restarting the application multiple restarts still the same issue let's go further can you check for any pending system updates there's a pending update should i insta,Normal,The interaction appears to be a standard technical support conversation.
187,Fraud,so sir my name is and i'm from the cyber security department right now how are you doing today good so right now so what exactly is happening there are these hackers they're having their a bunch of devices being connected with your amazon account and with your personal informations right now and also we got to know the root cause of this problem the root cause of this problem is your ip address do,Fraud,"3 learned patterns matched. The caller is requesting sensitive personal information under the guise of addressing a security issue related to an Amazon account and IP address, which aligns with typical scam behaviors for both Request for Personal Information and Urgency and Threats categories."
188,Normal,hi there i've been dealing with computer shuts down randomly for a while now hello i'm sorry to hear that let's fix this together when did computer shuts down randomly start it began yesterday morning i haven't changed anything i see as a first step have you tried unplugging and reconnecting the device yes i restarted multiple times same problem let's go further can you check for any pending syste,Normal,The interaction appears to be a legitimate technical support session.
189,Normal,i need support microphone not detected and it's causing me a lot of stress good day i'm here to help let's start when did you first notice microphone not detected it began yesterday morning i haven't changed anything thank you can you try clearing the cache and restarting the application done that already no change okay please navigate to settings and check the device drivers there's a pending upd,Normal,The interaction appears to be a standard technical support conversation.
190,Fraud,customer support this is how am i assist you today yeah hey i'm calling about a message i just got on my computer maybe five minutes ago tells me to call windows microsoft customer support about a security warning so your device is not working right now right yeah i know it's no yeah it's i can't use it all right so you're trying to log in your device but it's not working right correct all right w,Normal,"1 learned pattern matched. The caller is asking for details to assist with a reported issue, which is typical of legitimate customer support interactions and does not request sensitive personal information."
191,Normal,hi my computer runs very slow and i have no idea what to do hi that sounds frustrating can you tell me more about when computer runs very slow began it began yesterday morning i haven't changed anything understood first let's try a full shutdown and restart did that help done that already no change let's go further can you check for any pending system updates settings show version 3 1 2 is that th,Fraud,"The caller agreed to remote access without verification, which is a common scam tactic."
192,Fraud,yes hello yes is there yeah how can i help you sir hi it's it's i'm husband oh yes husband right she told me that she started a phone call with you with regard to an order it looks like it looks like something was ordered without our permission or something that was going to renew and we need to stop yeah yes i remember that so are you front of the computer right now yeah excellent due to how to g,Fraud,The caller's behavior and request for personal information access suggest a potential scam attempt.
193,Fraud,thank you for calling norton customer service this is how can i help you yes i received a notice saying that i buy year subscription norton for and i never ordered this okay so you want that the cancel the so right yes all right can you just give me the invoice number which you have on that email so let me cancel this order all right all right sir so right now sir what i'm going to do i'm going to,Normal,"1 learned pattern matched. The caller is requesting to cancel an order they did not make, which does not match the typical behavior of a product pre-order scam involving immediate payment and credit card information."
194,Fraud,hello thank you for calling support whom i helped you hello yes i've got a problem with my email my gmail and i'm wondering if you can help with it definitely i can help you with that problem what's the exact problem you're facing with your gmail so i've got an ipad here that i already have the in the ipad if you can help that's definitely i can help you so here i would like to know do you have a ,Fraud,The caller's request for remote access to their device is a common tactic used by scammers.
195,Fraud,thank you for calling cancellation department how may i help you yeah i'm returning a phone call yes this call is abnout your computer service which has gone expired and that's why your account has been charged 400 so you want to cancel it or you want to renew that no i want to cancel it okay not okay not at all so if you want to cancel that services and stop the statement what you need to do you ,Fraud,"The caller is being asked to follow a ""corporate dismiss"" procedure which does not exist and sounds suspicious."
196,Normal,hi my wifi keeps disconnecting and i have no idea what to do good day i'm here to help let's start when did you first notice wifi keeps disconnecting this started after the last system update i see as a first step have you tried unplugging and reconnecting the device done that already no change let's go further can you check for any pending system updates i checked and the drivers seem outdated pe,Normal,The interaction appears to be a legitimate technical support session for resolving WiFi connectivity issues.
197,Fraud,thank you for calling mcafee you're speaking with abel how may i help you yeah hello yeah how's yeah hi this is this is i'm calling about an email that i received earlier today may i know what it says sir yeah it says due february 2nd 298 99 mcafee incorporated powered by quickbooks we have received your order and it's your orders being auto renewed but i don't want this i didn't order this i thin,Fraud,"3 learned patterns matched. The caller is receiving an unexpected auto-renewal for a service they did not order, which aligns with typical behaviors of the Product Pre-Order scam category where scammers announce exclusive deals or renewals at discounted prices and require immediate payment to secure them."
198,Fraud,i got a missed call from this number how can i help you well i got a call from amazon what was the reason what exactly i can see right find my system like yesterday someone has placed an order of an apple macbook pro and in the under your name this order has been made so this is the confirmation has been sent to you whether you have authorized this order to make this no i didn't that's why i'm a l,Fraud,"3 learned patterns matched. The caller claims unauthorized transactions and suspicious activity under the recipient's name, which is a typical behavior for scams aiming to create urgency and threats."
199,Normal,hi my wifi keeps disconnecting and i have no idea what to do hi that sounds frustrating can you tell me more about when wifi keeps disconnecting began it happened after i restarted my computer got it have you tried restarting the device completely done that already no change alright let's try running the built in diagnostic tool settings show version 3 1 2 is that the latest perfect i'll push a dr,Normal,The interaction appears to be a standard technical support conversation without any suspicious elements.
